:020000041000EA
:100000004B2A110200000000A4030000EEC3A6E981
:100010007EEEE78880B500F087F90020002100F02F
:100020000DF8292000F00FF8202000F011F800F062
:1000300033F900F013F800F025F980BD4CF2B93C1B
:10004000C0F2000C604747F67D1CC0F2000C604710
:1000500047F6D12CC0F2000C6047000080B54FF08D
:10006000A040012100F075F900060BD1032000F03B
:1000700075F9000606D1012000F075F9000604BFED
:10008000002080BD00F074F94FF47A7000F075F92B
:10009000012080BD2DE9F04381B019B343F2B83897
:1000A0000F4606464FF0FF344FF00009C2F2000839
:1000B0003D46B7F5807F28BF4FF480754FF0A040D4
:1000C000314642462B46CDF8009000F05BF960B90E
:1000D00040462946224600F05AF904467F1B2E442A
:1000E000E6D103E04FF0FF3400E00124204601B0E8
:1000F000BDE8F08310B582B004464FF0000C4FF01D
:10010000A0404FF4805122462023CDF800C000F0DB
:1001100039F9000622D120461C214FF0FF3200F0B1
:1001200036F9E169814219D1E078112816D1A07819
:10013000022813D1E168B1F5002F0FD8606846F2AC
:100140007872C4F26A72904208D1A068FFF7A2FFE9
:100150002169401A18BF012002B010BD012002B071
:1001600010BD00002DE9F0410C4605460E184FF079
:100170000008B4F5803F07D3A8B228B94FF4803700
:100180000321102021E000BFB4F5004F08D328461A
:100190006FF3DF3020B94FF4004702210F2014E045
:1001A00029466FF31F31200BB1FA81F1B8EB143FF0
:1001B00018BF0120490901404FF008004FF4807733
:1001C00018BF0C2018BF4FF4805725FA00F082B2F8
:1001D0004FF0A04047F2305300F0DEF800060BD19C
:1001E0003D44B542A4EB070424BF0020BDE8F081E4
:1001F000B4F5803FC0D2C7E700F0BAF84FF47A7088
:1002000000F0BBF80120BDE8F08100002DE9F047C7
:1002100082B04FF000098AB343F2B83814460E4654
:100220000746C2F2000840F6B83A00BF2546B4F5CA
:10023000807F28BF4FF480754FF0A040394642467A
:100240002B46CDF8009000F09DF890B94FF0A040FB
:10025000314642462B46CDF80090CDF804A000F080
:10026000A0F848B92F44641B2E44DFD14FF0000999
:1002700004E04FF0010901E04FF00109484602B0E7
:10028000BDE8F08780B542F20400C1F200000068CA
:1002900000F08CF880BD0000B0B588B06846FFF76C
:1002A00029FF08B101243CE0DDE90501FFF75AFF11
:1002B00038B100F05DF84FF47A7000F05EF8012478
:1002C0002FE0DDE902020599FFF7A0FF38B100F049
:1002D0004FF84FF47A7000F050F8012421E00399B0
:1002E0000598FFF7D7FE0499884213D14FF0A0403C
:1002F0000021102247F23053002400F04DF805464B
:1003000000F036F828060CD04FF47A7000F035F87B
:10031000012406E000F02CF84FF47A7000F02DF87C
:100320000124204608B0B0BDEC20C6F205000168EB
:100330007F2221F002010160016821F004010160C7
:100340006FF0030143180431342943F8D82CF9D154
:10035000704748F6F57CC0F2000C604747F2613CFC
:10036000C0F2000C604747F21D3CC0F2000C604731
:1003700047F6717CC0F2000C604744F2717CC0F219
:10038000000C604748F69D2CC0F2000C604744F218
:10039000C17CC0F2000C604748F6A10CC0F2000C12
:1003A000604749F2D90CC0F2000C604744F62D0CAE
:1003B000C0F2000C604700000000000000000000D8
:1003C000000000000000000000000000000000002D
:1003D000000000000000000000000000000000001D
:1003E000000000000000000000000000000000000D
:1003F00000000000000000000000000000000000FD
:1004000000000000000000000000000000000000EC
:1004100000000000000000000000000000000000DC
:1004200000000000000000000000000000000000CC
:1004300000000000000000000000000000000000BC
:1004400000000000000000000000000000000000AC
:10045000000000000000000000000000000000009C
:10046000000000000000000000000000000000008C
:10047000000000000000000000000000000000007C
:10048000000000000000000000000000000000006C
:10049000000000000000000000000000000000005C
:1004A000000000000000000000000000000000004C
:1004B000000000000000000000000000000000003C
:1004C000000000000000000000000000000000002C
:1004D000000000000000000000000000000000001C
:1004E000000000000000000000000000000000000C
:1004F00000000000000000000000000000000000FC
:1005000000000000000000000000000000000000EB
:1005100000000000000000000000000000000000DB
:1005200000000000000000000000000000000000CB
:1005300000000000000000000000000000000000BB
:1005400000000000000000000000000000000000AB
:10055000000000000000000000000000000000009B
:10056000000000000000000000000000000000008B
:10057000000000000000000000000000000000007B
:10058000000000000000000000000000000000006B
:10059000000000000000000000000000000000005B
:1005A000000000000000000000000000000000004B
:1005B000000000000000000000000000000000003B
:1005C000000000000000000000000000000000002B
:1005D000000000000000000000000000000000001B
:1005E000000000000000000000000000000000000B
:1005F00000000000000000000000000000000000FB
:1006000000000000000000000000000000000000EA
:1006100000000000000000000000000000000000DA
:1006200000000000000000000000000000000000CA
:1006300000000000000000000000000000000000BA
:1006400000000000000000000000000000000000AA
:10065000000000000000000000000000000000009A
:10066000000000000000000000000000000000008A
:10067000000000000000000000000000000000007A
:10068000000000000000000000000000000000006A
:10069000000000000000000000000000000000005A
:1006A000000000000000000000000000000000004A
:1006B000000000000000000000000000000000003A
:1006C000000000000000000000000000000000002A
:1006D000000000000000000000000000000000001A
:1006E000000000000000000000000000000000000A
:1006F00000000000000000000000000000000000FA
:1007000000000000000000000000000000000000E9
:1007100000000000000000000000000000000000D9
:1007200000000000000000000000000000000000C9
:1007300000000000000000000000000000000000B9
:1007400000000000000000000000000000000000A9
:100750000000000000000000000000000000000099
:100760000000000000000000000000000000000089
:100770000000000000000000000000000000000079
:100780000000000000000000000000000000000069
:100790000000000000000000000000000000000059
:1007A0000000000000000000000000000000000049
:1007B0000000000000000000000000000000000039
:1007C0000000000000000000000000000000000029
:1007D0000000000000000000000000000000000019
:1007E0000000000000000000000000000000000009
:1007F00000000000000000000000000000000000F9
:1008000000000000000000000000000000000000E8
:1008100000000000000000000000000000000000D8
:1008200000000000000000000000000000000000C8
:1008300000000000000000000000000000000000B8
:1008400000000000000000000000000000000000A8
:100850000000000000000000000000000000000098
:100860000000000000000000000000000000000088
:100870000000000000000000000000000000000078
:100880000000000000000000000000000000000068
:100890000000000000000000000000000000000058
:1008A0000000000000000000000000000000000048
:1008B0000000000000000000000000000000000038
:1008C0000000000000000000000000000000000028
:1008D0000000000000000000000000000000000018
:1008E0000000000000000000000000000000000008
:1008F00000000000000000000000000000000000F8
:1009000000000000000000000000000000000000E7
:1009100000000000000000000000000000000000D7
:1009200000000000000000000000000000000000C7
:1009300000000000000000000000000000000000B7
:1009400000000000000000000000000000000000A7
:100950000000000000000000000000000000000097
:100960000000000000000000000000000000000087
:100970000000000000000000000000000000000077
:100980000000000000000000000000000000000067
:100990000000000000000000000000000000000057
:1009A0000000000000000000000000000000000047
:1009B0000000000000000000000000000000000037
:1009C0000000000000000000000000000000000027
:1009D0000000000000000000000000000000000017
:1009E0000000000000000000000000000000000007
:1009F00000000000000000000000000000000000F7
:100A000000000000000000000000000000000000E6
:100A100000000000000000000000000000000000D6
:100A200000000000000000000000000000000000C6
:100A300000000000000000000000000000000000B6
:100A400000000000000000000000000000000000A6
:100A50000000000000000000000000000000000096
:100A60000000000000000000000000000000000086
:100A70000000000000000000000000000000000076
:100A80000000000000000000000000000000000066
:100A90000000000000000000000000000000000056
:100AA0000000000000000000000000000000000046
:100AB0000000000000000000000000000000000036
:100AC0000000000000000000000000000000000026
:100AD0000000000000000000000000000000000016
:100AE0000000000000000000000000000000000006
:100AF00000000000000000000000000000000000F6
:100B000000000000000000000000000000000000E5
:100B100000000000000000000000000000000000D5
:100B200000000000000000000000000000000000C5
:100B300000000000000000000000000000000000B5
:100B400000000000000000000000000000000000A5
:100B50000000000000000000000000000000000095
:100B60000000000000000000000000000000000085
:100B70000000000000000000000000000000000075
:100B80000000000000000000000000000000000065
:100B90000000000000000000000000000000000055
:100BA0000000000000000000000000000000000045
:100BB0000000000000000000000000000000000035
:100BC0000000000000000000000000000000000025
:100BD0000000000000000000000000000000000015
:100BE0000000000000000000000000000000000005
:100BF00000000000000000000000000000000000F5
:100C000000000000000000000000000000000000E4
:100C100000000000000000000000000000000000D4
:100C200000000000000000000000000000000000C4
:100C300000000000000000000000000000000000B4
:100C400000000000000000000000000000000000A4
:100C50000000000000000000000000000000000094
:100C60000000000000000000000000000000000084
:100C70000000000000000000000000000000000074
:100C80000000000000000000000000000000000064
:100C90000000000000000000000000000000000054
:100CA0000000000000000000000000000000000044
:100CB0000000000000000000000000000000000034
:100CC0000000000000000000000000000000000024
:100CD0000000000000000000000000000000000014
:100CE0000000000000000000000000000000000004
:100CF00000000000000000000000000000000000F4
:100D000000000000000000000000000000000000E3
:100D100000000000000000000000000000000000D3
:100D200000000000000000000000000000000000C3
:100D300000000000000000000000000000000000B3
:100D400000000000000000000000000000000000A3
:100D50000000000000000000000000000000000093
:100D60000000000000000000000000000000000083
:100D70000000000000000000000000000000000073
:100D80000000000000000000000000000000000063
:100D90000000000000000000000000000000000053
:100DA0000000000000000000000000000000000043
:100DB0000000000000000000000000000000000033
:100DC0000000000000000000000000000000000023
:100DD0000000000000000000000000000000000013
:100DE0000000000000000000000000000000000003
:100DF00000000000000000000000000000000000F3
:100E000000000000000000000000000000000000E2
:100E100000000000000000000000000000000000D2
:100E200000000000000000000000000000000000C2
:100E300000000000000000000000000000000000B2
:100E400000000000000000000000000000000000A2
:100E50000000000000000000000000000000000092
:100E60000000000000000000000000000000000082
:100E70000000000000000000000000000000000072
:100E80000000000000000000000000000000000062
:100E90000000000000000000000000000000000052
:100EA0000000000000000000000000000000000042
:100EB0000000000000000000000000000000000032
:100EC0000000000000000000000000000000000022
:100ED0000000000000000000000000000000000012
:100EE0000000000000000000000000000000000002
:100EF00000000000000000000000000000000000F2
:100F000000000000000000000000000000000000E1
:100F100000000000000000000000000000000000D1
:100F200000000000000000000000000000000000C1
:100F300000000000000000000000000000000000B1
:100F400000000000000000000000000000000000A1
:100F50000000000000000000000000000000000091
:100F60000000000000000000000000000000000081
:100F70000000000000000000000000000000000071
:100F80000000000000000000000000000000000061
:100F90000000000000000000000000000000000051
:100FA0000000000000000000000000000000000041
:100FB0000000000000000000000000000000000031
:100FC0000000000000000000000000000000000021
:100FD0000000000000000000000000000000000011
:100FE0000000000000000000000000000000000001
:100FF00000000000000000000000000000000000F1
:101000004B2A040002110100000000000000000053
:1020000000200320312F00109D2F0010AF2F001053
:10201000C12F0010C12F0010C12F001000000000C0
:10202000000000000000000000000000D1020000DD
:10203000C12F0010000000007503000081030000A4
:10204000C12F0010C12F0010C12F0010C12F001090
:10205000C12F0010C12F0010C12F0010C12F001080
:10206000C12F0010C12F0010C12F0010C12F001070
:10207000C12F0010C12F0010C12F0010C12F001060
:10208000C12F0010C12F0010C12F0010C12F001050
:10209000C12F0010C12F0010C12F0010C12F001040
:1020A000C12F0010C12F0010C12F0010C12F001030
:1020B000C12F0010F5290010C12F0010C12F0010F2
:1020C000C12F0010C12F0010C12F0010C12F001010
:1020D000C12F0010C12F0010C12F0010C12F001000
:1020E000C12F00101D220010C12F0010C12F0010A1
:1020F000C12F0010C12F0010C12F0010C12F0010E0
:10210000C12F0010C12F0010C12F0010C12F0010CF
:10211000C12F0010C12F0010C12F0010C12F0010BF
:0C212000C12F0010C12F0010C12F0010B3
:10212C000348044B834202D0034B03B1184770475A
:10213C005CA002205CA0022000000000064B0749B6
:10214C00C91A891048BF0131491003D0044B0BB197
:10215C0001481847704700BF5CA002205CA0022019
:10216C000000000010B5064C237843B9FFF7D8FFE8
:10217C00044B13B10448AFF300800123237010BD4E
:10218C005CA00220000000004840001008B5054B80
:10219C001BB105490548AFF30080BDE80840FFF7C7
:1021AC00CDBF00BF0000000060A00220484000101E
:1021BC0008B500F0C3F94FF4FA7001F063FFBDE805
:1021CC00084001F083BF0000014B024A1A607047BF
:1021DC00E4000020BD21001008B500F025F9BDE891
:1021EC00084001F05FBF13B5012001A901F0D2FF37
:1021FC00019B1BB90024204602B010BD00F08AF9E7
:10220C0004460028F6D000F0E9F801F08FFFF2E761
:10221C0007B501200DF1070101F0A8FF9DF807108B
:10222C00012001F0B3FF03B05DF804FB1FB54F486C
:10223C0001F064FF642001F03DFF01F0CFFF0320AB
:10224C0001F00CFF002001F0B1FF002001F062FF53
:10225C00052001F0A3FF01F005FF012001F00AFFAA
:10226C00002301220F200DF10F018DF80F3001F02A
:10227C00A5FF9DF80F3013B9562001F0ABFF0122DA
:10228C0010200DF10F0101F099FF9DF80F000028AF
:10229C0069D001F02BFF002001F084FF03216422A0
:1022AC00084601F027FF40F6C411012001F016FF8B
:1022BC00062001F0E3FE072001F0E0FE0322642378
:1022CC001146104601F01EFF4FF4FA71012001F087
:1022DC0071FF00220120114601F0D8FE4FF400726C
:1022EC006021234BC3F8842183F829135A602921D8
:1022FC00012001F01FFF00234FF0C0424FF00051AE
:10230C0000931C484FF4E12300F0CAF81A4A1B4909
:10231C001B4800F06BFF00F009FBFFF755FFC820CE
:10232C0000F088FE17490220174A00F055FC2020C7
:10233C0001F0D0FE4FF480614FF4803001F0F2FEDA
:10234C0060B9124B596801F0BDFE292001F096FED0
:10235C002A2001F093FE202001F0F4FE05B05DF878
:10236C0004EB00F067BDA92093E700BF00E0046018
:10237C0000E100E000B004600842001011420010BF
:10238C001D420010F3210010E52100100030002048
:10239C0000B50E4B8BB00193012302930C4B4FF401
:1023AC0080620393442304930A4B0024059318235F
:1023BC00CDE90844CDE9062301F070FE214601AABF
:1023CC00054801F0CFFE01F071FEFEE7514200100E
:1023DC0078A4022078A002203922001038B50E4DC6
:1023EC000E4C00222968206801F0ECFE00222968BE
:1023FC00206801F0A3FE0A4B1B68B3F1C04F04D157
:10240C002B20BDE8384001F081BE064A93420CBF38
:10241C002C202D20F5E700BFD0A40220C0A4022060
:10242C00C4A402200004006073B5174E174D336826
:10243C00174CB3F1C04F19D12B2001F01FFE042211
:10244C002968206801F0C2FE70B902222968206850
:10245C0001F074FE40B90F4B69461B68306800935D
:10246C000D4B019301F016FE02B070BD0B4A934266
:10247C0004D12C2001F002FE0822E1E72D2001F00E
:10248C00FDFD0C22DCE700BFC4A40220D0A4022076
:10249C00C0A40220CCA40220213001010004006061
:1024AC0030B4B2F1C04F029C06D0114DAA4203D0F9
:1024BC0005F58065AA4218D10E4DA84202D0803590
:1024CC00A84212D10C4D2C6024B100240B4D2C8051
:1024DC000B4D2C800B4C22600B4A30BC10600B4A0D
:1024EC0011600B4A1360FFF79FBF102030BC704780
:1024FC000004006000B00460BCA40220CAA4022046
:10250C00C8A40220C4A40220C0A40220D0A402208B
:10251C00CCA40220064B1B683BB1064B1888064B1B
:10252C001B88C31A5842584170470120704700BF9E
:10253C00BCA40220CAA40220C8A40220F8B50E4DE7
:10254C002B6833B10D4C0E4F0E4E238832889A42B5
:10255C0000D1F8BD2A6838681268D15C01F00AFE17
:10256C0023882A68013392889BB29A422380ECD844
:10257C0000232380E8E700BFBCA40220CAA40220E9
:10258C00C4A40220C8A402202DE9F843431C0E4623
:10259C00154628D0013801281ED94FF0FF342046AB
:1025AC00BDE8F883D8F80000315D48B9D9F80000CF
:1025BC0001F0E0FD0028F0D10134AC42F2DBEEE793
:1025CC003B880268D154828801339BB29A423B808B
:1025DC009CBF00233B80EFE70024DFF81080044F02
:1025EC00DFF81090E9E70024D9E700BFBCA4022073
:1025FC00C8A40220C4A40220012070474FF0FF3071
:10260C007047002070474FF4005300204B60704718
:10261C000020704705460C4608B5FFF705FF074834
:10262C0000F054FE2946064800F0E0FD214605481E
:10263C0000F0DCFDFFF782FFFEE700BF5A420010FE
:10264C00684200107B42001080B506460F461D46BE
:10265C001446FFF7E9FE084800F038FE3A463146CA
:10266C00064800F0C3FD2A462146054800F0BEFD91
:10267C00FFF764FFFEE700BF8E420010A24200107D
:10268C00C14200100D461646044608B5FFF7CCFEB5
:10269C0033462A462146034800F0A8FDFFF74EFFBB
:1026AC00FEE700BFE042001073B505460C46164627
:1026BC00FFF7BAFEEFF30881744800F097FD2B0783
:1026CC004CBF7348734800F001FE6D0740F1DA808F
:1026DC00714800F0FBFD3446704800F0F7FD2168AE
:1026EC006F4800F083FD61686E4800F07FFDA168C3
:1026FC006D4800F07BFDE1686C4800F077FD2169C6
:10270C006B4800F073FD61696A4800F06FFDA169C8
:10271C00694800F06BFDE169684800F067FDA3694A
:10272C00674C0193E36A980702D5664800F0CEFD2A
:10273C00E36A002B02DA644800F0C8FDE36A590032
:10274C0040F19D80614800F0C1FDA36ADBB2002B13
:10275C002BD05F4800F0BAFDA36ADA0703D50199C4
:10276C005C4800F043FD564CA36A9B070AD50199BF
:10277C00594800F03BFDA36A1E0603D5616B574810
:10278C0000F034FD4E4CA36A1D0702D5544800F0EE
:10279C009DFDA36AD80602D5524800F097FDA36AA6
:1027AC00990602D5504800F091FD454CA36A13F4EC
:1027BC007F4F30D04D4800F089FDA36ADA0502D571
:1027CC004B4800F083FDA36A9B050AD50199494843
:1027DC0000F00CFDA36A1E0403D5A16B3F4800F06A
:1027EC0005FD374CA36A5D0502D5434800F06EFD2C
:1027FC00A36A180502D5414800F068FDA36AD90404
:10280C0002D53F4800F062FD2D4B9B6A9A0402D51D
:10281C003C4800F05BFD2A4CA36AB3F5803F2ED3F5
:10282C00394800F053FDA36ADB0302D5374800F0AA
:10283C004DFDA36A9E0302D5354800F047FD204CA0
:10284C00A36A5D0302D5334800F040FDA36A180368
:10285C0002D5314800F03AFDA36AD90202D52F48BF
:10286C0000F034FD164CA36ADA0102D52C4800F0B6
:10287C002DFDA36A9B0102D52A4800F027FDFFF726
:10288C005DFEFEE7284800F021FD25E7FF42001021
:10289C0027430010384300104E4300106A430010C9
:1028AC00774300108543001093430010A1430010A0
:1028BC00AF430010BD430010CB430010D9430010B0
:1028CC0000ED00E0E7430010F54300100844001051
:1028DC001C4400102D440010A2440010154500109B
:1028EC002245001077450010CA4500101D46001007
:1028FC0028460010554600108C460010C3460010A8
:10290C000F47001059470010A5470010B2470010A0
:10291C00EB4700102848001056480010964800104D
:10292C00C2480010F54800105C430010034B044AE9
:10293C001A60044B044A1A60704700BFE80000207C
:10294C0021260010EC0000205526001008B5074B7E
:10295C000A461B6843B1012902F1FF3214BF411C26
:10296C000021007892B29847002008BDF4A80220FC
:10297C007FB5B0B10C4B4FF4846218600B4B6846BA
:10298C0000930223CDE901234FF400730393012339
:10299C008DF81030064B059300F078F807B05DF811
:1029AC0004FB1020FAE700BFF4A80220D4A40220F4
:1029BC005929001010B51446ADF5027D11B92AB194
:1029CC0010200EE0531EB3F5007FF9D28DF80400F1
:1029DC0022460DF1050000F0CEFD611C01A800F0AF
:1029EC009BF80DF5027D10BD73B501200DF10301AF
:1029FC0001F0BCFB01209DF8031001F0C7FB9DF812
:102A0C00033053B11D4D1E4E032001A901F0C2FB32
:102A1C00019C24B91B4800F059FC02B070BD012088
:102A2C0001F060FB08BB204600F08EF918B10120C4
:102A3C0001F0A4FBF1E71149204600F0BAF9022895
:102A4C00296812D133686BB10F48984704460320AC
:102A5C0001F048FB68B92146062001F033FB032046
:102A6C0001F08CFB012001F089FB012001F00AFB35
:102A7C00CAE7012001F006FBE9E700BFF8A8022035
:102A8C0018AD022030490010FCA80220F7B504460E
:102A9C00037C1C4E0193C3681B4D0093D0E90123AA
:102AAC0001681A4800F026F92346306004F1180733
:102ABC002A4618685968083303C2BB421546F7D139
:102ACC006269134B00201A6001F058FB022001F0E0
:102ADC0055FB3168022001F0F5FA4FF0FF3105206B
:102AEC0001F0F0FA4FF0005260210A4BC3F880213C
:102AFC0083F81D131A601D21012001F01BFB00201F
:102B0C0003B0F0BD34AD02201CAD022000AD02209C
:102B1C0018AD022000E100E02DE9F041174F064608
:102B2C003B680D460BB110B929B1102409E0144BC8
:102B3C00DB688B42F9D3002001F0D4FA044618B1BB
:102B4C0002242046BDE8F081DFF838802A46404652
:102B5C00314640F8045B00F00EFD4146386800F049
:102B6C00FCF80228204602D001F008FBE8E701F04F
:102B7C0005FB0121204601F0F1FAE2E734AD022019
:102B8C001CAD0220FCAA02204FF08043D3F8800138
:102B9C0010F001000AD0D3F88000D3F8E821044BE0
:102BAC00801AD3F804319BB25843800A704700BF97
:102BBC0000F00460042808B50BD8032804D10120C8
:102BCC0001F0C8FA002008BD04280CBF0220002028
:102BDC00F6E71020F7E70000F0B5414B85B0187010
:102BEC00404B07461960404B02201A600DF107015B
:102BFC00012201F0E3FA9DF80740C4F34114022CC2
:102C0C0017D101224FF45041384801F097FA22466F
:102C1C004FF44831354801F091FA3846FFF7CAFFB6
:102C2C0009230B220321012005B0BDE8F04001F07F
:102C3C008DBA032CF1D10124062202A93A2001F00D
:102C4C00BDFA9DF808002A4E284D00F01F012246BF
:102C5C0004FA01F11F288CBF3046284601F06EFAA9
:102C6C009DF80900022200F01F0104FA01F11F284F
:102C7C008CBF3046284601F061FA9DF80A002246C6
:102C8C0000F01F0104FA01F11F288CBF30462846C2
:102C9C0001F054FA9DF80B00224600F01F0104FAD3
:102CAC0001F11F288CBF3046284601F047FA9DF8E9
:102CBC000C00022200F01F0104FA01F11F288CBF46
:102CCC003046284601F03AFA9DF80D00022200F039
:102CDC001F0104FA01F11F288CBF304628469AE7E1
:102CEC0038AD022040AD02203CAD022000B00460A3
:102CFC0080B0046010B5029C70B171B17AB183B12F
:102D0C008CB1013BC0E902230023038083709DF842
:102D1C000C3041600461037510BD0846FCE7104699
:102D2C00FAE71846F8E72046F6E758B14378C16849
:102D3C0002788B422EBF00230133DBB2D31A5842E8
:102D4C00584170470120704728B1037842789B1A8C
:102D5C005842584170470120704770B50E460446E2
:102D6C0008B301B3FFF7E1FF08B1237DEBB9657838
:102D7C00E26895422EBF00236B1CDBB2637030B14E
:102D8C0023789A4292BF00230133DBB2237022696D
:102D9C00A36855439D420AD860683146284400F028
:102DAC00EAFB022070BD0120FCE70420FAE70320B7
:102DBC00F8E738B50D460446A0B199B1FFF7C4FF4A
:102DCC00034688B92178E268284691423CBF4B1CE7
:102DDC00DBB222692370636801FB023100F0CBFB8C
:102DEC00022038BD0120FCE70320FAE71FB502469C
:102DFC00B8B90968EFF30583B3FA83F302910421A0
:102E0C00ADF8000008485B0901915B426946006817
:102E1C0001F084F9034620B182220449044800F0F1
:102E2C00E5F905B05DF804FB94AE0220724A00107F
:102E3C00484900102DE9F0472E4D88B002AC0FCD5B
:102E4C000FC495E8030002AA84E8030010210520B2
:102E5C0001F098F9DFF8A080C8F8000010B92748F5
:102E6C0000F034FA2648FFF783FD20B1D92225491A
:102E7C00254800F0BBF9254FDFF89490DFF894A0BB
:102E8C004FF0FF330022D8F8000002A901F0EEF851
:102E9C0028B1E1221B49204800F0A8F9F0E79DF881
:102EAC0008309DF809201343EAD1B0223946484630
:102EBC00049D00F09BF9194C6E1EFF3516F8011F8E
:102ECC00504600F093F933782268AE4213442360E5
:102EDC00F4D10A2000F09CF93946B8222368104836
:102EEC0000F084F9042201200DEB02010194FFF79C
:102EFC0061FDC5E7F041001094AE02206C49001052
:102F0C00F92D0010844A001083490010614A00100A
:102F1C00C9490010EC4900109F49001044AD022033
:102F2C00F4490010244880F30888244880F30A8868
:102F3C0023488047002103E0224B5B584350043167
:102F4C002148224B42189A42F6D3002103E0204B31
:102F5C005B58435004311F481F4B42189A42F6D31A
:102F6C00002103E01D4B5B58435004311C481D4BA2
:102F7C0042189A42F6D31C4A02E000231360043232
:102F8C001A4B9A42F9D300F0CFFAFFF701FAFEE799
:102F9C005FEA0E00EFF30881EFF30982144B9847B8
:102FAC00FEE75FEA0E00EFF30881EFF30982114BA5
:102FBC009847FEE7FEE700000020032000100320E6
:102FCC0005300010984A0010003000204C8701207A
:102FDC00E4A1011000220220382902201CA90110B2
:102FEC0000A002205CA002205CA00220E8AF02201E
:102FFC0091260010B52600100B4A0023114610B57F
:10300C000A4CE0580433B3F5967F41F8040BF8D121
:10301C00074B9A605A6942F010025A615A6942F49D
:10302C0080725A6110BD00BF0020022000200010E9
:10303C0000ED00E0B0F5807F10B5044610D80948CB
:10304C0001F008F814F03F0018BF0120012300EB39
:10305C00941003FA00F0013801F030F8002010BD94
:10306C001020FCE7FFFF0F00002310B5044683601F
:10307C00818119464366C28108228361C0E900330D
:10308C00C0E904335C3000F001FA0D4B246263623A
:10309C000C4BA3620C4BE3620C4B23630C4B9C421A
:1030AC0006D003F16802944202D0D0339C4205D181
:1030BC0004F15800BDE8104000F05ABA10BD00BF32
:1030CC00E93200100B33001043330010673300104B
:1030DC0098AE0220024A0349034800F069B800BFC9
:1030EC0000A002202D3E001010A0022041680C4BC5
:1030FC00994210B5044601D000F092FEA168094B2C
:10310C00994202D0204600F08BFEE168064B9942B2
:10311C0004D02046BDE8104000F082BE10BD00BFB8
:10312C0098AE022000AF022068AF022010B50B4B06
:10313C0004210B4C0B4A20461A600022FFF794FF27
:10314C0004F1680001220921FFF78EFF04F1D00081
:10315C0002221221BDE81040FFF786BFD0AF02203B
:10316C0098AE0220E1300010014800F002BA00BF16
:10317C00D9AF0220014800F0FDB900BFD9AF022041
:10318C0010B50446FFF7F0FF236A1BB1BDE81040F1
:10319C00FFF7F0BF044B2362044B1B68002BF5D1E7
:1031AC00FFF7C4FFF2E700BFF9300010D0AF0220E8
:1031BC002DE9F8430746884614460026D4E90195C4
:1031CC00B9F1010905D52468002CF7D13046BDE8CA
:1031DC00F883AB89012B07D9B5F90E30013303D035
:1031EC0029463846C04706436835E9E70FB407B5AA
:1031FC00064904AB086853F8042B8168019300F06E
:10320C00E7FA03B05DF804EB04B070470CA00220A1
:10321C00024B01461868826800F08BBE0CA002209D
:10322C00036A70B505460E4684680BB9FFF7A8FF14
:10323C00636EDB0705D4A389980502D4A06D00F05A
:10324C0098F9A389190702D52369002B35D121469A
:10325C00284600F0C5F880B34FF0FF35636EDA07EF
:10326C0005D4A3899B0502D4A06D00F083F92846F0
:10327C0070BD002B04DAA2699A4217DC0A2915D01A
:10328C0023685A1C22601970A36816F8011F013BB1
:10329C00A3600029EDD1002B11DA22460A21284621
:1032AC0000F05FF80130D7D00A25D7E72246284630
:1032BC0000F057F80130E7D1CEE7013EE4E7236890
:1032CC005A1C22600A221A70EEE70000024B0146DB
:1032DC001868FFF7A5BF00BF0CA0022010B50C4664
:1032EC00B1F90E1000F0FCF80028ABBF636DA38998
:1032FC001B1823F48053ACBF6365A38110BD2DE96B
:10330C00F0411F468B8905460C46DB05164605D554
:10331C0002230022B1F90E1000F0D0F8A389324636
:10332C00B4F90E10284623F48053A3813B46BDE824
:10333C00F04100F0E7B810B50C46B1F90E1000F0F2
:10334C00BDF8431CA38915BF606523F4805343F477
:10335C008053A38118BFA38110BDB1F90E1000F0EA
:10336C009DB8F8B50E461446054618B1036A0BB95C
:10337C00FFF706FFA369A360A3891A0701D5236988
:10338C0043B92146284600F02BF818B14FF0FF370F
:10339C003846F8BD2368F6B222693746981A636935
:1033AC00834205DC2146284600F03AFD0028EDD189
:1033BC00A368013BA36023685A1C22601E70431C47
:1033CC0062699A4204D0A389DB07E1D50A2EDFD1CA
:1033DC002146284600F024FD0028D9D0D6E700006D
:1033EC0038B5294B05460C46186818B1036A0BB959
:1033FC00FFF7C6FEB4F90C30190722D4DA0607D44D
:10340C0009222A6043F040034FF0FF30A38133E0E0
:10341C00580712D5616B41B104F14403994202D0B3
:10342C00284600F0B5F800236363A38923F0240336
:10343C00A3810023636023692360A38943F00803FD
:10344C00A38123694BB9A38903F42073B3F5007FDF
:10345C0003D02146284600F030FDB4F90C3013F0AF
:10346C0001020AD00022A26062695242A261226962
:10347C0042B913F08000C5D138BD990758BF6269B5
:10348C00A260F4E70020F7E70CA0022002440346F8
:10349C00934200D1704703F8011BF9E738B50023BC
:1034AC00054D044608462B60FFF7A8F8431C02D1D3
:1034BC002B6803B1236038BDD4AF022038B5044665
:1034CC00064D0846114600222A601A46FFF799F865
:1034DC00431C02D12B6803B1236038BDD4AF02204A
:1034EC0038B50446064D0846114600222A601A4695
:1034FC00FFF78EF8431C02D12B6803B1236038BD53
:10350C00D4AF022038B50446064D084611460022B9
:10351C002A601A46FFF738F8431C02D12B6803B116
:10352C00236038BDD4AF022070B50D4D00260D4C74
:10353C00641BA410A64209D10B4D00260B4C00F0C5
:10354C007DFD641BA410A64205D170BD55F8043B4B
:10355C0001369847EEE755F8043B01369847F2E7F9
:10356C00904A0010904A0010904A0010944A0010A3
:10357C007047704770470A44431E914200D1704710
:10358C0010B511F8014B914203F8014FF9D110BD60
:10359C0038B50546002941D051F8043C0C1F002BCE
:1035AC00B8BFE41800F0E0F81D4A136833B9636043
:1035BC0014602846BDE8384000F0DCB8A34208D9B6
:1035CC00206821188B4201BF19685B6809182160BB
:1035DC00EDE71A465B680BB1A342FAD91168501893
:1035EC00A0420BD120680144501811608342E0D1F5
:1035FC0018685B68084453601060DAE702D90C2342
:10360C002B60D6E7206821188B4202BF19685B68D3
:10361C000918636008BF21605460CAE738BD00BF59
:10362C00E0AF022070B50F4E0C460546316811B95B
:10363C0000F0D6FC30602146284600F0D1FC431C3B
:10364C0003D14FF0FF34204670BDC41C24F003049A
:10365C00A042F8D0211A284600F0C2FC0130F2D169
:10366C00EFE700BFDCAF02202DE9F843CD1C064686
:10367C0025F0030508350C2D38BF0C25002D01DB7A
:10368C00A94204D90C2333600020BDE8F883DFF88D
:10369C00D48000F069F8D8F800301C4644BB2946A9
:1036AC003046FFF7BFFF431C044658D1D8F8004002
:1036BC002746002F43D1002C4BD023683946304687
:1036CC0004EB030900F08CFC814542D121683046A3
:1036DC006D1A2946FFF7A6FF01303AD023682B4418
:1036EC002360D8F800305A6862BBC8F800700FE04D
:1036FC002268521B20D40B2A17D96119A3422560CA
:10370C0018BF5960636808BFC8F8001062514B605D
:10371C00304600F02FF804F10B00231D20F00700B9
:10372C00C21A1CBF1B1AA350AFE76268A3420CBF9E
:10373C00C8F800205A60EBE723466468AEE73C46C5
:10374C007F68B6E71A465B68A342FBD1002353603F
:10375C00DEE70C233046336000F00CF894E705608C
:10376C00D6E700BFE0AF02200148FFF702BF00BF61
:10377C00D8AF02200148FFF7FDBE00BFD8AF022032
:10378C009368013B002B936010B407DA9469A34251
:10379C0001DB0A2902D110BCFFF7E3BD1368581CEA
:1037AC0010600846197010BC7047F8B506460F46F5
:1037BC001446D518AC4201D1002007E03A4614F863
:1037CC00011B3046FFF7DCFF431CF3D1F8BD0000B2
:1037DC002DE9F04F0D469DB014469846064618B19B
:1037EC00036A0BB9FFF7CCFC6B6ED90705D4AB8918
:1037FC009A0502D4A86DFFF7BCFEAB891B0701D557
:10380C002B699BB929463046FFF7EAFD70B16B6E08
:10381C00DC0704D54FF0FF301DB0BDE8F08FAB894D
:10382C009805F7D4A86DFFF7A5FEF3E70023CDF8B4
:10383C000C804FF00109DFF8B481099320238DF837
:10384C00293030238DF82A3023469A4613F8012B61
:10385C000AB1252AF9D1BAEB040B0BD05B462246F0
:10386C0029463046FFF7A1FF013000F0A780099AE6
:10387C005A4409929AF80030002B00F09F800023E4
:10388C004FF0FF320AF1010A049307938DF853307D
:10389C001A93CDE9052354460522544814F8011B0C
:1038AC0000F0AEFB049AD8B9D10644BF20238DF8A2
:1038BC005330130744BF2B238DF853309AF8003044
:1038CC002A2B15D0079A544600204FF00A0C21469B
:1038DC0011F8013B303B092B4BD9B0B1079214E0E6
:1038EC00A0EB0803A24609FA03F313430493D2E7AF
:1038FC00039B191D1B68002B0391BBBF5B4242F05D
:10390C00020207930793B8BF049223782E2B0AD197
:10391C0063782A2B32D1039B02341A1D1B6843EAAD
:10392C00E37303920593DFF8C8A003222178504675
:10393C0000F066FB38B1A0EB0A004022049B013476
:10394C0082401343049314F8011B062229488DF876
:10395C00281000F055FB00283FD0274B1BBB039BC6
:10396C00073323F0070308330393099B3B44099364
:10397C006AE70CFB02320C460120A8E70023013455
:10398C004FF00A0C19460593204610F8012B303ADB
:10399C00092A03D9002BC6D00591C4E70CFB0121E1
:1039AC0004460123F0E703AB2A4604A930460093F2
:1039BC00124BAFF300800746781CD6D16B6ED9073B
:1039CC0005D4AB899A0502D4A86DFFF7D3FDAB895A
:1039DC005B063FF51FAF09981EE703AB2A4604A907
:1039EC0030460093054B00F07DF8E4E72E4A0010BA
:1039FC00344A0010384A001000000000B73700109D
:103A0C002DE9F047164698468A6807460B690C461E
:103A1C00DDF820909342B8BF1346336091F84320F1
:103A2C000AB1013333602368990642BF336802330D
:103A3C003360256815F0060506D104F1190AE36810
:103A4C0032689B1AAB422BDC94F843302268003B63
:103A5C0018BF0123920630D404F143024146384684
:103A6C00C847013023D023681A3454F80A2C03F0C9
:103A7C000603042B0ABF54F80E5C002533684FF084
:103A8C00000608BFED1A54F8123C08BF25EAE5758C
:103A9C009342C4BF9B1AED18B5421AD1002008E01E
:103AAC000123524641463846C847013003D14FF0F6
:103ABC00FF30BDE8F0870135C1E7E1185A1C302012
:103ACC000233224481F8430094F8451082F84310E5
:103ADC00C2E70123224641463846C8470130E6D0AA
:103AEC000136D9E72DE9FF470F7E914680460C46FB
:103AFC00782F9A460C9E01F1430207D8622F0AD800
:103B0C00002F00F0D180582F00F0B88004F142064D
:103B1C0084F842703AE0A7F16303152BF6D801A1A3
:103B2C0051F823F0893B00109D3B0010193B00100D
:103B3C00193B0010193B0010193B00109D3B001065
:103B4C00193B0010193B0010193B0010193B0010D9
:103B5C009B3C0010C73B0010553C0010193B00105B
:103B6C00193B0010BD3C0010193B0010C73B001066
:103B7C00193B0010193B00105D3C001033681A1DF6
:103B8C001B68326004F1420684F8423001239CE049
:103B9C0033682068191D3160060601D51D6803E0E5
:103BAC004506FBD5B3F90050002D03DA2D236D42E9
:103BBC0084F8433058480A2311E02168336808061A
:103BCC0053F8045B02D4490648BFADB26F2F336083
:103BDC00514814BF0A230823002184F84310666857
:103BEC00002EA66005DB21682E4321F00401216024
:103BFC004BD01646B5FBF3F103FB1157C75D06F826
:103C0C00017D2F460D46BB42F4D9082B0BD12368FE
:103C1C00DF0708D5236961689942DEBF302306F8B7
:103C2C00013C06F1FF36921B22614B4603AA21464A
:103C3C004046CDF800A0FFF7E3FE01304AD14FF02B
:103C4C00FF3004B0BDE8F087236843F02003236005
:103C5C0078273248236884F845701F06316851F87C
:103C6C00045B02D45F0648BFADB23160D90744BFD4
:103C7C0043F0200323601DB11023ADE72648E9E78C
:103C8C00236823F020032360F6E71646BDE733686C
:103C9C002568181D616930602E061B6801D51960F6
:103CAC0002E06806FBD51980002316462361BCE7A9
:103CBC00336800211A1D32601E686268304600F0BD
:103CCC009FF908B1801B606063682361002384F84E
:103CDC004330AAE72369324649464046D047013073
:103CEC00ADD023689B0713D4E068039B9842B8BF00
:103CFC001846A6E70123324649464046D0470130D4
:103D0C009DD00135E36803995B1AAB42F2DCEBE71B
:103D1C00002504F11906F5E73F4A0010504A00103F
:103D2C00B1F90C20F8B5160705460C4654D44B686F
:103D3C00002B02DC0B6C002B48DDE66A002E45D014
:103D4C00002312F480522F68216A2B6030D0626DF0
:103D5C00A389590705D56368D21A636B0BB1236C21
:103D6C00D21A0023E66A216A2846B047431CA3896D
:103D7C0006D129681D292BD8284ACA40D60727D531
:103D8C000022D90462602269226004D5421C01D150
:103D9C002B6803B96065616B2F60B9B104F1440302
:103DAC00994202D02846FFF7F3FB002363630DE032
:103DBC0001232846B0470246501CC9D12B68002B62
:103DCC00C6D01D2B01D0162B1CD12F60002020E05B
:103DDC0043F040031BB219E00F69002FF6D0930794
:103DEC000E680F600CBF4B690023F61B8B60002E16
:103DFC00ECDD33463A46216A2846D4F828C0E04721
:103E0C00002807DCB4F90C3043F040034FF0FF30CE
:103E1C00A381F8BD0744361AE9E700BF0100402032
:103E2C0038B50B6905460C4613B90025284638BD34
:103E3C0018B1036A0BB9FFF7A3F9B4F90C30002BD6
:103E4C00F3D0626ED00704D4990502D4A06DFFF7AD
:103E5C0090FB28462146FFF763FF636E0546DA07A1
:103E6C00E4D4A3899B05E1D4A06DFFF783FBDDE7C8
:103E7C0070B50C46B1F90E1096B0154600291E46C9
:103E8C000CDAA389002113F0800F14BF40234FF4E8
:103E9C008063002031602B6016B070BD6A4600F064
:103EAC007DF80028EDDB019901F47041A1F5005378
:103EBC00594259414FF48063EBE78B89F7B59D0765
:103ECC0006460C4607D504F1470323602361012302
:103EDC00636103B0F0BD01AB6A46FFF7C9FF009FF9
:103EEC00054630463946FFF7BFFB48B9B4F90C30EC
:103EFC009A05EED423F0030343F00203A381E2E717
:103F0C00A389206043F08003A381019BC4E90407CB
:103F1C005BB1B4F90E10304600F052F828B1A38909
:103F2C0023F0030343F00103A381A3891D43A5815F
:103F3C00CFE770B50D461446064618B1036A0BB9A7
:103F4C00FFF71EF9636ED80705D4A389990502D42F
:103F5C00A06DFFF70EFBA368013B002BA36005DAF5
:103F6C00A269934212DBEBB20A2B0FD023685A1CC6
:103F7C0022601D70EDB2636EDA0705D4A3899B0530
:103F8C0002D4A06DFFF7F6FA284670BD29462246EA
:103F9C003046FFF7E6F90546EDE7000038B500239B
:103FAC00064D0446084611462B60FEF72CFB431CBD
:103FBC0002D12B6803B1236038BD00BFD4AF0220FF
:103FCC0038B50023054D044608462B60FEF714FB5C
:103FDC00431C02D12B6803B1236038BDD4AF02203F
:103FEC0038B50023054D044608462B6000F016F842
:103FFC00431C02D12B6803B1236038BDD4AF02201F
:10400C00C9B20346024410B59342184601D10020B0
:10401C0003E0047801338C42F6D110BD054A034607
:10402C00106810B1034413607047034803441360D5
:10403C00704700BFE4AF0220E8AF0220F8B500BF24
:10404C00F8BC08BC9E467047F8B500BFF8BC08BC6D
:10405C009E4670475FF800F051A800005FF800F032
:10406C00E9AB00005FF800F0B1AA00005FF800F0C7
:10407C001D1300005FF800F0215C00005FF800F0F9
:10408C007D7900005FF800F0814700005FF800F0D8
:10409C0011C300005FF800F065DE00005FF800F06F
:1040AC00A11000005FF800F0ED0600005FF800F0D2
:1040BC002D1100005FF800F0714700005FF800F070
:1040CC0079AE00005FF800F0B9C300005FF800F0B3
:1040DC00012202205FF800F0857A00005FF800F002
:1040EC00295D00005FF800F0CDC200005FF800F021
:1040FC0069AE00005FF800F0655900005FF800F051
:10410C0031F800005FF800F0955900005FF800F0FE
:10411C00F17800005FF800F035AC00005FF800F0BB
:10412C004D1400005FF800F079C100005FF800F05A
:10413C00B90600005FF800F0C5C100005FF800F0A0
:10414C009D9800005FF800F0D17A00005FF800F055
:10415C008DAE00005FF800F025AE00005FF800F0B7
:10416C0099C300005FF800F0BD2300005FF800F079
:10417C003DC200005FF800F07DDF00005FF800F04A
:10418C0061C300005FF800F0211400005FF800F03C
:10419C009DC000005FF800F03DC300005FF800F028
:1041AC0019AC00005FF800F0B1AB00005FF800F054
:1041BC00A9AD00005FF800F0795C00005FF800F03A
:1041CC000D8700005FF800F0F19600005FF800F03A
:1041DC00219800005FF800F059AE00005FF800F085
:0441EC006DA80000BA
:1041F0001B4A00100000000060AE022034000000E6
:1042000048AD02201801000031323A35353A3432D7
:10421000004A616E2031322032303236005B257325
:1042200020542025735D626C65207065726970682A
:104230006572616C2070726F6A656374286D702995
:1042400020737461727420746F20776F726B2E0A02
:10425000006170705F6D61696E006F7320657272CE
:10426000206F636375727300636F64652020202084
:10427000203A203078253038580A006F626A65632A
:10428000745F69643A203078253038580A007379B1
:104290007374656D206572726F72206F63637572DF
:1042A00073007531364572724D6F64756C653A25D1
:1042B00075207531364572724C696E653A25750AFE
:1042C00000753332457272496E666F313A2575203A
:1042D000753332457272496E666F323A25750A003F
:1042E0004E4D495F48616E646C65723A20253038E6
:1042F000582C20253038582C20253038580A005B9F
:10430000486172644661756C745F48616E646C6587
:10431000725D43757272656E74206D73703A2030F1
:1043200078253038580A004F6363757265642069D8
:104330006E207461736B2E004F6363757265642029
:10434000696E20696E746572727570742E00557393
:10435000696E67207533325073702E005573696E25
:1043600067207533324D73702E00537461636B2078
:104370006672616D653A00523020203A203078250F
:104380003038580A00523120203A20307825303811
:10439000580A00523220203A203078253038580A06
:1043A00000523320203A203078253038580A005205
:1043B0003132203A203078253038580A004C5220CB
:1043C000203A203078253038580A00504320203ACF
:1043D000203078253038580A00785053523A20302F
:1043E00078253038580A00566563746F722046612C
:1043F000756C740D004465627567204576656E7452
:10440000204661756C740D00436F6E666967757246
:1044100061626C65204661756C740D004D656D4D73
:10442000616E616765204661756C740D005B494182
:10443000434356494F4C5D5468652070726F636505
:1044400073736F7220617474656D7074656420613C
:104450006E20696E737472756374696F6E20666521
:104460007463682066726F6D2061206C6F63617485
:10447000696F6E207468617420646F6573206E6F5D
:1044800074207065726D69742065786563757469F0
:104490006F6E2C205043203A203078253038780D2C
:1044A0000A005B4441434356494F4C5D20546865C4
:1044B0002070726F636573736F7220617474656DC1
:1044C000707465642061206C6F6164206F7220736A
:1044D000746F72652061742061206C6F6361746910
:1044E0006F6E207468617420646F6573206E6F74E2
:1044F000207065726D697420746865206F706572D4
:104500006174696F6E2C205043203A20307825303A
:1045100038780D0A004154203A3078253038780D2B
:104520000A005B4D554E53544B4552525D556E73C8
:104530007461636B20666F7220616E2065786365BD
:104540007074696F6E2072657475726E2068617325
:1045500020636175736564206F6E65206F72206DD6
:104560006F7265206163636573732076696F6C6138
:1045700074696F6E730D005B4D53544B4552525D21
:10458000537461636B696E6720666F7220616E2081
:10459000657863657074696F6E20656E74727920DA
:1045A00068617320636175736564206F6E65206F49
:1045B00072206D6F72652061636365737320766925
:1045C0006F6C6174696F6E730D005B4D4C53504599
:1045D00052525D41204D656D4D616E61676520668B
:1045E00061756C74206F63637572726564206475A5
:1045F00072696E6720666C6F6174696E672D706F8B
:10460000696E74206C617A792073746174652070AE
:104610007265736572766174696F6E0D00427573B1
:10462000204661756C740D005B49425553455252EA
:104630005D696E737472756374696F6E20627573F1
:10464000206572726F7220686173206F6363757288
:104650007265640D005B5052454349534552525DAB
:10466000206461746120627573206572726F7220BC
:10467000686173206F636375727265642C205043A8
:10468000203A203078253038780D0A005B494D50AB
:1046900052454349534552525D496D707265636995
:1046A0007365206461746120616363657373206561
:1046B00072726F7220686173206F636375727265C6
:1046C000640D005B554E53544B4552525D556E730D
:1046D0007461636B20666F7220616E20657863651C
:1046E0007074696F6E2072657475726E2068617384
:1046F00020636175736564206F6E65206F72206D35
:104700006F7265204275734661756C74730D005B42
:1047100053544B4552525D537461636B696E67200D
:10472000666F7220616E20657863657074696F6E64
:1047300020656E747279206861732063617573659A
:1047400064206F6E65206F72206D6F7265204275F8
:10475000734661756C74730D005B4C535045525237
:104760005D4120627573206661756C74206F6363B0
:10477000757272656420647572696E6720666C6F0D
:104780006174696E672D706F696E74206C617A79DF
:1047900020737461746520707265736572766174DC
:1047A000696F6E0D005573616765204661756C74A5
:1047B0000D005B554E444546494E5354525D616E63
:1047C00020756E646566696E656420696E737472C7
:1047D000756374696F6E206572726F7220686173A1
:1047E000206F636375727265640D005B494E5653AA
:1047F000544154455D20616E20455053522E542043
:104800006F7220455053522E49542076616C696472
:10481000697479206572726F7220686173206F63AA
:104820006375727265640D005B494E5650435D615D
:104830006E20696E74656772697479206368656358
:104840006B206572726F7220686173206F6363758D
:10485000727265640D005B4E4F43505D6120636F63
:1048600070726F636573736F722064697361626CD9
:104870006564206F72206E6F742070726573656E50
:1048800074206572726F7220686173206F63637544
:10489000727265640D005B53544B4F465D6120732B
:1048A0007461636B206F766572666C6F77206572DA
:1048B000726F7220686173206F63637572726564D2
:1048C0000D005B554E414C49474E45445D616E209D
:1048D000756E616C69676E6564206163636573738F
:1048E000206572726F7220686173206F63637572E6
:1048F0007265640D005B44495642595A45524F5DFA
:10490000616E20696E74656765722064697669738B
:10491000696F6E206279207A65726F206572726F9E
:104920007220686173206F636375727265640D0035
:1049300054686520727820717565756520696420FA
:104940006973204E554C4C005B25735D5B25645D9F
:10495000203A2053656E64204D657373616765204E
:104960004661696C65643A2025640A00637265617A
:104970007465204170704D73674964206661696C8D
:104980006564005B25735D5B25645D203A204950BA
:104990004320496E6974204661696C65640A005B56
:1049A00025735D5B25645D203A2043474D204D65AE
:1049B000737361676520517565756520476574205F
:1049C0004661696C6564200A005B25735D5B256444
:1049D0005D203A205265636569766564205368619D
:1049E0007265642044617461203A2000307825307B
:1049F000325820005B25735D5B25645D203A2053AF
:104A0000756D206F6620536861726564204461741F
:104A1000613A203078253038580A004170702043C0
:104A2000474D53204D736720517565756500232DE3
:104A3000302B2000686C4C006566674546470030A7
:104A400031323334353637383941424344454600F4
:104A500030313233343536373839616263646566F4
:104A60000063616C5F756E69745F70726F6365730C
:104A7000730073656E645F6D73675F6170705F7400
:104A800061736B006170705F63676D5F6D700000D4
:044A90009921001058
:044A9400712100107C
:104A980000A002202D98002065980020759800201D
:104AA80000000000000000000000000000000000FE
:104AB80000000000000000000000000019050100CF
:104AC80000000000000000009D050100A90501008C
:104AD800859800208598002015950020859800204D
:104AE80085980020859800208598002085980020CA
:104AF80085980020859800208598002085980020BA
:104B080085980020859800208598002085980020A9
:104B180085980020859800208147002085980020EE
:104B28008598002085980020CD6B00205D420020EC
:104B38008598002085980020859800208598002079
:104B4800D95700208598002085980020094B00201F
:104B580002B4714649084900095649008E4402BC0E
:104B68007047C04602B4714649084900095C4900CB
:104B78008E4402BC7047C04603B4714649084000E1
:104B88004900095E49008E4403BC704703B471466E
:104B9800490840004900095A49008E4403BC70473F
:104BA800002243088B4274D303098B425FD3030A64
:104BB8008B4244D3030B8B4228D3030C8B420DD377
:104BC800FF22090212BA030C8B4202D31212090205
:104BD80065D0030B8B4219D300E0090AC30B8B4243
:104BE80001D3CB03C01A5241830B8B4201D38B03F1
:104BF800C01A5241430B8B4201D34B03C01A524196
:104C0800030B8B4201D30B03C01A5241C30A8B42D8
:104C180001D3CB02C01A5241830A8B4201D38B02C3
:104C2800C01A5241430A8B4201D34B02C01A524167
:104C3800030A8B4201D30B02C01A5241CDD2C309D9
:104C48008B4201D3CB01C01A524183098B4201D355
:104C58008B01C01A524143098B4201D34B01C01A40
:104C6800524103098B4201D30B01C01A5241C308B8
:104C78008B4201D3CB00C01A524183088B4201D327
:104C88008B00C01A524143088B4201D34B00C01A13
:104C98005241411A00D20146524110467047FFE77F
:104CA80001B5002000F0F0F802BDC0460029F7D099
:104CB80076E7704703460B437FD4002243088B42B4
:104CC80074D303098B425FD3030A8B4244D3030B8B
:104CD8008B4228D3030C8B420DD3FF22090212BA50
:104CE800030C8B4202D31212090265D0030B8B42CC
:104CF80019D300E0090AC30B8B4201D3CB03C01AB6
:104D08005241830B8B4201D38B03C01A5241430B90
:104D18008B4201D34B03C01A5241030B8B4201D380
:104D28000B03C01A5241C30A8B4201D3CB02C01AEB
:104D38005241830A8B4201D38B02C01A5241430A63
:104D48008B4201D34B02C01A5241030A8B4201D352
:104D58000B02C01A5241CDD2C3098B4201D3CB01F9
:104D6800C01A524183098B4201D38B01C01A5241A8
:104D780043098B4201D34B01C01A524103098B42AC
:104D880001D30B01C01A5241C3088B4201D3CB0097
:104D9800C01A524183088B4201D38B00C01A52417A
:104DA80043088B4201D34B00C01A5241411A00D22A
:104DB80001465241104670475DE0CA0F00D0494293
:104DC800031000D34042534000229C4603098B4203
:104DD8002DD3030A8B4212D3FC22890112BA030A8B
:104DE8008B420CD3890192118B4208D3890192110D
:104DF8008B4204D389013AD0921100E08909C30992
:104E08008B4201D3CB01C01A524183098B4201D393
:104E18008B01C01A524143098B4201D34B01C01A7E
:104E2800524103098B4201D30B01C01A5241C308F6
:104E38008B4201D3CB00C01A524183088B4201D365
:104E48008B00C01A5241D9D243088B4201D34B0080
:104E5800C01A5241411A00D20146634652415B10C2
:104E6800104601D34042002B00D5494270476346A3
:104E78005B1000D3404201B5002000F005F802BDE8
:104E88000029F8D016E770477047C04684461000DE
:104E980062468C461900634600E0C0461FB509F01B
:104EA80031F8002801D40021C8421FBD10B508F010
:104EB80075FF4042013010BD10B509F023F80028F5
:104EC80001DB002010BD012010BDC04610B509F05F
:104ED80019F8002801DD002010BD012010BDC046D2
:104EE80010B508F09FFF002801DC002010BD01204C
:104EF80010BDC04610B508F095FF002801DA002063
:104F080010BD012010BDC046844608006146FFE779
:104F18001FB508F0B9F9002801D40021C8421FBD07
:104F280010B508F03FF94042013010BD10B508F047
:104F3800ABF9002801DB002010BD012010BDC046E0
:104F480010B508F0A1F9002801DD002010BD0120EE
:104F580010BDC04610B508F04DF9002801DC00204E
:104F680010BD012010BDC04610B508F043F9002857
:104F780001DA002010BD012010BDC046002B15D15C
:104F8800002A13D1002906DB01DC002806D0002006
:104F9800C043410802E080210906002007B4024806
:104FA80001A14018029003BDE1FEFFFF03B468466B
:104FB80001B5029807F0C6FF019B9E4602B00CBCE3
:104FC8007047C046002B11D1002A0FD1002900D10B
:104FD800002802D00021C943080007B4024802A1F2
:104FE8004018029003BDC046A1FEFFFF03B4684607
:104FF80001B5029807F0DAFE019B9E4602B00CBC90
:105008007047C0461C2101231B04984201D3000CA1
:1050180010391B0A984201D3000A08391B09984223
:1050280001D30009043902A2105C40187047C04639
:105038000403020201010101000000000000000059
:1050480010B5002903D1FFF7DDFF203002E008008A
:10505800FFF7D8FF10BDC04602780B78002A03D0AE
:10506800013001319A42F7D0D01A70470023C25C50
:105078000133002AFBD1581E704700000448054B35
:1050880010B5834203D0044B002B00D0984710BDC5
:105098004C7701204C7701200000000006480749A2
:1050A800091A8B10C90FC91810B5491003D0044B41
:1050B800002B00D0984710BD4C7701204C77012079
:1050C8000000000010B5074C2378002B09D1FFF72A
:1050D800D5FF054B002B02D0044800E000BF012398
:1050E800237010BD4C87012000000000043A012005
:1050F800054B10B5002B03D00449054800E000BF5C
:10510800FFF7CCFF10BDC04600000000508701200B
:10511800043A012010B501F07BF9FA20400010F0A4
:10512800FFFB11F09DF910BD014B024A1A60704750
:10513800280B002085360020054B01205A888A421A
:1051480004D09888401A4342584140007047C046EE
:105158006C870120044B9A888A4202D1009A1278FF
:105168001A7200207047C0466C87012010B51C00D9
:105178000D4B5A888A420BD1002C07D00B4B1B6869
:105188009847031C642800D964232370012010BDAC
:105198009A8800208A42FAD1844202D01B7A607031
:1051A80023700220F3E7C0466C870120688701203E
:1051B800030037B51020002B0CD0174A174913608D
:1051C8000022174B100006F0F3F9164D288000282E
:1051D80001D101203EBD002489232200200012496C
:1051E800019400945B0006F06DFA6880A042F0D04C
:1051F80010F0AEFCA880A042EBD0230022000221D0
:105208000A4810F085FAE880A042E2D006F026FAB3
:10521800012320002B72DDE7688701200F180000AA
:10522800B87401206C870120192A000008290000A1
:10523800034B0A209B888B4200D108387047C04630
:105248008087012070B5049C002C05D0234DAB88C5
:105258008B4203D12378AB71002070BDEB68002B23
:10526800FAD000211E4B2000197011F091F81D4B47
:10527800A278188001209A70E278617ADA7022792F
:1052880001401A7162795A71A2799A71E279DA71D8
:10529800227A1A725A7A82430A435A72627A02212D
:1052A800C240024082405E7A8E4332435A72627A2A
:1052B8000426CA4002408A40587AB0430243082074
:1052C8005A72627A024011435A7A02308243114379
:1052D8001800EA6859729047BEE7C04680870120E7
:1052E8007F8701207687012070B5144B144E040087
:1052F8009B6830009847002188421CD1737A1A07AE
:10530800580710439A070243DB07134320003288EB
:10531800DD0F10F035FF0A21B378A370F378E3703E
:105328003379237173796371B379A371F379E37175
:10533800337A65722372080070BDC04680870120E9
:105348007687012010B51800064B9A888A4205D145
:105358009B79037000234370022010BDFFF7C4FF40
:10536800FBE7C04680870120030073B51020002B9F
:1053780012D01A68002A0FD0154D0126AA60002203
:105388005B681000EB601349134BAE7106F010F91F
:105398002880002801D1012076BD00248D23220019
:1053A80020000E49019400945B0006F08BF9688098
:1053B800A042F0D010F0CCFBA880A042EBD006F0C1
:1053C8004DF9074B20005A7A16435E72E4E7C0464F
:1053D8008087012005180000C47401202B2A0000D2
:1053E80076870120034B1888401A43425841C00071
:1053F8007047C04690870120074A0020128810B5E0
:105408008A4207D1834204D00822180003490CF0CD
:1054180011F8082010BDC04690870120928701200E
:10542800002273B5374B1000374906F0C1F8002841
:1054380004D136480AF082FF012076BD002481237A
:10544800220020003249019400945B0006F03AF9EA
:10545800A042EED02F4B220018800D2301932E4B33
:10546800200000932D49022306F02CF9A042E0D039
:105478000E262B4B22000093200002232949019677
:1054880006F020F9A042D4D01225274B2200274944
:10549800009320000223019506F014F9244B220002
:1054A8002449009320000223019506F00BF9224BB2
:1054B80022002249009320000223019506F002F9F8
:1054C8001F4B22001F49009320000223019506F07C
:1054D800F9F81D4B22001D49009320000223019674
:1054E80006F0F0F807230193194B2200194900939D
:1054F8002000022306F0E6F806F0B0F810F0A8FF46
:1055080020009AE7AC6A01200A180000304B0120FD
:10551800232A0000908701201C6B0120242A000008
:105528000E6B0120252A0000FC6A0120262A0000B3
:10553800EA6A0120272A0000D86A0120282A0000E8
:10554800C66A0120292A0000B86A01202A2A000018
:10555800D0740120502A0000034B9888401A434217
:10556800584180B27047C046BC8701200020704770
:10557800044A002092888A4203D1834200D01870DE
:1055880001207047BC870120F7B514000D1C2029A5
:1055980000D920251F4FEDB201002A0038000BF07A
:1055A80049FF0022C0211C4E100034701B4B240AF6
:1055B8004901747005F0FCFF002801D10120FEBDEF
:1055C8000022A8210223100001950097890106F006
:1055D80079F80028F2D002230022114D11492880C1
:1055E80010000193009606F06DF80028E6D000241C
:1055F80081236880220020000B49019400945B00FD
:1056080006F060F8A042D9D0A88006F027F820005C
:10561800D5E7C0469C8701209A8701202C6B012082
:10562800BC870120012A0000A62A0000034B5888E5
:10563800401A4342584140007047C046C487012081
:10564800044B5B888B4203D1009A034B12781A7083
:1056580000207047C4870120C2870120064A51886C
:105668000022814206D1934203D004495A70097836
:105678001970022210007047C4870120C2870120D8
:1056880037B500220F4B10000F4905F091FF002895
:1056980001D101203EBD00248823220020000B49AF
:1056A800019400945B0006F00DF8A042F1D0084D7B
:1056B800288010F04DFAA042EBD0688005F0CEFFAC
:1056C8002000E7E7386B012001180000052A0000D8
:1056D800C4870120044B10B51C68002C03D0034B71
:1056E80054221968A04710BDCC870120D08701201B
:1056F8000A4B02201B685A898A420ED05A8B8A426A
:105708000BD0DA8A8A4208D0DA8904308A4204D077
:105718001B8A03308B4200D007387047D08701209E
:10572800F0B54C4E8FB014AB20CB30681A88438943
:105738008B4205D1287803F0EFFE00200FB0F0BDB2
:10574800438B8B4203D1287804F056FDF5E7C38AD2
:105758008B4203D1287803F041FFEEE7838A8B421E
:1057680007D1002DE9D0002AE7D0290003F068FF0F
:10577800E3E7038B8B4207D1002DDED0002ADCD073
:10578800290004F041FDD8E7038A8B42D5D1002DCA
:1057980003D131480AF0D2FDCFE7002AF9D005AC91
:1057A8002422002120000AF0D3FE0021280010F056
:1057B800EFFD0027294B2762C018AB786061236191
:1057C800EB782000E3602B79A3606B796360AB7999
:1057D80005930BF0B3F8009001913C2133681E8DBE
:1057E8003B0071430A0000980199801A9941029080
:1057F800039102A80AF0C6FE230046C846C346C85D
:1058080046C346C846C3236A012B03D1A36827624F
:10581800013BA3600F4E6269114B3068D21800211A
:1058280092B22E3010F0ACFC336821691A00303285
:105838001170E16807205170A16891706168D1709A
:1058480005991171E9795171297A91711B68984705
:1058580073E7C046D08701204F4B012094F8FFFF23
:105868006C07000070B5364D1C0004AB1A882B6815
:105878005889884207D103F049FE002320706370DD
:105888000221080070BD588B884202D104F0AEFC9A
:10589800F3E7D88A884202D103F09AFEEDE7D88967
:1058A800884216D1211EECD00021052AE9D91A8D8B
:1058B800200010F065FC2B6805211A002A321278A6
:1058C800A2701A002B3212782C33E2701B782371E5
:1058D800D7E7188A884226D1211ED2D00021082A6B
:1058E800CFD9DA8D200010F04BFC2B6809211A0063
:1058F80030321278A2701A0031321278E2701A002F
:105908003232127822711A003332127862711A0018
:1059180034321278A2711A00353212783633E271B5
:105928001B782372ADE7588A8842A9D1211EA8D0D6
:105938000021012AA5D920001A8F10F021FC9FE729
:10594800D0870120F0B5050085B00120002D2CD0AE
:105958004C4B1D6000232B772B002A3318704A4BC1
:1059680019604A4B2B602B003A331978002900D173
:10597800187002AE0622002130000AF0E9FD00226C
:10598800434B1000434905F013FE3E4F00243B688B
:105998002200D880A22320003F4901940094DB0014
:1059A80005F090FEA04202D1012005B0F0BD28818B
:1059B80010F0CEF80028F7D03B686881198C1A6A75
:1059C80031800F21120CB2705A1D0633D27FDB7F53
:1059D8000A401B011343F37001235B42B380073372
:1059E8000193220020002D4B2D49009605F06AFEF8
:1059F8000028D9D0A881220020002A4B2A490194E6
:105A0800009405F05FFE0028CED0E8812200200037
:105A1800264B27490194009405F054FE0028C3D072
:105A28002882220020001F4B22490194009405F08F
:105A380049FE0028B8D0A5236882220020001E490C
:105A480001940094DB0005F03DFE0028ACD0A8824C
:105A580010F07EF80028A7D0A523E88222002000B5
:105A6800164901940094DB0005F02CFE00289BD019
:105A7800288310F06DF8002896D0688305F0EEFDB5
:105A8800002092E7D0870120CC870120453C0020E8
:105A9800D87401201F180000A72A00000204000083
:105AA800A82A000002050000A92A00000A05000033
:105AB800AA2A0000AB2A0000522A0000AC2A0000E3
:105AC80070B504000D0003F021FD002803D0290063
:105AD800200003F029FD70BD00207047034B988813
:105AE800401A4342584140007047C046D4870120BD
:105AF80010B502AB01CB1A88054B5B888B4205D1E8
:105B0800002803D0034B11001B689847002010BDE4
:105B1800D4870120DC870120030037B51020002B33
:105B280016D0154A154913600022154B100005F0D0
:105B38003FFD002482232200200012490194009492
:105B48005B0005F0BFFD104D6880A04201D1012027
:105B58003EBD8823220020000C49019400945B007C
:105B680005F0B0FDA8800028F1D00FF0F1FF05F096
:105B780075FD2000ECE7C046DC87012010FD000021
:105B8800E474012011FD0000D487012012FD0000FB
:105B980010B50C001300044A9188220010F098FAFE
:105BA800431E9841C0B210BDD4870120034BD8884A
:105BB800401A4342584140007047C046E4870120DC
:105BC80010B5054A0020D4888C4203D1127A587047
:105BD8001A70023010BDC046E487012010B502AA31
:105BE80001CA0B001188094AD4889C4203D1037862
:105BF8001372002010BD92889A42FAD10028F8D07A
:105C0800034B1B68002BF4D09847F2E7E487012088
:105C1800E087012037B50022184B19491860100099
:105C2800184B05F0C5FC184D2880002801D101202B
:105C38003EBD0024882322002000144901940094CA
:105C48005B0005F03FFD6880A042F0D00FF080FFB8
:105C5800E880A042EBD08223220020000C49019466
:105C680000945B0005F02EFDA880A042DFD005F06F
:105C7800F5FC012320002B72DAE7C046E0870120FB
:105C8800F0FF0000F0740120E4870120F1FF00001C
:105C9800F2FF000010B50C001300044A51882200DE
:105CA80010F016FA431E9841C0B210BDE4870120D7
:105CB80010B500F0EFFA00F019FB10F089F910BDEB
:105CC80010B502F0B9FC002802D10024200010BD54
:105CD80000F08AFB041EF8D000F0E4FA00F0C6FADF
:105CE80000F0A6F90FF084FEF0E7000007B501A860
:105CF8000FF0FEFE01980FF073FC019B1B0401D509
:105D080005F08EF9019B5B0402D502480FF060FF95
:105D180007BDC046CC80000070B5282086B010F0C2
:105D2800B7FA0A2010F0B4FA0B2010F0B1FA0C20E0
:105D380010F0AEFA0D2010F0ABFA0E2010F0A8FA11
:105D48000F2010F0A5FA102010F0A2FA352010F05C
:105D58009FFA112010F09CFA122010F099FA0022F4
:105D68001100100010F0ACFA10F092F810F078F969
:105D7800002400F08BFCE1238021DB02474A0094D9
:105D88004901474800F0F0FA464A474947480AF0AF
:105D980065FA01F05BF8FFF7C7F91721200010F04A
:105DA8002FF98021C023C520414A09045B00D15046
:105DB800800013581B021B0A135011603D4A3E49CC
:105DC800022001F0A7FB3D480AF0B8FA03AC3C48B2
:105DD8000AF0B4FA0321200000F0ACF8394E00288C
:105DE8000CD0F722384831000AF038FA02F05AFC91
:105DF80010F0DEF90FF044FE06B070BDFB22310052
:105E080032480AF02BFA324D217828000AF026FA97
:105E1800617828000AF022FAA17828000AF01EFA10
:105E28000A200AF02BFA062104A800F090F8041EB4
:105E380003D004222748FF32D5E70822310026483C
:105E4800FF320AF00BFA10226B469B18195D2800E6
:105E580001340AF003FA062CF5D10A200AF00EFAEA
:105E6800210004A800F080F8041E02D010221B486C
:105E7800E1E7142231001A48FF320AF0EFF9102244
:105E88006B469B18195D280001340AF0E7F9062CC7
:105E9800F5D10A200AF0F2F9A8E7C046000400602C
:105EA80080B004606F4B0120784B0120844B0120A7
:105EB80000E100E02142002031420020B84B0120DF
:105EC800DA4B0120446B0120034C0120254C0120B2
:105ED8003D4C0120454C0120724C0120914C012081
:105EE800BD4C012000B58BB00822002108A80AF09B
:105EF8002FFB0C4B0193012302930B4B0393442379
:105F080004930A4B059380231B01069318230793D8
:105F180010F046F9002101AA054810F041F810F0E8
:105F280007FAFEE7DB4C0120F08F0120F087012003
:105F380089420020030010B51020002B06D002294A
:105F480004D903221900213010F0D2F910BD030042
:105F580010B51020002B06D0052904D906221900F7
:105F6800073810F0C5F910BD030010B51020002B3C
:105F780006D0052904D906221900243010F0B8F9F2
:105F880010BD000010B5012005F04CFA0FF0D0FF4D
:105F98000FF07EFD002802D10122014B1A7010BDBE
:105FA80034900120802110B500220248C9020FF068
:105FB8005FFF10BD00B00460802110B501220248C7
:105FC800C9020FF055FF10BD00B0046037B50024BA
:105FD800134D2B78A34220D11422012111480FF030
:105FE8000FFB172202210F480FF00AFB152204218C
:105FF8000C480FF005FB2E2010F04AF969460A00FC
:10600800094B11CB11C209480FF0AAFF041E04D195
:1060180006480FF0CDFC01232B7020003EBDC04682
:106028003590012000B00460604A01200010006033
:1060380010B500240C4B1A78A24213D0220001217B
:106048000A481C700FF08CFE2200022107480FF04E
:1060580087FE2200042105480FF082FE2E200FF053
:1060680087FD0400200010BD3590012000B00460B9
:1060780070B58025074CED022900012220000FF0A1
:106088006FFE2900012220000FF0F2FEFFF79EFFAD
:1060980070BDC04600B004600A4B70B51B780400A0
:1060A8000D00002B01D1FFF791FFFFF77BFF2B00BD
:1060B80021000022044805F049F90400FFF77CFF9D
:1060C800200070BD35900120001000600A4B70B5AB
:1060D8001B7804000D00002B01D1FFF777FFFFF7B5
:1060E80061FF2B0022000021044805F02FF904006D
:1060F800FFF762FF200070BD35900120001000609E
:1061080030B5102489B0002861D08021314B082295
:106118001860490130480FF073FA802106220901FE
:106128002D480FF06DFA8021022249012A480FF00C
:106138004FFA80210222090127480FF049FA2C2042
:1061480010F0A6F8041E42D1E123DB020193234B91
:10615800234801A902930FF07BFC041E37D11720B6
:1061680010F096F8041E32D101211D480FF000FCF2
:106178001C4B03A903931C4B1C484B60FA239B0040
:106188008B6003230B741A4BC425CB600FF028FCDB
:106198001221040000200FF033FF8020C022154B8D
:1061A800C00252009850AD005959134A1140C022FC
:1061B80012040A435A51186007210C480FF000FFD7
:1061C80001210A480FF0ACFC08480FF099FE2000A6
:1061D80009B030BD3890012080B004602130010141
:1061E80000040060040400603C900120C08100505D
:1061F8000002490000E100E0FFFF00FF10B50A00BF
:10620800010002480FF01CFB10BDC04600040060EE
:1062180013B513480FF0FCFE6B461148591D0FF0DB
:106228009FFC6B460E4859790FF0BAFB6B465B79B9
:106238009B0614D06B460A48991D0FF039FC6B4633
:10624800084CD988084B20001B6898476B460021EA
:106258002000DA880AF07CF901480FF051FE13BDDE
:10626800C08100503C90012038900120802110B559
:10627800074C0022200049010FF072FD8021002206
:10628800090120000FF06CFD2C200FF071FC10BDEF
:1062980080B0046010B5024B1868FFF731FF10BDDD
:1062A8003890012070B50D4D0D4C002229682068EA
:1062B8000FF056FD0022296820680FF089F9C022E6
:1062C800084B2B201B68D205934204D0064A2C2089
:1062D800934200D02D200FF04BFC70BD509201204E
:1062E800409201204492012000040060C02273B54E
:1062F800174D184E2B68184CD20593421AD12B20F3
:106308000FF0C6FF0422316820680FF079F90028E1
:106318000FD10222316820680FF05AF9002808D1FD
:106328000E4B69461B68286800930D4B01930FF0CC
:106338008FFB76BD0B4A934204D12C200FF0A8FFA7
:106348000822E0E72D200FF0A3FF0C22DBE7C04670
:106358004492012050920120409201204C92012049
:10636800213001010004006070B50400C020049DC4
:10637800C005824206D01148824203D0104E102038
:10638800B24219D10F48844203D00F4E1020B442B4
:1063980012D10E480560002D04D000250C48058058
:1063A8000C4805800C4802600C4A14600C4A1160C5
:1063B8000C4A1360FFF79AFF70BDC04600040060E6
:1063C8000008006000B0046080B004603C920120C6
:1063D8004A920120489201204492012040920120D3
:1063E800509201204C920120064B01201B68002B83
:1063F80007D0054A054B10881B88C01A43425841EC
:10640800C0B270473C9201204A9201204892012074
:1064180070B50E4D2B68002B11D170BD2A6812681B
:10642800D15C0B4B18680FF0BBFB23882A6801333B
:106438009BB2238092889A4201D800232380054C7E
:10644800054A238812889A42E8D1E6E73C9201205F
:10645800449201204A92012048920120F8B50E008A
:1064680015000024431C04D0013801280FD9012449
:1064780064422000F8BD0E4B315D1868002809D130
:106488000C4B18680FF08CFB0028F0D10134AC429B
:10649800F1DBEEE7084A07681388F95401339BB229
:1064A800138081889942F1D800231380EEE7C04613
:1064B8003C9201204492012048920120012070471B
:1064C8000120404270470020704780239B01002034
:1064D8004B60704700207047012070470120404200
:1064E8007047000037B5027D0400437D002A0AD0BA
:1064F800EFF3108272B60021017541680160416AAC
:10650800016282F31088002B08D0EFF3108272B674
:1065180000216175E17DA17582F31088A27D002AB2
:1065280018D1EFF3108172B6E36A002B01D0A26A8A
:106538009A62164A1068A04201D1A06A1060144AF3
:106548001068A04200D1136081F310880023E36231
:10655800A36237BD022AFCD1002B0AD02569FA2193
:1065680020688900C003FEF71BFB4019E560A060A6
:10657800EFE7227E012A06D1064801A901930FF010
:10658800E7FE019DEBE70123A375E2E7589201209E
:1065980054920120003005600023F0B585B00293C5
:1065A8006B469C1D210036480FF0C2FA082123884B
:1065B8000B4209D032480FF003FB64200FF0B0F90A
:1065C8008022304B12065A60802603212C4802AAEA
:1065D8000EF0BEFF2C4D36062C68002C14D122007C
:1065E800200001262968029D002933D1002809D0FE
:1065F800954207D0224803310FF0EAFD8022214B53
:1066080012065A6005B0F0BDA38AA76A002B05D010
:106618002000FFF767FF1B4B5E600FE0A37D022B96
:106628000CD103A916480FF093FEA268E168039BFA
:106638008A4205D2934201D38B4205D33C00CCE772
:106648008B4201D39342F9D3E369002BE0D0206A4F
:106658009847DDE78B7D022B0DD18B6800280CD085
:10666800CC68954205D9A34201D29A4203D91A00AF
:1066780001E0A342F9D2896AB6E71A003000FAE7C6
:1066880000300560FCE100E05892012070B5194C1B
:1066980005200FF0FDFD002120000FF0C1F880203B
:1066A800C023C725C021144A00065B00D050AD00A6
:1066B800535909061B021B0A0B43535110601F2133
:1066C80000200FF09DFC8021200089000FF0D8FBEE
:1066D800082120000FF0DCF8FF2120000FF0A0FBBC
:1066E80020000FF00DF80020044B1860044B1860D0
:1066F80070BDC0460030056000E100E058920120FE
:1067080054920120030030B5002809D0012907D888
:10671800EFF3108472B6807D002803D084F31088CC
:10672800102030BD0125DA61094A197611689D7576
:106738009862002901D1D862136006490A68002AC4
:1067480001D0DA6293620B6084F31088E9E7C046EF
:10675800589201205492012010B504001020002CFA
:1067680012D0A37D002B0FD0616062622118074808
:106778000FF0EEFD0223E375022380220020FF3391
:10678800A382034B12065A6010BDC0460030056054
:10679800FCE100E003001020002B0AD09A7D002ABB
:1067A80007D00122DA755A7580220020014B1206A3
:1067B8005A607047FCE100E003001020002B0AD06B
:1067C8009A7D002A07D0012200205A758022D875A8
:1067D800014B12065A607047FCE100E0F7B505006E
:1067E8000C001020002963D0E123DB01ED18484993
:1067F8002800FEF7D5F9E121060009012800FEF777
:10680800CFF91821FEF752FA280021713C21FEF732
:10681800C7F93C21FEF74AFA280061713C21FEF7CE
:1068280045FA01273B4BA17123800721A770301D32
:10683800FEF73CFAE171C821258849002800FEF7D7
:1068480035FA8BB20093009A3B00002A0BD06421E2
:106858002800FEF72BFA002389B2994203D00333AC
:106868002B405A4253412C4A5B009B5A0192B34237
:106878001FD964212800FEF719FA284B00229C46EC
:1068880089B263469F5C0023012A0BD1009801332B
:10689800002807D00023994204D003332B40180066
:1068A80043424341FB18B3421AD90020731CE370DA
:1068B800FEBD009A3B00002A0BD064212800FEF799
:1068C800F5F9002389B2994203D003332B405A4289
:1068D8005341019A5B00D35A0135F61A2580AAE77D
:1068E8000023012A0BD100980133002807D0002388
:1068F800994204D003332B40180043424341FB180C
:10690800F61AA37801320133D2B2A370B9E7C046B0
:1069180080510100B20700005E6B0120526B01201C
:10692800F0B585B0060001911020002E3CD000295A
:106938003AD0C821348849002000FEF7B7F9200072
:106948008BB26421B7780293FEF7B0F98BB20321BA
:1069580021409C464842484100252A4A0390BA18DB
:10696800012F23D80327013C631C274A9BB293427B
:106978002ED8F3780721013BED18ADB2281DFEF79C
:106988007FFAE12332791B015343F171B2791F4930
:10699800002052189B183C2271794A439B181C4AC4
:1069A8006A439B18019A136005B0F0BD0299012350
:1069B8001078002905D06346591E8B4103995B4224
:1069C8000B404019C018013F85B2FFB2013AC7E732
:1069D8000422104B01216343D3410F4A934209D942
:1069E80020006331FEF74CFA002903D0210039401A
:1069F8004B425941094B4900CB5A013CED18ADB205
:106A0800B2E7C046506B0120B2070000808FFFFF3D
:106A180080510100295C8FC20AD7A3005E6B012058
:106A2800F7B50100102000291ED0002600270F4CC2
:106A3800082220000AF0FEFC0D4D20002900FFF777
:106A48006FFF6846009601970FF062F80098019969
:106A5800084B094A186059600020084B1E605F60A7
:106A68002B681360064A1360FEBDC0468092012061
:106A780090920120789201208C920120709201203E
:106A880088920120F7B500260FF05AFA1F4A13889A
:106A9800B34202D0C3185B109EB2108000230022BC
:106AA8006846009201930FF033F800980199184F47
:106AB8003C687D688D4223D801D1844220D80200E9
:106AC8000B00121BAB41386079603000002106F0E2
:106AD8003FF98C06820922430E4C8B0920686168B5
:106AE80080185941206061600B490978002906D057
:106AF8000A4C2068616812184B4122606360F7BD38
:106B08000122FF23524212184B41DAE76A92012010
:106B180078920120709201206892012060920120F1
:106B2800F0B587B00290FFF7ADFF5A4B5A4A186884
:106B380059680023FEF746FA584B08221E68584B3E
:106B48003618584904A81E600AF074FC564B1B6896
:106B5800B34200D38AE004AA9579ED1AAD19ADB213
:106B68003B2D00D892E03C212800FEF719F804AB31
:106B78005C793C210419E4B25C712800FEF796F8B0
:106B880004AB99713B2C6AD93C212000FEF708F828
:106B980004AB1D793C212D18EDB21D712000FEF7C4
:106BA80085F804AB5971172D59D918212800FDF71C
:106BB800F7FF04ABDB79C0B2C318DBB2039304ABB5
:106BC800DB781821C018C4B204AB2800DC70FEF7CB
:106BD8006DF804AB1971C8219B7849000093009A9D
:106BE800324BD35C019304AB1D882800FEF75EF896
:106BF8008FB20123002F0BD064212800FEF756F82E
:106C0800002389B2994203D003332B405A4253419F
:106C1800019AD3189C421CDD0123002F0BD064215C
:106C28002800FEF743F8002389B2994203D00333C2
:106C38002B405A425341019A2000D118FEF720F9FF
:106C480004ABD970009B0133DBB20C2B18D804AA13
:106C5800937007210398FEF729F804ABD971124BFA
:106C68000822104804A91E600AF0E4FB029B002BCE
:106C780004D00822180004A90AF0DCFB07B0F0BD14
:106C8800012304AAED1893701580E2E704AB9D7107
:106C9800E5E7C046709201200024F400909201209C
:106CA80088920120809201208C920120516B012052
:106CB80070B505001020002D15D000240A4B0B4E8E
:106CC8001C600B4B08221C600A4B21001C600A4BFD
:106CD80030001C7009F03CFC3000FFF721FF280051
:106CE800FFF79EFE200070BD8C920120809201204B
:106CF80088920120909201206892012070B50500C9
:106D08000C00FFF7F3FA074809F018FB29000648BA
:106D180009F0A4FA2100054809F0A0FAFFF778FB6A
:106D2800FEE7C046E44C0120F24C0120054D01204D
:106D3800F8B50F0006001D001400FFF7D7FA084841
:106D480009F0FCFA3A003100064809F087FA2A00EF
:106D58002100054809F082FAFFF75AFBFEE7C04612
:106D6800184D01202C4D01204B4D012070B50D0010
:106D780016000400FFF7BAFA33002A00210003487E
:106D880009F06CFAFFF744FBFEE7C0466A4D0120A4
:106D980070B505000C001600FFF7A8FAEFF308819C
:106DA8001C4809F05BFA1C482B0700D41B4809F063
:106DB800C5FA6D0729D51A4809F0C0FA34001948F0
:106DC80009F0BCFA2168184809F048FA61681748C0
:106DD80009F044FAA168164809F040FAE168154834
:106DE80009F03CFA2169144809F038FA6169134836
:106DF80009F034FAA169124809F030FAE16911483A
:106E080009F02CFAFFF704FBFEE70F4809F096FAA1
:106E1800D5E7C046894D0120B14D0120C24D012062
:106E2800D84D0120F44D0120014E01200F4E0120C4
:106E38001D4E01202B4E0120394E0120474E0120C6
:106E4800554E0120634E0120E64D0120034B044AB4
:106E58001A60044B044A1A607047C0462C0B002085
:106E68006D520020300B0020A152002013B5A02441
:106E78001300044A127800920A000100E0050EF09F
:106E880077FF16BDFC74012070B5012400290DD0D0
:106E9800002A0BD0802583186D01AB4206DC044B19
:106EA800C0180AF0C7FA034B1C700024200070BDFC
:106EB8004C77012097920120F0B5030B85B09BB267
:106EC8000393531E1B181B0B9BB201910400042152
:106ED8000120160002930FF073FA01200EF0F0FF64
:106EE800039F029A03983B03A1B29BB2B5B28242B8
:106EF80004D0802252019A18521A95B21D4A12885B
:106F0800BA4218D11C4A1278002A14D0C91A1B4B4D
:106F180089B22A000198C9180AF08CFA019B013736
:106F28005B190193029BBFB26419761BBB42D8D888
:106F38000AD0002006E02A0020000199FFF796FFFA
:106F48000028EBD005B0F0BD0A4B029A1B8893428B
:106F580009D1094B1B78002B05D03200074901984D
:106F68000AF068FAE5E7320020000199FFF77EFF92
:106F7800E8E7C04694920120969201204C770120C0
:106F8800164B73B51B78181E26D00020144C237896
:106F9800834221D0134E0421013035880FF010FAB6
:106FA80001200EF08DFFA020012132880E4BC00574
:106FB8000EF0DEFB00280FD10C4BA02001930C4BE8
:106FC8000C4A1B78290300938023C0055B010EF04F
:106FD8009FFA002800D1207076BDC0469692012005
:106FE8009792012094920120204E0000B80B0000D7
:106FF800FC7401204C770120F0B58BB009938318FD
:107008000593013B08931B0B9BB20491060B0421CB
:1070180004000120069303920FF0D2F901200EF02C
:107028004FFF5E4BB7B21B88BB4209D05C4D2B7833
:10703800002B05D0FFF7A4FF002800D098E02870A7
:107048003D03A3B2ADB25C1B0793554BA4B21B78AA
:10705800002B0FD1002C0BD0B0B2220051490003F5
:10706800FFF704FF002800D082E001224E4B1A707F
:107078004A4B1F80069BBB422BD16B4620009A8946
:107088000499FFF701FF002872D1454B1B78002BAC
:1070980016D16B46198C069B44481B039BB25A1A9F
:1070A800121892B2002A0BD0C91A414B89B2C918DA
:1070B8000598FFF7DBFE00285AD101223A4B1A70D7
:1070C8000122374B1A70099B002B50D0FFF758FF4D
:1070D8004EE0002C19D0079B2000ED1A80235B019D
:1070E800ED18ADB22A000499FFF7CEFE00283FD173
:1070F80001222B4B1A70FFF743FF002838D1049B5D
:107108005B190493039B5B1B0393244B80271D8807
:10711800039C01352D032E007F01BC4210DBA0200B
:10712800320B0121234B92B2C0050EF021FB00283F
:107138001ED1214BE41880235B01F618FF2CECDCF0
:10714800039BA7B23E00BB420FD0A0201B4A2900D8
:1071580001921B4A1B1B1278C0050092049A0EF07C
:10716800D7F9002804D10E4A1070002F02D1002050
:107178000BB0F0BD094B069A00201A80039B3A0019
:10718800991B049B5918FFF77FFE0028F0D1802235
:1071980004495201D21B92B2711889E794920120D6
:1071A800969201204C77012097920120FF0F000052
:1071B8004D770120204E000000F0FFFFB80B0000C3
:1071C800FC740120074B0A001B6810B5002B07D080
:1071D8000021012A00D0411C013A007892B2984758
:1071E800002010BDB89601207FB503001020002BA9
:1071F80013D00B4A684613600A4B6A4600938423EF
:10720800DB00019302230293FF33FF33039301232F
:107218001374054B059300F07DF807B000BDC04618
:10722800B8960120989201203557002077B50500BF
:107238001400FFB0002904D11020002A08D07FB024
:107248007EBD531E80229BB2102092009342F6D23C
:107258006B4601AE2200581D35700AF0EBF830007D
:10726800611C00F09BF8EAE737B56B460020D91C93
:107278000EF0D6FC6B460020D9780EF011FF6B4655
:10728800DB78002B09D0022001A90EF031FD019D09
:10729800002D03D11B4809F051F837BD00200EF02E
:1072A80057FB041E26D1280000F09FFA002803D0BF
:1072B80020000EF015F9F0E7134C2800210000F02B
:1072C800CEFA2168022815D1104B1B68002B0ED06E
:1072D8000F489847040002200EF03AFB00280DD111
:1072E800210005300EF06CFF02200EF0F9F80020A6
:1072F8000EF0F6F801200EF013FBC4E701200EF0A3
:107308000FFBE8E7714E0120BC960120DC9A0120B2
:10731800C096012037B50400237C1B480193E3681D
:107328000093A3686268216800F02EFA174D2100C7
:107338002860182216480AF07DF86269154B01206A
:107348001A600EF0CDF803200EF0CAF82968032061
:107358000EF036FF0121062049420EF031FF802051
:10736800C022C7240C4B400552009850A40019595C
:10737800813A91433F3A0A431A5118601C21002070
:107388000EF03EFE00203EBDC49A0120F89A01206E
:10739800E09A0120DC9A012000E100E0F7B5194EDF
:1073A8000D00336810240190002B03D0002803D16E
:1073B800002906D02000FEBD134B1024DB688B4249
:1073C800F8D301200EF0C4FA041E01D00224F1E71C
:1073D8000E4F2A0001990E483D600AF02BF839003B
:1073E800306800F00DFA05000120022D02D00EF0E1
:1073F80077F8EBE70EF074F8290001200EF0E0FFB3
:10740800D8E7C046F89A0120E09A0120C0980120E8
:10741800C498012010B5082007F0C0FA041E0CD04B
:107428000C2007F0BBFA00280AD140220749084877
:1074380008F014FF200007F0BBFA0024200010BD5C
:107448000023606020608360F8E7C046716B01200C
:10745800894E0120F8B505000F0016000120002D07
:1074680009D0002907D0002A05D00B3007F096FA7A
:10747800041E01D10220F8BD00238360300007F00C
:107488008DFA2060002805D162220A490A4808F0CE
:10749800E5FEEFE73200390009F0CCFF2B68A68043
:1074A8009A68002A00D19C606B6800209C606C6020
:1074B800E1E7C046626B0120BB4E012070B50600B3
:1074C8000800002E04D033689D68002D03D1736036
:1074D8000024200070BDAB881C1C934200D9141CEA
:1074E800A4B2002803D02200296809F0A3FF286865
:1074F80007F05EFAAA68336828009A6007F058FA1D
:10750800E7E7002804D003689B68181E00D0988815
:1075180070470000084B10B51870084B012019601F
:10752800074B00211A600EF04BFE05230A220321A7
:1075380000200EF0B5FB10BDFC9A0120049B012031
:10754800009B012013B56B46FE209C1D02222100E2
:10755800C002FFF7B1FC002806D068220649074898
:1075680008F07CFE002016BD054B2088C018434259
:107578005841C0B2F7E7C046A26B0120EA4E01208D
:10758800A6A5FFFF020010B500280FD00121094B66
:1075980009481C79944208D0DC880230013120184F
:1075A80004330729F5D10120404210BDFE20C00256
:1075B800FBE7C046B46B012002F00700F0B587B0C6
:1075C8001E000CAB1B780500039304AB9F1D1C4BDE
:1075D800019102923B80FFF7D5FF0400431C08D1BC
:1075E8007B221849184808F039FE0125280007B001
:1075F800F0BD019BAD001818144BB21C5B195B88D9
:10760800121802331B199A4203D982220D491048D5
:10761800E9E70023320002990230FFF7EDFC051E6E
:1076280005D0892207490B4808F018FEDEE7022238
:1076380039002000039BFFF7DFFC0500D6E7C046B2
:107648005A5A0000966B01200D4F0120B46B01209F
:107658002C4F01205A4F0120F0B587B01D000CAB0C
:1076680003900E00140010201F78002A18D0002D57
:1076780016D0FFF767FF002814D10E2202ABD218EC
:107688000F4B0100138002230090FFF797FF01279B
:10769800002807D0E6220B490B4808F0DFFD01203F
:1076A80007B0F0BD2B002200310003980097FFF7C8
:1076B80085FF0028F4D0EF2202490448EDE7C046D0
:1076C8005A5A00008C6B01207C4F0120A04F0120EA
:1076D800F0B585B00D0017001E0010240190002A97
:1076E8000CD0002B0AD0FFF72DFF002809D18622E5
:1076F8001E491F48520008F0B1FD0124200005B0C2
:10770800F0BD0198FFF73EFF431C04D1142217492E
:107718001848FF32EFE70199174B89005B185B881F
:107728002D18B21C023352191B189A4203D91C2275
:107738000E491248EDE702AB0222991DFFF7BCFB88
:10774800041E06D09122094952000D4808F086FD12
:10775800D4E702AA0B4BD28822249A42CED1320017
:107768003900A81CFFF7A8FB0400C7E7836B0120BA
:10777800BD4F01200D4F0120B46B0120DB4F0120CC
:10778800085001205A5A000030B503AD10CD2D78AD
:10779800002810D000290FD0002A0FD0002B0FD0BE
:1077A800002C0FD0013BC36000234160046182605C
:1077B80003808370057530BD0800FCE71000FAE708
:1077C8001800F8E72000F6E702000120002A0BD095
:1077D8005178D06813780022814201D20131CAB2AF
:1077E800981A43425841C0B2704702000120002A4B
:1077F80005D013785078181A43425841C0B27047E0
:1078080070B504000D000120002C27D0002925D0D8
:107818002000FFF7D9FF021E03D0237D0420002B90
:107828001CD16378E0680021834201D2591CC9B297
:107838006170002A06D022780021904201D90132D5
:10784800D1B221702269A168534303208B4205D825
:1078580060682900C01809F0EDFD022070BD70B500
:1078680004000D000120002C17D0002915D020009D
:10787800FFF7BBFF03000320002B0ED12178E2683D
:10788800914201D24B1CDBB22269237051436368D9
:107898002800591809F0CEFD022070BD0022F0B56D
:1078A8000500214B85B01A60204B01AC1F5C0E000F
:1078B800200000210B3208F04BFE1D4BA7702380DF
:1078C8001C4F2571022D12D002232A009A4320D082
:1078D800B3B200221B0A072120006671A3710DF0C4
:1078E8001FFFE071000A2072092238880CE000228C
:1078F800667109212000360AA6710DF011FF0B22CE
:107908006072000AA07238882100FEF741F905B0BC
:10791800F0BD052120000DF003FF6071000AA07181
:1079280007223888F0E7C046109B0120D06B012061
:10793800030400001C9B0120F0B5C9B004AC0F2261
:107948000021200008F004FEFFF71AFB061E0DD0E8
:10795800BA225B495B48FF3208F080FC3100022004
:10796800FFF79CFF0124200049B0F0BD0127050066
:10797800554B7F422380554B02931B680393029B10
:1079880030021B6840421A0A964212D3039A16180C
:10799800002E1FD0D02292029818801B320008A90E
:1079A800FFF78AFA00287DD0D02249494948520079
:1079B8000DE0D02380229B02181A520008A9FFF775
:1079C8007BFA002864D0922241494248FF3208F0ED
:1079D80045FC0025404F3B68AB426AD0E22238495B
:1079E80052003E48009508F039FC09230D266380B3
:1079F800083B23713B6865721A0A6371A2711A0CFD
:107A08001B0E23722B0AA3722B0CE3722B0EE2714E
:107A180023730022310020000DF082FE731CA05554
:107A2800000AE0542E4B21001888B21CFEF7B0F86B
:107A3800041E98D13B68AB4200D094E7294B012241
:107A48000893294B1C210993D0239B020A93029B7C
:107A58000F901B6852420B9380239B010D93C82300
:107A680008A89B020E930C950EF08AFA0F908020BE
:107A78000123202208A94001FFF7BEFA002800D1FF
:107A880071E7F8220E49FF32184808F0E7FB69E76A
:107A980080213A00490008A80EF072FA0136070062
:107AA80005006CE73A00310008A80EF069FA0500F5
:107AB80090E701236380002305262371A9E7C046C8
:107AC800E76B01202450012003050000189B0120CA
:107AD800D46B012046500120149B01206D500120D9
:107AE8001C9B01204B2A021178676A47A850012085
:107AF8007FB501AC06000D0009220021200008F026
:107B080027FD174B23800323A370002E01D1023BCE
:107B180023712B0A002207212000A37165710DF043
:107B2800FFFD104BE071000A20722100092218881D
:107B3800FEF72EF8041E08D00B490C480C4A08F032
:107B48008DFB0124200004B070BD002EFAD0094836
:107B580008F0F4FB28000EF0B3F90DF0A1FFF1E7EF
:107B6800030600001C9B0120276C0120D250012035
:107B78001F020000FF500120F0B58BB001930B7875
:107B880006000C00012B00D0CFE0002800D1CCE08B
:107B9800934F388048780138052800D9C5E0FCF7AC
:107BA800F5FF060043006000AE0011015A000822EC
:107BB8008C4905A809F03EFC05A930000EF0C8F86C
:107BC8001222002105A808F0C3FC0021062203A800
:107BD80008F0BEFC042302AAFF339381F73B93739A
:107BE800814B03A80693012353750DF051FD162010
:107BF80002ABC018062203A909F01CFC00221021C0
:107C080005A80DF08DFD02AB98831222388805A9CE
:107C1800FDF7BEFF051E1ED074497548754A08F069
:107C28001DFB28000BB0F0BD05AD07220021280080
:107C380008F08EFC704B00222B80012305212800C0
:107C4800AB700DF06DFD6871000AA871072229005C
:107C58003888FDF79DFF019B002B00D0BBE0002575
:107C6800DFE705AD0B220021280008F071FC002396
:107C7800624A63491360634A30001380624A1360A2
:107C8800A37A627A1B021343E27A12041A43237B13
:107C98001B0613430B60A37B627B1B021343E27B2F
:107CA8005A4912041A43237C1B0613430B60584B92
:107CB8002B800523AB70043B2B710DF051FC031C8A
:107CC800C42800D9C423093B9BB26B711B0A00224C
:107CD800AB71F023EA712B72092128000DF020FD09
:107CE8006872000AA87229000B223888FDF750FF35
:107CF800051EB0D096223D49464892008FE7CD78C0
:107D08008B782D021D434B790A791B021343C42D2E
:107D18000DD9AA222B0040494048520008F09EFA8B
:107D280032493F483F4A08F099FA012579E7354E2C
:107D380031888B4209D00320FFF7B0FD5C22364919
:107D48003948FF3208F08AFAEAE763195B79291D96
:107D5800675C1B02FF1800222000BFB20DF0E0FC98
:107D6800874207D001203188FFF798FD68222A4909
:107D78002E48E6E7D023244F023D38689B02ADB277
:107D8800A11DC0182A000023FFF736F9011E07D0ED
:107D98000220FFF783FDB9221F4925485200D1E789
:107DA8003388164A013333801368EB1813603A6836
:107DB80052193A60F0221202934200D24BE7FFF7C1
:107DC8006DFD48E7FFF7B8FD051E00D143E79B228C
:107DD8000649184891E76078019B98473FE7C046F5
:107DE8001C9B0120684A012004021101146C012027
:107DF8002B5101204902000003020000109B0120C2
:107E0800189B01200C9B0120089B0120149B01203A
:107E18000303000054510120FE6B0120845101200E
:107E28001052012062020000A7510120CB5101200D
:107E3800ED5101203C52012010B54223A9220349EB
:107E4800034808F00BFA422010BDC0460D6D012012
:107E58006B520120F0B5294E294D338D290001338D
:107E68009BB2284A89B02848338508F0F7F93300CF
:107E78003A33308D1978FDF703F80F1E14D104AC8E
:107E880061700EF005F96080338D21003000A38009
:107E9800E7802772FDF714FE002807D0A6221B48AA
:107EA8009200290008F0DAF909B0F0BD200001F0CD
:107EB80055FA002802D01648164AF2E7608802F000
:107EC80014FB02F01DFB06F0A9FB134C0090019176
:107ED800124A2900200008F0C1F9A92229009200BD
:107EE8000F4808F0BBF901F015FA0E4C0300290001
:107EF80020000D4A08F0B2F9D6E7C046689B012079
:107F0800C76D01208902000095520120BB52012053
:107F1800E55201209F02000008530120A30200003F
:107F28003553012069530120A502000030B51C001B
:107F380085B0EFF305836D4602925A42534128708B
:107F48000A4869705B4200226946006801940DF096
:107F5800F7FD03000120002B06D04A2204490548FA
:107F6800FF3208F07BF9002005B030BD089D0120E4
:107F7800A26D0120A153012030B50388154C87B0AC
:107F880023808378A370C378E370037923714379DE
:107F980063718379A371C3792000E371FEF740FD13
:107FA8000D4D0E4A29000E4808F058F9A279238889
:107FB800049262792900039222790A480292E278AF
:107FC8000192A2780092084A08F048F9002007B008
:107FD80030BDC046309B01205C6D012013050000B8
:107FE800C5530120EA5301201405000070B50500AF
:107FF8000026164C86B02000FEF792FD2388144A0E
:108008002B80A3781348AB70E378EB7023792B713E
:1080180063796B71A379AB71E3792E72EB710E4DB5
:10802800290008F01BF9A2792388049262792900B3
:108038000392227909480292E2780192A27800928A
:10804800074A08F00BF9300006B070BD309B0120DC
:10805800FA0400002E540120426D0120EA53012049
:10806800FB040000C422F0B56F4C05000F006F48F8
:10807800210089B0FF3208F0F1F80026B7420CDC85
:108088006B4808F05BF928787E1E0138B6B20328E1
:1080980047D8FCF767FD084871A0A95D654808F056
:1080A800DDF80136EAE71822002102A8023F08F0AD
:1080B8004FFA162F35D80127BBB29E4202D9EB5D85
:1080C8001F2B09D8FBB2012B08D1EE225A485200C7
:1080D800210008F0C3F824E00137EDE7E0223B0077
:1080E8002100FF32554808F0B9F83A00691C02A887
:1080F80009F0A0F90123002100930520163302AAF4
:10810800FFF7AAFA002802D0F2224D48DFE7F4224E
:1081180021004C4802AB520008F0A0F802A803F076
:108128000DF809B0F0BD1822002102A808F010FAD5
:10813800002EF6D117233100052002AAFFF7C8FA4E
:10814800002802D0FC224048C1E702F0BFFD05002C
:1081580002A8FCF78BFF02A982B22800FDF79AFD5E
:10816800002802D039483A4AB2E72100394A02AB1E
:10817800394808F073F8D4E7022ED2D16B786A1C1C
:10818800AD7836492D021D432B00203B9BB28B4214
:1081980002D93348334A9BE7012300210093062084
:1081A8003300FFF759FA002802D025482E4A8FE7F6
:1081B800280006F0E1F92D4B002205F011FF2C4EA6
:1081C800009001912B4A2100300008F047F8280060
:1081D80002F0D0FFA5E7002EA3D102AF02233A0098
:1081E80031000620FFF774FA002802D02248234AFB
:1081F8006EE702F06BFD02223900FDF74BFD002807
:1082080002D012481E4A63E7388806F0B5F9002202
:10821800164B05F0E5FE1B4D009001911A4A21000E
:10822800280008F01BF87CE71F6D0120535401203B
:108238006C5401203D4C01206E5401208B540120C8
:10824800A04F0120A3540120C7540120F35401205A
:10825800FF0100000302000016550120E03F000066
:108268003955012011020000170200000000E43F08
:108278005A5501201B020000875501202A020000E0
:1082880031020000B755012035020000013810B551
:1082980005280CD8FCF766FC030C110B15190122F4
:1082A800114B12491A701248124A07F0D7FF10BD35
:1082B8009A220E4910489200F7E70C490F48104AD5
:1082C800F3E70A490F48104AEFE79D220749920051
:1082D8000E4807F0C3FFFA2101204900FFF708FC08
:1082E8000022014B1A70E2E7249B01206B6C0120ED
:1082F800E3550120650200000E5601203156012089
:108308006B0200005A5601207102000082560120BB
:10831800130010B50A0001000120FFF707FE00282E
:1083280005D1B52202490348520007F097FF10BD56
:10833800766D0120A8560120130010B50A0001002F
:108348000020FFF7F3FD002805D1AD2202490348BC
:10835800520007F083FF10BDFA6C0120CD560120B2
:108368000D4B0A0010B501001868FFF773F8011EDD
:1083780006D0B22209490A48FF3207F06FFF10BD44
:10838800030002000220FFF7D1FD0028F7D1DB220D
:10839800024904485200F0E7209B0120306D01207B
:1083A800F25601201457012070B588B0051C06F05C
:1083B80035F91D4C1D4ED32200900191210030004B
:1083C80007F04CFF281C01F0E7FF02F085F80023B6
:1083D80004AD688016486B70038D29005A1C02850D
:1083E800AB80FDF76DFB002806D0DE221148210086
:1083F80007F034FF08B070BD280000F0AFFF002878
:1084080002D0E5220C48F2E72100E9220B4807F0E8
:1084180025FF00F07FFF0A4D0300EA222100280013
:1084280007F01CFFE6E7C0468A6D012008530120CB
:10843800689B0120BB520120E552012035530120E1
:1084480069530120F8B501282BD1FF254B780A780C
:108458001B0213438A7812041A43CB780A211B069D
:1084680013431C68200A2840FCF720FC080006F08B
:10847800B1F8060020000F0028400A21FCF716FC7E
:10848800080006F0A7F8074A074B05F0A9FD020007
:108498000B003000390005F0E9F806F007F9FFF79E
:1084A80083FFF8BD9A9999999999B93F07B5234BD4
:1084B8005A7F002A06D0BE2221492248520007F0DE
:1084C800CDFE07BD1B7F002B03D1C1221C491E48CE
:1084D800F4E7002824D0022922D903785A2B1FD187
:1084E800411801390B78FF2B1AD14378022B0AD196
:1084F800130001210320FFF719FD0028E1D1C7224D
:108508000F491248DAE7FF2B0AD113000221032092
:10851800FFF70CFD0028D4D1CA2209490B48CDE742
:1085280001A902F019F8002803D1CF22044908480C
:10853800C4E70198FFF738FFC3E7C046689B0120EE
:10854800B46D0120395701206D5701209D57012036
:10855800C157012070B5C4B003222A4901A808F008
:1085680069FF032101A8FDF797FD274D002805D0D5
:108578002648274A290007F071FE3DE0C8200DF083
:10858800CFF9042103AE3000FF31FDF79FFD041E33
:1085980002D02048204AEDE729002048204A07F069
:1085A8005DFE315D1F4807F059FE04230134FF3397
:1085B8009C42F6D10A2007F061FE33787278A52B29
:1085C8001CD10C23FF336B44DB781340FF2B15D1F0
:1085D80080220E21144C52006944200008F02AFF22
:1085E80090222900D200114807F038FE042200200A
:1085F80002A90294FEF71AFE44B070BD0C480D4A59
:10860800B8E7C0468D580120376C0120E457012097
:1086180066040000085801206E040000315801204B
:10862800720400003D4C01200C9D01204958012096
:108638006A5801207A040000064B10B51878002803
:1086480006D1054B1B78002B01D102F0E5FC10BDCB
:108658000020FCE7259B0120249B012037B58024BE
:10866800002524056A4621000C48009501950DF067
:1086780037FA210009480DF063FE009B234209D018
:1086880001AA210005480CF013FF019A044BAA42E5
:1086980001D01D7037BD01221A70FBE700B00460DD
:1086A800259B0120F0B5D74BC3B01900D64A11AFAE
:1086B800D648079307F0D2FD3A00D54B13CB13C227
:1086C80013CB13C23A00102105200DF0B9FDD14B90
:1086D8001860002802D1D04807F030FECF48FEF7D6
:1086E80083FD002804D0CE48CE4A079907F0B6FD8E
:1086F800FEF790FECC4B1860002804D1CB48CC4A3A
:10870800079907F0ABFD0026CA4CCB4B0D9623808A
:10871800CA4B6380CA4BA380CA4BE380FDF732FC87
:108728002000FEF7C5FA0A23C74D31002B87063B08
:1087380018000DAA2E85FEF7CBFFC44B0893B04254
:1087480000D08CE01900C24AC24807F087FD390002
:108758000D98FEF743F83A88BB79EA857A882A8625
:10876800BA886A8634352B708022B74DBA4BB74920
:108778001A702B007F3236331A70A279238804923C
:108788006279B648039222790292E2780192A2783D
:108798000C000092B24A07F061FD2A0034321278C8
:1087A800EB8D04922A0033321278210003922A00BA
:1087B80032321278AB4802922A00313212783035C0
:1087C80001922A7800929C22D20007F047FD00F01F
:1087D80021FD02F0EBFBA44802F06CFA18220021FC
:1087E800380007F0B5FE17233A0000210520FEF7F0
:1087F8006FFF9E4C002855D021009D489D4A07F0E8
:108808002DFD0223002106200DAAFEF761FF002896
:1088180052D021009848994A07F020FD02F0BAFC8E
:10882800FCF7FEFD9648FCF7C3FC9648FDF7F2F905
:108838009548FDF771F99548954B0360954B436052
:10884800FCF792FD0023804893490362FDF77AF80C
:10885800002846D0914807F071FD43B0F0BD904A1A
:108868000899904807F0FAFC2288A379EA8562887B
:108878000DA92A86A28820006A8634352B70FEF757
:108888004FF8012300930333310018000DAAFEF7B7
:10889800E3FE002800D167E7834A0899834807F078
:1088A800DDFC61E73B002100814A824807F0D6FCE5
:1088B800380002F043FCA4E704AB988C05F05CFE9A
:1088C8007D4B002205F08CFB7C4D009001917C4A89
:1088D8002100280007F0C2FC04AB988C02F04AFC87
:1088E8009CE77848FDF70CFC002804D07648774AC6
:1088F800079907F0B3FC16217548FDF77FFCFDF7D3
:10890800B7FB002804D07348734A079907F0A6FC00
:108918000799724A724807F0A1FC02F071FC714B8A
:1089280001211800704A0993FDF7ECFE802102220C
:1089380009056E480DF014FA8021022209056B48DA
:108948000CF046FE162100200DF05AFB802104236E
:108958000222090565480DF023FD012102200DF0D2
:10896800F7FA80210122090560480DF061F880229C
:108978000723120501210E200CF07AFE80215B48A6
:1089880009050DF0DDFC8021584809050DF0A8FB0C
:108998008020C022C524564BC00352009850A40022
:1089A8001959544A1140C02212040A431A51186036
:1089B800012318480DAC0022210000685B420DF02D
:1089C800E7F9002805D04C484C4A079907F046FCBF
:1089D800EEE720780328EBD8FCF7D8F804009200DB
:1089E800590376036378012B07D0022BE0D10022CC
:1089F800154B9A8002F004FCDAE702F067F9124B93
:108A08009880D5E7DF6D01206C05000091580120A2
:108A1800704A0120089D0120D0580120B569002026
:108A2800E758012072050000209B0120035901200E
:108A380076050000309B0120E707000009190000B7
:108A48001023000009040000689B0120EB6C012042
:108A5800C70400002C5901209D9B0120EA530120E6
:108A6800DE040000C0590120A9680020D26C012052
:108A7800C75401204D050000875501205705000007
:108A8800A9630020D5650020D1680020289B01201B
:108A98005D650020E9640020816800200B5A0120F0
:108AA800CF0400005A590120D6040000855901203E
:108AB80051050000165501200000E43FB75501207C
:108AC8005C0500001D6A00201C5A01209905000061
:108AD8003A5A0120515A0120A1050000A3050000BF
:108AE800755A0120389B0120C563002000B004603E
:108AF80000E100E0FFFF00FF945A0120B4050000E8
:108B08006378A468062B09D8032B00D9CAE05A1E3B
:108B1800022A45D9D149D248D24A57E7072BF9D179
:108B280000252300E28D0C952E339B793A80228E06
:108B38000CA97A80628E3800BA80BB71FDF7F0FE0E
:108B4800012300930333290018000CAAFEF784FDC3
:108B5800C24CA84204D02100C348C44A07F07EFB97
:108B68002100C34AC34807F079FBC34AC348110030
:108B780034310978D38D0491110033310978039188
:108B880011003231097802911100313109783032FF
:108B98000191127821000092B94A07F05FFB07E7BC
:108BA800B84E022B17D0032B6FD03A3423783100FC
:108BB800B548B64A07F052FBAF4B1B7F002B00D1DC
:108BC800F6E6B34C2000FDF7E5FD00222000B14990
:108BD800FDF7C2FDECE623003A331B78002B50D09A
:108BE800AD4D2800FDF79CFF2B88AA79E3856B889B
:108BF80011A92386AB882800638623002E339A7137
:108C0800FDF78EFE0123009303330021180011AAFB
:108C1800FEF722FD002804D03100A048A04A07F042
:108C28001DFB00F03BFC00229A490998FDF794FDD2
:108C3800944D9C4A29009C4807F010FB8E4A3A3410
:108C4800110034310978D38D04911100333109783A
:108C58008A480391110032310978029111003131AB
:108C6800097830320191127829000092B8229200D6
:108C780007F0F4FA290023788C4A8D4807F0EEFAB9
:108C880096E68C488C4A3100A0E68C4A31008C4824
:108C980007F0E4FA00237E482385FDF77BFD894829
:108CA800894AF0E722003C32107888490138052BC0
:108CB80000D185E0013A062B00D16BE113780893C7
:108CC800052866D8FBF74EFF031A2B3C555D8048F4
:108CD800804A07F0C3FA200000F0B2FD222861D1D3
:108CE80006231900089A200000F080FC002864D0B0
:108CF80076497948794A07F0B1FA5EE02000002108
:108D08003E300DF045FB050070492B00744A75484C
:108D180007F0A4FA2900200000F0F4FDDEE72000A7
:108D280000213E300DF034FB050068492B006E4AE7
:108D38006E4807F093FA2900200000F04DFECDE7B9
:108D480026003E36002130000DF022FB02210500EE
:108D580030000DF01DFB06002B005C49644A0096AC
:108D6800644807F07BFA32002900200000F09EFEDC
:108D7800B4E7614A614807F071FA200000F006FF85
:108D8800ACE75F4A5F4807F069FA200000F04EFF41
:108D9800A4E7CE225C48920007F060FA012306217E
:108DA800089AA0E70028F9D0042806D0030047490C
:108DB800564D574A280007F051FA00236377F7E524
:108DC800002311AD2B80052800D9E0E0FBF7CAFE8F
:108DD800032134B2CCD64F484F4A07F03FFA290056
:108DE800200000F075FF0428E7D0384D3B882900A3
:108DF8004A4A4B4807F032FA3A880521130A2000FC
:108E0800D2B200F0F3FB0028D7D029003248454AF7
:108E180071E7200000213E300DF0BAFAD722050094
:108E28002A492B009200404807F018FA2900200030
:108E380011AA00F069FFD6E7200000213E300DF0AE
:108E4800A7FA050021492B00384A394807F006FAE5
:108E58002900200011AA00F08BFFC4E7BF6C012095
:108E6800A16001200104000085590120F6030000DB
:108E7800F903000075600120689B0120C05901209A
:108E8800FA030000A76C0120E05B0120F302000058
:108E9800389B012060EA0000309B0120BE5A012067
:108EA800D9020000DF020000F85A0120E3020000A6
:108EB8001C5B0120655B0120E6020000EB0200005C
:108EC800985B0120BB5B0120EE0200008F6C012043
:108ED800395C0120130300009F5D01204903000055
:108EE8001A030000645C012021030000955C012046
:108EF80029030000C65C01202E030000045D012048
:108F080033030000305D01205B5D01207D5D0120A1
:108F180043030000C55D01205503000081030000E4
:108F2800235F012085030000FA5D01206303000030
:108F3800355E012026003E36002130000DF028FA6B
:108F48000221050030000DF023FA06002B008B49A2
:108F58008B4A00968B4807F081F9320029002000DF
:108F680011AB00F039FF3EE7DC228748920007F09A
:108F780075F92900200000F065FF34E7834A84482A
:108F880007F06CF92900200000F07EFF2BE78148EC
:108F9800814AB0E61378089305286AD8FBF7E2FD02
:108FA800031C2E3F58617D487D4A07F057F9200081
:108FB80000F090FF042800D1FFE622285CD10623A8
:108FC8001900089A200000F011FB002800D1F4E6EF
:108FD8006A497448744A8EE6200000213E300DF03C
:108FE800D7F9E622050065492B0092006F4807F083
:108FF80035F92900200000F0A1FFDBE7200000215F
:109008003E300DF0C5F905005C492B00684A6948F7
:1090180007F024F92900200000F0E6FFCAE726003F
:109028003E36002130000DF0B3F902210500300072
:109038000DF0AEF906002B0050495F4A00965F48D4
:1090480007F00CF932002900200001F021F8B1E7FF
:10905800EB225B48920007F001F9200001F06EF85E
:10906800A8E7584A584807F0F9F8200001F092F8A4
:10907800A0E74848554A3EE6002803D101230621C7
:10908800089A9FE703003D49514D524A92E6EFF393
:10909800108672B6504D2868FEF733FA11A90200FF
:1090A80004002868FEF70AFA86F3108801F00EFE1D
:1090B80022004A4B11A9FEF75FFD002800D177E492
:1090C80047494848484A81E46378012B05D0022B78
:1090D80000D06DE4FFF73EFA6AE400230322434917
:1090E8000AA80B9308F0A6F903210AA8FCF7D4FFF5
:1090F8003F4D002803D03F483F4A290066E4C82076
:109108000CF00EFC062111A8FCF7E0FF041E02D0AB
:109118003A483B4AF1E7882229003A48D20007F04A
:109128009DF811AEA15D3848013407F097F8062C78
:10913800F7D10A2007F0A2F87378022B15D13378FB
:10914800A52B12D17379FF2B0FD1362104ABC91887
:1091580003220BA808F06EF90CA90BA801F0FCF982
:10916800002806D18A22294801E089222848D2000D
:10917800C3E70C98FFF718F91AE4C0468F6C012072
:109188006B030000705E0120B85E012075030000CB
:10919800EE5E01205B5D01207A030000535F012031
:1091A800910300009F5D0120C70300007E5F01203E
:1091B8009F030000AF5F0120A7030000E05F0120CC
:1091C8001E600120B10300004A600120B6030000C0
:1091D8007D5D0120C2030000209B0120FD67002067
:1091E8007D6C0120C06001201C0400000D6101207D
:1091F800526C0120E457012035040000E66001208C
:109208003C040000315801203D4C0120C157012089
:109218006A580120C823F0B5354E002132000120DC
:1092280085B0DB00FEF754FA324C011E2CD03F22E9
:109238003148210007F012F8572221002F4807F083
:109248000DF80025C8222E4F2900D20030003D809D
:1092580007F07EF92B4B6422FF211800039307F0D7
:1092680077F9C8232900320001200095DB00FEF7BA
:10927800F3F90100A84229D06F222100224806F004
:10928800EDFF012005B0F0BD02231D4D18002A0096
:10929800FEF71EFA011E02D046221748C9E76423CA
:1092A8000320184AFEF714FA002802D04D2212486B
:1092B800BFE751222100154806F0D0FF52222100B5
:1092C8002B88134806F0CAFF0020DBE70223009032
:1092D8003A001800FEF7C0F9011ECDD10123032082
:1092E8000093039A6333FEF7B7F90028C4D1EBE77C
:1092F800749E0120136E012024610120BA610120AF
:109308000C9E01200E9E0120E26101205261012085
:1093180088610120014B18887047C0460C9E0120C7
:109328000B4A03001288080010B522219A420CD972
:10933800084AD25C084B1201D45C002C05D099185D
:1093480002310E2208F076F80021080010BDC04650
:109358000C9E01200E9E0120749E01201F4BF0B52B
:10936800010000241E0085B01A780392002A0CD050
:109378000134A4B21033642CF6D101252BE0C622A7
:109388001749184806F06AFFF7E7012725017755BE
:1093980076190E22B01C08F04DF8039BA9B2009371
:1093A800320010233800FEF757F9051EE7D10E4E9C
:1093B8000E4A31883B00545403208A180095FEF762
:1093C8004BF9338832000133338002232900180017
:1093D8000097FEF741F9280005B0F0BD749E012002
:1093E800006E01200B6201200C9E01200E9E0120C0
:1093F800F0B5254F04003B88222085B0A34214D93C
:109408000023224E224A315D213809018B548A18E3
:10941800009389B21033FEF71FF9051E07D0F82212
:109428001C491D4806F01AFF012005B0F0BD3B8815
:10943800013B9BB21A1B92B23B800292002A18D0C1
:10944800A21903920200A3424241D2B2531E9A418A
:10945800029B5242611C1A407118039807F066F883
:1094680021000320029B039A0095FEF7F5F80028D7
:10947800D5D101230093DB183A0000211800FEF72C
:10948800EBF80028CBD1D0E70C9E01200E9E0120DE
:10949800749E0120EA6D012038620120F7B500268C
:1094A800C822174F174D3100D20038002E8007F020
:1094B8004FF8154C6422FF21200007F049F8C82313
:1094C80031003A0001200096DB00FEF7C5F80100E4
:1094D800B04201D00120FEBD022300902A001800EE
:1094E800FEF7BAF8011EF5D10123220000930320EC
:1094F8006333FEF7B1F8431E9841C0B2EBE7C046AC
:10950800749E01200C9E01200E9E0120014B1878AC
:109518007047C046FD7401200122024B10401870AC
:109528007047C046FD740120F0B50D0085B00E22CD
:1095380000210700684607F00BF8022168466A8890
:109548006E780CF01DFE04216846AA880CF018FEFF
:10955800AB790624002B04D06A469371202301348A
:109568001E43EB79002B05D069460B554023621C3E
:109578001E43D4B22B7A002B05D069460B558023A5
:10958800621C1E43D4B23B6A1B0408D5F30706D5F8
:10959800210068466A890CF0F3FD0234E4B23B6AA4
:1095A800DB0306D5B30704D521006846AA890CF069
:1095B800E7FD6B461C705E706A4623003989B888DF
:1095C8000CF086FD431E9841C0B205B0F0BD000006
:1095D800014B18787047C046FE7401200322024BE5
:1095E800104018707047C046FE740120F0B517008F
:1095F8001E0091B002AB019103AD040015220021B9
:10960800581D06F0A5FF0120AF70EE70002C12D097
:109618000A4B187800280ED0019B09AA1370002362
:1096280053706B885380A18A0423A0880CF068FDCE
:10963800431E9841C0B211B0F0BDC046FE7401206F
:10964800F0B504000F0005003B3485B0160000217A
:109658001722200006F07CFF3B78029323702B0032
:109668003D330393012E0DD97B786370022E09D008
:109678001422162E01D8023EF2B20398A275B91C24
:1096880007F0D8FE862263783C4E00933100029B97
:109698003B48520006F0E2FD3D235B425B1B039F03
:1096A8000293029BA27DDB199A4212DC354806F030
:1096B80045FE6B7F2278002B11D01300032A4ED170
:1096C8006278002A13D1A27D0633002A0FD1012324
:1096D8000DE039782C4806F0C1FD0137E1E7501E4E
:1096E800032843D8FBF73EFA1E1E021E072300225A
:1096F80006216A7728002278FFF778FF932223480B
:1097080052002FE0A37D002B32D1012304206B7778
:109718002B68012A03D00520042A00D00620984788
:1097280005B0F0BD6078062824D8FBF711FA04EBE1
:10973800060613EBEB000323D9E7A17D05230329D4
:10974800D5D1A378022B17D059424B41DB00DCD08E
:109758000823CCE70523A17D9942C8D1F1E72C2243
:109768000B48FF32310006F079FDD9E70223BEE746
:109778000523BCE70423BAE70923B8E7206E0120D4
:10978800616201206C5401203D4C0120C962012016
:10979800A4620120F7B50D0007001600FFF7BAFD17
:1097A8002C880190019B9C4201D3222009E03100C2
:1097B8002000FFF7B5FD002804D1B388BB4201D8CB
:1097C8002C80FEBD0134A4B2ECE7F7B50D0007000C
:1097D8001600FFF79FFD2C880190019B9C4201D346
:1097E800222009E031002000FFF79AFD002804D16B
:1097F800B388BB4201D32C80FEBD0134A4B2ECE790
:10980800F7B515000F001E000090FFF783FD2C88A8
:109818000190019B9C4201D322200CE031002000E2
:10982800FFF77EFD002807D1B388009A934203D33F
:10983800BB4201D82C80FEBD0134A4B2E9E7000088
:10984800F0B506008DB0002802D100200DB0F0BDA3
:10985800FFF760FD0125071E06D179222449254816
:1098680006F0FCFC2220F1E7ABB205935C1E737F87
:10987800A4B2002B06D181221D491F4806F0EEFC38
:109888000420E3E7200008A9FFF74AFD002829D1B2
:10989800300008A9FCF714F9154C002806D08C22D2
:1098A8002100164806F0DAFC0120CFE702AB588BFE
:1098B80000F01BFE00F024FE02AB9B8B029304F029
:1098C800ADFE2B0000900191912221000C4806F07A
:1098D800C5FC013501200CF0F3FA6B1E9BB29F42C8
:1098E800C2D8059C002CB0D1982201490148B7E79D
:1098F80094700120EF6201201B630120BB520120FC
:1099080042630120F0B58DB0050005911020002DAF
:1099180055D0FFF7FFFC002306001C00984241D1F8
:10992800AB222849284806F099FC222047E0122358
:1099380002A95B181900059808AAFFF72BFF002851
:1099480006D00020002C3AD1CA221E491E48EAE758
:10995800280008A9FCF7B4F8002806D0BE22194947
:109968001A4806F07BFC012029E002AB588B00F076
:10997800BCFD00F0C5FD02AB9B8B124F029304F0B7
:109988004DFE0134A4B2230000900191C322390096
:109998000F4806F063FC01200CF092FA02AB5B8AD8
:1099A80001339BB202AA5382B342CAD26B7F002B07
:1099B800BDD1B3220349074806F050FC04200DB07E
:1099C800F0BDC0466E700120EF620120BB5201203D
:1099D800426301201B630120F0B58DB0050005919D
:1099E8001020002D55D0FFF795FC002306001C0021
:1099F800984241D1DD222849284806F02FFC222030
:109A080047E0122302A95B181900059808AAFFF776
:109A1800DCFE002806D00020002C3AD1FC221E498A
:109A28001E48EAE7280008A9FCF74AF8002806D0EB
:109A3800F02219491A4806F011FC012029E002AB6E
:109A4800588B00F052FD00F05BFD02AB9B8B124F70
:109A5800029304F0E3FD0134A4B2230000900191C5
:109A6800F52239000F4806F0F9FB01200CF028FA1E
:109A780002AB5B8A01339BB202AA5382B342CAD2B9
:109A88006B7F002BBDD1E5220349074806F0E6FBB2
:109A980004200DB0F0BDC04645700120EF620120E2
:109AA800BB520120426301201B630120F0B58DB039
:109AB8000500049110200592002D5AD0FFF72AFCCA
:109AC800002306001C00984245D187222A492B48CA
:109AD800520006F0C3FB22204BE0122202A95218C2
:109AE8000498059908ABFFF78BFE002807D00020E3
:109AF800002C3ED12E2220492048FF32E9E72800D9
:109B080008A9FBF7DDFF002807D022221A491C48C4
:109B1800FF3206F0A3FB01202BE002AB588B00F0CC
:109B2800E4FC00F0EDFC02AB9B8B134F029304F0B6
:109B380075FD93220134A4B22300009001915200D4
:109B48003900104806F08AFB01200CF0B9F902AB85
:109B58005B8A01339BB202AA5382B342C7D26B7F9E
:109B6800002BBAD18B2204490748520006F076FB35
:109B780004200DB0F0BDC04624700120EF62012022
:109B8800BB520120426301201B63012070B5050010
:109B980010248AB000280AD0437F1F4E002B09D119
:109BA8003E2231001D48FF3206F058FB0C3C2000D5
:109BB8000AB070BD002006A9FFF7B2FB041E06D04C
:109BC800A22231005200164806F048FBEFE72800B1
:109BD80006A9FBF775FF041E07D04C223100114877
:109BE800FF3206F03BFB0124E1E76B46588B00F09F
:109BF8007CFC00F085FC6B469B8B0B4D029304F0BC
:109C08000DFD502200900191012331002800FF3200
:109C180006F024FBCBE7C046067001201B63012039
:109C2800EF620120BB5201204263012070B505009C
:109C380010248AB000280AD0437F204E002B09D177
:109C4800602231001E48FF3206F008FB0C3C200061
:109C58000AB070BDFFF75EFB013880B206A9FFF7B6
:109C68005FFB041E06D0B32231005200154806F0EF
:109C7800F5FAECE7280006A9FBF722FF041E07D037
:109C88006E2231001048FF3206F0E8FA0124DEE7C0
:109C98006B46588B00F029FC00F032FC6B469B8B1E
:109CA8000A4D029304F0BAFC72220090019101233C
:109CB80031002800FF3206F0D1FAC8E7E96F012029
:109CC8001B630120EF620120BB5201204263012087
:109CD80070B5002503000C0010200D80AB4209D0A0
:109CE8005B7FAB4207D1C02205490648520006F007
:109CF800B5FA042070BDFFF70DFB20802800F9E7B6
:109D0800C66F01201B630120F0B5002489B006004E
:109D18001500102001911480A64210D0FFF7FAFA1E
:109D2800070002ABDC80A74213D9737F002B08D150
:109D38009A220D490D48FF3206F090FA042009B026
:109D4800F0BD02AB019804AA991DFFF723FD002876
:109D580001D00020F3E72B8801332B8002ABDC888D
:109D68000134A4B2DDE7C046996F01201B630120CE
:109D7800F0B5002489B00600150010200191148068
:109D8800A64210D0FFF7C6FA070002ABDC80A74254
:109D980013D9737F002B08D1DC220D490D485200DE
:109DA80006F05CFA042009B0F0BD02AB019804AAE1
:109DB800991DFFF70AFD002801D00020F3E72B8842
:109DC80001332B8002ABDC880134A4B2DDE7C04646
:109DD800696F01201B630120F0B5002489B00600DB
:109DE8001D001020009101921C80A64210D0FFF7A0
:109DF80091FA070002ABDC80A74214D9737F002BCD
:109E080008D1D8220D490E48FF3206F027FA04205F
:109E180009B0F0BD02AA0199009804AB0632FFF719
:109E2800EFFC002801D00020F2E72B8801332B80BB
:109E380002ABDC880134A4B2DCE7C046446F0120E1
:109E48001B6301201FB5030000200C0010220880AE
:109E5800834209D05B7F834209D1F2220849FF324D
:109E6800084806F0FBF90422100004B010BD69464A
:109E7800FFF756FA002801D1012323800022F3E7D7
:109E88001F6F01201B6301201FB5002203000C0077
:109E980010200A80934208D05B7F934207D10A4979
:109EA8000A480B4A06F0DAF9042004B010BDFFF79F
:109EB80031FA0138694680B2FFF732FA002801D139
:109EC800012323800020F0E7FB6E01201B630120A3
:109ED8000A02000070B50600102400280AD0FFF717
:109EE80019FA051E08D189220E490F48920006F07A
:109EF800B5F91234200070BD737F002B06D10949D3
:109F08000A480B4A06F0AAF90424F3E7FFF7C6FA51
:109F1800041EEFD12B000349064A074806F09EF9B4
:109F2800E8E7C046DF6E0120EF6201201B630120D5
:109F38002A020000330200008C630120F0B589B0CA
:109F480007001024019100280AD0FFF7E3F90090D8
:109F5800002808D11C491D481D4A06F07FF9123413
:109F6800200009B0F0BD002502AB9E1D3580338866
:109F7800009A93420AD300241349002D1FD02B00C6
:109F88001448154A06F06AF90024E9E77B7F002B9C
:109F980006D10D491148124A06F060F90424DFE79A
:109FA8003100019804AAFFF7F5FB041EE4D13088BC
:109FB800FFF71EFA041EDFD10135ADB2D7E7094A13
:109FC800024806F04BF9CBE7B96E0120EF62012099
:109FD80045020000C86301205E0200001B630120E7
:109FE8004D02000062020000F0B589B0070010249D
:109FF800019100280BD0FFF78DF90090002809D1B6
:10A008009D221D491D48920006F028F912342000AF
:10A0180009B0F0BD002502AB9E1D35803388009A3B
:10A0280093420AD300241449002D20D02B00144851
:10A03800144A06F013F90024E9E77B7F002B07D1C7
:10A048009F220D491048920006F008F90424DEE723
:10A058003100019804AAFFF7B8FB041EE3D1308849
:10A06800FFF7C6F9041EDED10135ADB2D6E7074ABF
:10A07800024806F0F3F8CAE7906E0120EF6201206B
:10A08800C86301208D0200001B63012091020000BB
:10A09800F0B589B00700102400910192002809D07A
:10A0A800FFF738F9061E08D11E491F481F4A06F057
:10A0B800D5F81234200009B0F0BD002502ABDD80D0
:10A0C80002ABDB88B3420BD300241649002D23D002
:10A0D800AF222B001648920006F0C0F80024E9E7EA
:10A0E8007B7F002B06D10F491248134A06F0B6F8B9
:10A0F8000424DFE702AA0199009804AB0632FFF7AF
:10A108007FFB041EE1D102ABD888FFF771F9041E6A
:10A11800DBD10135ADB2D3E7B0220348920006F097
:10A128009DF8C7E76F6E0120EF620120A3020000CF
:10A13800C86301201B630120AB02000070B5102426
:10A14800002809D0437F0C4D002B07D129000B486C
:10A158000B4A06F083F80C3C200070BD0020FFF786
:10A1680047F9041E05D00748074A290006F076F883
:10A17800F2E70648064AF8E7516E01201B63012002
:10A18800CF020000EF620120D6020000FF63012029
:10A19800DA02000070B51024002809D0437F0E4D64
:10A1A800002B07D129000D480D4A06F057F80C3C42
:10A1B800200070BDFFF7AEF8013880B2FFF718F93C
:10A1C800041E06D0BC2207482900920006F046F873
:10A1D800EEE7BD220448F7E7346E01201B63012037
:10A1E800E9020000EF62012039640120014B187870
:10A1F8007047C046FF7401200322024B10401870BC
:10A208007047C046FF740120F0B593B06B460E004E
:10A2180004000021581C1700152206F099F916228F
:10A22800002106A806F094F96B4635781D70012FB9
:10A238000BD93A1C132F00D913226B46013A92B25C
:10A24800711C581C9A8207F0F5F82B00C1224A4964
:10A258004A4806F003F800236A46968A5F1C9E4225
:10A268000DDC474806F06AF81A2D67D00ED8012D84
:10A278001DD0022D2AD0002302211C222EE06B467D
:10A288004048D95D05F0EAFF3B00E5E700221B2DB9
:10A29800F1D1237F002B66D02277220001232A32B6
:10A2A800117803200B431370236898475AE0002E57
:10A2B8005BD06B465B78002B58D022003A32137083
:10A2C80023682800984729000023D6E723006A4618
:10A2D8003A331B782900D376012303222A480078D1
:10A2E800002829D0002C27D028480126D0400CAFC0
:10A2F8003A70304202D17D70B97002366A46D17E1A
:10A308003200012B02D10136F6B2B954218B330049
:10A318003A00A0880BF0F4FEA4221D491D4805F060
:10A328009DFF0024395D1748013405F097FFB442BA
:10A33800F8D10A2005F0A2FF13B0F0BD267F002E49
:10A3480016D1200031000A222E3006F001F9220031
:10A3580026852A3213780136B34313700220236806
:10A36800984726770023012187E73300032184E7F4
:10A378000023042181E7C046BF70012072640120D8
:10A388006C5401203D4C0120FF74012048922401A7
:10A39800B0700120A2640120F7B5011C041CFAF773
:10A3A800BFFD002800D177E04049201CFAF7D2FD14
:10A3B800061E00D073E03E49201CFAF7B7FD051EC3
:10A3C80000D06FE0201C04F029F93A4A3A4B060005
:10A3D8000F00FAF771FD002823D106003749201C29
:10A3E800FAF7B8FD00282BD13549201CFAF79EFD55
:10A3F800002825D10021201CF5B2FAF797FD002886
:10A408002AD080231B062F49E01802F085FF6F1E13
:10A418002A49061CFFB2FAF789FD002817D16DB248
:10A4280021E03000234A3900274BFAF759FD2A006A
:10A43800061ED3D001A90D70088812041043FEBD72
:10A44800201C204902F09CFD0136041CC6E780232D
:10A458001B063D00F418D4E70021201CFAF77AFD0A
:10A46800002808D175B2201C03F096F80F230205C6
:10A47800120D1D40DEE71349201C02F04DFF2F008E
:10A488000E49013D261CEDB2041CFAF74FFD0028C9
:10A49800F1D17DB2341CE6E700250C4ACAE7002555
:10A4A8000B4AC7E735000B4AC4E7C046F902955086
:10A4B800F90295D02D431CEBE2361A3F00E0FF4429
:10A4C80000E0FFC400002041E2361ABFFF07000089
:10A4D800FE0700000208000043B200011B03000D44
:10A4E800184382B080B202B0704782B001AA030B51
:10A4F8001370000503091088184302B07047000064
:10A5080037B5031444B2000101D5114A13431800AA
:10A5180003F062F8230702D510235B421C43E5B21F
:10A528006BB2002B08DC231C002C00DA0023E41A91
:10A5380064B2002C06D13EBD0649013D02F0ECFE96
:10A54800EDB2EDE7034902F01BFD0134F0E7C04628
:10A5580000F0FFFF00002041002337B50D0001A9DE
:10A568000400019305F0F6F828600198001B431ECB
:10A578009841C0B23EBD000007B500900191EFF3CD
:10A5880005835A42534108486946002200685B42E5
:10A598000BF0D6FA01000120002903D0034805F08A
:10A5A8005DFE00200EBDC046E8A90120BE64012062
:10A5B80013B5012464420948694623000022006853
:10A5C8000BF0E6FB011E04D1009801990BF0A0F9ED
:10A5D800F1E7034805F042FEEDE7C046E8A901208F
:10A5E800E764012030B591B001AA11001B4B31CBB3
:10A5F80031C131CB31C1082140200BF021FE184B6D
:10A608001860002805D1174805F098FE002011B001
:10A6180030BD082200210EA805F09AFF124B012434
:10A628000793124B0021099344230A93104B1148B6
:10A638000B9380231B010C93202307AA0D930894E6
:10A648000BF0AEFC0C4B1860002801D10B48DBE77F
:10A658000B480BF0DDFA2000D9E7C046884A0120F4
:10A66800E8A90120036501201A650120F0B1012045
:10A67800F0A90120218B0020ECA9012023650120ED
:10A68800E98A0020F0B5012191B06B480BF0B8F9C8
:10A69800002800D1BDE069480BF04AFD002800D130
:10A6A800B7E067480AF07CFF002800D1B1E001213B
:10A6B80064480BF025FA002800D1AAE0042300938F
:10A6C8000C331900604A61480BF0F2FD002800D1F4
:10A6D8009FE006215E480AF04BFF002800D198E071
:10A6E80002215C480BF0E4FC002800D191E08026B0
:10A6F800594B5A4A76005A60594A28251A629A1CB8
:10A70800D687584A1E81DA631A005C321680564A88
:10A718009E849A65554B564A04A85A60554A1D812D
:10A728001A629A1CD587544A9D84DA631A005C32EF
:10A738001580524A9A650200514B0393514B92CBB4
:10A7480092C21B6813600BF08BFA002861D04E4B45
:10A758004E4A1E82DA609A1CD6874D4A08A8DA63E8
:10A768004C4B4D4A1D82DA609A1CD5874B4ADA63F6
:10A778001A00703215804A4ADA661A00A03215802B
:10A78800484A9C331A60484B484A1E82DA609A1C31
:10A79800D687474ADA63474B474A1D82DA609A1CD4
:10A7A800D587464ADA631A0070321580444ADA6659
:10A7B8001A00A0321580434A9C331A600200039B9A
:10A7C8005B1932CB32C232CB32C212CB12C20AF080
:10A7D8007FFF00281DD03C483C4B022283603C4B45
:10A7E80031008681836286850AF062FF002810D0D6
:10A7F8003848394B31000360384B022286800361A8
:10A8080086820AF03DFF002803D0FFF7EBFE041E06
:10A8180003D10024200011B0F0BD0BF0B1FAFA20EA
:10A8280040000BF00DF9FA202D4900010BF020F93A
:10A838000AF07EFFEEE7C046F8CA012010CA0120E0
:10A84800E8C8012078C4012058C4012068C4012048
:10A8580028C40120C8C3012058C3012058BF0120C3
:10A8680058C0012058C1012058C20120E8BE01206B
:10A8780048BE012070BE012098BE0120C0BE012044
:10A88800884A0120A04A0120E8BD0120E0BB012040
:10A89800E4BC012020BB012070BA01209CBA012031
:10A8A800C8BA0120F4BA012010BA012008B8012062
:10A8B8000CB9012048B7012094B60120C0B6012088
:10A8C800ECB6012018B7012054B6012054B4012079
:10A8D80054B5012034B4012034B2012034B301202E
:10A8E800AC0D000013B50C0027282ED8002800D185
:10A8F80013BD01382628FBD8FAF73EF95000660048
:10A90800A300B900DD00E800F8007900940009010F
:10A91800FAFFFAFFFAFFFAFFFAFFFAFFFAFFFAFF67
:10A92800FAFFFAFFFAFFFAFFFAFFFAFFFAFFFAFF57
:10A93800FAFFFAFFFAFFFAFFFAFF200125013201B8
:10A948003D01FAFF400146014C0140382328CFD889
:10A95800FAF712F92C01CEFFCEFF3201350138018A
:10A968003B013E014101440147014A01CEFF4D012F
:10A97800CEFFCEFFCEFFCEFFCEFFCEFFCEFFCEFF67
:10A98800CEFFCEFFCEFF5001CEFFCEFFCEFFCEFFD3
:10A99800CEFFCEFFCEFFCEFF530156018B78C9788C
:10A9A80099480902194305F059FCE378A178974AB8
:10A9B8001B020B431380964B1B68002B98D0002278
:10A9C80001201100984793E74B78CA788978914815
:10A9D8000902194305F042FC00218C4B19808C4B6D
:10A9E8001B688B4200D183E70A000220EAE7CA7895
:10A9F800894849780AF0FCFDA17863780902E27871
:10AA08001943864805F02AFC854B804C0093854BFA
:10AA18006946208801930BF09BF9C82120880BF028
:10AA28006FFC65E74B7889787F48090219430AF07B
:10AA38005FFFA1786378090219437C4805F00EFC92
:10AA480056E70879CB784A7849790902014378486A
:10AA58000AF0B6FEA278617812020A436179207979
:10AA680009020143E378734805F0F8FB40E70B79E6
:10AA780049797148090219430AF03AFF211D082251
:10AA88006E480BF075FB6279237912021A43A37999
:10AA9800217A1B041343E279694812061A43637A40
:10AAA8001B020B43A17A09041943E37A1B060B43E3
:10AAB80005F0D4FB1CE70B89CA88624889880BF02B
:10AAC80067FA2389E288A1885F48CDE70B7ACA79BB
:10AAD8001B0213432279C97812020A43A1786078CD
:10AAE8000902014359480BF053FA01E788784B797A
:10AAF8000A79C9780902014355480AF061FEE178EC
:10AB0800A07809020143637922795248ACE7CA78F0
:10AB18008B7812021A430B7849784F480902194377
:10AB28000BF0FEFAE278A378617812021A432378D0
:10AB380009021943494805F091FBD9E609884848B4
:10AB48000AF0D6FED4E6881C00210AF091FE62784D
:10AB580023780100120243481A430AF0F1FEC7E6BF
:10AB6800881C00210AF084FE627823781202010012
:10AB78001A433D48F1E709883C48E1E70B784978F2
:10AB88003B4809021943DBE78A783A4809780AF012
:10AB98002FFDADE6CA7A8B7A12021A430B784978F0
:10ABA8003548090219430BF0BBFAA1E6E27821788F
:10ABB80052423248D2B2EAE721783148C0E72178D8
:10ABC8003048BDE721783048BAE721782F48B7E701
:10ABD80021782F48B4E721782E48B1E721782E480C
:10ABE800AEE721782D48ABE721782D48A8E72178F2
:10ABF8002C48A5E721782C48A2E721782B489FE725
:10AC080021782B489CE7C0464565012094CC01205B
:10AC180090CC01206D65012007A00000A6650120E9
:10AC2800060009006300580208A00000F065012032
:10AC380009A000001F6601200AA000000BA0000068
:10AC4800716601200CA000009A6601200DA000008A
:10AC58000EA00000096701200FA00000586701201E
:10AC680010A0000011A0000012A0000013A0000016
:10AC780014A0000015A0000016A0000021A00000EC
:10AC880022A0000023A0000024A0000025A00000AE
:10AC980026A0000027A0000028A0000029A000008E
:10ACA8002AA000002BA000002CA0000033A0000068
:10ACB80034A0000010B5040002480AF091FF024BCE
:10ACC8001C6010BD558E002090CC0120014B1888C7
:10ACD8007047C04694CC012010B5FBF76DFD434288
:10ACE8005841C0B210BD10B5FBF754FD434258415E
:10ACF800C0B210BD10B5FBF72FFD43425841C0B29A
:10AD080010BD0A0010B50021FBF7FCFC4342584176
:10AD1800C0B210BDF0B587B0060015000093EFF380
:10AD2800058303AC5A425341218000215B420193C1
:10AD3800A0706160E5708D421CD0242D2CD8204F66
:10AD480038680AF025FC011E60600CD11D4F386878
:10AD58000AF01EFC6060002805D11B480AF038FF85
:10AD6800002007B0F0BD3B686068A3602A00009926
:10AD780006F060FB310015480AF0BAFD14482100BE
:10AD88000022019B00680AF0DBFE01000120002977
:10AD9800E7D0104889B20FE0802D0BD8094F3868EA
:10ADA8000AF0F6FB6060002801D10B48D6E73B6843
:10ADB800A360DBE7290009480AF09AFDD0E7C046FE
:10ADC800A8E10120A4E10120046000000760000060
:10ADD800CCD2012008600000056000000660000079
:10ADE8001FB501230E48002200685B4201A90AF042
:10ADF800CFFF00280FD101A80AF0DAFE0299002936
:10AE0800EFD00398002802D00BF012FAE9E70548C2
:10AE18000AF0DEFEE5E781B203480AF069FDE0E7E3
:10AE2800CCD2012002600000036000008021F0B550
:10AE38004748C90099B01023464A00F08BFB464C9E
:10AE480003AD2B00220043CA43C343CA43C31A00BD
:10AE5800230011001833C1CBC1C1C1CBC1C124210A
:10AE680010200AF075FC3D4B186000280FD1C02057
:10AE7800C0010AF0ADFE2A000C2140200BF0E0F9D9
:10AE8800374B1860002814D1002019B0F0BD2300FA
:10AE98000FAA1100303351CB51C151CB51C1802180
:10AEA80008200AF055FC2F4B18600028E3D12E48E3
:10AEB800DFE70822002116A805F04AFB2B4B0124E6
:10AEC8000F932B4B0021119344231293294B2A48AB
:10AED800139380231B01149320230FAA1593109416
:10AEE8000BF05EF8254B1860002803D124480AF0BF
:10AEF8006FFEC9E780200BF0A3FA22480BF070FA26
:10AF080080235B002822102120000093F83B0AF0E0
:10AF180097FFB4211C4849000BF082FACC211B484A
:10AF280009010AF04DFF3022022119480BF078F888
:10AF38000BF05EF817480AF0BBFF17480AF0C0FD8F
:10AF480016480AF05DFC16480AF06AFB20009CE7E8
:10AF58008CE201200CE20120D04A0120A8E1012066
:10AF6800CCD20120A4E10120016000008D670120FE
:10AF7800D8DA0120D8D2012051930020D0D2012064
:10AF8800096000008592002050F3012090E601201E
:10AF9800ACE10120739200206592002057920020B6
:10AFA8004992002010B50AF003FF10BD10B500F05B
:10AFB8006DF9022100200BF023F8C0210422C020E3
:10AFC800114B49005A5080001958104C2140195013
:10AFD8001A60072303210F200AF062FE00F024F80C
:10AFE800FFF750FB002804D1094805F0A7F9012014
:10AFF80010BDFFF71BFF002801D10648F5E700F058
:10B0080095FB0020F4E7C04600E100E0FFFF00FFE9
:10B01800E2670120FD67012010B50BF099F810BD1B
:10B0280010B50AF0D5FE10BD70B501246442E517CD
:10B0380029480AF07DFA29480AF052FF28480AF000
:10B0480007FC28480AF044FC27480AF0A1FB2748D7
:10B058000BF026F926480BF0CBF926480AF0C0FE7B
:10B0680025480AF0D5FA25480AF082FF24480BF053
:10B07800DFF924480BF08CF823480BF001F923483A
:10B088000AF0B6FD22480AF00BFC22480AF018FB29
:10B0980021480AF0CDFF21480AF042FE20480AF074
:10B0A800FFFA20480AF074FC1F480BF031F81F48DB
:10B0B8000AF036FF1E480AF003FE1E480AF0C0FADE
:10B0C8001D480BF03DF8290020000BF011F829006D
:10B0D80020000AF045FC70BDD3BC0200B3BC0200DE
:10B0E800BBBC0200CBBC0200C3BC0200B9550100C6
:10B0F8006956010061270200012702001527020096
:10B10800710B02005D240200312602009D25020019
:10B118008D260200F9250200C52602007D270200BF
:10B12800752702007D0B0200D9E9030001E803003E
:10B138003DE70300C5EA03009DEA030070B510234C
:10B14800041E13D0F9F792FF102317280ED8084DC4
:10B1580018220021280005F0FBF92000F9F786FFE6
:10B1680021000200280006F065F90023180070BDD0
:10B178000275012002000549203A92B2030010200E
:10B188008A4202D80020024A13807047E03F00003C
:10B19800007501201FB506221749684606F04AF9CE
:10B1A80002AC02200AF04CFF06220021200005F024
:10B1B800CFF906212000FAF7CAFE00221300A15C8D
:10B1C80001325B189BB2062AF9D1002B03D021006B
:10B1D800684606F02FF968460AF042FB074C200043
:10B1E800F9F744FFD022C1B212012000FAF7CCF9D6
:10B1F800FAF746FA1FBDC046126801200275012001
:10B2080030B50B258FB02A00002104A805F0A0F95D
:10B218001B4B03AC1B88210023806380072300207D
:10B2280063730AF015FD2A006846164906F002F90C
:10B2380069462A0000200BF04BF8134C2000F9F760
:10B2480015FF6B4601306A461877092320005377AB
:10B25800F9F70CFF02001E202100684406F0EAF806
:10B268002000F9F703FF0230C2B207A900200AF054
:10B2780087F9012100200AF0CBFA0FB030BDC04693
:10B2880000750120184B01200275012010B50AF045
:10B2980027FA0AF0EDFC0AF013FB041E0AD10AF0A3
:10B2A8001FFD05480AF004FD02200AF0C9FE0B2024
:10B2B8000AF06EFC200010BD20F5010016488546F6
:10B2C80016488047002103E0154B5B584350043172
:10B2D8001448154B42189A42F6D3144A02E0002348
:10B2E80013600432124B9A42F9D306F067F8FAF762
:10B2F800F9FDFEE77046EFF30881EFF309820D4B85
:10B308009847FEE77046EFF30881EFF309820A4B8E
:10B318009847FEE7FEE7000000A00220AD98002055
:10B32800B8740120B87401204C7701204C870120A3
:10B3380050F60120DD52002001530020014B024A43
:10B34800936070470030002000ED00E0F0B585B054
:10B358000293314B04000F000192984203D02F4B07
:10B3680010209C423FD1029B1020002B3BD0002F85
:10B3780002D1019B002B36D00026802320223500E5
:10B38800DB00236122611F3AE2630393A263A3688F
:10B39800039A13421DD1002F27D0BB5D23602022C2
:10B3A800A368134227D0019B002B2CD06368019A15
:10B3B800935520232361029B0136B342E7D104262B
:10B3C8002661A368012033421FD00AF0A9FA0020A1
:10B3D80009E0039B012023610AF0A2FA104B013512
:10B3E8009D42D4D9032005B0F0BD082263691342F9
:10B3F800D5D02760D3E701200AF092FA084B01352F
:10B408009D42CCD9EEE76368D3E70AF089FA044B8A
:10B4180001359D42D5D9E5E70010006000200060A5
:10B428000F270000012310B5984206D8044A10647B
:10B438001366C8200AF074FA0023180010BDC0462D
:10B4480000D4046000220B4B30B51C880A4B1B68E3
:10B458001100944205DC5B68002B00D12100080034
:10B4680030BD1D88854202D85D888542F3D20132FD
:10B478000833EDE7B8F40120BCF4012070B50500ED
:10B4880008000C00FFF7DEFF084A030012880020BE
:10B498009A420AD0064ADB001068C3185B681B682A
:10B4A800181E02D021002800984770BDB8F401206A
:10B4B800BCF40120F0B585B0039306000AAB080080
:10B4C80002921F880D00FFF7BDFF0B4A0300128888
:10B4D80000209A420DD0094ADB001068C3185B6847
:10B4E8005C68201E05D00097039B029A2900300053
:10B4F800A04705B0F0BDC046B8F40120BCF4012057
:10B50800F0B587B004930CAB039204CB0600080097
:10B5180005921F880D00FFF795FF0C4A030012885B
:10B5280000209A420FD00A4ADB001068C3185B68F3
:10B538009C68201E07D0059B01970093039A049BE3
:10B5480029003000A04707B0F0BDC046B8F401207C
:10B55800BCF4012073B50C00002A05D0002803D0E4
:10B56800002901D0002B03D10D480AF031FB73BD2F
:10B578000C490A600C490B8000210D0099420AD33E
:10B588000023210000951A000AF0BAFB21000748A1
:10B598000AF0AEF9EBE7CE000131B550C9B2EDE7DC
:10B5A80097520000BCF40120B8F401209852000022
:10B5B800F7B5160000240193214F224B00911988FA
:10B5C8003B68A14207D80CD189B21F480AF090F90C
:10B5D80000252800FEBDE2009A5A002A01D0013455
:10B5E800EFE7002820D0002E03D118480AF0F0FA1F
:10B5F800EEE7A021300089010AF06AFB102205005D
:10B60800310013480AF0B4FD002DE2D03B68E20097
:10B618009B1800225A80019A1D805A602900A2B204
:10B628000C480AF07DFDD4E7A021009889010AF0B2
:10B63800A7F90099050008480AF05AF9E4E7C04656
:10B64800BCF40120B8F40120995200009A5200007D
:10B658009B5200009D5200009C52000070B5154D91
:10B66800154B2E68198830000023994206D80ED150
:10B67800124889B20AF03CF9002070BD4488002CB9
:10B6880002D10488002C02D101330830EDE7DC0038
:10B6980009F056FF2B6836191B1970805E8809F06F
:10B6A800DFFF3100020006480AF03AFD2B681B193B
:10B6B8005888E2E7BCF40120B8F40120A352000046
:10B6C800A4520000F8B51E0006AB150004CB0F000D
:10B6D8001B88002817D0002D05D110480AF078FAE9
:10B6E8002C002000F8BD310028000AF071FE10225D
:10B6F800040029000A480AF03BFD320021000948ED
:10B708000AF00EFDEDE7310038000AF071FB390050
:10B71800040005480AF0ECF8EFE7C046A55200001F
:10B72800A6520000A8520000A752000010B5114808
:10B738000AF02EFD10480AF0A3FD10480AF058FA46
:10B748000F480AF0ADF80F4809F0BAFF00F08EF87C
:10B7580000F03EF900F00CFA00F0A4F900F0E6F968
:10B7680000F002FB00F07CF900F03AF900F028FD47
:10B7780010BDC046F59D0020299E0020819E002016
:10B78800D99E00200D9F0020012370B50370EFF3B0
:10B79800108572B60C4C2378002B0FD00B4B64200D
:10B7A8001A680B4B1B689A4204D90533934208D395
:10B7B800962040000AF0B4F80023237085F310881F
:10B7C80070BD0AF07DFCF7E75B09002080000040AF
:10B7D800E8010040F8B5012600251D4B06701B78CE
:10B7E800AB4210D1EFF3108472B60AF0E1FB194FA7
:10B7F800051E0AD03B78002B03D117480AF050FBEE
:10B808003E7084F310882800F8BD144B19683A7804
:10B81800D2B2002AF5D005233142F2D0104801688F
:10B828000668B14211D0013BDBB2FF2BF7D10D4BBB
:10B838001B689942E5D25B1A0B49098849098B4272
:10B84800DFD984F310881500DDE7002BD9D0EEE7A7
:10B858005F0900205B090020FFFFFF1F80010040F7
:10B86800E80100408000004022080020024B034A03
:10B878005A65034A9A647047200D0020459D0020B0
:10B88800F99C002070B50A4E050033680124002B8E
:10B898000CD10AF0BDFD280001F0A2F8041E05D164
:10B8A80028686968034B33600AF08AF8200070BD85
:10B8B800C00D002084270200F8B5134F04003D682E
:10B8C8000126002D1ED10AF0A3FD20686168637C63
:10B8D8002A000AF055F9627C206061602900A0689E
:10B8E8000AF0CEF9A060200001F03EF8060028001A
:10B8F8000AF01EF8002E05D120686168034B3B60F2
:10B908000AF05EF83000F8BDC00D0020F4270200F0
:10B91800F8B5134F04003D680126002D1ED10AF02A
:10B9280077FD20686168637C2A000AF029F9627C47
:10B93800206061602900A0680AF0A2F9A0602000D8
:10B9480000F0D6FF0600280009F0F2FF002E05D10E
:10B9580020686168034B3B600AF032F83000F8BD9C
:10B96800C00D0020D427020070B50A4E05003368C8
:10B978000124002B0CD10AF04BFD280000F076FFC3
:10B98800041E05D128686968034B33600AF018F86B
:10B99800200070BDC00D00200428020070B50A4EBA
:10B9A800050033680124002B0CD10AF031FD280072
:10B9B80000F020FF041E05D128686968034B336036
:10B9C80009F0FEFF200070BDC00D0020E427020032
:10B9D800704700000123037000487047FFFF000014
:10B9E800014B024A1A61704764090020459F0020F4
:10B9F8000B00012110B50170E221D06889000078A0
:10BA08005918162829D8F9F7ADF81418281C282829
:10BA180028280C281C2810280C2828282828202802
:10BA28002400180001F054F910BD18000AF018FCA1
:10BA3800FAE718000AF0A4FCF6E718000AF028F95B
:10BA4800F2E718000AF074F9EEE718000AF0A8F90E
:10BA5800EAE718000AF0D4F8E6E70020E4E7000077
:10BA68000021044B0448054A18605960044BFC3314
:10BA78005A627047D0F40120ED490000619F002010
:10BA8800500B002010B5040000F0DCF9002803D0AA
:10BA980001230C20237010BD00F0F2F90028F7D123
:10BAA8002070F8E7014B024ADA647047500B002017
:10BAB800F59F002010B5040000F034FA002803D0E8
:10BAC80001230C20237010BD00F0C6F90028F7D11F
:10BAD80000F0E0F90028F3D12070F4E710B5040075
:10BAE80000F020FA002803D000230C20237010BD9A
:10BAF80000F0B2F90028F7D100F0CCF90028F3D112
:10BB08002070F4E710B5040000F00CFA002803D008
:10BB180001230C20237010BD00F09EF90028F7D1F6
:10BB280000F0B8F90028F3D12070F4E7034B044A79
:10BB38009A63044ADA63044A1A647047500B002077
:10BB480075A0002025A000204DA0002010B50400FD
:10BB580000F0C6F9002802D00120207010BD00F0C6
:10BB680071F90028F8D100F08BF90028F5D0F3E737
:10BB7800014B024A1A667047500B0020BDA00020F6
:10BB880010B50400081E02D08B6B002B07D185214D
:10BB980002000023C9001C200AF0C2FB10BD0B7C68
:10BBA800062B0BD0072B0FD0052B13D10A4B1B6884
:10BBB800CB6000F043F901232370EFE7064B1B68C5
:10BBC800CB6000F0E7F8F6E7034B1B68CB6000F0AA
:10BBD8002FF9F0E70023EFE75008002010B5040024
:10BBE800081E02D08B6B002B06D1020000231B49D4
:10BBF8001C200AF095FB10BD0B7C062B12D0072BDE
:10BC08001DD0052B28D1164BCA681B785343154AFB
:10BC1800CB601268934200D9CA6000F010F9012382
:10BC28002370E8E70E4BCA681B7853430D4ACB6074
:10BC38001268934200D9CA6000F0B7F8EFE7084BE2
:10BC4800CA681B785343074ACB601268934200D9ED
:10BC5800CA6000F0F0F8E2E70023E1E753040000CF
:10BC68005C0800205408002010B5040008001100EA
:10BC7800002802D0836B002B06D1020000230C4958
:10BC88001C200AF04DFB10BD037C062B08D0072BA7
:10BC980009D0052B0AD100F0D3F801232370F2E76D
:10BCA80000F095F8F9E700F0C7F8F6E70023F5E7A4
:10BCB8008D04000070B505000C1E02D08B6B002BA4
:10BCC80006D1002322001E491C200AF029FB70BD62
:10BCD8000B7C062B14D0072B21D0052B2ED1194B0A
:10BCE800E0681978F8F75CFF174BE0601B6898422A
:10BCF80000D2E360200000F0A4F801232B70E6E7EF
:10BD0800104BE0681978F8F74BFF0F4BE0601B68A1
:10BD1800984200D2E360200000F078F8EDE7094B84
:10BD2800E0681978F8F73CFF074BE0601B68984219
:10BD380000D2E360200000F080F8DEE70023DDE7B2
:10BD4800B50400005C080020580800204118914202
:10BD580000D8CAB21000704703001000521893426E
:10BD680001D95B1AD8B27047054B064AFC339A646E
:10BD7800054ADA64054A1A65054A5A657047C04695
:10BD8800500B0020F1A000204DA10020D9A10020D7
:10BD980025A200207421642310B51924826BFF3179
:10BDA800535401315454837410BD202370B5846BEF
:10BDB800FF33E35C0500002B08D07426FF36A05D36
:10BDC8001A220121FFF7C8FFA055A87470BDB92336
:10BDD80070B5846B5B00E35C0500002B09D074260A
:10BDE800FF36A05D1A22FF2900D9FF21FFF7B4FF13
:10BDF800A0552023FF33E35C002B04D07423FF33CA
:10BE0800E35CAB7470BDBA235B00F9E7202370B51F
:10BE1800846BFF33E35C0500002B08D07426FF36E3
:10BE2800A05D64223221FFF791FFA055A87470BD70
:10BE3800172383747047704770477047704770477F
:10BE480070477047034B1B68181E01D0FF33587F9B
:10BE58007047C046C0F40120084B1B68181E0BD061
:10BE68001A00FF32507F002806D0A5331B78012B1B
:10BE780002D0032B00D000207047C046C0F4012038
:10BE8800034B1B68181E02D0CC225200985C7047E6
:10BE9800C4F40120074B1B68181E0AD0CC2252009C
:10BEA800985C002805D091331878013843425841EE
:10BEB800C0B27047C4F40120074B1B68002B07D0A1
:10BEC800064A1278824205D9D422520050431B18E0
:10BED800180070470023FBE7C8F40120CCF40120C8
:10BEE80070B500250E4B1E78B5420BD02800FFF721
:10BEF800E3FF041E08D1912133002A0009011E2006
:10BF08000AF00EFA002070BD030099331B78002B4D
:10BF180003D09A3420780028F5D10135EDB2E3E753
:10BF2800CCF4012070B50024104B1E78B4420AD01E
:10BF38002000FFF7C1FF051E07D1330022000C497E
:10BF48001E200AF0EDF9002070BD030099331B781C
:10BF5800002B08D003009A331878002803D08D35B9
:10BF68002B78002BF0D00134E4B2DFE7CCF40120C9
:10BF780026090000F0B51F00012385B003700800F2
:10BF88000191150014780AF03BF9002804D189487A
:10BF980009F01EFE05B0F0BD0600D8300090A1B231
:10BFA8008548C83609F0A4FC0D2C00D1F0E036D83D
:10BFB800062C00D1A8E019D8032C00D17AE00AD8C1
:10BFC800012C00D1F0E0022C60D0062221003000C4
:10BFD80009F0FEFB6AE0042C00D190E0052CF4D1B6
:10BFE8003A002900009809F063FC5FE0092C00D1B1
:10BFF800B6E00AD8072C00D1BEE0082CE5D13A00FB
:10C008002900300000F020F950E00B2C00D1ADE001
:10C0180000D87FE02900300000F056FA46E0172CDF
:10C0280000D1BBE018D8122C00D17EE009D8102C22
:10C0380075D0112CC9D13A002900009809F0F0FCFC
:10C0480034E0132C00D19DE0162CBED13A00290013
:10C05800300000F009FB29E01B2C00D17AE009D858
:10C06800182C6CD0192CB0D13A00290000980AF08D
:10C07800CFF81BE01E2C5ED0522C65D01D2CA4D10D
:10C088003A002900009809F08BFB0FE029003000E6
:10C0980009F096FA002809D16B4604229B8803A967
:10C0A8000B8033880A304B8009F09AFF009809F01A
:10C0B8001FFB6FE70121280009F0D2FC728881B2CA
:10C0C800131C8A4200D9031C32889BB29A4202D9B7
:10C0D800162B00D933803278C1B2384809F088FA73
:10C0E80002233188B371019809F092FC6B469B8852
:10C0F80003A90B80338804224B800A20D4E7290047
:10C1080030000AF0A5F8D1E73A00290030000AF01B
:10C11800AFF8CBE72900300000F080F9C6E73A0015
:10C128002900300009F0A4FFC0E73A0029003000D8
:10C1380000F036FABAE7300000F0F6FAB6E7290060
:10C14800300000F0FFFAB1E73A002900300000F0B3
:10C1580027FBABE73A002900009809F091FBA5E717
:10C168003A002900009809F073FF9FE73A00290078
:10C17800009809F075FE99E73A002900009809F03F
:10C18800C7FD93E73A00290000980AF049F88DE7BF
:10C198003A002900009809F0D3FD87E73A00290002
:10C1A800009809F0DDFA81E73A002900009809F0C3
:10C1B8009FF97BE714520000155200001652000048
:10C1C800014B024A5A607047BC0A0020E5A40020CF
:10C1D80010B5CB880C00DB0503D50989FFF74EF9AC
:10C1E800208210BDF0B50C0085B003930AAB1E8801
:10C1F8000700150009893200114809F091FFE3880A
:10C20800DB050AD500962189039B2A003800FFF731
:10C2180051F90600300005B0F0BD218A2A004F1BF5
:10C228000848BFB209F07CFF331CBE4200D93B1C52
:10C2380061699EB249193200039805F0FBF8E9E7F5
:10C248001551000016510000F0B591B00691049008
:10C2580001210698140009F003FC032103900698B5
:10C2680009F0FEFB039902000890654809F058FFA1
:10C27800069B21005A79634809F052FF049B1888ED
:10C28800043080B20AF044F8061E04D15E4809F072
:10C298009FFC11B0F0BD02230993072C01D90E337E
:10C2A8000993039B089A934201D8002B06D1039A5D
:10C2B8000821300009F0ACFD04005AE00AA809F092
:10C2C800B7F900230124059307930AAD280009F064
:10C2D8000FFE00280BD1012C49D8059B002B00D15B
:10C2E8007FE01A00082130000AF08AF8E4E7280005
:10C2F80009F0A6FC2A89A988444809F011FFE968D1
:10C3080043484B780A781B021A43E98809F008FF6A
:10C318002B89002BDFD0039A9342D6D3089A9342F5
:10C32800D9D86B469A8C069B2800591D09F050FBFA
:10C338000028CAD00222EB88134205D1059B002BA6
:10C34800C3D12B890593C0E72900049809F0E8F8C0
:10C35800071E4CD1049B29009888FFF739FF2D8AC6
:10C368000235ADB2012C0FD9079BAB4210D009237F
:10C3780033702100274809F0BBFA049B22009888F3
:10C38800310009F015F984E7012C27D175700134C3
:10C39800049B2A191B889A4207DD022CE7D8043B24
:10C3A8009BB20AAA1382023373700AAF21003A893A
:10C3B800300009F0D5FF049A023490883A8AA4B272
:10C3C8003319009239000022FFF70CFF01002418EE
:10C3D800114809F08DFAA4B2079576E7079D3C004D
:10C3E800D6E7039A0821300009F022FC64E7012C03
:10C3F800BDD83B00039A0821300009F0F9FE5BE73D
:10C408001751000018510000195100001A5100007E
:10C418001B5100001D5100001C510000F0B5060022
:10C428008BB00800012109F01BFB04AC01000700D8
:10C43800200009F045F803903088043080B209F0F4
:10C4480067FF051E04D11F4809F0C2FB0BB0F0BD01
:10C45800039B002B0AD13A000A2109F0D9FCB388C2
:10C4680002002900180009F0A3F8EFE7E3889B070A
:10C4780004D43A000A2109F0C3FFF0E72100300094
:10C4880009F04EF8031E05D03A000A21280009F0E9
:10C49800AFFEE4E7B0882100FFF79AFE3388228ACE
:10C4A8009A4201D3013B2382228A6B1C0092B088F6
:10C4B80000222100FFF796FE0B23013080B22B707B
:10C4C800CDE7C0461E510000F0B50C008BB0060049
:10C4D8000121200009F0C4FA03210700200009F017
:10C4E800BFFA04AD02903900280008F0E9FF039074
:10C4F8003088043080B209F00BFF041E04D12748AD
:10C5080009F066FB0BB0F0BD039B002B0AD13A0083
:10C518000C2109F07DFCB38802002100180009F005
:10C5280047F8EFE7EB889B0704D43A000C2109F0A1
:10C5380067FFF0E72900300008F0F2FF031E05D07E
:10C548003A000C21200009F053FEE4E7B0882900E6
:10C55800FFF73EFE2A8A029B9A4205D23A000C2136
:10C56800200009F0B5FCD6E7029933880132521A47
:10C578009A4202DD013BCB182B8202992A8A631C5E
:10C58800521A92B20092B0880A002900FFF72AFED8
:10C598000D23013080B22370BDE7C0461F51000053
:10C5A800F0B58DB00391070001210398049209F0BA
:10C5B80057FA06AE01000500300008F081FF05902B
:10C5C800102009F0A5FE041E04D1264809F000FB3E
:10C5D8000DB0F0BD059B002B0AD12A00122109F0ED
:10C5E80017FCBB8802002100180008F0E1FFEFE704
:10C5F800F3881A0705D42A001221200009F028F828
:10C60800EFE7802252001340328A049903328A42AB
:10C6180006DA002B06D12A00122109F009F9E0E711
:10C62800002BE8D03100380008F07AFF0200031E22
:10C638000ED1049BB888033B9BB20193039B29004E
:10C64800033300931300FEF75BFFC3B2002B05D042
:10C658002A001221200009F0CBFDC2E71323012094
:10C668002370BEE721510000F0B58BB0029107009E
:10C6780001210298150009F0F3F903210600029838
:10C6880009F0EEF903903888043080B209F040FED2
:10C69800041E04D1234809F09BFA0BB0F0BD310009
:10C6A80004A808F00DFF00280BD132001621200045
:10C6B80009F0AEFB0500B8882A00210008F078FFD1
:10C6C800EBE702ABDB891A0705D4320016212000FC
:10C6D80008F0BEFFEEE7DB05F7D504A9380008F03F
:10C6E8001FFF031E05D032001621200009F080FD2F
:10C6F800E0E76B1F9BB2B8880193029B01220533C8
:10C7080000933100039BFEF7FBFEC3B2002BEAD176
:10C718002A000299200004F08DFE172323707E81E1
:10C72800C9E7C0462251000007B50189002907D092
:10C73800002304220381808801930093FEF7E0FE22
:10C7480007BD000073B5050010200E0009F0E0FDDC
:10C75800041E03D1114809F03BFA73BD7278002614
:10C76800013A531E9A41698933000232A88801961A
:10C778000096FEF7C5FEC3B2B3420AD032001821B4
:10C78800200009F035FD0200A888210008F010FFFC
:10C79800E3E7192301222370F6E7C046235100007E
:10C7A800F0B50C008BB0012107002000039209F0BE
:10C7B80057F904AD06000100280008F081FE0028A2
:10C7C80016D08222EB8852001340934210D12900E0
:10C7D800380008F0A5FE021E0AD1039B0334033B70
:10C7E8009BB2B8883100019300941300FEF788FECD
:10C7F8000BB0F0BD30B5040085B00425002830D05A
:10C808008168062008F09CFF051E2AD1E389A289C9
:10C81800A17C607C09F064F8051E22D1A37C217CF0
:10C828000293637C6269019301230093A36909F071
:10C838009FFD051E15D1206A09F0BAFD051E10D10D
:10C84800A18B606A08F0CCFF051E0AD120686168D8
:10C85800627C09F015FC051E03D1034B187008F023
:10C86800A7FF280005B030BD9D0D002030B504009D
:10C8780085B00425002836D08168052008F060FFBF
:10C88800051E30D1638A228AA17D607D09F028F8CF
:10C89800051E28D1A17DE06809F0B2FA051E22D153
:10C8A800A37D217D0293637DA269019301230093F7
:10C8B800E36909F05DFD051E15D1606A09F078FD90
:10C8C800051E10D1218CA06A08F08AFF051E0AD126
:10C8D80020686168A27D09F01BFB051E03D1034B8C
:10C8E800187009F0A5FA280005B030BDBD0D00206C
:10C8F80030B5050085B0042400282FD081682000B9
:10C9080008F01EFF041E29D1687CEB89AA89010062
:10C9180008F0E6FF041E21D16B7C297C0293019369
:10C9280001236A690093AB6909F022FD041E15D141
:10C93800286A09F03DFD041E10D1A98B686A08F029
:10C948004FFF041E0AD1286869686A7C09F0E0FA7A
:10C95800041E03D1034B187009F042FC200005B0F7
:10C9680030BDC0469C0D002030B5050085B00424BC
:10C9780000282FD08168032008F0E2FE041E29D188
:10C98800687CEB89AA89010008F0AAFF041E21D15E
:10C998006B7C297C0293019301236A690093AB693C
:10C9A80009F0E6FC041E15D1286A09F001FD041EF1
:10C9B80010D1A98B686A08F013FF041E0AD12868F1
:10C9C80069686A7C09F0A4FA041E03D1034B187045
:10C9D80009F086FC200005B030BDC046BC0D002023
:10C9E80030B5050085B0042400282FD081680220C6
:10C9F80008F0A6FE041E29D1687CEB89AA890100EB
:10CA080008F06EFF041E21D16B7C297C02930193F0
:10CA180001236A690093AB6909F0AAFC041E15D1C9
:10CA2800286A09F0C5FC041E10D1A98B686A08F0B1
:10CA3800D7FE041E0AD1074B18706A7C28686968FB
:10CA480009F01EFB041E01D108F09AFE200005B073
:10CA580030BDC0460C0D00201300F0B5D26889B077
:10CA6800039201909D684B7B0F000293884B1278CC
:10CA7800C65C029B002E59D00124002B3ED0092A07
:10CA88000CD12D042D0E092D0BD00024390008F0EF
:10CA980037FFBC72797B7F4808F02AFF200009B075
:10CAA800F0BD2A00002105A803F052FD2A000399D1
:10CAB80005A804F0BFFC04AB581D09F0C9F98A2287
:10CAC800019BD2009B181022734E0D000640914323
:10CAD8001E605960019A714B7148D4540024797BC7
:10CAE800BC7208F005FF5123019A9D43503211880A
:10CAF8002B003200200008F07BFECFE70E2ACDD1B4
:10CB08002C04240E092C00D187E03900019808F084
:10CB1800F7FE2900634808F0DBFC6B461B7A797B3B
:10CB28006148BB7208F0E4FE029CB7E7002B5ED0B8
:10CB3800072A21D12D042D0E022D0AD03900019883
:10CB480008F0DEFE797B5948BE7208F0D1FE340049
:10CB5800A4E7039B01245B780E2B9FD12100544846
:10CB6800BE7208F0C5FE019B0022503319881A20B6
:10CB7800002308F03DFEEAE70124092A00D08DE7EA
:10CB88002D042D0E092D07D03900019808F0B8FEA4
:10CB9800BE72797B4748D8E72A00310005A803F020
:10CBA800D7FC2A00039905A804F044FC04AB581DDF
:10CBB80009F04EF98A22019BD2009B18364A0D00D3
:10CBC80010401022914318605960019A334B02902B
:10CBD800D454797B3848BE7208F08AFE5123019AF2
:10CBE8009D43503211882B00029A3000C1E701247E
:10CBF800082A00D052E72C04240E092C0DD0390045
:10CC0800019808F07DFE29002C4808F061FC6B466D
:10CC18001B7A797BBB722A4884E72200029905A80F
:10CC280003F096FC2200039905A804F003FC04AB6A
:10CC3800581D09F00DF9184E050006401020214B2B
:10CC480003911A6820495B681640F6B20A4083438C
:10CC58003243019808F03CFF0224021E00D11DE770
:10CC68001020039B184983438A200D400199C00076
:10CC7800091835430D604B6001210198074BC154D9
:10CC8800124BD7619361390008F03AFC4CE7C04673
:10CC980051030000CE3600002FCF87F7490400006B
:10CCA800CF360000D0360000D1360000D236000062
:10CCB800D3360000D4360000D5360000D636000042
:10CCC800D7360000D0F4012000CF87F7A9800200F2
:10CCD80070B50C00002803D0002901D0002A07D124
:10CCE800002349211A00162009F01AFB002028E029
:10CCF800D3681B78082B1FD00E2BF7D1114BC05CC3
:10CD080000281ED000260125032365722372E672CF
:10CD18002573300009F024FA0B4B206061606673BC
:10CD28000A48A673E673E66163622662A57231005B
:10CD380008F0DEFD280004E0024BC35C00208342BB
:10CD4800E0D070BD51030000C9AF0020CD3600000F
:10CD5800F0B5CE469946030C9C46130447461B0C77
:10CD68001D000E0061460404240C80B50700100C59
:10CD78004B436543414360432C0CC01824188C4630
:10CD8800A34203D980235B029846C44449467943A9
:10CD98005643230C2D042D0C89196344240460196F
:10CDA800C918C0BCB946B046F0BDC046F0B5574634
:10CDB8004E464546DE46E0B504000D0092469946CB
:10CDC80083B08B4230D82DD049465046F8F738F911
:10CDD800290006002000F8F733F9331A9846203B5B
:10CDE80034D49B4653465A46934042461F00534606
:10CDF80093401E00AF423BD8AF4200D179E05B467A
:10CE0800A41BBD41002B00DA76E00022002300922B
:10CE1800019301235A4693400193012342469340CC
:10CE2800009329E08242CFD9002200230092019387
:10CE38000C9B002B01D01C605D600098019903B029
:10CE4800F0BCBB46B246A946A046F0BD42469B464A
:10CE580020239B1A5246DA40414613004A468A402C
:10CE6800170042461F43534693401E00AF42C3D9A2
:10CE780000220023009201934346002BD8D0FB07E1
:10CE880072081A4346467B080EE0AB4201D1A24223
:10CE98000CD8A41A9D41012024196D410021013E9E
:10CEA80024184D41002E06D0AB42EED9013E24197C
:10CEB8006D41002EF8D1009801995B46001969412F
:10CEC800002B24DB2B005A464446D3402A00E2407C
:10CED8001C005B461500002B2ADB26009E40330011
:10CEE80026004746BE403200801A994100900191C1
:10CEF8009EE7A342BCD882E74246202300219B1A22
:10CF08000022009101920122DA40019285E742460F
:10CF180020239B1A2A0046469A402300F3404446A1
:10CF280013432A00E2401C005B461500002BD4DAAC
:10CF380042462F002023260097409B1ADE403B00E4
:10CF48003343CDE7F8B5CE46474680B59146984677
:10CF580004000D0001F030FC07000E0002000B0079
:10CF680048464146FFF7F4FE241A8D41089B3800D5
:10CF780031001C605D60C0BCB946B046F8BDC04613
:10CF8800F0B546464F46D6464502C0B5C30F4700E2
:10CF980098460E1C6D0A3F0E57D0FF2F21D08023D4
:10CFA800ED00DB041D43002399469A467F3F740237
:10CFB8007300640A1B0EF60F002B20D0FF2B4CD0F9
:10CFC80080220020E400D20414437F3B4246FF1A2B
:10CFD8004B4672400F2B00D9ACE06F499B00CB58F1
:10CFE8009F46002D5BD108239946063B74029A465A
:10CFF8007300FF27640A1B0EF60F002BDED1002CEE
:10D0080030D1012342464946724019430E2904D8BB
:10D018006248890041588F464246FF200024C005D7
:10D028002043D2071043E0BCBA46B146A846F0BD3B
:10D038005346022BF0D0032B00D1A3E042462C002C
:10D04800012B35D100200024E9E7002D1BD1042352
:10D058009946033B00279A46A9E7002C0CD10223E6
:10D06800FF3FCFE72000F7F7CDFF431F9C40762313
:10D078005B421B1A0020A9E703234A461A4391463C
:10D088000320FC33A2E72800F7F7BCFF7627431FED
:10D098009D4000237F4299469A463F1A87E70C2312
:10D0A8009946093BFF279A4681E703286CD032004E
:10D0B80038007F30002825DD630704D00F23234084
:10D0C800042B00D00434230103D53800344B8030BE
:10D0D8001C40FE28A1DCA401640AC0B29FE780249A
:10D0E8000022FF20E4039AE78023DB031D4201D0DE
:10D0F8001C424BD08024E4032C4364024246FF20A8
:10D10800640A8CE701231B1A1B2B9BDC21009E372A
:10D11800D940BC400B00611E8C412343590704D001
:10D128000F211940042900D00433590126D50120C4
:10D13800002474E76D016001854213D21B2300248B
:10D14800013F0126290064006D00002901DBA84287
:10D1580001D82D1A3443013B002BF3D16B1E9D419E
:10D168002C43A5E71A2301242D1AEAE7981E434207
:10D178005841404232000024C0B250E79B010020D1
:10D188005C0A4CE746462C008023DB031C43640200
:10D198003200FF20640A42E7D47001201471012094
:10D1A800FFFFFFF770B542004E024C0045026D0AC2
:10D1B800120EC30F760A240EC90FFF2A10D0FF2CB7
:10D1C8000CD00120A2420AD1B54208D18B420FD01F
:10D1D800002A04D12800431E984100E0012070BDB8
:10D1E8000120FF2CFBD13543F9D14B401800F6E75D
:10D1F8000020F4E730B5420044024D02C30F480056
:10D20800640A120E6D0A000EC90FFF2A17D0FF28F4
:10D218000AD0002A1BD100280AD1002D24D0002CC6
:10D228002ED14800013830BD002D26D1002A01D169
:10D23800002CF6D08B4206D158000138F3E7002CB9
:10D248001BD1FF2813D001205B421843EBE70028CD
:10D25800F9D08B42F7D18242F5DCEDDBAC42F2D853
:10D268000020AC42DFD2E7E7002CDCD0EBE7002D52
:10D2780003D18B42E7D10020D5E702204042D2E714
:10D288008B42EBD0DFE7C04630B5420044024D0286
:10D29800C30F4800640A120E6D0A000EC90FFF2A58
:10D2A80018D0FF280DD0002A1CD100280DD1002D40
:10D2B80027D0002C0BD08B421BD001205B42184397
:10D2C8000FE0002D0CD1002A1ED1002C1CD14800E3
:10D2D800013806E0002C03D1FF28EED1002D16D02E
:10D2E800022030BD0028E8D08B42E6D18242E4DC3F
:10D2F80004DBAC42E1D80020AC42F2D2580001383D
:10D30800EFE7002CEDD0D8E78B42D6D1F6E7002026
:10D318008B42E6D0D1E7C046F0B54F464646D646E2
:10D328004502C0B546000F1C6D0A360EC40F002E0C
:10D3380000D1C3E0FF2E77D08023ED00DB041D432E
:10D34800002399469A467F3E7B025B0A98467B00FB
:10D358001B0EFF0F002B77D0FF2B00D194E0424625
:10D368008021D200C9041143884600217F3BF6186A
:10D378004B46721C0A2B73DC4B467C40022B00DCAC
:10D38800A7E0484601238340A620C000034267D196
:10D3980090208000034200D0ECE0B938FF381842F2
:10D3A80000D0DAE041460904090C43460F00280C76
:10D3B8002D041B0C2D0C6F4341435D4358436D18DE
:10D3C8003B0C5B19994203D9802149028C46604481
:10D3D8003F0419043F0CC9198D016F1EBD411B0C78
:10D3E800890E1B180D439B011D431B0100D4C6E089
:10D3F800012369081D400D4310007F30002800DC20
:10D4080094E06B0704D00F232B40042B00D0043585
:10D418002B0103D5803210005E4B1D40FE2855DCE1
:10D42800AB015B0AC0B226E0002D00D078E00823EB
:10D438009946063B9A467B025B0A98467B00FF2684
:10D448001B0EFF0F002B87D14346002B56D14A46AF
:10D4580001331A4391464B460121721C0A2B8BDD7E
:10D468005346022B32D0032B00D17CE05346012BCC
:10D47800C2D100200023C0051843E4072043E0BCC4
:10D48800BA46B146A846F0BD33004246FF33002AEB
:10D498003FD0032249461143721C8946FF320A29AC
:10D4A80073DD0F295DD18023DB031D425BD042462B
:10D4B8001A4258D13C00FF201343DCE7002D11D15C
:10D4C80004239946033B00269A463DE7FF200023A4
:10D4D800D1E7013B012B00D964E70229F6D0454684
:10D4E8008A46C3E72800F7F78DFD7626431F9D403F
:10D4F8000023764299469A46361A25E74046F7F7BA
:10D5080081FD4246431F9A40361A90460021763ED6
:10D518002EE749460232114389461E00022127E7B9
:10D528000C239946093BFF269A460DE701231B1A4F
:10D538001B2B9EDC9E3229009540D9406A1E9541DE
:10D548000D436B0704D00F232B40042B00D0043568
:10D558006B0116D5012000238DE73C0045468A461D
:10D568007EE73C0045468023DB032B435B02FF201C
:10D578005B0A80E780230024FF20DB037BE732007F
:10D588003AE7AB0100205B0A75E71E0003217C40E7
:10D59800F7E6C046FFFFFFF741024200C30F490A02
:10D5A8000020120E7E2A03DD9D2A02DD094A981802
:10D5B8007047802000040143952A07DC9620821AD0
:10D5C800D1404842002BF3D10800F1E7963A914048
:10D5D800F7E7C046FFFFFF7F70B5002813D0C317D9
:10D5E800C5185D40C40F2800F7F70CFD9E23010005
:10D5F8001B1A962B0FDC082831D008398D406D0294
:10D608006D0AD8B202E0002400200025C005284396
:10D61800E407204370BD992B15DC421F95402A0072
:10D62800150011480540560709D00F263240042A34
:10D6380005D004356A0102D59F2305405B1AAD0168
:10D648006D0AD8B2E2E70522121A2800D0400A0073
:10D658001B3295402A00551EAA410243E0E76D029D
:10D6680096206D0AD2E7C046FFFFFFFBF0B557468C
:10D678004E46DE464546E0B50C0383B04E00640ACC
:10D68800470FCD0F59000092019327431C034B0D00
:10D698009A46009A019B640AD90F530F23439B466D
:10D6A800009B760DDA0094465246B21A9146C000A5
:10D6B8008D4200D1C1E0002A00DC86E05246002AF3
:10D6C80000D105E1BF4A964200D1ADE14A460124A6
:10D6D800382A19DC80225B46120413439B464A46CB
:10D6E8001F2A00DD0BE24B4620225C466146D21A17
:10D6F8009440D9400C43614691400A00511E8A412A
:10D7080014435A46DA40BF1A041BA04280414042E3
:10D718003B1A984643461B0200D44DE143465B0240
:10D728005B0A98464346002B00D127E14046F7F7AD
:10D7380069FC0300083B202227004146D01A994083
:10D74800C7409C400F439E4200DDD3E1991B230054
:10D758000131521ACB4094409846631E9C413B00CD
:10D7680093404246CF4022431400B84600261C434B
:10D77800630709D00F232340042B05D0231DA342A0
:10D78800A4416442A0441C0043461B0200D4CAE2E0
:10D798008C4A0136964200D1ECE043468A48034061
:10D7A800180073055B0DE408420722434402240B6A
:10D7B8001B052343ED072B431000190003B0F0BCF1
:10D7C800BB46B246A946A046F0BD002A00D194E067
:10D7D8005246921B9146002E00D07EE13A00024349
:10D7E80000D1D7E14B465A1E012B00D152E2754CAD
:10D7F800A14500D115E20124382A13DC91464B4695
:10D808001F2B00DD16E220220500D21A3C00DD4065
:10D81800DF4090405B469440DB1B421E90419B4694
:10D828002C4304436246141BA44592415B46524272
:10D838009B1A98460D0056466CE7002A00DCC7E0A4
:10D848005246002A00D088E062465B461A4300D15F
:10D85800FAE04B465A1E012B00D1AFE159498945E0
:10D8680000D1E1E00124382A17DC91464B461F2BF2
:10D8780000DDBFE12022D21A5B46934061461C00BE
:10D888004B46D940634693401A000C43511E8A41C7
:10D898004B4614435A46DA40BF1824188442804144
:10D8A80040428046B84443461B0200D484E0454BBE
:10D8B80001369E425ED04246434B01211A40130076
:10D8C800214062080A43DC075B08984614434FE787
:10D8D80062465B461A4300D1B6E04A464946013AD9
:10D8E800012900D17BE13749894500D19CE0012419
:10D8F800382A00DD08E79146F1E6344C721C2242D2
:10D9080000D0D3E03C0062465B4604431A43002E35
:10D9180000D044E1002C00D1CAE1002A00D17DE109
:10D928006346C61AB04292415B465242FC1AA41A98
:10D9380080221204144200D112E263461C1A5B468C
:10D94800D81BA4459B415B42C01A104200D11DE27E
:10D958001D4B0D001840012325E71A4A964263D053
:10D968004A460124382A98DC80225B461204134375
:10D978009B467BE733000024002219E72000F7F7D5
:10D9880041FB030018331F2B00DCD4E60838844021
:10D9980027009E4200DDC4E09B1B591C1F2900DCA8
:10D9A800CCE11F3BDC40202905D040235B1A9F4077
:10D9B8007B1E9F413C430026630700D0DAE6B14650
:10D9C8000AE1C046FF070000FFFF7FFFFE070000D7
:10D9D800002A46D05246921B9146002E00D1A9E05B
:10D9E800D34A924500D121E14B460124382B13DC60
:10D9F8008022120417434B461F2B00DD84E12022AE
:10DA08003C00D21A010090409440D940421E9041F7
:10DA1800DF400C430443BB44644464459241524292
:10DA280090465646D8443EE7C0087A070243FF08A6
:10DA38003B001343002B00D1A4E1802424033C4382
:10DA48002403BB4B240BB3E6C008B94B7A07024347
:10DA5800FF089945ECD04B463C035B05240B5B0D56
:10DA6800A6E6B44A711C114276D13A000243002E50
:10DA780000D0EEE0002A00D141E162465B461A433D
:10DA880000D1CBE06346C218824280413B0040424D
:10DA98005B441C18D308220200D46DE1A64A144046
:10DAA800620764021A43240B012381E66246841A42
:10DAB800A04292415B4652429146FB1A1A004B46DD
:10DAC800D21A130090461A0259D44246224300D073
:10DAD80028E60025002300246AE6954A924500D1ED
:10DAE8009FE04B460124382B00DD9BE68022120480
:10DAF800174384E6F61A904B1F40B84638E6594655
:10DB08004B46203AD140202B06D04022D21A5B4601
:10DB1800934062461A4394466446631E9C410C43F4
:10DB2800F2E5F31A9946844B1F4043467A071A4395
:10DB3800FF0890E73A00024300D1C6E04B465A1E60
:10DB4800012B00D102E17A4989456FD00124382A96
:10DB580000DD61E791464EE7754A914200D1F1E058
:10DB68006346C218824280413B0040425B441B1816
:10DB7800DC0752085B0898460E001443F8E5634634
:10DB88001C1AA44592415B465242DB1B9B1A9846DD
:10DB98000D00C7E563460D005F46D80855E7002C21
:10DBA80000D096E0002A00D1E2E06246DF08D20801
:10DBB8005B071A433B000D0013433BE76346C41859
:10DBC8003B00844280415B4498464042804443463F
:10DBD8001B026BD4012399464746E00835E76346A4
:10DBE800C41AA04280415B464042FB1A1B1A984661
:10DBF80001268FE54A465B46203AD34019004B463A
:10DC0800202B06D04022D21A5B46934062461A4324
:10DC180094466446631E9C410C433EE6C3089846FE
:10DC280083E763460D005F46D808FEE663465F4615
:10DC3800D808FAE64A463D00203AD540202B03D0C2
:10DC48004022D21A97403843421E904104002C4388
:10DC5800E8E5002AEAD062465B461A4300D1E3E6CB
:10DC68008022FE08C0087F0712033843164208D0F6
:10DC7800D908114205D16346D8085B460E005B07F8
:10DC880018433300420FC0005207C0080243370050
:10DC98001343CFE663461C1AA44592415B465242A1
:10DCA800DB1B9B1A98460D00012633E5022602E687
:10DCB800002A00D10DE76346D8085B465A075B0285
:10DCC8001C0B0D000023024372E563465F46D8082B
:10DCD800BBE6002A00D1A7E68022FE08C0087F071D
:10DCE800120338431642CCD0DC081442C9D163462B
:10DCF800D8085B465B070D0026001843C1E763465A
:10DD0800DB0898465F4610E74A463900203AD1407A
:10DD1800202B03D04022D21A97403843421E90410C
:10DD280004000C4378E6B1464746E0088DE6C04655
:10DD3800FF070000FE070000FFFF7FFF20220024EE
:10DD4800521A0CE50B000024002231E53B00604428
:10DD5800604592415B44984652420400904436E73D
:10DD68003200224300D1B4E6F30898462700DCE6E7
:10DD7800802700253F0360E6620764021A43240BEC
:10DD8800002315E500220024034B11E54207E408AF
:10DD98000D002243C7085EE6FF070000F0B55746AE
:10DDA800DE464E464546E0B50D000400E80F8346C2
:10DDB8000903D80F090B824619488C461F036900CE
:10DDC8005E00490D3F0B760D814218D086420FD078
:10DDD8000120B1420DD1BC450BD1944209D1D345A4
:10DDE8001CD0002905D160462043431E984100E01D
:10DDF8000120F0BCBB46B246A946A046F0BD0120B2
:10DE08008E42F6D1614639430F0017432743F0D1BC
:10DE18005B465246981A431E9841EAE70020E8E715
:10DE2800FF070000F0B557464E464546DE46E0B5CA
:10DE38000D000E034900490D8A46DF0FE90FBC4665
:10DE480083B02F4F04008046019158001903914672
:10DE5800360B090B400DBA451DD0B8420DD05746B8
:10DE6800002F2AD13443002824D10A4336D0002C6D
:10DE780041D163465800013815E0114338D1534663
:10DE8800002B01D12643F4D0019B634507D1019BA8
:10DE98005800013807E026432AD1504521D00120F7
:10DEA800019B5F42384303B0F0BCBB46B246A9466B
:10DEB800A046F0BD002CDCD0E6E70028EFD0019B9F
:10DEC8006345ECD18245EADCE1DB8E42E7D8DED15E
:10DED800C845E4D80020C845E5D2D8E7002CE2D0F0
:10DEE800DDE7114304D1019B6345D8D10020DAE76F
:10DEF80002204042D7E7019B6345E6D0CFE7C04602
:10DF0800FF070000F0B557464E464546DE46E0B5E9
:10DF18000D000E034900490D8A46DF0FE90FBC4684
:10DF280083B02E4F04008046019158001903914692
:10DF3800360B090B400DBA451ED0B8420DD05746D6
:10DF4800002F27D13443002833D10A4334D0002C82
:10DF580040D163465800013815E0114312D15346A9
:10DF6800002B01D12643F4D0019B63451DD001202D
:10DF7800019B5F42384306E0264303D15045F6D162
:10DF880011431CD0022003B0F0BCBB46B246A946E0
:10DF9800A046F0BD0028EAD0019B6345E7D1824541
:10DFA800E5DC02DB8E42E2D80ED0019B5800013836
:10DFB800E9E7002CCDD0D7E7002CE4D0D7E7019BC8
:10DFC80000206345DFD0D2E7C845D0D80020C84537
:10DFD800D9D2EAE7019B6345E4D0C8E7FF07000010
:10DFE800F0B557464E46DE464546E0B589B0009244
:10DFF80001930B031B0B9A46CA0F4B000400914672
:10E008005B0D00D1BCE1D84A934200D14AE15146A8
:10E01800420FC9000A43802109041143C2009046F7
:10E02800D24A8A469C18002300250393009E019F2C
:10E038003B031B0B9B46FA0F7B0030005B0D0492E1
:10E0480000D16FE1C84A934200D153E15946720F9B
:10E05800C9000A43802109041143C44A8B469446E7
:10E0680000216344F0001B195C1C0A2D00DD26E129
:10E078004E46049A5640F2B20092022D00DCA8E106
:10E088000122AA40A6271500FF003A403D4200D0D1
:10E0980013E19027BF003D4200D016E288222A42B1
:10E0A80000D0EFE1414642460904090C0D00170C67
:10E0B800020C0004000C4543AC46050016007D43E5
:10E0C800A8460D007E43039204963200039E7543D2
:10E0D8006646360CB14645444D44A84505D9160058
:10E0E800802252029046464404962E0C05966646B7
:10E0F8003604360CB4462D04654406955D462D0C51
:10E10800A9465D460E002D042D0C6E43B4462E0024
:10E118007E43B3464E467143594488466146090CCE
:10E12800414477438B4503D98022520290464744A5
:10E138000E0CB0463E004644079666463704059ED8
:10E148003F0CB4460904C9198C44664605965646E0
:10E15800360CB446564637043F0C3E004643B0469C
:10E1680066464643B24646466046360CB346039A70
:10E1780050437A4352445A44924503D98026760242
:10E18800B2465044160CB2468244404612049046A9
:10E198000004000C3A004E46804460466A437743C8
:10E1A8004543704384467819170C3F18BD4203D97C
:10E1B800802040028146CC44059D0498A946079ECC
:10E1C800484488428941B14612043D04120CAA18F9
:10E1D8004A44494255184044A9464045AD41C846BD
:10E1E8006D42AB46B242924189458941D044C3440D
:10E1F800494252420A43AB45AD41D04589416D423F
:10E2080049420D4359463F0CD219521962445202F1
:10E21800C90D069D11438A46410229434D1EA94155
:10E22800C00D08435946490208438046D20100D42C
:10E2380073E101224308024013435246D2071343B5
:10E24800984653465B089A46009B9946484BE31804
:10E25800002B00DCE5E0424652070AD00F22414677
:10E268000A40042A05D00431414592418846524269
:10E2780092445246D20106D552463E4B1A4080235C
:10E288009246DB00E3183C4A934200DD9DE042469B
:10E29800D108524652070A4351465B054C02240BEB
:10E2A8005B0D19E052460243904600D0B3E01C00D3
:10E2B8000223924608250393B8E6009B9946039BE0
:10E2C800022B00D181E0032B00D1F5E0039B012B49
:10E2D800BCD100230024002210004A461B0523431A
:10E2E800D2071343190009B0F0BCBB46B246A94691
:10E2F800A046F0BD5B46009E1E431B4BE318002E54
:10E3080000D181E003224E461543049A5640F2B2EA
:10E31800009280221201944664440A2D00DDB7E081
:10E328000321ADE65B46009A134365D05B46002B9C
:10E3380000D1E2E05846F6F765FE020003000B3A0A
:10E348001D27009EBA1A19005846D6400839884039
:10E3580032000243009893468840084AE31A9446DC
:10E368000021634480E6C046FF07000001FCFFFF70
:10E37800FF030000FFFFFFFEFE0700000DFCFFFF8C
:10E3880053460343984630D05346002B00D1A2E0B1
:10E398005046F6F737FE0B235B429C460200844446
:10E3A80066461D239B1B260011005046DE40083997
:10E3B8008840330003439A4623008B409846002345
:10E3C800694C0025A41A039330E600240022674B09
:10E3D80082E7013D012D00D964E6009B9946022998
:10E3E800F3D0DA468046039170E700239A4601335A
:10E3F80004250024039319E6002201331D439346A4
:10E408002300002001212FE60222154300220020CC
:10E418009346022128E61C00032380460C2503931B
:10E4280004E60121C91A382900DD52E71F2978DDE1
:10E438001F225242D31A5246DA401300202907D02D
:10E448004B4A4146944652466444A240114388468A
:10E458004246511E8A411A430723190000241140DD
:10E4680013420BD00F231340042B7BD0131D934270
:10E47800A4411A00644261076402240BD2080023F5
:10E488000A4329E7049BDA4699468046039116E732
:10E498000F2D0DD180245346240323420CD05B4614
:10E4A800234209D11C43049B020099462F4B13E7D2
:10E4B800049BDA46994680468024534624031C432D
:10E4C80024034246294B240B06E70023802499465F
:10E4D8002403264B00E7F6F795FD15239C46844454
:10E4E8000200634620321C2B00DC59E700239846C3
:10E4F8002300083883409A4661E7F6F783FD020057
:10E508000300153220331C2A00DC19E702000099A9
:10E51800083A914000208B461FE7009A1C0091465C
:10E5280094E6144B52469C4643466444A240CB4072
:10E538001A434346A340581E834154461A43CC40CD
:10E54800530709D00F231340042B05D0131D934202
:10E5580092415242A4181A0023028CD501230024A8
:10E568000022B9E6002486E70DFCFFFFFF07000044
:10E578003E0400001E04000070B5002816D0C31722
:10E58800C5185D40C40F2800F6F73CFD104B1B1A58
:10E598005B055B0D0A2814DC02002E00153296403C
:10E5A8000B22121AD5402D032D0B03E00024002363
:10E5B800002500261B052B43E407234330001900E0
:10E5C80070BD0B3885402D0300262D0BF2E7C046A1
:10E5D8001E04000010B5041E10D0F6F713FD0E4BF4
:10E5E8001B1A5B055B0D0A280FDC0B222100121A8F
:10E5F800D14015300A038440120B01E000230022A9
:10E608001B0513432000190010BD22000B3882405F
:10E6180012030024120BF3E71E04000070B5420237
:10E628004300C40FFE201B0E591C550A08420CD08B
:10E63800E02189008C466D07120B63441B051343C8
:10E64800E40723432800190070BD002B14D1002DC6
:10E658001BD02800F6F7D6FC0A281CDC0B232A005E
:10E668001B1ADA40030015339D400E4B12031B1A88
:10E678005B05120B5B0DE1E7002D09D0130B80221F
:10E6880012031A436D07084BD8E700230022D5E789
:10E698000022054BD2E703002A000B3B9A400025D5
:10E6A800E3E7C04689030000FF070000F0B54B0010
:10E6B8000F035B0D3C4C450F83B07F0A5E1C2F4354
:10E6C80000900191CA0FC50026420BD037495C184B
:10E6D800FE2C13DDFF200023C0051843D20710438A
:10E6E80003B0F0BD3D43002B01D10020F4E7002D1D
:10E6F800F0D08023DB03FF203B43EDE7002C14DD43
:10E70800009BFF009B01581E8341690F3B430B434D
:10E71800590746D00F21194004292AD0043359013A
:10E7280027D501340023E0B2D6E72100173124DBD6
:10E7380080211E2009043943001B1F2820DD0226E2
:10E748007642341B0E00E6403400202804D01848D6
:10E758008446634499400D432B00591E8B41234343
:10E7680059071AD00F2100241940042901D0002488
:10E7780004339B015B0AE0B2AEE700200023ABE75D
:10E788000C4C1C192B00A540C340A140681E8541B4
:10E7980029430B4300245907BCD19B0100205B0A85
:10E7A8009AE7DB08E0B297E7FE07000080FCFFFF6E
:10E7B800A2FCFFFF82FCFFFFF0B5D6464F46464657
:10E7C800C0B504000D001000190082B0002D00DA59
:10E7D80087E0002B0BDB16001F00AB4219D9002085
:10E7E800002102B0E0BCBA46B146A846F0BD0027F9
:10E7F80046428F41AF4204D800D082E0A64200D8FA
:10E808007FE0002000218FE0002746428F419F4291
:10E81800E5D8AF4200D198E000239946390030008E
:10E82800F6F70EFC804629002000F6F709FC43465F
:10E838001B1A9846203B00D57CE0310099409A4647
:10E848000B003100404681400A00AB425FD85CD0E3
:10E858005146A41A9D41002900DA93E000210020C6
:10E8680001260090019151468E40019641460126AD
:10E878008E4041460096002950D0D90756080E43CD
:10E888005F084146012200230CE0AF4201D1A642B5
:10E898000AD8A41BBD4124196D410139A4185D4152
:10E8A800002906D0AF42F0D9013924196D41002959
:10E8B800F8D100980199534600196941002B48DBAB
:10E8C8002E002C00DE404346DC405346002B50DB34
:10E8D80034009C4023004446A6403200801A9941E7
:10E8E8001EE000236242AB4114001D0000298BDBAF
:10E8F80006000F00994200D971E702D1904200D971
:10E908006DE701235B42994688E7A142A0D900211F
:10E9180000200090019141460029AED1009801994C
:10E928004B46002B00D15CE703000C000021584245
:10E93800A14156E7424638009A46202331009040CC
:10E948009B1AD94003000B437BE7A64200D863E734
:10E9580045E7424620239B1A2A009A4026001300C6
:10E968004246D6402C001E434346DC405346002B0B
:10E97800AEDA42462023350094409B1ADD4023003E
:10E988002B43A8E7414620260127761A00200021BC
:10E99800F74000900191019768E7C04610B5034B16
:10E9A8000100186800F030F810BDC0469C760120C0
:10E9B80010B5034B0100186803F0EAFB10BDC04610
:10E9C8009C76012070B50F4E0D00316804000029B7
:10E9D80002D102F0C7FC30602900200002F0C2FC1E
:10E9E800431C03D101256D42280070BD0323C51CBB
:10E9F8009D43A842F8D0291A200002F0B3FC013048
:10EA0800F2D1EFE7D8F40120F7B50322CB1C9343EA
:10EA1800083305001F000C2B34D20C27B94233D819
:10EA2800280000F071F8374E33681C00002C2FD1F5
:10EA380039002800FFF7C6FF0400431C5FD1346883
:10EA48000094009B002B4AD1002C52D02368280048
:10EA5800E3180099019302F085FC019B834248D199
:10EA680023682800FF1A3900FFF7ACFF013040D0B7
:10EA78002368DB19236033685A68002A33D1009B66
:10EA8800336019E0002BC9DA0C232B600020FEBD8F
:10EA98002168C91B20D40B290AD9E2192760A3428F
:10EAA80004D1326063681160536005E05A60F9E789
:10EAB8006268A3420ED13260280000F02DF82000D1
:10EAC80007220B30231D9043C21A9842DFD01B1A2D
:10EAD800A350DCE75A60EFE723006468A6E7009CD0
:10EAE80063680093ADE71A005B68A342FBD100237B
:10EAF800DAE70C2328002B6000F00EF8C6E7076061
:10EB0800DAE7C046DCF4012010B5024802F07CFCCC
:10EB180010BDC04646F6012010B5024802F076FC4A
:10EB280010BDC04646F6012070B516000D0004F071
:10EB3800ABFA002E0DD06B236A00520D9B1A002BE6
:10EB480007DD0024034A1B059D182B002200FFF750
:10EB580047FA70BD0000F03FF0B5A3B01B92002249
:10EB680000260027059009911E921D910A782B2AEC
:10EB780053D03FD80D2A39D8082A39D8002A42D08C
:10EB88000022129200211D9D0C912A78302A00D073
:10EB980083E06A7820318A43582A00D073E00293D0
:10EBA800129B9B4A01931EAB009305981FAB1DA9AE
:10EBB80003F0A0FB0F2302001A400400069218423B
:10EBC80005D0062A2BD1002301351D9512931B9BD6
:10EBD800002B02D01D9B1B9A1360129B002B19D08F
:10EBE800802330001B06F91823B0F0BD202AC7D1B6
:10EBF8000131BAE72D2AC3D12C3A12924A1C1D9230
:10EC08004A78002ABED1099B1D93002312931B9BAF
:10EC1800002BDFD130003900E6E70022EDE71E9A2D
:10EC2800002A07D0352120A804F024FB1E99059856
:10EC380003F0E6FE06981F9B0138042806D8F5F76E
:10EC480091FF12031C1E1200209E219FE40502D58D
:10EC580080231B061F436F4B3B42B8D102F0A8FB31
:10EC680022230360B3E76C49219A209E0A406B492E
:10EC78005B181B051A431700E8E7664FE6E701260D
:10EC8800674F7642E2E71D9B5A1C1D925B78302B3A
:10EC9800F9D0002B9BD001230C931D9B0A221393C0
:10ECA800002310930D9308931D9804782300303B9C
:10ECB800D9B2092927D901225A4901F051FC002863
:10ECC80033D0002023008446089A0E900692202212
:10ECD800190091430A0000210791452A00D0CBE092
:10ECE800069B0C9A034313438B428CD01D9B0993BC
:10ECF80001331D93099B5B782B2B7BD00C002D2BAC
:10ED08007ED1012477E00899082909DC0D9951433F
:10ED18005B180D93089B0130013308931D90C3E7DE
:10ED2800109D55435B191093F4E71D9B5A1C1D92C7
:10ED3800089A5B78002A3ED00E9006921A00303A64
:10ED4800092A12D901229446C1E71D9B01305A1C99
:10ED58001D925B78302BF8D01A00313A082A44D833
:10ED68000E9000201D9A069013921C00421C303C05
:10ED7800302B1AD00E9B06999B180E930A239C469B
:10ED8800069D4B1C5D1BAA4217DCC343069ADB1782
:10ED98000340D1180132D318069308291CDC0A2332
:10EDA8000D9A53430022E3180D931D9B1000591C24
:10EDB8001D915B78C2E70898CCE7082905DC654611
:10EDC8000D9969430D911900DAE7102BFBDC6146B8
:10EDD800109D4D431095F6E700220F29E5DC0A2324
:10EDE800109D5D4363191093DFE700220E9206928F
:10EDF8000132A8E70024099B02331D93099B9B78E5
:10EE08001A00303A092A13D9099A1D92002232E0D1
:10EE1800647101200000F07FFFFFEFFF3304000062
:10EE2800FFFFFF7F4D4B01201D9B5A1C1D925B78F5
:10EE3800302BF9D0002207921A00313A082A1BD841
:10EE4800303B1A001D9B07931D9B591C1D915B7835
:10EE58001D00303D092D3AD9079D491B0D00B349C6
:10EE68000791082D03DC07928A4200DD0791002CE8
:10EE780002D0079A52420792069A002A4BD10C9A5E
:10EE8800104300D0A3E66246002A00D0BBE6692BF7
:10EE980025D021DC492B22D04E2B00D0B3E6A44943
:10EEA8001DA803F05DFC002800D1ACE61D9B1B7873
:10EEB800282B2AD19F4920AA1DA803F065FC052804
:10EEC80023D1219B9C4A209E1A4317007FE60A21E2
:10EED8004A43D218303AB7E76E2BE0D093E6974909
:10EEE8001DA803F03DFC002800D18CE61D9B944929
:10EEF800013B1DA81D9303F033FC002802D11D9B84
:10EF080001331D9300268C4F61E68E4802F09CFA6F
:10EF180006000F005BE6079B0E9A9B1A0C93089B52
:10EF2800002B01D1069B0893069C102C00DD1024B1
:10EF38000D98FFF74FFB069B06000F00092B13DC0B
:10EF48000C9B002B00D142E60C9B002B00DC7EE0E2
:10EF5800162B63DC7C49DB00C91832000868496855
:10EF68003B00FFF73DF8D3E72200774B093AD20080
:10EF78009B181A685B68FFF733F8060010980F00B3
:10EF8800FFF728FB0B00020039003000FEF76EFB8C
:10EF9800069B06000F000F2BD2DD069B1C1B0C9B4B
:10EFA800E418002C00DC9BE00F22230013401442DD
:10EFB8000AD06549DB00C9183200086849683B0077
:10EFC800FFF70EF806000F000F239C4373D026337B
:10EFD800FF339C424BDD0023069307930D93089360
:10EFE80022230026059A544F13600D9BB34200D18B
:10EFF800EDE51E99059803F003FD0899059803F0BF
:10F00800FFFC0799059803F0FBFC0D99059803F0A0
:10F01800F7FC0699059803F0F3FCD8E52523069A32
:10F028009B1A0C9A9342B8DB0F24069B464DE41AB0
:10F03800E10069183200086849683B00FEF7D0FF14
:10F048000C9B1C1BE4002D192A686B6889E70C9B34
:10F058001633A2DB07990E9A3B4B521AD2009B1823
:10F0680030001A685B68390005F01CFB50E7002384
:10F0780030003900354D24110993012C1EDC002B7A
:10F0880001D006000F00324B099AFF182F4BD5000C
:10F098005D193200286869683B00FEF7A1FF264B1E
:10F0A8002C4A06000B40934295D82B4A934213D919
:10F0B80001262A4F76420023099386E00122144252
:10F0C80004D02A686B68FEF78BFF0123099A641045
:10F0D800013209920835D0E7D4239B04CF18EAE718
:10F0E800002CE8D064420F2322001A401C420AD0A8
:10F0F800154BD2009B1830001A685B68390005F080
:10F10800D1FA06000F002411D5D01F2C28DD0023CA
:10F11800069307930D9308932223059A00261360FC
:10F128000D9B0027002B00D063E750E51F4E000021
:10F1380026680120507101200000F07F1E68012020
:10F14800516901201868012098720120707201200D
:10F158000000B0FC0000A07C0000907CFFFFEF7F67
:10F16800102322001A4009921C4201D05A330993F5
:10F17800300039000023C04D0122144204D02A680F
:10F188006B68FEF72DFF012364100835002CF3D1BE
:10F19800002B01D006000F00099B002B0DD06B231C
:10F1A8007A00520D39009B1A002B06DD1F2B5CDDFF
:10F1B8000026342B52DDDC27BF0400220023300058
:10F1C8003900F5F773FE0028A1D10D9B089A00932A
:10F1D8001399069B059803F07BFC0D90002800D13D
:10F1E800F9E60C9B0799DB430E9ADB17521A149227
:10F1F8000C9A1499D21711400C9A14911A400023B2
:10F208001A92069307930D9B0598596803F0B4FB6F
:10F218000890002800D1E3E60D9B0C3019001A690C
:10F228000C310232920002F005F920AB01931FABBA
:10F23800009332003B0005981096119703F090FF59
:10F248001E90002800D1CBE60121059803F0DCFCD4
:10F25800079000280ED100230793C1E64B239A1A82
:10F268004C3B934019400F00A7E7012252429A40B5
:10F278001640A2E71F9B1A9A149DD41A002B01DB93
:10F288001A9C5D190999209A5B1A36219B188A1ACB
:10F298007A4901208C460021013B1591169063455F
:10F2A80006DA6146C91A521A1F293FDC88401690AF
:10F2B800AB180E93A418099B0E9A1C192B009542A3
:10F2C80000DD1300A34200DD2300002B04DD0E9AAD
:10F2D800E41AD21A0E92ED1A149B002B16DD1A00AE
:10F2E8000799059803F052FD07900028B3D0010054
:10F2F8001E9A059803F0A0FC1390002800D16FE631
:10F308001E99059803F07CFB139B1E930E9B002B04
:10F3180012DC0C9B002B18DD1A9A0899059803F04B
:10F3280035FD0890002810D1002358E65449CB1A1F
:10F33800010099401591BAE70E9A1E99059803F0B5
:10F3480081FD1E900028E4D14AE6002C07DD22004A
:10F358000899059803F076FD08900028E4D0002D60
:10F3680008DD2A000799059803F06CFD079000282E
:10F3780000D135E6089A1E99059803F0EBFD069032
:10F38800002800D12CE6C368079913930023C360B3
:10F3980003F0C4FD00283BDA139B334367D13B03DA
:10F3A80065D1D622374BD2043B4093425FD9069BA6
:10F3B8005B69002B03D1069B1B69012B57DD06995E
:10F3C8000122059803F03EFD0799069003F0A6FD7B
:10F3D80000284CDD2B4B099A3B40002A74D0D622DA
:10F3E800D204934270D8DC229204934200D893E668
:10F3F80030003900244B0022FEF7F2FD214B0600B5
:10F408000F000B4200D0F4E52223059A1360F0E5C3
:10F418000E97002875D1139A3B031B0B002A39D08D
:10F428001A4A934238D10121099B49423200080007
:10F43800002B0BD0D424134B08003B40E404A34218
:10F4480004D86C301B0DC31A99400800824223D19E
:10F458000F4B0E99994202D1013200D1C0E5094BF8
:10F468000E9A00261A401300802252039F18099B07
:10F47800002BBDD1BDE5C0467871012002FCFFFF1D
:10F48800E2FBFFFF0000F07F00005039FFFF0F0094
:10F49800FFFFEF7F33439DD0159B002B1CD00E9BA5
:10F4A800159A1342E3D0139B30003900099A002BB8
:10F4B80016D0FFF739FB02000B0010981199FEF7E0
:10F4C800D5F806000F00D2E70126924A76429B182B
:10F4D800914A1A431700CAE7169B3342C7D0E2E79E
:10F4E800FFF722FB02000B001098119905F0DCFBD6
:10F4F8000022002306000F00F5F7D8FC0028B6D03C
:10F508000AE60799069803F08BFE80230022DB05A4
:10F5180004000D00F5F7DAFC00286CD0139B002BD3
:10F5280077D1002E57D10E9B1B035AD10022200001
:10F5380029007A4BF5F7C0FC002859D12000290092
:10F548000022774BFEF74CFD04000D0080231B06BC
:10F55800EB180A940B930A9A0B9B16921793714A0D
:10F568000E9B13401593159A6F4B9A4200D087E073
:10F578006E4A0E9B944663441F003000190003F046
:10F5880083FD0A9A0B9BFEF72BFD32003B00FEF72A
:10F598006DF8644A664B06000A409A4240D9119BAE
:10F5A800644A934203D1109B013300D118E5012628
:10F5B800604F76421E99059803F022FA089905983B
:10F5C80003F01EFA0799059803F01AFA06990598A8
:10F5D80003F016FA17E6012E03D10E9B002B00D17B
:10F5E8009AE50023544C4D4D0A930B940024B2E73E
:10F5F80000244B4DAAE720002900494B0022FEF7C2
:10F60800EFFC139B04000D00002B9FD00A940B9570
:10F61800A1E70023414C25000A930B941C009AE7AC
:10F62800D4239B04CF18099B1097002BC2D13D4BC4
:10F63800159A3B409A42BDD12000290004F0CCFF26
:10F6480005F004F802000B002000290005F02CFB4F
:10F658003C03139B240B34430E900F91374A1C43F1
:10F6680052D0374BF5F728FC002800D0C1E40E989B
:10F678000F99344A2A4BF5F733FC00289AD0B8E49E
:10F68800099B002B2AD0D423159ADB049A4225D84B
:10F69800200029002C4A2D4BF5F718FC002816D01D
:10F6A8002000290004F07AFF002800D10130FEF77D
:10F6B80091FF139B04000D00002B22D180231B0611
:10F6C800CB1818901993189A199B16921793D6224B
:10F6D800179BD2049B18159A9B1A17931098119987
:10F6E800169E179F03F0D0FC02000B003000390073
:10F6F800FEF776FC109A119BFDF7B8FF06000F0085
:10F7080091E718941995DEE7114B0E980F99F5F7C4
:10F71800D3FBB2E70000F0FFFFFF0F000000F03F4F
:10F728000000E03F0000F07F0000E07F0000B0FC38
:10F73800FFFF9F7CFFFFEF7F0000F0BF9535A0948F
:10F74800FFFFDF3F35E5AF350000C0FFFFFFDF41BA
:10F75800FFFFCF3FF7B5294C0A00294B010020686D
:10F76800FFF7FAF902000B0006000F0005F024FE6F
:10F7780000280ED02348002F07DA01F06BFE802303
:10F788001B06C31801930198FEBD01F063FE0190AA
:10F79800F9E739003000FEF789FF0190019B1A490B
:10F7A8005D006D08281C04F067FF002819D1164970
:10F7B800281CF5F7C5FB002813D101227B005D0842
:10F7C80030002900114B524205F0F6FD002810D1F7
:10F7D8000122300029000D4B5242F5F777FB002833
:10F7E80007D1FF23019ADB051342CCD1084B3B42DA
:10F7F800C9D02222014B1B681A60C4E79C760120FD
:10F808003075012018680120FFFF7F7FFFFFEF7F21
:10F818000000F07FF0B51F00002316008BB09F4258
:10F8280004DA802109067B181F002D23129A149DE3
:10F838001370202303229D43462D07D02B00453B00
:10F8480059424B411099013ACB18109309AB0493D4
:10F8580008AB0393139B00920293109B3200019311
:10F868003B0001F0A9FE0400472D1BD1119BDB07CB
:10F8780011D5109BC31807930022002330003900CC
:10F88800F5F714FB002801D0079B09933022099B48
:10F8980007998B4220D32000099B159A1B1B1360E4
:10F8A8000BB0F0BD109BC3180793462DE4D1037825
:10F8B800302B0CD10022002330003900F5F7F6FA7E
:10F8C800002804D10123109A9B1A139A1360139BE2
:10F8D800079A1B68D318CEE7591C09911A70D6E706
:10F8E800F0B52B2305000C0085B00270002901DA61
:10F8F8004C4202336B70092C2CDD02ABDE1D20005C
:10F908000A21F5F7BDFA37003031013E2000317089
:10F918000A210194F5F7CEF9019B0400632BEEDC74
:10F92800BA1EA81C010013003034147002AC07344E
:10F938009C420AD80023944203D3093302AA9B1895
:10F94800DB1BC018401B05B0F0BD1C7801330C70E0
:10F958000131EBE73023E418AB70281DEC70F1E7B8
:10F96800F0B597B00D000A921C9C0B93099001F01A
:10F97800BBFC036818000D93F5F778FB00230F9084
:10F9880014932B7E07220C932B680E930E992368F1
:10F99800C90545D59B1893431A00083222600122F5
:10F9A8001E685F687B005B0811931096AE64EF6475
:10F9B80010981199A74B524205F0FEFC002831D14E
:10F9C800109811990122A34B5242F5F77FFA0028AB
:10F9D80028D10022002330003900F5F76DFA0028FD
:10F9E80003D02B002D2243331A700C9B9A4F472BC0
:10F9F80000D89A4F032300240E9A2B6101339A43AF
:10FA08002A600B9B2900009309980A9B15AA00F00D
:10FA1800E5F9013000D09EE00120404217B0F0BD6A
:10FA28000733B8E732003B003000390005F0C4FC6A
:10FA380000280BD0002F03DA2B002D2243331A7035
:10FA48000C9B874F472BD5D8864FD3E720220C9C99
:10FA58006B6894435A1C46D107336B6080230E9A17
:10FA6800DB00134300222B60069214AA05920C9A1D
:10FA78000AA9049213AA039223225218029201930C
:10FA88006B683200009309983B00FFF7C3FE139A96
:10FA98000700472C2DD1D31C02DB6B689A4247DD47
:10FAA8000C9B023BDBB20C93280013990C9A01398A
:10FAB80050301391FFF714FF149A040013182B61A8
:10FAC800012A02DC2A68D20701D501332B612323DE
:10FAD8000AAA9B181B78002B00D192E72B002D2235
:10FAE80043331A708DE7472CB8D1002BB6D10133B8
:10FAF800B3E70C9B652BD7D90C9B662B1AD16B6887
:10FB0800002A09DD2A61002B02D12968C9070BD513
:10FB180001339B182B6107E0002B03D101222968D0
:10FB2800114200D09A1C2A61139B0024AB65CEE7D2
:10FB380067230C931399149B994206DB2B68296160
:10FB4800DB07F1D501312961EEE701220029E0DC6C
:10FB58009218521ADDE72A68530508D42B693A002F
:10FB68000A9909980B9CA047013029D154E70C9BAE
:10FB7800652B00D8DBE0A86CE96C00220023F5F7C0
:10FB880095F9002833D00123374A0A9909980B9C24
:10FB9800A047013000D13FE7149E139BB34202DB1C
:10FBA8002B68DB070CD50B9C0F9B0D9A0A990998BB
:10FBB800A0470024013000D12EE7731EA3420ADCBF
:10FBC8002B689B0700D506E1159BE868984200DB87
:10FBD80024E7180022E72A0001230A9909980B9FB5
:10FBE8001A32B847013000D116E70134E5E7139B14
:10FBF800002B3BDC01231C4A0A9909980B9CA0475F
:10FC0800013000D108E7149E139B334302D12B68BF
:10FC1800DB07D5D50F9B0D9A0A9909980B9CA0472D
:10FC28000023013000D1F7E60C93139B0C9A5B423A
:10FC3800934201DC330092E72A0001230A990998CC
:10FC48000B9C1A32A047013000D1E5E60C9B01332A
:10FC5800EAE7C046FFFFEF7F1D6801201968012011
:10FC68002568012021680120A76A0120149BAE6D38
:10FC78000C939E4200DD1E00002E31DCF34300246D
:10FC8800DB1733400E93AE6D0E9BF31AA34230DCA4
:10FC9800139B0C9A9A4238DC2B68DB0735D4139CEB
:10FCA8000C9B0C9A9B1B141B9C4200DD1C00002C17
:10FCB80034DCE3430026DB171C40139B0C9AD31A51
:10FCC8001B1BB34200DC7BE72A0001230A99099831
:10FCD8000B9F1A32B847013000D19DE60136ECE798
:10FCE80033003A000A9909980B9CA0470130C5D106
:10FCF80092E62A0001230A9909980B9E1A32B04706
:10FD0800013000D188E60134BDE70F9B0D9A0A99AE
:10FD180009980B9CA0470130C1D17DE6BA19230090
:10FD28000A9909980B9EB0470130C2D174E6149B1A
:10FD38000C93012B02DC01231A4239D001233A002B
:10FD48000A9909980B9EB047013000D164E60F9BD1
:10FD58000D9A0A9909980B9EB047013000D15BE6CD
:10FD6800A86CE96C0C9B0022013B0C930023F5F76F
:10FD78009DF800281AD10C9B7A1C0A9909980B9EA9
:10FD8800B04701300ED147E62A0001230A990998A5
:10FD98000B9F1A32B847013000D13DE601360C9B63
:10FDA8009E42F1DB2A0023005032D9E60026F6E70E
:10FDB8003A00E2E72A0001230A9909980B9E1932B2
:10FDC800B047013000D127E60134EB68159A9B1A39
:10FDD800A342EFDCF8E60024F7E7C046F7B51600C3
:10FDE80001938A680B690C000090934200DA1300B3
:10FDF8002200336043321278002A01D00133336085
:10FE080023689B0602D533680233336022680623D1
:10FE180015001D401A4227D0230043331B785A1E71
:10FE280093412268920630D4220001990098089DD7
:10FE38004332A847013025D0062223680025134005
:10FE4800042B05D13368E568ED1AEB43DB171D4039
:10FE5800A3682269934201DD9B1AED180026B5427A
:10FE680020D1002010E00135E36832689B1AAB42CC
:10FE7800D2DD2200012301990098089F1932B84762
:10FE88000130F0D101204042FEBD3020E11843315D
:10FE9800087021005A1C45310978A21843320233F0
:10FEA8001170C1E72200012301990098089F1A32B6
:10FEB800B8470130E6D00136D1E70000F0B58BB085
:10FEC80006920A0043320793059003920A7E0C00BB
:10FED800109B782A09D8622A0BD8002A00D1BAE0E8
:10FEE8007A490491582A00D18EE0250042352A70BB
:10FEF80022E0100063381528F7D8F4F73DFE160005
:10FF08001F00F6FFF6FFF6FFF6FF1F00F6FFF6FFED
:10FF1800F6FFF6FF9F0036007E00F6FFF6FFB00002
:10FF2800F6FF3600F6FFF6FF820025001A68423514
:10FF3800111D196013682B7001239EE01868096869
:10FF4800021D0D060BD506681A60002E03DA2D2354
:10FF5800039A764213705D4B0A27049318E00668EB
:10FF68001A604906F1D536B2EFE70868196840C942
:10FF7800050602D4400600D5B6B21960534B0A27CD
:10FF880004936F2A00D1023F2300002243331A70E2
:10FF98006368A360002B06DB04212268039D8A4363
:10FFA800226033430CD0039D30003900F4F77EFE05
:10FFB800049B013D5B5C2B70330006009F42F3D924
:10FFC800082F09D12368DB0706D5626823699A429E
:10FFD80002DC3023013D2B70039B5B1B2361079BD5
:10FFE800210000930598069B09AAFFF7F7FE013048
:08FFF80048D1012040420BB08A
:020000041001E9
:10000000F0BD202209680A43226078223249049117
:10001000210045310A701968226840C9100602D4CF
:10002000500600D5B6B21960D30702D5202313437A
:100030002360002E01D01027AAE7202223689343D3
:100040002360F8E71A680D68101D49691860136885
:100050002E0601D5196002E06D06FBD5198000233C
:10006000039D2361BFE71A68111D196015680021FF
:100070002800626801F0D7F9002801D0401B6060B9
:10008000636823610023039A1370ACE72A00236995
:1000900006990598079DA8470130AED023689B07B5
:1000A00015D4099BE0689842A9DA1800A7E7220056
:1000B000012306990598079E1932B04701309CD05C
:1000C0000135E368099A9B1AAB42F0DCE9E70025A9
:1000D000F7E7C046296801203A680120002310B5DF
:1000E000040003604360836081814366C2810361D1
:1000F00043618361190008225C3000F02DFA0B4B3C
:10010000246263620A4BA3620A4BE3620A4B2363D5
:100110000A4B9C4205D00A4B9C4202D0094B9C42A0
:1001200003D12000583001F071F910BDC1E8002062
:10013000EDE8002025E9002051E90020E0F401204D
:1001400048F50120B0F5012010B5034A03490448E1
:1001500000F06CF810BDC0461C7501203D1D01204B
:10016000A076012041680B4B10B50400994201D0E4
:1001700003F030FBA168084B994202D0200003F045
:1001800029FBE168054B994202D0200003F022FBD5
:1001900010BDC046E0F4012048F50120B0F5012073
:1001A00010B5094B094A04211A6009480022FFF7DB
:1001B00095FF012209210748FFF790FF0222122133
:1001C0000548FFF78BFF10BD18F60120B1E60020AF
:1001D000E0F4012048F50120B0F5012010B50248F7
:1001E00001F016F910BDC04647F6012010B50248CF
:1001F00001F010F910BDC04647F6012010B504000B
:10020000FFF7ECFF236A002B02D0FFF7EFFF10BDD2
:10021000044B2362044B1B68002BF6D1FFF7C0FF91
:10022000F3E7C046CDE6002018F60120F7B514002C
:10023000002600900191A5686768013F04D52468F5
:10024000002CF8D13000FEBDAB89012B08D90E225D
:10025000AB5E013304D029000098019B9847064308
:100260006835EAE70FB407B5054904AB086804CB65
:100270008168019303F00CF903B008BC04B018477F
:100280009C76012010B5034B01001868826803F0CA
:1002900048FB10BD9C760120036A70B505000E0076
:1002A0008468002B01D1FFF7A9FF636EDB0705D43B
:1002B000A3899B0502D4A06D01F0AAF8A3891B07AE
:1002C00002D52369002B1FD12100280000F0D4F8AB
:1002D000002819D001256D42636EDB0705D4A38980
:1002E0009B0502D4A06D01F095F8280070BD013681
:1002F000A360002B04DAA2699A4216DC0A2914D002
:1003000023685A1C22601970A3683178013B0029C8
:10031000EDD1A360002B0FDA220028000A3100F093
:1003200069F80130D6D00A25D6E72200280000F06F
:1003300061F80130E8D1CDE723685A1C22600A2217
:100340001A70F0E710B5034B01001868FFF7A4FF1F
:1003500010BDC0469C76012070B50C000E25495F8B
:1003600000F0F0FF002803DB636D1B18636570BDB0
:10037000A389024A1340A381F9E7C046FFEFFFFFBC
:1003800000207047F8B51F008B8905000C0016008F
:10039000DB0505D50E23C95E0022022300F0BEFF57
:1003A000A389054A28001340A38132000E23E15E91
:1003B0003B0000F0EDFFF8BDFFEFFFFF70B50C0054
:1003C0000E25495F00F0AAFFA389421C03D1054A0C
:1003D0001340A38170BD802252011343A381606545
:1003E000F8E7C046FFEFFFFF10B50E23C95E00F02F
:1003F00083FF10BDF8B506000D001400002804D0DE
:10040000036A002B01D1FFF7F9FEA369A360A3895A
:100410001B0702D52369002B09D12100300000F011
:100420002BF8002803D001256D422800F8BD236970
:100430002068EFB2C01A6369EDB2834205DC210087
:10044000300003F0C7F90028EDD1A3680130013B6B
:10045000A36023685A1C22601F706369834204D022
:10046000A389DB07E1D50A2DDFD12100300003F09D
:10047000B1F90028D9D0D6E72D4B70B50500186822
:100480000C00002804D0036A002B01D1FFF7B6FE50
:100490000C22A35E1A0723D4DA0607D409222A60A5
:1004A000402201201343A38140423AE05B0713D569
:1004B000616B002908D023004433994202D0280000
:1004C00001F06AFE002363632422A3899343A3817E
:1004D00000236360236923600823A2891343A38157
:1004E0002369002B0BD1A0218022A38989009200CF
:1004F0000B40934203D02100280003F0D1F90C22D5
:10050000A35E01211A000A400B420BD00022A26018
:1005100062695242A26100202269824201D11A0618
:10052000BED470BD990700D46269A260F3E7C046EB
:100530009C76012010B5884202D98B18984208D3C6
:1005400000239A4207D0CC5CC4540133F9E78B5C9A
:100550008354013AFBD210BD03008218934200D1AC
:10056000704719700133F9E730B50500101E0BD044
:100570000024013A2B5D085D834204D1944202D0ED
:100580000134002BF6D1181A30BD00000B4B70B5AA
:100590001D6804006B6B002B0AD12420FEF702FAC1
:1005A000021E686304D13221054B064800F05AFF51
:1005B000696B200000F008F870BDC0469C760120F1
:1005C0004B68012062680120F7B50C00060003F0BB
:1005D00007FA21000500300003F006FA724A436969
:1005E00004009F189B0706D164213800F4F74CFCE7
:1005F0000123002906D1C82138004900F4F744FC42
:100600004B424B4130225B421340684A9B18019396
:1006100000F038FC00F046FC654B1B68002B00D155
:1006200068E06B68BB4257D106CE2E68286A6B6AB9
:10063000002E59D193425FDC01D188425CD801235E
:1006400023622F6DE12138000901F4F71DFC0E0033
:100650003C213000F4F718FC256830006D1A256045
:100660003C21F4F72BFBE12166680901361A66602C
:100670003800F4F723FBA368181AA0603B2D49DD6E
:10068000013666603C3D256063683B2B48DD0130E8
:10069000A0603C3B6360A16817294EDDE369A26955
:1006A00001330132E361062A00DD0022E368A26122
:1006B0002269183901980133A160E360910009585B
:1006C0008B4205DD5B1AE360531C0B2A2ED023619D
:1006D00000F0E0FB2000FEBD380000F019FB002810
:1006E000A2D101235B4205E0934202DC04D188429F
:1006F00002D9002323620BE0E86C0123904204DC62
:1007000002D1AA6C8A4200D800232362012B98D020
:10071000AF6A97E7002DB7DA013E66603C35B2E775
:10072000002BB8DA0138A0603C33B3E700226369DC
:10073000226101336361E261CAE70029C8DAE36933
:10074000A269013BE361013A00D50622A261E26899
:100750001831013AE260A160002AB9D12369013B56
:1007600006D423612369019A9B009B58E360AFE79D
:100770000B2365690F4A23616B1E6361AD189B07EC
:1007800006D164212800F4F77FFB0123002906D15C
:10079000C82128004900F4F777FB4B424B416D33E9
:1007A000FF33E361DEE7C0466C0700000072012002
:1007B0003CF601206B070000F7B5016804003B29F7
:1007C0000BD93C22684600F06BFE63680099019AE1
:1007D0005B186360002A4ADB226061683B290BD901
:1007E0003C22684600F05CFEA3680099019A5B1801
:1007F000A360002A40DB6260A16817290BD9182288
:10080000684600F04DFEE3680099019A5B18E360CA
:10081000002A36DBA26021690B290BD90C2268461D
:1008200000F03EFE63690099019A5B186361002A3B
:100830002CDB226165691C23AA070FD164212800E3
:10084000F4F722FB1D23002908D13A4B9131E81817
:10085000FF31F4F719FB4B424B411C33E2681D2773
:10086000354D002A5BDCE668002E14DDF7BD3C3216
:10087000013B22606360B0E73C32013B6260A360F1
:10088000BAE71832013BA260E360C4E70C32013BD7
:1008900022616361CEE72269013A2261013217D1F8
:1008A0000B23032265692361681E606111331042C6
:1008B0000ED16421F4F7E8FA3B00002908D11F4B60
:1008C0009131E818FF31F4F7DFFA4B424B411C330A
:1008D00021691A00012902D0174A89008A58B218E2
:1008E000E260C0E7091A0132E16022610C2A16D1E8
:1008F000002366692361701C60611C3382070ED17E
:100900006421F4F7C1FA1D23002908D10C4B913161
:10091000F018FF31F4F7B8FA4B424B411C3322690F
:100920001800E168012A01D0900040598142D9DCC9
:100930009CE7C0466C070000D07101206B070000E7
:100940006D070000F0B58DB0040003F049F8070012
:100950002000FFF731FF3C226368A16853432268FF
:100960009B18E12212014A4321699B180093C34A54
:10097000DB1701938800E3688258013B9B180693BC
:1009800063690393012913DD9B0711D16421039847
:10099000F4F77AFA002908D1039BB94A9131FF3163
:1009A0009818F4F771FA002902D1069B01330693D7
:1009B000069BB449E361039BB34A5B18934200D999
:1009C00091E1039B462B00DCDCE004224623032656
:1009D000944619003140334200D0D0E00220AB4DA4
:1009E000AB4A5D43C5416D30FF3095420BD8A44AF8
:1009F0009818A64A42436046C241A64890424941DF
:100A00006E31FF310800069A013312180692039ADC
:100A10009A42DED1069BA04A0698D9170023FCF71C
:100A20009BF9009A019B12184B410092019300F030
:100A300029FA00F037FA994B1B68002B00D15BE1D3
:100A40008F4B6069C018236A07930993002B01DD5F
:100A5000012309937B68834200D0D5E03B6D1800E9
:100A6000D91708933A6A7B6A121A8B41049205934C
:100A7000BA6CFB6C0A920B930A9D0B9EBB6A1A0020
:100A80009C46DB17AD1A9E412A00019D3300AE4201
:100A900011DC02D1009DAA420DD80A9D0B9E2D1A91
:100AA0008E412800019DAE4200DDB2E003D1009DE1
:100AB000A84200D9ADE03968002900D1ABE0019926
:100AC0000598884200DD12E104D10099049888421B
:100AD00000D90CE1019901258B4204DC02D1009977
:100AE0008A4200D80025079B002B00DAAAE0099E65
:100AF0006E40012E00D0A5E06246089B9B1A002D97
:100B000002D06346089A9B1A18002268D917D21897
:100B10002260009A019B12184B4100920193E368F6
:100B200020000493FFF748FEE268049B0499D31A5F
:100B30008A4200D186E0012B7EDC5A1C00DB1E00BD
:100B4000069BE2699B1906930323B61800D4A9E01B
:100B5000039A501E184272D16421F4F795F90029C6
:100B600000D088E04E4B03989C4691316044FF31A1
:100B7000F4F78AF94B4259416D31FF3161E06E2043
:100B8000FF3040E7039B4525462B00D142E7B726BF
:100B900076000323039A2B40AA4216DB002B2ED1AA
:100BA00064211000F4F770F900292AD1039B344A1C
:100BB00091319818FF31F4F767F94B4259416E3182
:100BC000FF31069B5B1A069324E7002B15D16421A5
:100BD0002800F4F759F93300002909D1284B913145
:100BE000E818FF31F4F750F94B424B416E33FF33B5
:100BF000069A013DD31A0693CBE76E23F7E76E21E1
:100C0000DEE7B7214900DCE700F082F8002800D0D9
:100C100024E7099D16E001990598884200DD59E70F
:100C200004D100990498884200D953E7079B012515
:100C3000002B00DB5BE707E00126764280E7B62168
:100C40004900E161012D58D13B6D01251E00DF17E0
:100C5000009A019BB6185F4100F01CF90698072125
:100C60000430F4F711F900293BDB2562A161300063
:100C700039000DB0F0BD6E217FE7C046A0710120A4
:100C80006C07000010270000204E0000295C8FC276
:100C9000285C8F020AD7A300805101003CF6012096
:100CA0006B070000039A1A4216D164211000F4F772
:100CB000EBF8002912D1154B03989C469131604402
:100CC000FF31F4F7E1F84B4259416E31FF318E426A
:100CD00000DB761AE661B5E76E21F7E7B721490038
:100CE000F5E70731C1E701267642F717BFE7002590
:100CF000079BAB4200DBFAE60025BB6A1E00DF174C
:100D0000009A019BB6185F41A6E7C0466C07000039
:100D1000F0B589B0070002F063FE534B05000020D8
:100D20009F4263DD6E246421504BFF34FB185C430B
:100D30004F4B4942FB189B10E4184E4B6F60F8185C
:100D4000F3F7BCFFC8214C4B24184900F818F3F7FF
:100D5000B5FF231801932B002E0058330836079354
:100D6000F268337800924A2B42D1019B9C18BB0752
:100D700005D164213800F4F787F8002907D1C8218C
:100D800038004900F4F780F80023994204D1009A12
:100D900001233B2A00DC0023E01801380023374AF6
:100DA000C117FBF7D9FF33690293DB170393029B4B
:100DB000039CC0186141336A0493DB170593049BBD
:100DC000059CC0186141079BB061F1612836B342B0
:100DD000C6D1E96C6A6A0123914205DC03D1A96C92
:100DE0002A6A914200D8002301202B6009B0F0BD8F
:100DF000442B04D1019B00989C466044CEE7BB077E
:100E000006D164213800F4F73FF80123002906D108
:100E1000C82138004900F4F737F84B424B413022E3
:100E20005B421340002216487168019C1B18013276
:100E3000900018580690914211DC0721201DF4F70C
:100E400023F8009B591A00D507310723B268013AED
:100E500053435B18069A934204DAE0189EE706981B
:100E60002418E4E7073BF5E7B10700004EF8FFFF61
:100E70004FF8FFFF93F8FFFFBFF9FFFF805101001C
:100E8000FC71012010B5024800F0C1FA10BDC04647
:100E900044F6012010B5024800F0BBFA10BDC04670
:100EA00044F6012010B5024B186800F003F810BD9D
:100EB0009C760120F0B58FB0060002F091FDCC4980
:100EC0000700300001F044FDCA4C051E22D1CA4B78
:100ED000CA4A1860CA4BF8601860CA4B386178611A
:100EE000B861B86238004A211A605A6000220023B3
:100EF00030303A627B6239720170BA64FB642068F8
:100F00007D63BD63FD633D643D65FDF755FD256073
:100F10000FB0F0BD2168002900D089E02068FDF7FE
:100F20004BFD2800F4F7A6F8411C3000FDF770FDDA
:100F30002060002800D081E00023AF4AB24913604E
:100F4000AF4A3C001360AF4A0020116051604A2252
:100F5000002130343A7238627962FB603B617B6118
:100F6000BB61BB622270B864F9647B63BB63FB63E3
:100F70003B643B652B783A3B5A425341ED182B7842
:100F8000A24A3C2B5ED16C1C2000A1490CAB02F0A4
:100F9000FFFC0028BCDD0C9BDA1E072AB8D8E35CF6
:100FA00002353E2BB4D10C9BEC18EB5C2D2B56D1AB
:100FB0002E3B01340493162504ABED1800230AAE32
:100FC0002B8033800CAB200092490393029601934F
:100FD000009509AA02F0DCFC002899DD3C232A8850
:100FE000534332889B1804AA918AE12212014A4392
:100FF0009B18049A5A430C9B0492E618E35C864AB9
:101000003C2B00D0CDE0741C200081490CAB02F0D9
:10101000BFFC00282ADC73783E2B27D1794B7B4A12
:101020001A605A60049B049ABB62734B1A606FE7A4
:10103000F4F716F8002800D070E769E7290000F0FF
:10104000EAF979E7280075490CAB02F0A1FC002809
:1010500000DC5DE70C9B033B072BA4D958E701227A
:101060002B3B04925A425341E418A4E70C9BDA1E2E
:10107000072A00D94CE7E35C02363E2B00D047E755
:101080000C9BF418F35C2D2B00D098E02E3B013420
:101090000593002304AA0AAE93822B8033800C931D
:1010A0000CAB20005B49039302960193009509AABB
:1010B00002F06EFC002800DD88E0594A049B94464B
:1010C000634407930C9B3D00E41800230835059307
:1010D00023782C3B5A425341E41826784D2E00D0F9
:1010E000A4E00CAB03931E2304AA9B181A220293BC
:1010F0000CAB04A801930BAB0093121849492000D4
:101100000CAB02F045FC032800D001E704AB598B7F
:101110004B1E0B2B00D9FBE604AB9A8B531E042B02
:1011200000D9F5E604ABDB8B062B00D9F0E62E7078
:101130006960AA60EB600C9EA6190223002409AA2C
:10114000138004A914335B180AA81C8004800C9433
:1011500031782F2900D095E03349029006910CA9EF
:1011600003910191009330000B00069902F010FCEE
:10117000A04200DD86E038004A2100220023303002
:101180003A627B623972FC603C617C61BC61BC622A
:101190000170BA64FB647C63BC63FC633C643C65C3
:1011A000B6E630001D490CAB02F0F2FB002800DC73
:1011B00034E70C9B033B072B00D861E7A8E601222C
:1011C0002B3B05925A425341E41862E73C232A889C
:1011D000534332889B1804AA918AE12212014A43A0
:1011E0009B18059A5A4307926CE701236FE7C046A4
:1011F000BC6801201CF6012038F60120BF680120E0
:101200003CF6012028750120186801202CF60120E9
:10121000C3680120F868012020F60120D66801206B
:10122000F0F1FFFFE4680120F768012044230693F2
:101230004A2E01D1013406960A2220000DA902F09F
:10124000E7F81E2304AA0D9E9B181880A64214D10D
:10125000059A4D23002A06D13B724A3BFB60013BB5
:101260003B617A6169E73A00303213700B237B638C
:101270000A3BBB630023FB635FE7069B80B22B70D6
:10128000E8605AE7162304AA9B181A883C235343A4
:101290000AAA12889B1809AA1188E12212014A435E
:1012A0009B182B610C9C059B34192835002B9CD076
:1012B000049B0A4ABB62079B78683B65084B1A602F
:1012C000084A5A60FFF724FDBA6A074B07491A60BB
:1012D0003B6D9B1A5A1E93410B6019E62CF60120B8
:1012E0002875012020F6012038F601203CF6012067
:1012F0000048704720760120002370B5064D040099
:1013000008002B60F5F7E0F8431C03D12B68002B95
:1013100000D0236070BDC04640F6012070B50400C7
:10132000080011001A000023054D2B60F5F7CFF8D7
:10133000431C03D12B68002B00D0236070BDC04636
:1013400040F6012070B50400080011001A000023C7
:10135000054D2B60F5F7C2F8431C03D12B68002B19
:1013600000D0236070BDC04640F60120002370B558
:10137000064D040008002B6004F080F8431C03D1E4
:101380002B68002B00D0236070BDC04640F60120C2
:1013900070B50400080011001A000023054D2B60F1
:1013A000F5F760F8431C03D12B68002B00D02360B5
:1013B00070BDC04640F60120014B18687047C0461A
:1013C0009C76012070B500260C4C0D4D641BA410BA
:1013D000A64209D1002604F061F80A4C0A4D641BAC
:1013E000A410A64205D170BDB300EB589847013652
:1013F000EEE7B300EB5898470136F2E7AC740120F2
:10140000AC740120B0740120AC74012070477047A7
:1014100070477047704703000A7801311A70013332
:10142000002AF9D17047C9B28218904201D1002038
:10143000704703788B42FBD00130F6E7002310B5EC
:101440009A4200D110BDCC5CC4540133F8E70000CF
:10145000002001497047C0460000F87F00487047EF
:101460000000C07F7FB514001A00094B05001B68FF
:101470000E00D868074B002C01D1074B1C00074910
:10148000019302942B00009602F0D0F902F09EFB2B
:101490009C76012012690120186801201F69012033
:1014A00010B5040008001100F3F7EEFC2060616045
:1014B000200010BDF0B503690C6989B00390069156
:1014C0000020A34263DB0B00013C1433A50004930E
:1014D0005B190593039B143301935D19059B2F68DA
:1014E0001E68380001363100F3F75EFB0290B74208
:1014F00027D3049B00279C46019E0797624608CA93
:1015000030689446029A99B251431B0C5343C9194F
:101510000A0C9B1889B282B2521A07991F0C5218F2
:10152000000C9BB21114C31A5B18191492B21B045D
:101530001A43059B079104C66345DFD22B68002B35
:101540002BD00699039801F0EDFC00281EDB002645
:10155000019D049901C92B6887B29AB2D21B9219D6
:10156000000C1B0C1B1A10141B181E1492B21B0427
:101570001A43059B04C58B42ECD2019AA300D318F1
:101580001A68002A14D0029B01330293029809B012
:10159000F0BD2B68002B04D1013C019B043DAB4204
:1015A000F7D3039B1C61CCE71A68002A04D1013CE5
:1015B000019A043B9A42F7D3039B1C61E3E70000C6
:1015C000F0B514001D00C6699DB00A940B95259FC7
:1015D0000390002E0FD11020FDF7E4F9039B021EAB
:1015E000D86104D1EF21C74BC748FFF73BFF4660E6
:1015F00086600660C660039BDB69196800290BD012
:101600005A68012393404A608B60039801F0FCF90B
:101610000022039BDB691A60002D1EDA01233B6068
:101620006B005B080B930B9FB84BB84A3B4093424F
:1016300016D1B74B249A13603B031B0B234301D1F4
:1016400000F07CFDB34B269A0893002A02D0B24BDF
:10165000269A136008981DB0F0BD00233B60E2E7B6
:101660000A9A0B9B1292139312981399002200234B
:10167000F3F720FC061E0BD00123249A1360269B4F
:10168000002B02D0A54B269A1360A54B0893E1E7E7
:101690001AAB01931BAB00930398129A139B01F0B2
:1016A00063FD7A000590520D00D17BE0139B1896E4
:1016B00019039C4B090B0B439B495718129813991C
:1016C00019000022994B03F0F3FA994A994BFCF761
:1016D0008BFC994A994BFBF7CDFF040038000D00B5
:1016E000FCF74EFF964A974BFCF77EFC02000B007E
:1016F00020002900FBF7BEFF04000D0003F082FE6E
:1017000000220490002320002900F3F7D9FB0028D1
:101710000BD00498FCF734FF2B002200F3F7CAFB30
:1017200043425841049B1B1A049301231593049BC5
:10173000162B10D812981399049A834BD2009B1839
:101740001A685B68F3F7BCFB002847D0049B013B99
:1017500004930023159300221A9B0692DB1B5A1E4A
:101760003ED50122D31A069300230D93049B002B30
:1017700038DB049A0D9B944663440D930023149226
:101780000F93229B0124092B62D8052B02DD002434
:10179000043B2293229B981E032863D8F3F7E6F9B3
:1017A0005456382B1B9B1A9EF618684BF218202AA9
:1017B0000FDD40239B1A9F40654B3800F318DC4037
:1017C0002043FCF70BFF0122624B771ECB181892C7
:1017D00076E7202320009B1A9840F2E71590BAE79D
:1017E0000D92C3E7069B049A9B1A069353420F93EC
:1017F00000231493C5E70123239A10939446049B76
:1018000063440E9301330993002B08DC012306E0A7
:1018100001231093239B002B28DD0E930993039A39
:101820000021D0690422150014359D4223D941605E
:10183000039801F0A5F8089000281FD1B021464B6D
:101840003148089AFF31D0E60023E2E70023D3E7CE
:10185000002310942293013B00220E93099313332B
:101860002392DCE701231093023BF5E701231A00E2
:101870000E930993F4E701315200D4E7039B089AD1
:10188000DB691A60099B0E2B00D9D6E0002C00D131
:10189000D3E0049B002B63DD0F21049A2A4B0A40FE
:1018A000D2009B181E685F68049B02241D11DB0593
:1018B0000AD52A4B0D401A6A5B6A1298139902F0F6
:1018C000F5FE0A900B910134244B0C93002D08D1A6
:1018D0000A980B9932003B0002F0E8FE0A900B9147
:1018E00059E001231D4209D0E4180C9B30001A680E
:1018F0005B683900FCF778FB06000F000C9B6D104D
:101900000833E2E74B6801205B6901200000F07FAB
:101910000F270000576901205A690120A86A012099
:10192000A76A01200000F03F01FCFFFF0000F83F24
:1019300061436F63A787D23FB3C8608B288AC63FD5
:10194000FB799F501344D33F98720120320400006A
:1019500012040000000010FEB46901207072012022
:10196000049B0224002B16D0129813990F225D427B
:101970002A40D54BD2009B181A685B68FCF734FBF1
:10198000012700230A900B91D04E2D11002D00D07D
:1019900095E0002BA2D10A9E0B9F159B002B00D136
:1019A00098E0002230003900C94BF3F789FA00288B
:1019B00000D18FE0099B002B00D18BE00E9B002B08
:1019C00037DD049B0022013B0C933000C14B3900F2
:1019D000FCF70AFB0A900B910E9B01342000119337
:1019E000FCF7CEFD0A9A0B9BFCF7FEFABA4B0022DD
:1019F000FBF740FEB94B0600CF18119B002B6DD1B1
:101A00000A980B990022B64B03F052F932003B00C2
:101A100004000D00F3F768FA002800D0B3E280213B
:101A200009067B18320020002900F3F749FA002844
:101A300028D1129B139C0A930B941B9B002B00DA5A
:101A400074E1049A0E2A00DD70E19F4BD2009B18CE
:101A50005C681B6806930794239B002B00DBE7E080
:101A6000099B002B00DDE3E00CD1069807990022CA
:101A70009B4BFCF7B9FA0A9A0B9BF3F73FFA002845
:101A800000D183E200263700239B089CDB430C93A4
:101A9000049700273100039800F0B6FF049B002B49
:101AA00000D1BBE0002F05D09F4203D0390003983E
:101AB00000F0AAFF0499039800F0A6FFAEE03D42B3
:101AC00005D032687368FCF78FFA3B0001346D1063
:101AD00008365BE7049B0C93099B7FE7119A7A4BCE
:101AE000013AD20010999B181A685B6800294CD003
:101AF00000207C4902F0DAFD32003B0003F0D8F808
:101B0000089A060094460F00089B1693119B6344A5
:101B100011930A980B9903F075FC0500FCF730FD52
:101B200002000B000A980B9903F0C2F8169B30359F
:101B30005C1C1D7032003B000A900B91F3F7C0F95A
:101B400000286BD10A9A0B9B0020614903F0B0F882
:101B500032003B00F3F7B4F9002800D0C6E0119B37
:101B6000A34200D165E7002230003900594BFCF751
:101B70003BFA002206000F000A980B99554BFCF720
:101B800033FA16940A900B91C3E730003900FCF742
:101B90002BFA089D119A2B009446169017916344D6
:101BA00019930A980B9903F02DFC0400FCF7E8FC4C
:101BB0000B0002000A980B9903F07AF83034199B55
:101BC0002C70013506000F00AB422AD116981799E8
:101BD000089B119C9C460022424B6444FBF74AFD43
:101BE00002000B0030003900F3F77EF9002800D026
:101BF0007CE0169A179B00203A4903F059F802003E
:101C00000B0030003900F3F75BF9002800D110E732
:101C10002300013C2278302AFAD01C000C9B04934C
:101C200042E000222B4BFCF7DFF90A900B91B8E75A
:101C3000099B089D013B5B190A9E0B9F0A93069A1C
:101C4000079B3000390002F031FD03F0DBFB099007
:101C5000FCF796FC069A079BFCF7C6F902000B00FE
:101C60003000390003F024F82B00099A0135303296
:101C70001A700A9A2C009A424BD102000B00FBF713
:101C8000F9FC069A079B06000F00F3F72DF90028D0
:101C90002AD1069A079B30003900F3F70BF9002888
:101CA00002D0099BDD071FD40599039800F0ACFE14
:101CB00000232370049B249A01331360269B002B7E
:101CC00000D1C7E41C60C5E4987201207072012045
:101CD0000000F03F0000244000001C400000C0FC59
:101CE000000014400000E03F049B0C9323001C0004
:101CF000013B1A78392A08D1089A9A42F7D10C9AEE
:101D0000089901320C9230220A701A7801321A7046
:101D100084E70022C44BFCF767F900220023060089
:101D20000F00F3F7C7F8002889D0BDE7109F0F9D7B
:101D3000069C002F14D0229A012A00DDE2E0189AB6
:101D4000002A00D1D8E0B94A9B18069A0121D2187E
:101D500006920D9A0398D3180D9300F059FF0700CF
:101D6000002C0ED00D9B002B0BDD0D9A230094420E
:101D700000DD1300069AE41AD21A06920D9AD31ABD
:101D80000D930F9B002B1FD0109B002B00D1D1E097
:101D9000002D10D039002A00039800F0FBFF059AAF
:101DA00001000700039800F04BFF06000599039817
:101DB00000F02AFE05960F9B5A1BAB4204D00599F2
:101DC000039800F0E7FF05900121039800F020FF41
:101DD000149B0600002B00D1BAE11A000100039801
:101DE00000F0D8FF229B06000025012B16DC002501
:101DF0000A9BAB420ED10B9B1B03AB420AD18C4B0F
:101E00000B9A134206D0069B0135013306930D9BB6
:101E100001330D93149B0120002B08D03369033349
:101E20009B00F318586800F0A3FE2023181A0D9B9E
:101E3000181802001F231A40184200D180E0013315
:101E40009B1A042B78DD1C239B1A069AE418D218DF
:101E500006920D9AD3180D93069B002B05DD1A00F0
:101E60000599039800F0F2FF05900D9B002B05DD0E
:101E700031001A00039800F0E9FF0600159B002BC3
:101E800060D03100059801F04DF800285ADA049B23
:101E90000A22013B0C9305990023039800F0D8FD1A
:101EA000109B0590002B00D159E1002339000A2234
:101EB000039800F0CDFD0E9B0700002B4CDC229B0D
:101EC000022B45DD0E9B002B00D0DDE53100052205
:101ED000039800F0BDFD06000100059801F022F80E
:101EE000002800DCD0E5089B089A5C1C31231370A5
:101EF0000C9B01330C93CBE536231A9A0F9D9B1A4A
:101F0000069C22E7099B5D1E0F9BAB4208DB5D1B15
:101F1000099B002BF4DA069B099A9C1A002314E70C
:101F20000F9B149AEB1AD31814930F95069C002557
:101F3000099B0AE70F9A42E7042B8DD01C3384E7F4
:101F40001300FBE7049B0C93099B0E93002BB6DD5B
:101F5000109B002B00D106E1002C05DD390022008A
:101F6000039800F073FF07000497002D20D07968D4
:101F7000039800F005FD041E0CD122002D4B2E48C5
:101F80002E49FFF732FB119E3700ACE7049B099EF8
:101F90000C93F9E739003A690C31023292000C30A7
:101FA000FFF74CFA01222100039800F04FFF049044
:101FB000089B0E9A0693013B9B1801220F930A9BE4
:101FC00013400E9331000598FFF774FA39000500AD
:101FD0000A90059800F0A6FF049A0D90310003982E
:101FE00000F0BCFF0122C368040030350992002BC9
:101FF00004D10100059800F095FF09902100039895
:1020000000F002FD069B229A5C1C099B13430E9A6A
:10201000134315D1392D2ED00D9B002B01DD0A9DC8
:102020003135069B1D7035E5000024403304000067
:102030000000F07FB46901205B690120EF0200001D
:102040000D9B002B04DB229A13430E9A13431ED1DF
:10205000099B002BE5DD05990122039800F0F6FEAF
:102060003100059000F05EFF002802DCD9D1EB07BB
:10207000D7D5392DD3D13923069A137023001C00EC
:10208000013B1A78392A50D001321A7002E5099BB7
:10209000002B03DD392DEED00135C2E7069B069AF1
:1020A0001D700F9B93422BD000230A2205990398A1
:1020B00000F0CEFC049B05909F4209D1390000231B
:1020C0000A22039800F0C4FC07000490069479E704
:1020D000390000230A22039800F0BAFC002307000D
:1020E0000A220499039800F0B3FC0490EEE70E9BDB
:1020F0000124002B00DD1C0004970027089B1C19FD
:1021000005990122039800F0A1FE3100059000F02E
:1021100009FF0028B2DC01D1ED07AFD423001C0079
:10212000013B1A78302AFAD0B4E4089A9A42A6D130
:102130000C9B01330C9331231370ABE4144B269AA0
:102140000893144B002A01D0FFF782FAFFF782FAB6
:10215000229B012B00DC4AE60120149D67E60E9BC2
:10216000002B00DCABE6002431000598FFF7A2F954
:10217000089B303018550E9B01340500A342B6DD94
:1021800000230A220599039800F062FC0590EBE712
:102190004E6901205669012070B505000C1E10D053
:1021A000043C2368002B00DAE4182800FCF7B0FC9C
:1021B0001D4A1368002B05D1636014602800FCF7EA
:1021C000AFFC70BDA34208D9206821188B42F3D11F
:1021D00019685B6809182160EEE71A005B68002B3C
:1021E00001D0A342F9D911685018A0420BD1206840
:1021F0000918501811608342E0D118685B684118D3
:1022000011605360DAE7A04202D90C232B60D5E7B6
:10221000206821188B4203D119685B680918216076
:1022200063605460CAE7C046DCF401200200F0B5E8
:10223000046985B014324B11160002939C4231DDC3
:102240001F260F009B00A500D31837405519009397
:10225000019731420DD1160019008D4236D8009BEE
:102260000026033B9D4202D3029BE41AA600961966
:1022700018E02021019E019F891B009E039102CE40
:102280009446F940B54216D8009B002601339D4282
:1022900003D3029BE41AA600043E9619316000297C
:1022A00000D00436B11A89100161964201D1002391
:1022B000436105B0F0BD3768039B9F400F43614603
:1022C00080C18C46019B02CED940DBE780C980C625
:1022D000C3E70200303A0300092A02D8203BD8B2F3
:1022E00070470200613A052A01D8473BF7E71A0018
:1022F000413A0020052AF3D8273BF0E7F0B589B032
:1023000007930B680192039006919A1C1100013209
:10231000501E00783028F9D0CB1A023B059300916B
:10232000FFF7D7FF00231D00029398421ED1012220
:10233000A6490098FEF718F90700A84200D06AE005
:10234000009B58785C1CFFF7C4FF01230293A8424E
:102350002FD00094009B1878302809D0FFF7B9FFE0
:10236000424242410123250002920593009C04E071
:10237000009B01330093EDE701342078FFF7A9FFBC
:10238000071EF9D1012220009049FEF7EDF8002840
:102390000DD1002D06D1013425002078FFF799FFDB
:1023A000002802D12D1BAF0003E00134F5E7002D1A
:1023B000F8D12022237826009343502B1DD1637837
:1023C0002B2B2DD02D2B2FD00023661C049330787F
:1023D000FFF77FFF431EDBB20500182B2AD8707869
:1023E000FFF777FF431EDBB20136103D182B1DD9D6
:1023F000049B002B00D06D427F19069B1E60029B40
:10240000002B19D0059B06265A4253415B421E40C1
:10241000300009B0F0BD01230027009C0293C8E7FB
:1024200000230493A61CD2E70123FAE70A235D43A5
:102430002D18D4E72600E0E7009B0299E31A013B40
:10244000072B0ADC039800F09BFA051E08D12A002E
:10245000E4215F4B5F48FFF705F801315B10EFE7C0
:10246000030014330293059300231E000493009B82
:10247000A34238D3059C029B40C4E41AA410300048
:102480002C6100F075FB019B64011B68261A009308
:102490009E4252DDF61A3100280000F010FF041EA3
:1024A0000FD001241F212000731E19408840010015
:1024B0005A110298920012580A4202D0A34234DC08
:1024C000022431002800FFF7B1FEBF19019B9B6871
:1024D000BB4242DA2900039800F096FA00230E9AD4
:1024E000A326136094E7013C23782E2B12D0049B83
:1024F000202B04D1059B40C3002605930496207829
:10250000FFF7E7FE0F231840049B9840043306436F
:102510000493ACE7009BA342E9D8012220002B4999
:10252000FEF722F80028E2D1A1E72800B11E00F052
:10253000C6FE0028C4D00324C3E7009B00249E42AB
:10254000C4DA9E1B29003200039800F07FFC0300D0
:1025500014330500BF1B0293B8E7019B5E68BE42BF
:102560006FDD009BF61BB34236DC019BDB68022B60
:1025700024D0032B26D0012B17D1009BB34214D1BA
:10258000012B0BD1019B079A5B6862261360012324
:10259000029A2B6113600E9B1D6039E70099280099
:1025A000013900F08CFE0028ECD12900039800F0DE
:1025B0002BFA00230E9A5026136029E70F9B002B5D
:1025C000F3D1DFE70F9B002BDCD1EEE74D4B012071
:1025D000B4690120C5690120771E002C2FD1002F7E
:1025E00004D03900280000F06AFE04001F237A118D
:1025F0001F401E3BBB400299920052581A4201D024
:1026000002231C43009B31009B1B022628000093E1
:10261000FFF70CFE019B5F68002C3FD0019BDB683D
:10262000022B10D0032B12D0012B06D1A20704D508
:10263000029A126814431C420CD110232DE001248D
:10264000D4E70126E8E701230F9A9B1A0F930F9B0B
:10265000002BF2D02B69002002939B0004932B00E7
:10266000049A143399181A68541C1CD001321A6049
:102670002B001433022E3FD1019A00991268013ABF
:102680008A4209D10A001F201040012282404911CC
:102690008900CB5813423DD120231E430E9B1D6061
:1026A000079B1F60B4E601C39942DCD8AB68029A6D
:1026B0009A4218DB69680398013100F061F9041E41
:1026C00004D1220084211D4B1D48C4E629002A693B
:1026D0000C31023292000C30FEF7B0FE2900039854
:1026E00000F092F925002B695A1C2A61012204335B
:1026F0009B00EB185A60BBE72A6902998A420BDDFE
:1027000001212800FFF792FD019B01379B68BB4226
:1027100000DADFE60126BFE71F22009C0099144083
:102720001142F7D0049A9B18043B186800F020FA75
:1027300020231B1B9842E3DBECE7C046B469012071
:10274000C5690120082370B520259A1A9200AD1A98
:10275000436804681E00AE40D340344304604360C5
:1027600004308842F4D370BD30B503680C7801336F
:10277000002C02D10360012030BD1A781500413DC4
:10278000192D00D820320131A242EFD00020F3E70A
:10279000F0B50B688BB0019201995A1192008A181A
:1027A000029219001F22114008900691134202D094
:1027B000029B04330293029B00251F1F3E003C0036
:1027C000089B3D601B68079505930395059B0133A6
:1027D0000993059B5B780493002B28D00498FFF79E
:1027E00078FD002855D1049B202B19D8039B079A0C
:1027F000934212DDB44206D2072D04DC2A003100D8
:102800002000FFF79FFF019B08259C4205D9261F4A
:1028100000253400039B35600793099B0593D5E79A
:10282000049B292B5AD1059B089A02331360039B02
:10283000002B53D0B44206D2072D04DC2A0031000D
:102840002000FFF77FFF019B9C4236D91A0023002E
:1028500002CB02C29F42FBD2029B621CD91E042300
:10286000914205D3029B043B1B1B9B0801339B0039
:10287000019AD318002204C39F42FCD23B68002B6C
:1028800004D1019B9F4227D101233B6005200BB05F
:10289000F0BD039B013501330393082D06DD019B39
:1028A0009C42BAD900230125043C23600F222368EF
:1028B00010401B0103432360AFE7069B002BDDD0D4
:1028C0002023069A02999B1A01225242DA400439C7
:1028D0000B6813400B60D1E7043FCFE70420D6E735
:1028E000F0B50D0085B00190039201F0A3F9174FE8
:1028F0002E003C68002C06D1019801F0A3F90020BD
:1029000005B0F0BD01363278002A1DD03D2AF9D13C
:10291000F2E7043420680028EED032002900FDF7E9
:1029200023FE0028F5D123689A199B5D02923D2B66
:10293000EFD13B68039AE31A9B100198136001F0F2
:1029400081F902980130DBE7761BE3E74877012045
:1029500007B501AAFFF7C4FF0EBD82B0002900D160
:1029600001A9101E06D0002B06D013780B6010783A
:10297000431E984102B0704702204042FAE700002F
:1029800070B5C56906000C00002D0ED11020FCF7B3
:1029900009F8021EF06104D16B21194B1948FEF7AA
:1029A00061FD456085600560C560F569EB68002BD9
:1029B00013D0F369A200DB689B181868002818D1AF
:1029C00001210D00A5406A1D3000920001F005F9BB
:1029D00000280CD0446085600DE0212204213000E5
:1029E00001F0FBF8F369E860DB68002BE1D100201F
:1029F00070BD02681A6000230361C360F8E7C04637
:102A00004B680120266A012070B5C66905000C00DC
:102A1000002E0ED11020FBF7C5FF021EE86104D185
:102A20008F21094B0948FEF71DFD46608660066050
:102A3000C660002C07D0EB696268DB6892009B18C7
:102A40001A6822601C6070BD4B680120266A012054
:102A5000F7B50F0001900C001E0000200D6914371F
:102A60003B68013099B251431B0C534389190E0C3A
:102A70009B191E0C89B21B045B1808C78542EFDC4A
:102A8000002E22D0A368AB4219DC616801980131A5
:102A9000FFF776FF071E05D13A00BA210C4B0D480F
:102AA000FEF7E0FC210022690C31023292000C306A
:102AB000FEF7C4FC21000198FFF7A6FF3C002B1D88
:102AC0009B00E31801355E6025612000FEBDC04615
:102AD000B4690120266A0120F7B5070018000C0030
:102AE0000830092101931500F2F7E8F801230021CD
:102AF00083420ADB3800FFF743FF011E08D10A00BA
:102B0000194B1A48D331FEF7ADFC5B000131EFE7FA
:102B1000089B436101230361092D18DD230009335C
:102B20001E000093641933780A223800303BFFF707
:102B30008FFF01360100A642F5D12C00009B083C16
:102B40001C192E00019B9E4204DB0800FEBD0925D6
:102B50000A34F6E7631B9B5D0A223800303BFFF71F
:102B600077FF01360100EDE7B4690120266A0120F4
:102B70008022030052020020934201D21B04103035
:102B800080225204934201D208301B028022520557
:102B9000934201D204301B018022D205934201D21C
:102BA00002309B00002B03DB0130134200D12020B8
:102BB00070470368010007221800104013420DD02F
:102BC000063A0020134205D10230034203D0D3401D
:102BD00010000B6070479B080B60FBE79AB2002A5D
:102BE00001D110201B0CDAB2002A01D108301B0AD7
:102BF0001A0701D104301B099A0701D102309B0842
:102C0000DA07E9D401305B08E6D12020E2E70000D2
:102C100010B50C000121FFF7B3FE002807D14621B3
:102C2000054C0200054B2000FF31FEF71BFC012381
:102C30004461036110BDC046266A0120B4690120C9
:102C4000F0B514000A6923690D0089B09A4202DBCD
:102C500023000C001D0027692E696168BB190093D1
:102C6000A368BA19934200DA0131FFF789FE84465E
:102C7000002806D1B1216246444B45484900FEF781
:102C8000F1FB0200BB1914329B00D3180193002101
:102C900013000198834228D32300BF001433049308
:102CA0001435DB19B6000293AB190793042305937F
:102CB000230002991533994205D30C1B153CA40837
:102CC0000134A3000593079B9D4210D3009B002B6A
:102CD00005DD019B043B01931B68002B52D063462A
:102CE0006046009A1A6109B0F0BD02C3D1E72C68B2
:102CF000A4B2002C1FD000231700049E039308CE1B
:102D0000396806936B461B8B88B263431B18039884
:102D1000090C1B180698000C60434018190C411848
:102D2000080C9BB209041943029B039002C7B342EB
:102D3000E5D8059BD0502C68240C20D00021100031
:102D40001368049E03913168076889B261433F0CA0
:102D5000C919039F9BB2C9190F041F43076080CE96
:102D600043683F0C67439BB2090CFB185B18190CB6
:102D7000039102990430B142E5D8059953500435C6
:102D80000432A0E7009B013B00939FE7B469012058
:102D9000266A0120F7B50323150007000E001A402C
:102DA0001D4208D02549013A9200525800233100B3
:102DB000FFF74EFE0600AD103DD0FC69002C0FD190
:102DC0001020FBF7EFFD021EF86105D1B4211C4B6A
:102DD0001C48FF31FEF746FB446084600460C46019
:102DE000FB699C680193002C08D138001649FFF755
:102DF0000FFF019B040098600023036001231D4224
:102E00000AD0310022003800FFF71AFF310001908C
:102E10003800FFF7F9FD019E6D100CD020680028E6
:102E200007D1220021003800FFF70AFF00232060AD
:102E300003600400E2E73000FEBDC046607201207E
:102E40004B680120266A012071020000F0B50C00D9
:102E500016002369571185B0FB18019301330093C5
:102E60004968A3680290009A934210DB0298FFF72A
:102E700087FD0023010005001A00143198420CD18F
:102E8000EF212A00254B26484900FEF7EBFA0131D5
:102E90005B00E8E798000A500133BB42FADBFB43D2
:102EA000DB171F40BF0023001F20C919370022690C
:102EB000143392009A180740064229D00130C01BF3
:102EC00003908C4600201E68BE400643604640C00A
:102ED0008446039E01CBF0409A42F4D82600153672
:102EE0000423B24204D3131B153B9B0801339B0000
:102EF000C850002802D0019B02330093009B029827
:102F0000013B21002B61FFF77FFD280005B0F0BDDC
:102F100001CB01C19A42FBD8F0E7C046B469012059
:102F2000266A012030B50B6904690200E01A9C4250
:102F30000FD114329B0014311400C918D218043A6E
:102F4000043915680B689D4204D001209D4200D2CF
:102F5000023830BD9442F2D3FBE70000F0B50C001C
:102F600087B00090110020001700FFF7DBFF051E5F
:102F700010D101000098FFF703FD021E04D1404B61
:102F800040484149FEF76EFA012345610361100094
:102F900007B0F0BD0026B04203DA23003C001F005A
:102FA000013661680098FFF7EBFC021E03D1344B39
:102FB00034483649E6E72369143400939B00E3184C
:102FC000210001943C0002933B6914349B00E318F8
:102FD00003930300C6608C460020143304930593CA
:102FE000634620CBA9B20E009C4608CC2D0C99B2AA
:102FF000711A09181B0C0814EB1A1B18181489B243
:103000001B041943059B02C30593039BA342E7D806
:103010003900039C153104238C4204D3E31B153B78
:103020009B0801339B000199CD1804992E00CB1801
:103030001F0002998E4211D3029CE91E00208C428F
:1030400004D321000331491B890888001B18043B65
:103050001968002910D0009B136198E7844602CEBE
:1030600088B2604400140C0C04196144201489B225
:103070002404214302C7DCE7009901390091E6E707
:10308000B4690120266A01203702000045020000D1
:1030900010B500240C4B0D4A0B409B18A34206DCD4
:1030A0005B421A15132A05DC80231B031341190008
:1030B000200010BD143A01241E2A02DC80242406BC
:1030C000D4400023F3E7C0460000F07F0000C0FCBE
:1030D000F7B50600036914369B00F3181D1F2C6812
:1030E0000F0020000193FFF743FD2022121A3A60DF
:1030F00003001C4A0A2815DC0B212700091ACF40BF
:103100003A438C4611000022AE4202D2019A083A9C
:10311000126815339C4063462700DA401743380095
:1031200003B0F0BD0027AE4202D2019D083D2F68DA
:103130000B2149428C469C440B2B10D06146202326
:103140008C405B1A3900D9400C4322431100002205
:10315000B54201D9043D2A686446A740DDE7224311
:103160001100DCE70000F03FF7B5012116001F0059
:10317000FFF706FC041E05D12200254B25482649F1
:10318000FEF770F93B037D001B0B6D0D02D0802212
:10319000520313430193002E25D068460096FFF793
:1031A00008FD019B009900281BD020221E00121A46
:1031B00096403200C3400A4362610193019EA661BA
:1031C000731E9E4101362661002D14D03526134B07
:1031D000ED18089B2D181D60099B361A1E602000F3
:1031E000FEBD6161EAE701A8FFF7E3FC019B012650
:1031F00063612030E7E70A4BC018089B1860094B51
:10320000F3189B00E3185869FFF7B2FC7601E3E777
:10321000B4690120266A01200F030000CDFBFFFFE7
:10322000CEFBFFFFFFFFFF3FF0B587B00F0004A903
:103230000600FFF74DFF00900191009B019C3800B4
:1032400005A902930394FFF743FF0D0002000B0052
:1032500030693969049E401A05994001711A411874
:103260000805002908DD0199411803910298039986
:1032700001F01CFA07B0F0BD2B1AF7E770B5140087
:1032800005000139136949110131890014349B008B
:103290004118E318A3420DD8140011340025A342AD
:1032A00003D39B1A113B9B089D00002340198142C8
:1032B00003D870BD40CC40C5ECE708C0F7E702007A
:1032C000006910B514324B11984213DB0CDD1F243A
:1032D00008002040214207D099008C582100C140AD
:1032E000814001208C4204D19B00D318934203D823
:1032F000002010BD0300F7E7043B19680029F5D052
:103300000120F6E7F0B51E003E4B17000C009C466E
:10331000082285B003900091230061461D78013496
:10332000485D010011401042F6D12D2D12D12578B3
:103330009C1C0123029310223300934316D1302D9D
:103340000ED1202123788B43582B09D16578023484
:1033500010260BE002912B2DEDD125789C1CEAE77D
:10336000002EF5D10A36302D00D1023E0120310069
:103370004042F1F719FC0190012031004042F1F781
:1033800099FC00230122180094462A00303A092AA9
:1033900012D81500AE421EDD5A1C0AD00123019A34
:1033A0005B42824205D301D1A94211DB63467043DF
:1033B000281825780134E8E72A00413A192A01D86B
:1033C000373DE7E72A00613A192A04D8573DE1E77B
:1033D00001235B42EDE75A1C07D122220399180012
:1033E0000A60002F09D105B0F0BD029A002A00D072
:1033F0004042002FF7D0002B01D0631E0093009BAA
:103400003B60F0E76173012010B5FFF77BFF10BD53
:1034100010B5044C13000A0001002068FFF772FF8A
:1034200010BDC0469C7601200300081E05D0FF2A6F
:1034300004D98A2201201A604042704701200A7094
:10344000FBE7936810B5013B9360002B04DA9469A5
:10345000A34207DB0A2905D01368581C10601970B5
:10346000080010BDFCF7C6FF0100F9E7F8B506003B
:103470000F001400D518AC4201D1002007E02178DC
:103480003A003000FFF7DDFF0134431CF3D1F8BDF3
:10349000F0B5A1B00F0015001E000390002804D065
:1034A000036A002B01D1FCF7A9FE7B6EDB0705D474
:1034B000BB899B0502D4B86DFDF7AAFFBB891B072A
:1034C00002D53B69002B13D139000398FCF7D4FFD8
:1034D00000280DD07B6EDB0703D50120404221B0D0
:1034E000F0BDBB899B05F8D4B86DFDF793FFF4E7F9
:1034F000002308AC6361203363761033A37607960C
:103500002E003378002B01D0252B48D1731B059357
:10351000AE420BD02A0039000398FFF7A7FF013015
:1035200000D1AEE06369059A9B1863613378002B84
:1035300000D1A6E0012200235242626004A9543265
:103540005218751C2360E360A3601370A365594B88
:103550000522180029780593FDF765FF6E1C0028E9
:103560001FD12268D30604D5532304A95B18202158
:103570001970130704D5532304A95B182B21197064
:103580002B782A2B16D02E0000210A20E3683278EF
:10359000751C303A092A50D9002911D117E001369B
:1035A000AFE7059B2268C01A01238340134335000F
:1035B0002360CCE7079B191D1B680791002B01DBDB
:1035C0000B9304E05B42E3600223134323603378F0
:1035D0002E2B0CD173782A2B34D1079B02361A1D5F
:1035E0001B680792002B01DA01235B420993324DDD
:1035F000032228003178FDF716FF002806D040236B
:10360000401B834022680136134323603178062231
:103610002A48751C2176FDF706FF002840D0284B6C
:10362000002B22D10722079B0733934308330793CC
:103630006369049A9B18636162E743432E0001218A
:103640009B18A4E700230A20190001366360327832
:10365000751C303A092A03D9002BC8D00991C6E756
:1036600041432E0001238918F1E707AA00922100A7
:103670003A00144B0398FCF777F90490049B01334C
:10368000D6D17B6EDB0705D4BB899B0502D4B86D10
:10369000FDF7C0FEBB895B0600D51EE70D981EE74F
:1036A00007AA009221003A00064B0398FCF70AFC97
:1036B000E3E7C046806A0120866A01208A6A012009
:1036C000D1DE0020D5190120F7B50C228B5E050054
:1036D0000C001A0756D44A68002A02DC0A6C002A39
:1036E0004EDDE76A002F4BD0002280202E682A6032
:1036F0001A004001216A0240034233D0626DA3895F
:103700005B0706D56368D21A636B002B01D0236C6C
:10371000D21A00232800E76A216AB847A289431C0D
:1037200006D129681D2946D8294BCB40DB0742D555
:103730000023636023692360D20405D5431C02D1B2
:103740002B68002B00D16065616B2E60002917D0BB
:1037500023004433994202D02800FEF71DFD0023C8
:1037600063630DE001232800B8470200431CC6D163
:103770002B68002BC3D01D2B01D0162B1AD12E6025
:1037800000201EE00E69002EFAD00F680E60BA1BF2
:10379000019200229B0700D14A69A260019B002B85
:1037A000EEDDA36A32001F002800019B216AB847A2
:1037B000002807DCA2894023012013431BB2A38108
:1037C0004042FEBD019B36181B1A0193E6E7C04636
:1037D000010040200B6970B505000C00002B02D1E0
:1037E0000025280070BD002804D0036A002B01D1F9
:1037F000FCF704FD0C22A35E002BF1D0626ED20711
:1038000004D49B0502D4A06DFDF702FE2800210020
:10381000FFF75AFF636E0500DB07E2D4A3899B051F
:10382000DFD4A06DFDF7F6FDDBE700000EB417B5A1
:10383000054C05AB04CB010020680193FFF728FE7F
:103840001EBC08BC03B018479C76012070B50E0062
:103850001D000E23C95E140096B000290CDAB2894F
:103860008023110019401A4214D18023DB0000206C
:103870002960236016B070BD6A4600F083F9002805
:10388000EDDBF02301991B021940044BC9184B4290
:103890005941EAE700214023E9E7C04600E0FFFF85
:1038A000F0B502268B8905000C0085B0334207D0A5
:1038B00023004733236023610123636105B0F0BD1A
:1038C00003AB02AAFFF7C2FF029F01903900280054
:1038D000FBF79EF8002808D10C22A35E9A05EDD4D0
:1038E000032293431E43A681E2E78023A28920603E
:1038F0001343A381039B20616761002B0CD0280038
:103900000E23E15E00F050F9002805D00323A289C0
:103910009A43023B1343A381A389019A1343A381D2
:10392000CCE770B506000D001400002804D0036A2F
:10393000002B01D1FCF762FC636EDB0705D4A38981
:103940009B0502D4A06DFDF763FDA368013BA36056
:10395000002B05DAA269934212DBEBB20A2B0FD0DF
:1039600023685A1C22601D70EDB2636EDB0705D41C
:10397000A3899B0502D4A06DFDF74CFD280070BD06
:10398000290022003000FCF735FD0500EDE70000BE
:103990000EB430B581239CB06A461FAC9B0020CC8E
:1039A000938202900690F1F765FB0B4B6A460B93EE
:1039B00000230390079009480F931493013BD3828F
:1039C00002A923002A000068019400F0CFF91CB07E
:1039D00030BC08BC03B01847E9E800209C76012001
:1039E00000487047F0760120F0B500230C004168D4
:1039F0000068564A85B0F1F7C5FA151E00DA8BE06B
:103A0000534BE121C61809012800F1F757F9E121CC
:103A1000A06009012800F1F737FA0D003C212800C9
:103A2000F1F74CF93C2160602800F1F72DFAF01C09
:103A300021600721F1F728FA002900DA0731A16196
:103A4000301E444901DA444BF018F1F737F9019080
:103A5000019B424D42495D43AD192800F1F7A4F89E
:103A6000404946192800F1F79FF83F49361A2800C7
:103A7000F1F79AF86E21361A3000FF31F1F794F819
:103A800064210700F1F790F8364900903000F1F713
:103A90008BF8009B0526181A6E23FF337B434019D1
:103AA000C31A009373430233992118000293F1F76C
:103AB0007BF8050099206843009B310001330230F8
:103AC0000393F1F771F8039B029A1B1A9C46274B4C
:103AD00002209A4201D90A204042C823019A5B0081
:103AE000534300210122401982424941DB195B18EE
:103AF0009921009D49008D4212D32A00333AFF3AA2
:103B0000E2611B4A20619B18636163462000E36009
:103B10000023236205B0F0BD0C4BED18154B70E788
:103B20001549BD0706D10D0002267D43F541134E10
:103B3000B54206D804227943D1410022104D8D426E
:103B4000524100993B318A18DAE7C04680510100A2
:103B50006CFA0A00B13A020050C5FDFF4FC5FDFFE7
:103B6000AC8E0000B4050000B03A0200F905000078
:103B700094F8FFFF6BFA0A00295C8FC2285C8F0261
:103B80000AD7A300002370B5064D040008001100F9
:103B90002B60F2F79EFC431C03D12B68002B00D056
:103BA000236070BD40F60120002370B5064D04006F
:103BB00008002B60F2F786FC431C03D12B68002B16
:103BC00000D0236070BDC04640F60120062010B52D
:103BD00000F032FC012001F05FFC70B50B0C150CFD
:103BE000002B1ED1002D0CD189B294B24C43210080
:103BF000FAF70EFF051E1BD022000021FCF7ACFCDB
:103C000016E02B1C0C1C89B292B24A439BB2A1B2A3
:103C10005943140C0C19230C07D1240492B21443F9
:103C2000E5E7002D01D1141CEDE70C23002503600E
:103C3000280070BD10B50248FDF7EAFB10BDC04674
:103C400045F6012010B50248FDF7E4FB10BDC04663
:103C500045F60120F7B506000C001500002905D136
:103C60001100FAF7D5FE04002000FEBD002A03D1A2
:103C7000FEF792FA2C00F7E700F0FEFB0700854202
:103C800002D84308AB42EFD329003000FAF7C0FE58
:103C90000190002801D1019CE6E72A00BD4200D92D
:103CA0003A0021000198FDF7C9FB21003000FEF722
:103CB00073FAF0E770B514004B1C03D101256D4277
:103CC000280070BD938920229343626BA381CEB2FA
:103CD0006368CDB2002A10D0A26B9A4207DD236838
:103CE000013B23601E70636801336360E8E72100D5
:103CF00000F03AFB0028F2D0E0E7216922680029B1
:103D000007D0914205D2511E0878A84201D1216006
:103D1000EAE723642300443363630323A36323009C
:103D20004633E2631E7023600123DEE710B50C000A
:103D3000496B00290ED023004433994201D0FEF78D
:103D40002BFA0020236C60636360834202D0E36B34
:103D5000236010BD2369012023600023A2896360D2
:103D600020331343A3814042F3E70000F0B5AB4C8E
:103D7000A5440C0000210090BE204691479103A964
:103D80004891A749400043AD2950A649043043ADAE
:103D9000295002931678002E00D13CE10823082018
:103DA000A14D571CA95D0B4001421DD00600636860
:103DB000002B0FDD23681A78AA5C324201D13A0049
:103DC000E8E7479A01330132479262682360013A7B
:103DD0006260ECE7C02243AB520021009B58009880
:103DE00098470028E6D0EAE7252E62D14593439311
:103DF00053782A2B02D11A3B4393971C3D000A2289
:103E000029786F1C0B00303B092B1FD9874B0322ED
:103E100018000193FDF707FB002807D0019B3D0028
:103E2000C01A01238340439A134343932B786F1C9A
:103E3000782B06D8572B10D8252B3AD034D8002B06
:103E400055D0032349930733449369E0459B3D00D4
:103E50005343303B5B184593D2E71800583820286D
:103E6000EFD8F0F78DFE4B00EEFFEEFF7D00EEFF8A
:103E7000EEFFEEFFEEFFEEFFEEFFEEFF88007B00B1
:103E8000240024002400EEFF5500EEFFEEFFEEFFBD
:103E9000EEFF900059004700EEFFEEFF8E00EEFFB0
:103EA0007B00EEFFEEFF4B00453B022BC9D80523FC
:103EB00035E06368002B0DDD23681A78B24200D02C
:103EC000A9E0013362682360479B013A01336260D5
:103ED000479374E7C02343AA5B002100D35800989E
:103EE00098470028E8D04698002800D08BE00120B1
:103EF00040428CE0202243990A4343928022439916
:103F000092000A434392102244926E2B02D905E09C
:103F100000234493032302E008234493042349939A
:103F20006368002B3EDD439B5B0608D4C026082552
:103F3000760023683C491A788A5C2A423CD1499B26
:103F4000022B4CDC2200009802AB43A900F072F86F
:103F5000012860D0022800D031E7C4E70A22D3E765
:103F6000390003A800F0C6F94023439A0700134321
:103F700043930123D3E74023439A134343930023FE
:103F8000CDE70223CBE7439AD30600D517E7029B80
:103F90004799181D02901B68D50701D519800EE7B7
:103FA00019600CE7C02343AA5B002100D358009896
:103FB00098470028B7D096E7479A0132479262683F
:103FC000013A6260002A02DD01332360B1E743ABAE
:103FD00021009B59009898470028AAD083E7042B1A
:103FE00006DC2200009802AB43A900F083F8AFE79B
:103FF0000F4B002B00D1E2E62200009802AB43A950
:1040000000E000BFA4E7A3895B0600D56FE7A52306
:104010009B009D44F0BD4698F9E7C0466CFDFFFF4C
:104020001D2201209522012061730120866A012052
:1040300000000000F7B515008A680C000190002A06
:1040400004D18A69002A17D10132A2602268D206FF
:1040500003D41A68111D196017680026A06900288A
:1040600016D001280BD12B6862691B78D35C002B1A
:104070000ED1002E3BD029E001225242E5E7022872
:1040800024D12B681A4A1B78D35C082213421DD115
:10409000102223680136134203D12B681B783B7032
:1040A00001372A686B6801322A60A268013B013A35
:1040B0006B60A260002A09D0002BCFDCC0235B001C
:1040C0002900E358019898470028C7D02268102398
:1040D000110019401A4206D1E3680133E360A36975
:1040E000002B00D03970002023699B192361FEBD8D
:1040F00061730120F0B58BB00193784B16000490EA
:1041000007AAA1CBA1C2764A8B690C000592032BAA
:1041100001D1744B0593AE220020A3685200591EB2
:104120000390914205D95E3BFF3B03935E23FF332F
:10413000A36023001C330093D023002722681B01B7
:1041400013432360009B0293336807A81978BB00D0
:1041500002221858FDF767F9002829D0012F5ED1F7
:104160006368002B06D1083322686360F933FF339C
:104170001343236023685C4A13402360A3685A1EDC
:10418000A260002B14D033685A1C32601B78029A4C
:1041900013707368551C013B7360002B07DCC02350
:1041A0005B003100E3580498984700287ED10295BF
:1041B0000137032FC8D16368002B01D10A33636034
:1041C0000027636849496069C91A00F093F8029DA5
:1041D000A36820680293002B3FD0316863690A7896
:1041E0009B5C002B39D0302A28D180231B01184238
:1041F00024D0039B0137002B05D01A00029B013A03
:1042000001330392A3607368013B7360002B1CDDD4
:10421000336801333360A368013BA360D8E7022F02
:10422000ACD1C02380212268DB00134089008B427F
:10423000C1D110236360F03313439EE72C4B03403E
:1042400023600B782B700135DDE7C0235B00310064
:10425000E358049898470028DDD02368DB050ED585
:10426000009B9D4207D9BE23013D5B0032002978A7
:10427000E35804989847009B01209D4229D021686B
:1042800010230A001A4019421CD12A706368009951
:104290000498059EB047019B22681B68910607D5CC
:1042A00001991A1D0A601B68186008E00027D4E70E
:1042B000191DD6070FD5019A11601B681880E36895
:1042C0000133E3600020009BED1A2369ED195B19AF
:1042D00023610BB0F0BD019A1160E4E7244B01208B
:1042E00071190120052B0120FFFAFFFFA16A0120AF
:1042F000FFF6FFFF70B50B7804005E2B19D04D1C44
:1043000000212200601CFF30117001328242FBD17B
:10431000681E002B26D001264E402800E654017866
:10432000451C2D2909D05D291BD000291AD00B006E
:10433000F3E74B788D1C0121E3E742785D2AF6D044
:104340009342F4DC19000230013166548A42FBDCEE
:10435000591C934202DB00228B18E0E7D21A013A83
:10436000FAE7280070BD00000B00F7B54D6B443331
:104370000C009D421CD18026F6003100FAF748FB64
:10438000002802D101204042FEBD23006063A663E5
:1043900046331A78104BC254230045331A780F4B1A
:1043A000C2542A780E4BC254C01820600020EBE79C
:1043B0008E6B290073001A000193FFF74BFC051E5A
:1043C000E0D08719010032003800FDF737F8019B73
:1043D00027606563A363E9E7FF030000FE030000B5
:1043E000FD03000070B504000D001F2904D9162339
:1043F00003600120404270BDC36B002B04D08A00D3
:104400009B181A68002A08D1200000F031F82A0011
:104410000100200000F01AF8EDE7012A09D0511C34
:1044200003D1162303600120E5E70021280019606D
:1044300090470020DFE7000010B5034B010018682B
:10444000FFF7D0FF10BDC0469C760120002370B559
:10445000064D0400080011002B60F2F743F8431CDE
:1044600003D12B68002B00D0236070BD40F60120E3
:1044700010B5F2F735F810BD0B1F1B68181F002B85
:1044800001DA0B58C0187047F0B585B017001E0050
:1044900003900191242B23D80C00012B20D03D4BFD
:1044A00008229C46230061461D780134485D0100C6
:1044B00011401042F6D12D2D19D125789C1C0123D5
:1044C00000931022330093431DD1302D15D12021AC
:1044D00023788B43582B10D165780234102612E0D4
:1044E000FCF76AFF16230360002005B0F0BD0091C1
:1044F0002B2DE6D125789C1CE3E7002EEED10A3661
:10450000302D00D1023E244A009B94466344310082
:1045100018000293F0F7CEFB0022844610002B0017
:10452000303B092B11D81D00AE421DDD531C09D0B4
:1045300001225242844505D301D1A94211DB012257
:104540007043281825780134E9E72B00413B192BEB
:1045500001D8373DE8E72B00613B192B04D8573DC4
:10456000E2E701225242EDE7531C08D12223039ACD
:1045700002981360002FB8D0631E019307E0009BE0
:10458000002B00D04042002FAFD0002AF4D1019B75
:104590003B60AAE761730120FFFFFF7F10B5FFF7C3
:1045A00073FF10BD70B500220C4B04000D00F0F736
:1045B000A5FC002804D12000290000F023FF70BDD5
:1045C000064B00222000290000F072FB00F01AFFC9
:1045D00080231B069C466044F1E7C0460000E04192
:1045E00070B50022002304000D00F0F769FC0028DC
:1045F00008D12000290000F00FF802000B00100085
:10460000190070BD80231B06E918200000F004F893
:10461000002342428B41F2E770B500220B4B0D00A4
:104620000400F9F7E1FCFFF7BDFF0600F9F7D6FF3C
:104630000022074BF9F7D8FC02000B0020002900EC
:1046400000F036FBFFF7AEFF310070BD0000F03D1B
:104650000000F04170B506000800F9F791FF002254
:10466000064BF9F7C1FC0D0004003000F9F7B6FF66
:104670002B002200F8F7FEFF70BDC0460000F0419D
:1046800043024A02400049005B0A520A090E000E2A
:10469000FF2806D00020FF2902D1531E9A411000A6
:1046A0007047FE38002BFBD1F4E7C046F0B5DE467C
:1046B000454657464E46E0B587B0009201930B033E
:1046C0001B0B9B46CA0F4B00040080465B0D0292F9
:1046D00000D189E08A4A934238D05946420FC90036
:1046E0000A43802109041143C2009046854A894645
:1046F00092469A44002300240393009E019F3B03AB
:104700001B0B9B467B0030005B0DFD0F002B00D187
:104710009EE07B4A934200D18CE05946720FC9005B
:104720000A438021090411438B467649F2008C46E6
:1047300051466344CB1A9A460021029E6E400F2CCC
:1047400000D9EFE0704BA4001B599F465A46024324
:10475000914600D09DE09A46022390460824039398
:10476000CBE72E00002200249046654B1B05234317
:10477000F60733434046190007B0F0BCBB46B246CB
:10478000A946A046F0BD0022002300249046EDE794
:10479000CB464246029D03990229E2D0032900D16B
:1047A00043E22E000129EED0584B5344002B00DC8D
:1047B00093E1510700D04AE25946C90106D559464E
:1047C000534B194080238B46DB00534451498B42A5
:1047D000C8DC5946D208490711435A465B055402C2
:1047E0008846240B5B0DC1E75B460343994661D0C5
:1047F0005B46002B00D1C2E15846F0F707FC0B23C3
:104800005B429C460200844466461D239B1B260097
:1048100011005846DE40083988403300034399466A
:1048200023008B4098463C4B00249B1A9A46002359
:10483000039362E75A46009B1A43384B9C46E24476
:10484000002A32D102231C43002302219B4674E735
:104850005A46009B1A4322D05B46002B00D1A0E1B0
:104860005846F0F7D3FB020003000B3A1D27009EC9
:10487000BA1A19005846D640083988403200024317
:104880009346009A8A40264953448A4600219A4416
:1048900053E79A460323D9460C2403932DE70123BB
:1048A0001C43002301219B4647E7032332000321D9
:1048B0001C4342E7002398469A460133042403939D
:1048C0001BE700238024984600260D4B24034DE768
:1048D00080244B462403234209D05B46234206D161
:1048E0001C4324032E009046054B240B3EE78024F6
:1048F0004B4624031C432403029E014B240B35E743
:10490000FF07000001FCFFFF64740120FF030000AB
:10491000FFFFFFFEFE0700000DFCFFFF01F8FFFF99
:10492000F3030000CB4500D220E100D11BE10123BD
:104930005B429C46444648460027E2445B46150ECF
:104940001B021D43190C2B04120200951D0C9146ED
:1049500002910395F0F7AEF902006A430B04210CB3
:10496000804619438A420ED9009D0123AC465B4222
:1049700061449C46E0448D4205D88A4203D9AC4646
:10498000831E98466144881A0299F0F793F9039AB6
:10499000240442430904240C03000C43A24206D918
:1049A0000099013B8C466444A14200D80DE1A01A55
:1049B000424612041A4393464B4659461B0C1D00AF
:1049C00004930B0449460904090C0C001B0C5C43BE
:1049D000120C6B43884651436A43250CAC465B1866
:1049E0006344994203D9802149028C466244190CE0
:1049F00024041B04240C8A181C19904200D29EE047
:104A000000D199E03C1BA742BF41009D801A7F4224
:104A1000C01B854200D10CE10299F0F74BF9039AD3
:104A20000B044243210C070019438A4208D9AC46C3
:104A30006144013F8D4203D88A4201D9871E6144F7
:104A4000881A0299F0F736F9039A240442430904BC
:104A5000240C03000C43A24209D90099013B8C4667
:104A60006444A14203D8A24201D9831E6444414652
:104A7000A41A3A041A43049D13041B0C59434746D5
:104A80006B439C46100C47430B0CBC446344684387
:104A90009F4203D980256D02AC4660441F0C090477
:104AA0001B04090C3F185B18BC4206D302D001233B
:104AB0001A4379E6002B00D176E60098511E844611
:104AC0006444844200D2A8E0BC4200D2D6E000D1C7
:104AD000E0E00A00EBE7012252420121C91A38291D
:104AE00000DD50E61F2976DD1F204042C31A5846DC
:104AF000D8400300202904D05846694951448840D1
:104B00000243511E8A411A43072319000024114011
:104B100013420CD00F231340042B00D1BEE0111D13
:104B200091429B410A005B4259075B021C0BD20871
:104B30000A439046002319E6A74200D362E75B468A
:104B4000009D013B4F4405934F459B41AC465B4262
:104B50006344C018854233D2824200D981E07DD0BF
:104B6000059B9B464EE7424500D9E0E64B46DC07F5
:104B7000580843465B081C434346DF07DEE6F0F770
:104B800045FA15239C4684440200634620321C2BC0
:104B900000DC39E623000838834099460023984614
:104BA00041E6F0F733FA02000300153220331C2AE5
:104BB00000DC5BE600990838814000228B4662E603
:104BC0008542CDD1B945CBD8C6E7A24200D8EEE6A2
:104BD000831E6444EBE633481400504482405B4635
:104BE00017008340CC407A1E974123433B431A0071
:104BF0005B46CB40510709D00F211140042905D055
:104C0000111D9142924152429B180A0019028BD504
:104C10000022012300249046A8E50A00BC4200D0EF
:104C200045E74B4500D042E7BEE580245B462403C0
:104C300056E61D4B1D4A5344924500DA4BE70121CD
:104C400049420A1D8A42894149428B44B4E50F21F9
:104C50001140042900D1AFE51100F2E7BC4200D8B1
:104C60007EE702235B429C4600994F444F459B419F
:104C7000E3448C465B426344C018C3E64946009D4A
:104C8000480048458941AC46494261448146023A60
:104C90006418C3E79945F1D30A00C2E7002343E74C
:104CA0003E0400001E040000FF03000002FCFFFFA2
:104CB000F0B557464E464546DE46E0B583B0009017
:104CC00001910E034D00CC0F710A009E5F00760F1C
:104CD0000E43009900920193C80019037B0D9A4678
:104CE000B446009E019FFB0F9946CA4A4B0A710FBA
:104CF0001943F300834698461F006D0D924500D17D
:104D0000C4E001234E465E405346B146EB1AB4421E
:104D100000D17AE0002B00DC24E35646002E00D1BF
:104D2000D4E0954200D164E10126382B16DC8022C4
:104D3000120411431F2B00DDD6E120220E0047464E
:104D4000D21ADF4096403E4347469740D9403A004A
:104D50006346571EBA415B1A9C461643861BB042F7
:104D60008041634640421F1A3B0200D438E17F0273
:104D70007F0A002F00D114E13800F0F747F9030053
:104D8000083B20213000CA1AD0409F4002009E40BC
:104D90003A439D4200DD7AE1581B0130091A370081
:104DA0008E40C740731E9E411300C2408B403E435D
:104DB000002517001E43730709D00F233340042B2F
:104DC00005D0331DB342B6417642BF191E003B02E7
:104DD00000D49AE28F4A6B1C934200D106E18E4DBB
:104DE0005B053D405B0D6A07F6086D0232432D0BF3
:104DF0001B052B43E40723431000190003B0F0BC4C
:104E0000BB46B246A946A046F0BD002B00DCC4E27A
:104E10005646002E00D0BAE046460E4300D1EAE0E6
:104E20005E1EB146012B00D1AAE1934200D1E0E021
:104E30004B460126382B11DC1F2B00DDB5E120226B
:104E40000E004746D21A9640DF403E434746974001
:104E50003A00D940571EBA418C4416433618864250
:104E600080414042604407003B0200D4B8E0694BF7
:104E700001359D4200D1B8E00121674B72081F4007
:104E800031400A43FE0716437F0894E7634BEA1854
:104E900043460B432CD04C4530D0002A5DD0002D2A
:104EA00000D1F8E043464C468C46D80863465A0782
:104EB0000243D9080B001343002B00D147E28025A1
:104EC0002D030D432D03534B2D0B91E746460E4307
:104ED00000D190E05E1EB146012B00D15CE193420F
:104EE00000D186E04B460126382B00DD36E721E76E
:104EF0004E4601235E40B1464C45CED1002A00D13A
:104F000090E0002D00D004E153466246024300D1F8
:104F1000C8E15A1E012B00D1FFE13E4DAB4200D14A
:104F2000F7E00123382A10DC1F2A00DDDCE1202510
:104F30000600AD1A6346A840AB40D640451EA841C6
:104F4000334303436046D0400918434443459241EC
:104F500052421E005546571886E7314A6B1C1342D1
:104F600000D082E0424663460A430343002D00D04E
:104F7000F5E0002B00D16AE1002A00D075E10023A2
:104F8000C7086246614652073A43C9083DE0954268
:104F90002FD00126382B00DD60E780221204114358
:104FA0004AE73000F0F732F8030018331F2B00DC1B
:104FB000E7E63200083882409D4200DDA4E05B1B3A
:104FC000581C1F2800DCA4E116001F3BDE402028EF
:104FD00005D040231B1A9A40531E9A4116430025C0
:104FE000730700D0E9E62B00D3E02B000025002258
:104FF000FEE6C0085AE7C00862466146520702430F
:105000000448C908834200D154E709035B050D0B2E
:105010005B0DEDE6FF070000FFFF7FFF01F8FFFFDC
:10502000FE070000CC4A6B1C134276D16346034353
:10503000002D00D0DDE0002B00D150E14346C70831
:105040000B439ED04346C318834280416144404293
:105050000D18DB082A0200D473E1C04A15406A0724
:105060006D021A432D0B0123C2E64346C61A63465E
:105070005F1AB0429B415B42FF1A3B025ED4320092
:105080003A4300D075E6002400230025B0E6B34F74
:10509000ED1A17408FE65346624602435AD05A1E15
:1050A000012B00D1C8E0AE4CA34200D1FAE64C4639
:1050B0000126382A10DC1F2A00DD89E020239B1AF4
:1050C0000500664698409E40431E98416346D54081
:1050D000D3402E430643C91A43469E1BB045924116
:1050E000524255468F1A3FE61A000E00203AD6402B
:1050F000202B05D04022D31A994043460B431F0072
:105100007B1E9F413E4329E69449EB1A0A40944690
:1051100037E743468C46D808C8E6914A934200D107
:1051200064E7424682188242804161444042091845
:10513000CE0752081D0016434F083CE643461E1A90
:105140006346B0459241C91A01244B4652428F1A18
:105150001C400EE642464C468C46D0084CE7002BDD
:1051600000D0A3E0002A00D1E7E043464A07DB086D
:105170001A43130001244846C9080B4304409BE628
:10518000C61986428041614440420F183B0251D407
:105190000123BC46F0082FE7C61B6346B04280419E
:1051A000591A404201250F1ADEE51A000E00203A76
:1051B000D640B146202B05D04022D31A9940434611
:1051C0000B431F003E00731E9E414B461E4345E6A7
:1051D00013006546203BDD40202A05D0402366466B
:1051E0009B1A9E400643B3465E46731E9E412E4365
:1051F00072E7002B8DD043460B4300D1F9E662469F
:10520000C0085207634610438022DB081203134292
:1052100007D0CD08154204D14346D8082B004907D2
:105220000843420FC0005207C00802431900130090
:105230000B4341E602251FE643461E1AB045924144
:1052400063465242C91A4C4601258F1A8CE5002A42
:1052500000D118E743464A07DB0801241A434B46AE
:1052600049021C400D0B0023C2E54346C71A6346A2
:105270005D1AB8429B415B42ED1A80231B041D421C
:1052800053D04246161A62468D1AB0459241524298
:105290000124AD1A4A4614401D4278D02F4B1D40C0
:1052A0000123A0E542468C46D008A5E6002A00D19D
:1052B0009FE66246C0085207634610438022DB081F
:1052C00012031342ADD0CD081542AAD143460124A2
:1052D000D8084B4649071C4008432B00A1E743462A
:1052E0008C46DF0800234CE613006546203BDD407A
:1052F000202A05D0402366469B1A9E400643B346AB
:105300005B465A1E93412B431FE62B00BC46F00818
:1053100072E620210026091A46E5404440459241A4
:105320006144524206008F1830E73A002A4300D108
:10533000A9E60023AC46FF0823E6802100240903E8
:10534000BDE56A076D021A432D0B002350E50022CC
:105350000025034B4CE5C046FE070000FFFF7FFF22
:10536000FF070000002B00D1F7E553465A1B13003E
:10537000002D00D190E6382A06DC802364461B0409
:105380001C43A446340096E634000126A4E66A07CE
:10539000F60800233243E90837E6002B00D141E646
:1053A00053465A1B002D01D11300AEE50123382AC4
:1053B00000DDCAE5802365461B041D43AC46B3E50A
:1053C000F0B5C6461E03360BB0460D4E0C034D001D
:1053D0005F0000B5240B6D0D7F0DB5420BD0084961
:1053E00000208F4204D1464616433000431E9841A8
:1053F00080BCB846F0BD04430120002CF8D1EEE794
:10540000FF0700000B00020070B5164D0C0382B0C0
:105410004900002000920193240B490DDE0FA942A0
:1054200004DD1148814203DD104BF01802B070BD5D
:105430008020400320430E4C641A1F2C08DD0D4BC6
:105440005B1AD84003005842002EEFD11800EDE758
:10545000094B009A9C46030061448B40E240134391
:10546000F1E7C046FE0300001D040000FFFFFF7FC0
:105470003304000013040000EDFBFFFF044A0300A7
:105480001068002802D0C318136070470148FAE77B
:105490004CF6012050F60120FEE7C046F8B5C046A4
:1054A000F8BC08BC9E467047F8B5C046F8BC08BCBE
:1054B0009E4670470000000001B40248844601BCCB
:1054C000604700BFE58B010001B40248844601BC7F
:1054D000604700BF190F030001B40248844601BCB5
:1054E000604700BF4DF7020001B40248844601BC8A
:1054F000604700BFE9C3010001B40248844601BC13
:10550000604700BF3930030001B40248844601BC43
:10551000604700BFCD52020001B40248844601BC7E
:10552000604700BF0188010001B40248844601BC05
:10553000604700BF4D17030001B40248844601BC18
:10554000604700BF7520020001B40248844601BCD8
:10555000604700BFE10C030001B40248844601BC6F
:10556000604700BF1DBF010001B40248844601BC72
:10557000604700BF5D22030001B40248844601BCBD
:10558000604700BF11F4020001B40248844601BC28
:10559000604700BF5D28030001B40248844601BC97
:1055A000604700BF4D11010001B40248844601BCB0
:1055B000604700BF49A0020001B40248844601BC14
:1055C000604700BFED16030001B40248844601BCE9
:1055D000604700BF2944030001B40248844601BC6F
:1055E000604700BF058F010001B40248844601BC3A
:1055F000604700BFADA0010001B40248844601BC71
:10560000604700BFC5F7020001B40248844601BCF0
:10561000604700BF858E010001B40248844601BC8A
:10562000604700BF19E0020001B40248844601BC93
:10563000604700BFED05030001B40248844601BC89
:10564000604700BF1D10030001B40248844601BC3E
:10565000604700BF51E9030001B40248844601BC21
:10566000604700BF8766030001B40248844601BC5E
:10567000604700BFF10C030001B40248844601BC3E
:10568000604700BF21A5010001B40248844601BC67
:10569000604700BF2982020001B40248844601BC71
:1056A000604700BF6522030001B40248844601BC84
:1056B000604700BF3DE0020001B40248844601BCDF
:1056C000604700BF5129020001B40248844601BC72
:1056D000604700BFE9DF020001B40248844601BC14
:1056E000604700BF1959020001B40248844601BC5A
:1056F000604700BF5D52010001B40248844601BC0E
:10570000604700BF0936030001B40248844601BC6B
:10571000604700BFD9C0010001B40248844601BC03
:10572000604700BF313A030001B40248844601BC1F
:10573000604700BF71F8020001B40248844601BC12
:10574000604700BF6982020001B40248844601BC80
:10575000604700BFA117020001B40248844601BCA3
:10576000604700BF9D12010001B40248844601BC9D
:10577000604700BFC331030001B40248844601BC46
:10578000604700BF6980010001B40248844601BC43
:10579000604700BF9D0F020001B40248844601BC6F
:1057A000604700BF6920020001B40248844601BC82
:1057B000604700BF5935030001B40248844601BC6C
:1057C000604700BF3512020001B40248844601BCA4
:1057D000604700BF39F7020001B40248844601BCAB
:1057E000604700BF814E030001B40248844601BCFB
:1057F000604700BF4913020001B40248844601BC5F
:10580000604700BFDDE0030001B40248844601BCEC
:10581000604700BFF505030001B40248844601BC9F
:10582000604700BFC923030001B40248844601BC9D
:10583000604700BF79C0010001B40248844601BC42
:10584000604700BF6F66030001B40248844601BC94
:10585000604700BF7DDE010001B40248844601BC00
:10586000604700BF4520020001B40248844601BCE5
:10587000604700BF7927030001B40248844601BC99
:10588000604700BF03F9020001B40248844601BC2E
:10589000604700BF8D35030001B40248844601BC57
:1058A000604700BF81BE010001B40248844601BCCC
:1058B000604700BF01E0020001B40248844601BC19
:1058C000604700BF8931030001B40248844601BC2F
:1058D000604700BFD953010001B40248844601BCAF
:1058E000604700BF8120020001B40248844601BC29
:1058F000604700BFDD10020001B40248844601BCCD
:10590000604700BFFDF6020001B40248844601BCB6
:10591000604700BF0552020001B40248844601BC42
:10592000604700BFA5BC020001B40248844601BC28
:10593000604700BF51F8020001B40248844601BC30
:10594000604700BFC91D020001B40248844601BC83
:10595000604700BF61F7020001B40248844601BC01
:10596000604700BF79C3010001B40248844601BC0E
:10597000604700BF55E2030001B40248844601BC01
:10598000604700BFE1DD010001B40248844601BC6C
:10599000604700BFA30C030001B40248844601BC69
:1059A000604700BFADDF020001B40248844601BC7D
:1059B000604700BF6D78010001B40248844601BC15
:1059C000604700BFFDB8010001B40248844601BC35
:1059D000604700BFE922020001B40248844601BCCE
:1059E000604700BF2910030001B40248844601BC8F
:1059F000604700BF417B010001B40248844601BCFE
:105A0000604700BF6108010001B40248844601BC40
:105A1000604700BF3594020001B40248844601BCCF
:105A2000604700BFA530030001B40248844601BCB2
:105A3000604700BF6932030001B40248844601BCDC
:105A4000604700BF618B010001B40248844601BC7D
:105A5000604700BF2D20020001B40248844601BC0B
:105A6000604700BF89DB010001B40248844601BCE5
:105A7000604700BF99A7030001B40248844601BCF7
:105A8000604700BFFD23020001B40248844601BC08
:105A9000604700BFD123010001B40248844601BC25
:105AA000604700BFADB7010001B40248844601BCA5
:105AB000604700BFA577010001B40248844601BCDD
:105AC000604700BFB17A010001B40248844601BCBE
:105AD000604700BF0506030001B40248844601BCCC
:105AE000604700BFFD7A020001B40248844601BC51
:105AF000604700BF0D8C010001B40248844601BC20
:105B0000604700BF45A3010001B40248844601BCC0
:105B1000604700BFCD39020001B40248844601BC91
:105B2000604700BF95B5010001B40248844601BC3E
:105B3000604700BF3979010001B40248844601BCC6
:105B4000604700BF65BF010001B40248844601BC44
:105B5000604700BF3514010001B40248844601BC0F
:105B6000604700BF513A030001B40248844601BCBB
:105B7000604700BF117A010001B40248844601BCAD
:105B8000604700BFE971010001B40248844601BCCE
:105B9000604700BF3D1E020001B40248844601BCBC
:105BA000604700BF91B2010001B40248844601BCC5
:105BB000604700BF79DC010001B40248844601BCA3
:105BC000604700BFB9A0030001B40248844601BC8D
:105BD000604700BFBDBD010001B40248844601BC5E
:105BE000604700BFE9F6020001B40248844601BCE8
:105BF000604700BFD505030001B40248844601BCDC
:105C0000604700BFDDDF020001B40248844601BCEA
:105C1000604700BFE9C0020001B40248844601BCED
:105C2000604700BFC5DF020001B40248844601BCE2
:105C3000604700BFF5C2010001B40248844601BCC0
:105C4000604700BF4B66030001B40248844601BCB4
:105C5000604700BFAF0F030001B40248844601BC97
:105C6000604700BFE523030001B40248844601BC3D
:105C7000604700BF192C020001B40248844601BCF1
:105C8000604700BF5D58010001B40248844601BC72
:105C9000604700BF751E020001B40248844601BC83
:105CA000604700BFB12D020001B40248844601BC28
:105CB000604700BF89A6010001B40248844601BCC8
:105CC000604700BF195A010001B40248844601BC74
:105CD000604700BF69E9030001B40248844601BC83
:105CE000604700BF910C030001B40248844601BC28
:105CF000604700BFE955010001B40248844601BC79
:105D0000604700BFD1C3010001B40248844601BC12
:105D1000604700BF110D030001B40248844601BC76
:105D2000604700BF0931030001B40248844601BC4A
:105D3000604700BF49E0020001B40248844601BC4C
:105D4000604700BF2178020001B40248844601BCCC
:105D5000604700BF3532030001B40248844601BCED
:105D6000604700BFBB1E030001B40248844601BC6B
:105D7000604700BF698D010001B40248844601BC40
:105D8000604700BF4582010001B40248844601BC5F
:105D9000604700BF6118020001B40248844601BC9C
:105DA000604700BFF912010001B40248844601BCFB
:105DB000604700BFC961020001B40248844601BCCB
:105DC000604700BF610E020001B40248844601BC76
:105DD000604700BFDD59030001B40248844601BC9E
:105DE000604700BF7923020001B40248844601BC29
:105DF000604700BF31E0020001B40248844601BCA4
:105E0000604700BF410C030001B40248844601BC56
:105E1000604700BF6114020001B40248844601BC1F
:105E2000604700BF5766030001B40248844601BCC6
:105E3000604700BFF9BD010001B40248844601BCBF
:105E4000604700BF1514020001B40248844601BC3B
:105E5000604700BF6D18030001B40248844601BCCE
:105E6000604700BF57EF020001B40248844601BCFE
:105E7000604700BFA934030001B40248844601BC56
:105E8000604700BF618E010001B40248844601BC36
:105E9000604700BFBDBE010001B40248844601BC9A
:105EA000604700BF43D7010001B40248844601BCEB
:105EB000604700BF1D18020001B40248844601BCBF
:105EC000604700BFFD05030001B40248844601BCE1
:105ED000604700BF41F8020001B40248844601BC9B
:105EE000604700BF6366030001B40248844601BCFA
:105EF000604700BF3920020001B40248844601BC5B
:105F0000604700BF1510030001B40248844601BC7D
:105F1000604700BF1979010001B40248844601BC02
:105F2000604700BF9112020001B40248844601BCE0
:105F3000604700BF75E9030001B40248844601BC14
:105F4000604700BF9DB3010001B40248844601BC14
:105F5000604700BFBD72010001B40248844601BC25
:105F6000604700BF858F010001B40248844601BC30
:105F7000604700BFC1B9010001B40248844601BCBA
:105F8000604700BF25E0020001B40248844601BC1E
:105F9000604700BF91F8020001B40248844601BC8A
:105FA000604700BF25F7020001B40248844601BCE7
:105FB000604700BF1D23010001B40248844601BCB4
:105FC000604700BFE11A020001B40248844601BCE8
:105FD000604700BFE17C010001B40248844601BC77
:105FE000604700BF7D08010001B40248844601BC3F
:105FF000604700BFB105030001B40248844601BCFC
:10600000604700BFAF28030001B40248844601BCCA
:10601000604700BF89C2010001B40248844601BC48
:10602000604700BFB978010001B40248844601BC52
:10603000604700BF8518030001B40248844601BCD4
:10604000604700BF0DE0020001B40248844601BC75
:10605000604700BF0559010001B40248844601BCF5
:10606000604700BFE132030001B40248844601BC2E
:10607000604700BF41F9020001B40248844601BCF8
:10608000604700BF3549030001B40248844601BCA3
:10609000604700BF7115020001B40248844601BC8C
:1060A000604700BFB5F8020001B40248844601BC55
:1060B000604700BF8DC1010001B40248844601BCA5
:1060C000604700BF15D0020001B40248844601BCFD
:1060D000604700BF4D18020001B40248844601BC6D
:1060E000604700BF253D030001B40248844601BC5F
:1060F000604700BF498B010001B40248844601BCDF
:10610000604700BF49E2030001B40248844601BC75
:10611000604700BF1D3D030001B40248844601BC36
:10612000604700BF5DE9030001B40248844601BC3A
:10613000604700BF11F7020001B40248844601BC69
:10614000604700BF25AA020001B40248844601BC92
:10615000604700BF45E9030001B40248844601BC22
:10616000604700BFF11A020001B40248844601BC36
:10617000604700BF31EE020001B40248844601BC12
:10618000604700BFD9F7020001B40248844601BC51
:10619000604700BF1BF9020001B40248844601BCFD
:1061A000604700BFD1DF020001B40248844601BC51
:1061B000604700BF4D10010001B40248844601BC95
:1061C000604700BF0922010001B40248844601BCB7
:1061D000604700BF39C4010001B40248844601BCD5
:1061E000604700BFCDBF010001B40248844601BC36
:1061F000604700BFF111020001B40248844601BCAF
:10620000604700BF3166030001B40248844601BC08
:10621000604700BFD952030001B40248844601BC64
:10622000604700BFDD30030001B40248844601BC72
:10623000604700BFB135030001B40248844601BC89
:10624000604700BFA511010001B40248844601BCAB
:10625000604700BF0114010001B40248844601BC3C
:10626000604700BF4946030001B40248844601BCB0
:10627000604700BF11F1020001B40248844601BC2E
:10628000604700BFED44030001B40248844601BCEE
:10629000604700BFF5DF020001B40248844601BC3C
:1062A000604700BF5572010001B40248844601BC3A
:1062B000604700BF5120020001B40248844601BC7F
:1062C000604700BF7DDC020001B40248844601BC87
:1062D000604700BFADC3010001B40248844601BC61
:1062E000604700BF8D23030001B40248844601BC0F
:1062F000604700BFD513020001B40248844601BCC8
:10630000604700BFF57E010001B40248844601BC2D
:10631000604700BFED2B030001B40248844601BC76
:10632000604700BFC15D030001B40248844601BC60
:10633000604700BF6942010001B40248844601BCC5
:10634000604700BFE110010001B40248844601BC6F
:10635000604700BF418A010001B40248844601BC85
:10636000604700BF45BF010001B40248844601BC3C
:10637000604700BFD1A7030001B40248844601BCB6
:10638000604700BFF115020001B40248844601BC19
:10639000604700BF8543020001B40248844601BC47
:1063A000604700BFE3F8020001B40248844601BC24
:1063B000604700BFE18D010001B40248844601BC82
:1063C000604700BF4917020001B40248844601BC7F
:1063D000604700BF15C4010001B40248844601BCF7
:1063E000604700BFF50B030001B40248844601BCBE
:1063F000604700BFE105030001B40248844601BCC8
:10640000604700BF5D20020001B40248844601BC21
:10641000604700BF7B66030001B40248844601BCAC
:10642000604700BF1124020001B40248844601BC49
:10643000604700BFB95A030001B40248844601BC5A
:10644000604700BFB9DF020001B40248844601BCC6
:10645000604700BF51EC030001B40248844601BC10
:10646000604700BFB13C030070B51A4C2378002B85
:106470000BD0EFF3108572B6174B1B68002B05D0BD
:106480009847002802D185F3108870BD2378012B2E
:1064900019D0023B022B0DD80121080000F024F88E
:1064A00004230E4A11690B43136130BF0021012000
:1064B00000F01AF80A4B1B68002BE4D02278022A5D
:1064C000E1D19847DFE70421044A13698B43136144
:1064D00030BFEFE7FC9A0120049B012000ED00E0B3
:1064E000009B01200000000001B40248844601BC6A
:1064F000604700BF39C4010007000000F80F020028
:10650000280028000000F4011161012000000000B3
:10651000D49C012034000000BC9B01201801000025
:106520003265012000000000B4A901203400000001
:10653000B4A401200005000058C30120000104009C
:10654000E8BE012028000400E8BD0120000102008F
:1065500020BB01202800040010BA01200001020025
:1065600048B7012028000400CF6701200000000088
:1065700098D201203400000098CC012000060000D1
:10658000B46701200000000040DF0120240000006B
:1065900064DF0120400200009A6701200000000033
:1065A0001CDF0120240000001CDB0120000400008F
:1065B0000201060319000D03021F1800A36A01203F
:1065C000A66A0120A96A012044657620696E666F7B
:1065D000207365727669636520696E6974206661EF
:1065E000696C7572652E0053657373696F6E205305
:1065F000746172742054696D6520466F726D6174A8
:10660000204572726F720031323A35333A333900B5
:106610004A616E2031322032303236005B257320E1
:10662000542025735D626C652070657269706865C1
:1066300072616C2070726F6A6563742863702920C0
:10664000737461727420746F20776F726B2E0A00FE
:106650002D2D2D2D2D2D2D2D2D2D2D2D41707031CC
:106660002076302E312D2D2D2D2D2D2D2D2D2D2D16
:106670002D002D2D2D2D2D2D2D2D4265666F726532
:106680002044657669636520496E666F205772699C
:1066900074652D2D2D2D2D2D2D2D005B25735D5B0E
:1066A00025645D203A205265616420446576696303
:1066B00065204944204661696C65640A005B257366
:1066C0005D5B25645D203A204465766963652049F9
:1066D00044203A200030782530325820005B257362
:1066E0005D5B25645D203A205265616420446566E7
:1066F00061756C7420426C65204465762041646449
:1067000072204661696C65640A005B25735D5B25D8
:10671000645D203A2044656661756C6520426C6555
:106720002041646472203A20005B25735D5B256420
:106730005D203A205265616420437573746F6D204B
:10674000426C65204465762041646472204661692C
:106750006C65640A005B25735D5B25645D203A20EF
:10676000437573746F6D20426C65204164647220C0
:106770003A20006170705F6D61696E006F73206513
:106780007272206F636375727300636F646520209B
:106790002020203A203078253038580A006F626A6D
:1067A0006563745F69643A203078253038580A0090
:1067B00073797374656D206572726F72206F636395
:1067C000757273007531364572724D6F64756C6504
:1067D0003A2575207531364572724C696E653A25D9
:1067E000750A00753332457272496E666F313A250B
:1067F0007520753332457272496E666F323A25756F
:106800000A004E4D495F48616E646C65723A2025FE
:106810003038582C20253038582C20253038580A4C
:10682000005B486172644661756C745F48616E64B8
:106830006C65725D43757272656E74206D73703A2B
:10684000203078253038580A004F636375726564CC
:1068500020696E207461736B2E004F6363757265DF
:106860006420696E20696E746572727570742E0092
:106870005573696E67207533325073702E005573EF
:10688000696E67207533324D73702E0053746163E7
:106890006B206672616D653A00523020203A2030DC
:1068A00078253038580A00523120203A2030782597
:1068B0003038580A00523220203A203078253038BB
:1068C000580A00523320203A203078253038580AB0
:1068D00000523132203A203078253038580A004CA6
:1068E0005220203A203078253038580A0050432072
:1068F000203A203078253038580A00785053523AE0
:10690000203078253038580A005468652072782085
:106910007175657565206964206973204E554C4C0E
:10692000005B25735D5B25645D203A204C696E6BCE
:106930002051756575652043726561746520416CF1
:106940006C6F63204D656D6F7279204661696C656F
:10695000640A005B25735D5B25645D203A204C6909
:106960006E6B2051756575652050757420416C6C97
:106970006F63204D656D6F7279204661696C656447
:106980000A005B25735D5B25645D203A204D4D5503
:1069900020526561642048656164657220466169C2
:1069A0006C65640A005B25735D5B25645D203A209D
:1069B0004D4D552054797065204E6F7420466F758B
:1069C0006E640A005B25735D5B25645D203A204D93
:1069D0004D55205772697465204461746120426589
:1069E000796F6E6420456E642041646472657373D0
:1069F0000A005B25735D5B25645D203A204D4D5593
:106A00002057726974652044617461204661696C25
:106A100065640A005B25735D5B25645D203A204D4B
:106A20004D55205772697465204865616465722010
:106A30004661696C65640A005B25735D5B25645D76
:106A4000203A204D4D552057726974652046616982
:106A50006C65640A005B25735D5B25645D203A20EC
:106A60004D4D55204461746120496E76616C6964B6
:106A70000D0A005B25735D5B25645D203A204D4D5A
:106A80005520526561642044617461204265796FCC
:106A90006E6420456E6420416464726573730A00FD
:106AA0005B25735D5B25645D203A204D4D5520527A
:106AB000656164204661696C65640A005B25735DED
:106AC0005B25645D203A204F544120466C61736819
:106AD0002053796E63204661696C65640A005B250A
:106AE000735D5B25645D203A204F544120466C6104
:106AF0007368205265616420436F64652046616954
:106B00006C65640A005B25735D5B25645D203A203B
:106B1000435243204552524F5220436F64652043F5
:106B20005243203A2030782530385820464C415383
:106B30004820435243203A203078253038580A0004
:106B40005B25735D5B25645D203A204F54412057DF
:106B500072697465205570677261646520496E665C
:106B60006F204661696C65640A005B25735D5B2577
:106B7000645D203A204F544120526573706F6E73EC
:106B80006520436869702052657374617274204691
:106B900061696C65640A002D2D2D2D2D2D2D2D2D57
:106BA0002D2D2D2D2D2D4348495020524553544114
:106BB00052542D2D2D2D2D2D2D2D2D2D2D2D2D2DB9
:106BC0002D2D005B25735D5B25645D203A204F54BD
:106BD0004120476574204669726D7761726520496E
:106BE0006E666F206661696C65640A005B25735D83
:106BF0005B25645D203A204F544120526573706FCD
:106C00006E73652055706772616465205265717599
:106C1000657374206661696C65640A005B25735D49
:106C20005B25645D203A20436F6465204C656E6788
:106C30007468204572726F72203A2025640A005BE6
:106C400025735D5B25645D203A204F5441205061DF
:106C5000636B61676520496E646578204572726F69
:106C6000720A005B25735D5B25645D203A204F54FA
:106C700041205061636B6167652043524320457238
:106C8000726F720A005B25735D5B25645D203A209C
:106C90004F544120466C61736820577269746520B7
:106CA0004661696C65640A005B25735D5B25645D04
:106CB000203A204F5441205265636569766520551E
:106CC00070677261646520436F6465206661696CFA
:106CD00065640A005B25735D5B25645D203A204F87
:106CE000544120526573706F6E73652055706772E2
:106CF0006164652046696E697368206661696C65C8
:106D0000640A005B25735D5B25645D203A20437552
:106D10007272656E742042617474657279204C657C
:106D200076656C203A20257525250D0A005B2573B4
:106D30005D5B25645D203A2054696D65204F666671
:106D4000736574204D696E75746573203A202575DE
:106D50000D0A005B25735D5B25645D203A20434787
:106D60004D532053656E64204D6561737572656D7A
:106D7000656E74204661696C65640D0A005B25735D
:106D80005D5B25645D203A2043474D532044617488
:106D900061626173652069732046756C6C0D0A0031
:106DA0005B25735D5B25645D203A20476C75636FDE
:106DB000736520436F6E63656E74726174696F6E84
:106DC000203A202566206D672F644C0A005B2573EE
:106DD0005D5B25645D203A2043474D532052656337
:106DE0006F72642041646420746F20446174616236
:106DF000617365205375636365737366756C0D0A03
:106E0000005B25735D5B25645D203A2043474D534D
:106E1000204461746162617365204E756D626572B4
:106E2000206F662053746F726564205265636F72C1
:106E300064203A2025750D0A005B25735D5B25648F
:106E40005D203A2053656E64204D657373616765FC
:106E5000204661696C65643A2025640A005B2573ED
:106E60005D5B25645D203A2043474D204354532009
:106E70005365742053797374656D2054696D650D85
:106E80000A005B25735D5B25645D203A2043474D16
:106E9000204465766963652053797374656D205469
:106EA000696D65203A20253034752D253032752DD9
:106EB0002530327520253032753A253032753A2525
:106EC0003032750D0A005B25735D5B25645D203AE9
:106ED0002043474D20435453204765742053797312
:106EE00074656D2054696D650D0A005B25735D5BEB
:106EF00025645D203A2054542052656365697665A7
:106F0000203A20000D005B25735D5B25645D203A0F
:106F100020496E7661696C6420446576204E616D0F
:106F2000650A005B25735D5B25645D203A2075383A
:106F3000496478203A2025750D0A005B25735D5B56
:106F400025645D203A204D4D5520577269746520A7
:106F5000446576204E616D65203A2025730A005BFA
:106F600025735D5B25645D203A20426C6520446595
:106F700076204E616D65204E6F7420466F756E648D
:106F800020696E20666C6173680A005B25735D5B27
:106F900025645D203A2054542053657276696365F8
:106FA0002053656E64204661696C65640A005B2548
:106FB000735D5B25645D203A204D4D55205265611F
:106FC0006420446576204E616D65203A2025730A61
:106FD000005B25735D5B25645D203A20496E766118
:106FE000696C642041647620496E74657276616CC8
:106FF0000A005B25735D5B25645D203A204D4D558D
:107000002057726974652041647620496E746572F8
:1070100076616C203A20252E3366206D730A005B62
:1070200025735D5B25645D203A20426C65204164D8
:107030007620496E74657276616C204E6F742046BE
:107040006F756E6420696E20666C6173680A005B00
:1070500025735D5B25645D203A204D4D55205265BA
:1070600061642041647620496E74657276616C209B
:107070003A20252E3366206D730A005B25735D5B15
:1070800025645D203A205B454E5F4F54415F455675
:10709000545F4745545F4649524D574152455F49F9
:1070A0004E464F5D0A005B25735D5B25645D203AAB
:1070B000205B454E5F4F54415F4556545F48414EFB
:1070C000445348414B455D0A005B25735D5B256475
:1070D0005D203A205B454E5F4F54415F4556545FFB
:1070E000555047524144455F524551554553545DB3
:1070F0000A005B25735D5B25645D203A205B454E8D
:107100005F4F54415F4556545F5550475241444587
:107110005F46494E4953485D0A005B25735D5B2518
:10712000645D203A205B454E5F4F54415F455654A5
:107130005F434849505F524553544152545D0A00E1
:107140005B25735D5B25645D203A2053656E64208A
:1071500043474D204D657373616765204661696CD7
:1071600065640D0A005B25735D5B25645D203A2034
:1071700053656E6420426C65204D6573736167656D
:10718000204661696C65640D0A005B25735D5B25B3
:10719000645D203A204C696E6B20517565756520E1
:1071A000507574204661696C65640A005B25735DE7
:1071B0005B25645D203A2053656E64204F54412066
:1071C0004D657373616765204661696C65640D0A7E
:1071D000005B25735D5B25645D203A20526163701E
:1071E0002069732052756E6E696E672C506C6561F4
:1071F00073652054727920416761696E204C617417
:1072000065720D0A005B25735D5B25645D203A2085
:10721000506C65617365205374617274205365739B
:1072200073696F6E20616E642054727920416761CA
:10723000696E0D0A005B25735D5B25645D203A2055
:1072400053656E6420417070204D6573736167658E
:10725000204661696C65640A005B25735D5B25648B
:107260005D203A20537472696E6720546F20466C1B
:107270006F6174204661696C65640A005B25735D0B
:107280005B25645D203A205350492053656E64208D
:10729000436F6D6D616E64204661696C65640A00C0
:1072A0005B25735D5B25645D203A20535049205275
:1072B0006563656976652032353620427974657379
:1072C000204661696C65640A005B25735D5B25641B
:1072D0005D203A20526563762044617461203A2033
:1072E000005B25735D5B25645D203A2056616C6907
:1072F0006420535049204576656E74204461746162
:107300000A005B25735D5B25645D203A20496E763B
:10731000616C696420535049204576656E74204441
:107320006174610A005AFFFF005B25735D5B256491
:107330005D203A202D2D2D2D2D2D2D2D2D2D2D2D5A
:107340002D2D2D43474D2050726F66696C65204589
:1073500078616D706C652D2D2D2D2D2D2D2D2D2DE4
:107360002D2D2D2D2D2D0A00637265617465204130
:1073700070704D73674964206661696C6564005B79
:1073800025735D5B25645D203A2049504320496E9A
:107390006974204661696C65640A005B25735D5BF6
:1073A00025645D203A204F5441204C696E6B20517A
:1073B0007565756520437265617465204661696C09
:1073C00065640A005B25735D5B25645D203A20558A
:1073D00073652053657373696F6E205374617274A3
:1073E0002054696D652046726F6D20466C6173682C
:1073F0000A005B25735D5B25645D203A205573654B
:107400002044656661756C742053657373696F6E93
:107410002053746172742054696D650A005B257392
:107420005D5B25645D203A204D4D5520577269748F
:10743000652043474D5320534F435020536573738A
:10744000696F6E2053746172742054696D652046B3
:1074500061696C65640D0A005B25735D5B25645D85
:10746000203A2043474D2044657669636520536583
:107470007373696F6E2053746172742054696D6503
:10748000203A20253034752D253032752D253032A7
:107490007520253032753A253032753A25303275EF
:1074A0000D0A0043474D5320496E697420466169B7
:1074B0006C6564005B25735D5B25645D203A205537
:1074C00061727420496E6974204661696C65640D4F
:1074D0000A005561727420496E69742053756363A4
:1074E00065737366756C0D0A005B25735D5B2564BF
:1074F0005D203A20535049204D61737465722049D4
:107500006E6974204661696C65640D0A005B2573C1
:107510005D5B25645D203A20535049204D617374B2
:10752000657220496E6974204F4B0A005B25735DBC
:107530005B25645D203A2043474D204D65737361A0
:1075400067652051756575652047657420466169DA
:107550006C6564200A005B25735D5B25645D203AE1
:10756000204D4D552057726974652043474D532077
:10757000534F43502053657373696F6E205374618A
:1075800072742054696D65204661696C65640A00F7
:107590005B25735D5B25645D203A2043474D532096
:1075A000534F435020537461727420536573736951
:1075B0006F6E0A005B25735D5B25645D203A205386
:1075C0004F43502053657373696F6E2054696D6526
:1075D000722053746172742C436F6D6D756E6963A4
:1075E0006174696F6E20496E74657276616C203AC1
:1075F000202575204D696E757465730A005B2573CF
:107600005D5B25645D203A205B4552524F525D2000
:10761000436F6D6D756E69636174696F6E20496E3D
:1076200074657276616C206973205A65726F0A0006
:107630005B25735D5B25645D203A2043474D5320F5
:10764000534F43502053746F702053657373696FA9
:107650006E0A005B25735D5B25645D203A20534F05
:1076600043502053657373696F6E2054696D657262
:107670002053746F700D0A005B25735D5B25645D9C
:10768000203A2043474D5320534F435020436F6DC2
:107690006D756E69636174696F6E20496E74657291
:1076A00076616C204368616E6765642C436F6D6D15
:1076B000756E69636174696F6E20496E7465727668
:1076C000616C203A202575204D696E757465730ACA
:1076D000005B25735D5B25645D203A2043474D5375
:1076E000205265706F727420416C6C2053746F72FD
:1076F0006564205265736F7264730A005B25735D65
:107700005B25645D203A2043474D53205265706FDE
:107710007274203C3D203078253034582053746FEB
:10772000726564205265736F7264730A005B25731F
:107730005D5B25645D203A2043474D5320526570C0
:107740006F7274203E3D20307825303458205374B9
:107750006F726564205265736F7264730A005B25F3
:10776000735D5B25645D203A2043474D532052658D
:10777000706F7274203E3D203078253034582026BA
:1077800026203C3D203078253034582053746F72C9
:107790006564205265736F7264730A005B25735DC4
:1077A0005B25645D203A2043474D53205265706F3E
:1077B00072742046697273742053746F726564200A
:1077C0005265736F72640A005B25735D5B25645DAF
:1077D000203A2043474D53205265706F7274204CFD
:1077E0006173742053746F726564205265736F7295
:1077F000640A005B25735D5B25645D203A20556E4D
:107800006B6E6F776E2052414350204F70657261EE
:10781000746F720A005B25735D5B25645D203A20FE
:1078200043474D532052414350204572726F72209E
:107830003A2025640D0A005B25735D5B25645D209D
:107840003A2043474D5320524143502052657370B4
:107850006F6E64204661696C65640D0A005B257378
:107860005D5B25645D203A2043474D53205265708F
:107870006F7274204E756D626572206F6620416C68
:107880006C2053746F726564205265736F726473F9
:107890000A005B25735D5B25645D203A2043474DFC
:1078A00053205265706F7274204E756D6265722040
:1078B0006F662053746F726564205265736F7264D3
:1078C00073203C3D203078253034580A005B257306
:1078D0005D5B25645D203A2043474D53205265701F
:1078E0006F7274204E756D626572206F66205374DE
:1078F0006F726564205265736F726473203E3D2021
:107900003078253034580A005B25735D5B25645D53
:10791000203A2043474D53205265706F7274204EB9
:10792000756D626572206F662053746F7265642096
:107930005265736F726473203E3D20307825303479
:1079400058202626203C3D203078253034580A0027
:107950005B25735D5B25645D203A2043474D5320D2
:107960005265706F7274204E756D626572206F661D
:107970002046697273742053746F72656420526577
:10798000736F72640A005B25735D5B25645D203A4A
:107990002043474D53205265706F7274204E756DB1
:1079A000626572206F66204C6173742053746F722D
:1079B0006564205265736F72640A005B25735D5BBA
:1079C00025645D203A2043474D53205265706F7205
:1079D00074204E756D626572206F66205265636F0C
:1079E000726473203A2025750D0A005B25735D5B78
:1079F00025645D203A2043474D532044656C6574EF
:107A00006520416C6C2053746F72656420526573FD
:107A10006F7264730A005B25735D5B25645D203AB9
:107A20002043474D532044656C6574652053746F43
:107A3000726564205265736F726473203C3D203020
:107A400078253034580A005B25735D5B25645D2022
:107A50003A2043474D532044656C65746520537448
:107A60006F726564205265736F726473203E3D20AF
:107A70003078253034580A005B25735D5B25645DE2
:107A8000203A2043474D532044656C65746520536C
:107A9000746F726564205265736F726473203E3D2B
:107AA00020307825303458202626203C3D20307860
:107AB000253034580A005B25735D5B25645D203AF0
:107AC0002043474D532044656C65746520466972B8
:107AD00073742053746F726564205265736F72649F
:107AE0000A005B25735D5B25645D203A2043474DAA
:107AF000532044656C657465204C61737420537425
:107B00006F726564205265736F72640A005B25733F
:107B10005D5B25645D203A2043474D5320536573D8
:107B200073696F6E2053746172742054696D65209F
:107B30005570646174650D0A005B25735D5B256497
:107B40005D203A2043474D5320556E6B6E6F776E24
:107B5000204576656E740A005B25735D5B25645D68
:107B6000203A204F54412050726F746F636F6C2025
:107B70005061727365204661696C65640A005B251B
:107B8000735D5B25645D203A205350492052656344
:107B90006569766520332042797465732046616992
:107BA0006C65640A005A02FF004170702043474D23
:107BB00053204D7367205175657565005B25735DB6
:107BC0005B25645D203A2043474D53204461746136
:107BD00062617365204E6F7420466F756E64206914
:107BE0006E20466C6173680D0A005B25735D5B2532
:107BF000645D203A2043474D5320446174616261C3
:107C0000736520526561642046726F6D20466C6119
:107C10007368205375636365737366756C0D0A0032
:107C20005B25735D5B25645D203A2043474D5320FF
:107C30004461746162617365204E756D6265722086
:107C40006F66205265636F726473203A2025750D4C
:107C50000A005B25735D5B25645D203A2043474D38
:107C600053204372656174652061204E657720441E
:107C7000617461626173650D0A005B25735D5B254C
:107C8000645D203A2043474D532044617461626132
:107C9000736520437265617465204661696C656433
:107CA0000D0A005B25735D5B25645D203A20434728
:107CB0004D53204461746162617365205265636F46
:107CC000726420416464204661696C65640D0A0039
:107CD0005B25735D5B25645D203A2043474D53204F
:107CE00044617461626173652044656C65746520EC
:107CF0004661696C65640D0A005B25735D5B2564F4
:107D00005D203A2043474D532052414350204F704D
:107D1000636F6465203A2030782530325820204F38
:107D200070657261746F72203A2030782530325855
:107D3000204F706572616E64203A20005B25735D90
:107D40005B25645D203A2043474D53205241435008
:107D50002049676E6F726520436F6D6D616E640AB6
:107D6000005B25735D5B25645D203A2043474D53DE
:107D7000205241435020496E76616C696420436F04
:107D80006D6D616E640A005B25735D5B25645D202B
:107D90003A2043474D53204461746162617365200A
:107DA0005265636F7264204E6F7420466F756E6407
:107DB0000D0A005B25735D5B25645D203A20434717
:107DC0004D5320524143502050726F6365737320AE
:107DD00041626F727465640D0A005B25735D5B25FB
:107DE000645D203A205B25755D20476C75636F7379
:107DF0006520436F6E63656E74726174696F6E2087
:107E00003A202566206D672F644C092054696D6502
:107E1000204F6666736574203A202575206D696E63
:107E2000730D0A005B25735D5B25645D203A20437A
:107E3000474D532044656C65746520416C6C20533C
:107E4000746F726564205265636F7264732053753A
:107E5000636365737366756C203A2025750D0A009F
:107E60005B25735D5B25645D203A2043474D5320BD
:107E700044656C657465642025752053746F726564
:107E800064205265636F7264732053756363657316
:107E90007366756C0D0A005B25735D5B25645D2060
:107EA0003A2043474D532044656C65746564204611
:107EB000697273742053746F726564205265636FC6
:107EC000726473205375636365737366756C0D0A12
:107ED000005B25735D5B25645D203A2043474D536D
:107EE0002044656C65746564204C61737420537420
:107EF0006F726564205265636F726473205375639B
:107F00006365737366756C0D0A005B25735D5B2595
:107F1000645D203A2043474D20534F4350204F701B
:107F2000636F6465203A2030782530325820204F26
:107F3000706572616E64203A20005B25735D5B257D
:107F4000645D203A20534F435020526573706F6E2A
:107F50007365203A2000626C655F7461736B5F73B8
:107F6000656E645F6D73675F746F5F6C6C635F7485
:107F700061736B206661696C65643A25750A006CF3
:107F80006C635F7461736B20676574206D73672029
:107F90006661696C65643A25750A006C6C635461AE
:107FA000736B4D736751756575654964204E554C0B
:107FB0004C006C6C635F7461736B006C6C63546138
:107FC000736B4964204E554C4C006C6C635F74615C
:107FD000736B5F6D73675F7175657565005B4D539E
:107FE000475F424C455F434F4E4E45435445445FC7
:107FF000494E445D48616E646C65203D20307825B3
:108000003034580A005B4D53475F424C455F44494A
:1080100053434F4E4E45435445445F494E445D20C3
:1080200048616E646C65203D20307825582C2072A4
:108030006561736F6E203D20307825580A005B4DD6
:1080400053475F424C455F454E4352595054454457
:108050005F4348414E4745445F494E445D20486177
:108060006E646C65203D20307825582C20456E6369
:1080700072797074696F6E5F456E61626C656420C1
:108080003D20307825580A005B4D53475F424C45F0
:108090005F454E435259505445445F524546524500
:1080A00053485F494E445D2048616E646C65203DD5
:1080B00020307825580A005B4D53475F424C455F9E
:1080C0004C4C5F56455253494F4E5F494E445D20DC
:1080D0004D616E7566616374757265725F4E616D38
:1080E00065203D20307825582C2048616E646C65F1
:1080F000203D20307825582C2056657273696F6EAC
:10810000203D20307825580A005B4D53475F424C94
:10811000455F4C4C5F464541545255455F494E447E
:108120005D2048616E646C65203D203078254C5898
:108130000A005B4D53475F424C455F434F4E4E45EF
:108140004354494F4E5F5550444154455F434F4D52
:10815000504C4554455F494E445D20436F6E6E5F01
:10816000496E74657276616C203D20307825582CFC
:1081700020436F6E6E5F4C6174656E6379203D20A5
:10818000307825582C205375706572766973696F45
:108190006E5F54696D656F75203D20307825580AF3
:1081A000005B4D53475F424C455F5048595F555007
:1081B000444154455F434F4D504C4554455F494EF3
:1081C000445D2048616E646C65203D203078255800
:1081D0002C2054585F504859203D20307825582C89
:1081E0002052585F504859203D20307825580A00C9
:1081F0005B4D53475F424C455F4D54555F45584377
:1082000048414E4745445F494E445D2048616E6495
:108210006C65203D20307825582C206D7475203DEC
:108220002025640A00626C65537461636B5461734A
:108230006B00626C65537461636B5461736B5F4D6B
:10824000656D506F6F6C5F6C6F6E6700626C65532D
:108250007461636B5461736B5F4D656D506F6F6CD0
:108260005F73686F727400626C65537461636B5FF7
:108270006D73675F717565756500626C655F636FCF
:108280006E74726F6C6C65725F696E697420657272
:10829000726F722E00626C655F686F73745F696ED7
:1082A0006974206572726F722E0011111144AC0452
:1082B00000494E4600696E66004E414E006E616E8A
:1082C0000030313233343536373839414243444552
:1082D00046003031323334353637383961626364C1
:1082E0006566005245454E54206D616C6C6F63208D
:1082F000737563636565646564002F646174612FE1
:108300006A656E6B696E732F776F726B73706163E2
:10831000652F474E552D746F6F6C636861696E2FC2
:1083200061726D2D31332F7372632F6E65776C69B7
:10833000622D63796777696E2F6E65776C69622F3E
:108340006C6962632F74696D652F6C636C74696D01
:10835000652E6300545A00474D54002531315B2D82
:108360002B302D39412D5A612D7A5D256E00253136
:10837000315B412D5A612D7A5D256E004D25687562
:10838000256E2E256875256E2E256875256E002FA5
:10839000256875256E3A256875256E3A2568752518
:1083A0006E004300504F534958002C2066756E6391
:1083B00074696F6E3A2000617373657274696F6ED1
:1083C0002022257322206661696C65643A20666903
:1083D0006C6520222573222C206C696E6520256433
:1083E000257325730A00496E66696E697479004EBB
:1083F000614E002F646174612F6A656E6B696E73E4
:108400002F776F726B73706163652F474E552D74B4
:108410006F6F6C636861696E2F61726D2D31332FE0
:108420007372632F6E65776C69622D637967776904
:108430006E2F6E65776C69622F6C6962632F73743F
:10844000646C69622F64746F612E630042616C6CAE
:108450006F6320737563636565646564002F646191
:1084600074612F6A656E6B696E732F776F726B73B1
:10847000706163652F474E552D746F6F6C63686133
:10848000696E2F61726D2D31332F7372632F6E659C
:10849000776C69622D63796777696E2F6E65776C8B
:1084A00069622F6C6962632F7374646C69622F67F1
:1084B00064746F612D6765746865782E63002F643E
:1084C0006174612F6A656E6B696E732F776F726B63
:1084D00073706163652F474E552D746F6F6C6368C1
:1084E00061696E2F61726D2D31332F7372632F6E40
:1084F00065776C69622D63796777696E2F6E657732
:108500006C69622F6C6962632F7374646C69622F8B
:108510006D707265632E6300232D302B2000686C14
:108520004C0065666745464700412D46612D66381B
:108530003930313233343536375D002B2D00303051
:1085400000785800553900206939002000000000EB
:10855000FE006578706572696D656E74616C4D6161
:108560006E756661637475726572204E616D65002B
:10857000536F667477617265205265766973696FAF
:108580006E00486172647761726520526576697326
:10859000696F6E004669726D77617265205265760B
:1085A0006973696F6E0053657269616C204E756DF9
:1085B000626572004D6F64656C204E756D62657208
:1085C00000000000C93A0020E13A0020DD3A002016
:1085D0009D3B0020CD3B0020B13B002073686F77AE
:1085E0005F6465765F696E666F001F1C1F1E1F1E2D
:1085F0001F1F1E1F1E1F6D016E016C696E6B5F7168
:10860000756575655F707574006C696E6B5F71750B
:108610006575655F637265617465006D6D755F7228
:10862000656164006D6D755F7772697465005F5F89
:108630006D6D755F77726974650069735F6D6D75D7
:108640005F646174615F76616C69640000000200C0
:108650000100000C0200020003006400040004009A
:108660000500170006000200010305036F74615F37
:108670006765745F636F64655F6372633332006F55
:1086800074615F7273705F757067726164655F6655
:10869000696E697368006F74615F726563765F7598
:1086A0007067726164655F636F6465006F74615FBA
:1086B00070726F746F636F6C5F7061727365006F5F
:1086C00074615F7273705F7265737461727400734A
:1086D00070695F726561645F3235365F62797465B7
:1086E000735F70726F63657373007370695F726537
:1086F00061645F335F62797465735F70726F636525
:108700007373006F74615F6576656E745F68616E28
:10871000646C6572006F74615F6576656E745F701E
:10872000726F636573730063676D735F726163700B
:108730005F6576656E745F70726F636573730063F7
:10874000676D735F736F63705F6576656E745F707E
:10875000726F636573730063676D735F6576656ED3
:10876000745F70726F6365737300626C655F7365CD
:10877000745F706172616D5F66726F6D5F666C6170
:1087800073680063676D735F74696D655F696E69B7
:108790007400626C655F6576656E745F63616C6CB6
:1087A0006261636B006765745F626174746572799E
:1087B0005F6C6576656C0074745F726563765F6389
:1087C000616C6C6261636B006F74615F726563768C
:1087D0005F63616C6C6261636B00626C655F6374A4
:1087E000735F6765745F74696D655F63616C6C620C
:1087F00061636B00626C655F6374735F7365745F64
:1088000074696D655F63616C6C6261636B00636763
:108810006D735F6576656E745F63616C6C626163D6
:108820006B0063676D735F73656E645F6D65617325
:108830005F62795F666C6F61740073656E645F6D13
:1088400073675F6170705F7461736B0075617274E0
:108850005F726563765F63616C6C6261636B00631A
:10886000676D735F6D6561735F74696D65725F7469
:10887000696D656F7574006170705F63676D5F63CC
:10888000700063676D735F64625F7265636F7264CB
:108890005F64656C6574650063676D735F64625FD8
:1088A0007265636F72645F6164640063676D735FB8
:1088B00064625F696E69740063676D735F726163A0
:1088C000705F636D645F70617273650063676D7381
:1088D0005F726163705F7265636F72645F6C617316
:1088E000745F64656C6574650063676D735F726166
:1088F00063705F7265636F72645F66697273745FE1
:1089000064656C6574650063676D735F7261637045
:108910005F7265636F72645F72616E67655F6F66D9
:108920005F64656C6574650063676D735F72616336
:10893000705F7265636F72645F67726561746572A0
:108940005F6F725F657175616C5F64656C6574659E
:108950000063676D735F726163705F7265636F72EE
:10896000645F6C6573735F6F725F657175616C5F77
:1089700064656C6574650063676D735F72616370D5
:108980005F7265636F72645F616C6C5F64656C6578
:1089900074650063676D735F726163705F726563B6
:1089A0006F72645F6E756D6265725F6F665F6C613A
:1089B00073745F6765740063676D735F7261637082
:1089C0005F7265636F72645F6E756D6265725F6F13
:1089D000665F66697273745F6765740063676D7361
:1089E0005F726163705F7265636F72645F6E756DF5
:1089F0006265725F6F665F72616E67655F676574FF
:108A00000063676D735F726163705F7265636F723D
:108A1000645F6E756D6265725F6F665F67726561D8
:108A20007465725F6F725F657175616C5F676574A5
:108A30000063676D735F726163705F7265636F720D
:108A4000645F6E756D6265725F6F665F6C65737390
:108A50005F6F725F657175616C5F676574006367F6
:108A60006D735F726163705F7265636F72645F6E76
:108A7000756D6265725F6F665F616C6C5F67657470
:108A80000063676D735F726163705F7265636F72BD
:108A9000645F6C6173745F7265706F72740063679A
:108AA0006D735F726163705F7265636F72645F663E
:108AB000697273745F7265706F72740063676D734F
:108AC0005F726163705F7265636F72645F72616E23
:108AD00067655F6F665F7265706F72740063676D64
:108AE000735F726163705F7265636F72645F6772F8
:108AF00065617465725F6F725F657175616C5F72DD
:108B000065706F72740063676D735F726163705F2D
:108B10007265636F72645F6C6573735F6F725F65BC
:108B20007175616C5F7265706F72740063676D73ED
:108B30005F726163705F7265636F72645F616C6CBA
:108B40005F7265706F72740063676D735F736F63DC
:108B5000705F73656E640063676D735F736F6370DE
:108B60005F636D645F70617273650000A4B600207E
:108B70008AB50020B4B500201AB60020B4B5002094
:108B80004EB60020B4B500201AB600208AB50020E9
:108B90008AB500204EB600201AB60020A0B50020ED
:108BA000A0B50020A0B5002058B600208AB500204E
:108BB0008AB50020B4B50020DCB60020B4B5002092
:108BC0004EB60020B4B50020DCB600208AB50020E7
:108BD0008AB500204EB60020DCB60020A0B50020EB
:108BE000A0B50020A0B5002034000000CEFBFFFFA0
:108BF000CB03000001000000000000003500000071
:108C0000CEFBFFFFCB0300000100000000000000CE
:108C1000BC89D897B2D29C3C33A7A8D523F6493952
:108C20003DA7F444FD0FA5329D978CCF08BA5B2574
:108C3000436FAC6428066811000000001F000000AC
:108C40003B0000005A000000780000009700000080
:108C5000B5000000D4000000F30000001101000086
:108C6000300100004E0100001F0000001C00000049
:108C70001F0000001E0000001F0000001E0000007A
:108C80001F0000001F0000001E0000001F00000069
:108C90001E0000001F0000001F0000001C0000005C
:108CA0001F0000001E0000001F0000001E0000004A
:108CB0001F0000001F0000001E0000001F00000039
:108CC0001E0000001F0000001F0000001D0000002B
:108CD0001F0000001E0000001F0000001E0000001A
:108CE0001F0000001F0000001E0000001F00000009
:108CF0001E0000001F000000050000001900000019
:108D00007D000000000000000080E03779C341438F
:108D1000176E05B5B5B89346F5F93FE9034F384DE1
:108D2000321D30F94877825A3CBF737FDD4F15758D
:108D3000000000000000F03F0000000000002440A0
:108D400000000000000059400000000000408F407B
:108D5000000000000088C34000000000006AF840E6
:108D60000000000080842E4100000000D01263410A
:108D70000000000084D797410000000065CDCD4180
:108D8000000000205FA00242000000E87648374261
:108D9000000000A2941A6D42000040E59C30A242FF
:108DA0000000901EC4BCD64200003426F56B0C4374
:108DB0000080E03779C3414300A0D885573476431B
:108DC00000C84E676DC1AB43003D9160E458E1437C
:108DD000408CB5781DAF154450EFE2D6E41A4B44F1
:108DE00092D54D06CFF08044F64AE1C7022DB54436
:108DF000B49DD9794378EA44002020202020202007
:108E0000202028282828282020202020202020203A
:108E1000202020202020202020881010101010104A
:108E20001010101010101010100404040404040496
:108E30000404041010101010101041414141414130
:108E40000101010101010101010101010101010112
:108E50000101010110101010101042424242424222
:108E600002020202020202020202020202020202E2
:108E7000020202021010101020000000000000008A
:108E800000000000000000000000000000000000E2
:108E900000000000000000000000000000000000D2
:108EA00000000000000000000000000000000000C2
:108EB00000000000000000000000000000000000B2
:108EC00000000000000000000000000000000000A2
:108ED0000000000000000000000000000000000092
:108EE0000000000000000000000000000000000082
:108EF0000000000000000000000000008C2E012097
:108F0000CC2C0120EE2C0120002D0120EE2C012084
:108F10002A2E0120EE2C0120002D0120CC2C012036
:108F2000CC2C01202A2E0120002D0120F82C01201C
:108F3000F82C0120F82C0120382E0120783EFF7FEC
:108F400001000000613600203536002000000000DE
:108F5000A9360020DD360020C5360020A1370020CC
:108F6000B5380020B53700200100000000100100D6
:108F7000613C0020D53D0020913C00204D40002068
:108F800049400020614000201D4100203141002067
:108F90004D410020030102024006486F6C74656B6E
:108FA0005F43474D535F4170703100000000000087
:108FB000000000000000000003000000E0F40120B9
:108FC000BF680120BF6801204300000000000000CE
:108FD0000000000000000000000000000000000091
:108FE000000000000000000043000000000000003E
:108FF0000000000000000000000000000000000071
:10900000000000000000000043000000000000001D
:109010000000000000000000000000000000000050
:1090200000000000000000004300000000000000FD
:109030000000000000000000000000000000000030
:1090400000000000000000004300000000000000DD
:109050000000000000000000000000000000000010
:1090600000000000000000004300000000000000BD
:1090700000000000000000000000000000000000F0
:10908000000000000000000043000000000000009D
:1090900000000000000000000000000000000000D0
:1090A000000000000000000091190120C30E012003
:1090B00000000000607301204D4B01201868012062
:1090C000186801201868012018680120186801201C
:1090D000186801201868012018680120186801200C
:1090E000FFFFFFFFFFFFFFFFFFFFFFFFFFFF00008E
:1090F0000100415343494900000000000000000006
:10910000000000000000000000000000000000005F
:1091100000004153434949000000000000000000E6
:10912000000000000000000000000000000000003F
:1091300000000000A076012000000000E0F4012003
:1091400048F50120B0F501200000000000000000FB
:10915000000000000000000000000000000000000F
:1091600000000000000000000000000000000000FF
:1091700000000000000000000000000000000000EF
:1091800000000000000000000100000000000000DE
:109190004A00000000000000000000000000000085
:1091A00000000000000000000000000000000000BF
:1091B00000000000000000004A0000000000000065
:1091C000000000000000000000000000000000009F
:1091D000000000000000000000000000000000008F
:1091E00048F6012000000000000000000000000020
:1091F000000000000000000000000000000000006F
:10920000000000000000000000000000000000005E
:10921000000000000000000000000000000000004E
:10922000000000000000000000000000000000003E
:10923000000000000000000000000000000000002E
:10924000000000000000000000000000000000001E
:10925000000000000000000000000000000000000E
:1092600000000000000000000000000000000000FE
:1092700000000000000000000000000000000000EE
:1092800000000000000000000000000000000000DE
:1092900000000000000000000000000000000000CE
:1092A00000000000000000000000000000000000BE
:1092B00000000000000000000000000000000000AE
:1092C000000000000000000000000000000000009E
:1092D000000000000000000000000000000000008E
:1092E000000000000000000000000000000000007E
:1092F000000000000000000000000000000000006E
:10930000000000000000000000000000000000005D
:10931000000000000000000000000000000000004D
:10932000000000000000000000000000000000003D
:10933000000000000000000000000000000000002D
:10934000000000000000000000000000000000001D
:10935000000000000000000000000000000000000D
:1093600000000000000000000000000000000000FD
:1093700000000000000000000000000000000000ED
:1093800000000000000000000000000000000000DD
:1093900000000000000000000000000000000000CD
:1093A00000000000000000000000000000000000BD
:1093B00000000000000000000000000000000000AD
:1093C000000000000000000000000000000000009D
:1093D000000000000000000000000000000000008D
:1093E000000000000000000000000000000000007D
:1093F000000000000000000000000000000000006D
:10940000000000000000000000000000000000005C
:10941000000000000000000000000000000000004C
:10942000000000000000000000000000000000003C
:10943000000000000000000000000000000000002C
:10944000000000000000000000000000000000001C
:10945000000000000000000000000000000000000C
:1094600000000000000000000000000000000000FC
:1094700000000000000000000000000000000000EC
:1094800000000000000000000000000000000000DC
:1094900000000000000000000000000000000000CC
:1094A00000000000000000000000000000000000BC
:1094B00000000000000000000000000000000000AC
:1094C000000000000000000000000000000000009C
:1094D000000000000000000000000000000000008C
:1094E000000000000000000000000000000000007C
:1094F000000000000000000000000000000000006C
:10950000000000000000000000000000000000005B
:10951000000000000000000000000000000000004B
:10952000000000000000000000000000000000003B
:10953000000000000000000000000000000000002B
:10954000000000000000000000000000000000001B
:10955000000000000000000000000000000000000B
:1095600000000000000000000000000000000000FB
:1095700000000000000000000000000000000000EB
:1095800000000000000000000000000000000000DB
:1095900000000000000000000000000000000000CB
:1095A00000000000000000000000000000000000BB
:1095B00000000000000000000000000000000000AB
:1095C000000000000000000000000000000000009B
:1095D000000000000000000000000000000000008B
:1095E000000000000000000000000000000000007B
:1095F000000000000000000000000000000000006B
:10960000000000000000000000000000000000005A
:10961000000000000000000000000000000000004A
:10962000000000000000000000000000000000003A
:10963000000000000000000000000000000000002A
:10964000000000000000000000000000000000001A
:10965000000000000000000000000000000000000A
:1096600000000000000000000000000000000000FA
:1096700000000000000000000000000000000000EA
:1096800000000000000000000000000000000000DA
:1096900000000000000000000000000000000000CA
:1096A00000000000000000000000000000000000BA
:1096B00000000000000000000000000000000000AA
:1096C000000000000000000000000000000000009A
:1096D000000000000000000000000000000000008A
:1096E000000000000000000000000000000000007A
:1096F000000000000000000000000000000000006A
:109700000000000000000000000000000000000059
:109710000000000000000000000000000000000049
:109720000000000000000000000000000000000039
:109730000000000000000000000000000000000029
:109740000000000000000000000000000000000019
:109750000000000000000000000000000000000009
:1097600000000000000000000000000000000000F9
:1097700000000000000000000000000000000000E9
:1097800000000000000000000000000000000000D9
:1097900000000000000000000000000000000000C9
:1097A00000000000000000000000000000000000B9
:1097B00000000000000000000000000000000000A9
:1097C0000000000000000000000000000000000099
:1097D0000000000000000000000000000000000089
:1097E0000000000000000000000000000000000079
:1097F0000000000000000000000000000000000069
:109800000000000000000000000000000000000058
:109810000000000000000000000000000000000048
:109820000000000000000000000000000000000038
:109830000000000000000000000000000000000028
:109840000000000000000000000000000000000018
:109850000000000000000000000000000000000008
:1098600000000000000000000000000000000000F8
:1098700000000000000000000000000000000000E8
:1098800000000000000000000000000000000000D8
:1098900000000000000000000000000000000000C8
:1098A00000000000000000000000000000000000B8
:1098B00000000000000000000000000000000000A8
:1098C0000000000000000000000000000000000098
:1098D0000000000000000000000000000000000088
:1098E0000000000000000000000000000000000078
:1098F0000000000000000000000000000000000068
:109900000000000000000000000000000000000057
:109910000000000000000000000000000000000047
:109920000000000000000000000000000000000037
:109930000000000000000000000000000000000027
:109940000000000000000000000000000000000017
:109950000000000000000000000000000000000007
:1099600000000000000000000000000000000000F7
:1099700000000000000000000000000000000000E7
:1099800000000000000000000000000000000000D7
:1099900000000000000000000000000000000000C7
:1099A00000000000000000000000000000000000B7
:1099B00000000000000000000000000000000000A7
:1099C0000000000000000000000000000000000097
:1099D0000000000000000000000000000000000087
:1099E0000000000000000000000000000000000077
:1099F0000000000000000000000000000000000067
:109A00000000000000000000000000000000000056
:109A10000000000000000000000000000000000046
:109A20000000000000000000000000000000000036
:109A30000000000000000000000000000000000026
:109A40000000000000000000000000000000000016
:109A50000000000000000000000000000000000006
:109A600000000000000000000000000000000000F6
:109A700000000000000000000000000000000000E6
:109A800000000000000000000000000000000000D6
:109A900000000000000000000000000000000000C6
:109AA00000000000000000000000000000000000B6
:109AB00000000000000000000000000000000000A6
:109AC0000000000000000000000000000000000096
:109AD0000000000000000000000000000000000086
:109AE0000000000000000000000000000000000076
:109AF0000000000000000000000000000000000066
:109B00000000000000000000000000000000000055
:109B10000000000000000000000000000000000045
:109B20000000000000000000000000000000000035
:109B30000000000000000000000000000000000025
:109B40000000000000000000000000000000000015
:109B50000000000000000000000000000000000005
:109B600000000000000000000000000000000000F5
:109B700000000000000000000000000000000000E5
:109B800000000000000000000000000000000000D5
:109B900000000000000000000000000000000000C5
:109BA00000000000000000000000000000000000B5
:109BB00000000000000000000000000000000000A5
:109BC0000000000000000000000000000000000095
:109BD0000000000000000000000000000000000085
:109BE0000000000000000000000000000000000075
:109BF0000000000000000000000000000000000065
:109C00000000000000000000000000000000000054
:109C10000000000000000000000000000000000044
:109C20000000000000000000000000000000000034
:109C30000000000000000000000000000000000024
:109C40000000000000000000000000000000000014
:109C50000000000000000000000000000000000004
:109C600000000000000000000000000000000000F4
:109C700000000000000000000000000000000000E4
:109C800000000000000000000000000000000000D4
:109C900000000000000000000000000000000000C4
:109CA00000000000000000000000000000000000B4
:109CB00000000000000000000000000000000000A4
:109CC0000000000000000000000000000000000094
:109CD0000000000000000000000000000000000084
:109CE0000000000000000000000000000000000074
:109CF0000000000000000000000000000000000064
:109D00000000000000000000000000000000000053
:109D10000000000000000000000000000000000043
:109D20000000000000000000000000000000000033
:109D30000000000000000000000000000000000023
:109D40000000000000000000000000000000000013
:109D50000000000000000000000000000000000003
:109D600000000000000000000000000000000000F3
:109D700000000000000000000000000000000000E3
:109D800000000000000000000000000000000000D3
:109D900000000000000000000000000000000000C3
:109DA00000000000000000000000000000000000B3
:109DB00000000000000000000000000000000000A3
:109DC0000000000000000000000000000000000093
:109DD0000000000000000000000000000000000083
:109DE0000000000000000000000000000000000073
:109DF0000000000000000000000000000000000063
:109E00000000000000000000000000000000000052
:109E10000000000000000000000000000000000042
:109E20000000000000000000000000000000000032
:109E30000000000000000000000000000000000022
:109E40000000000000000000000000000000000012
:109E50000000000000000000000000000000000002
:109E600000000000000000000000000000000000F2
:109E700000000000000000000000000000000000E2
:109E800000000000000000000000000000000000D2
:109E900000000000000000000000000000000000C2
:109EA00000000000000000000000000000000000B2
:109EB00000000000000000000000000000000000A2
:109EC0000000000000000000000000000000000092
:109ED0000000000000000000000000000000000082
:109EE0000000000000000000000000000000000072
:109EF0000000000000000000000000000000000062
:109F00000000000000000000000000000000000051
:109F10000000000000000000000000000000000041
:109F20000000000000000000000000000000000031
:109F30000000000000000000000000000000000021
:109F40000000000000000000000000000000000011
:109F50000000000000000000000000000000000001
:109F600000000000000000000000000000000000F1
:109F700000000000000000000000000000000000E1
:109F800000000000000000000000000000000000D1
:109F900000000000000000000000000000000000C1
:109FA00000000000000000000000000000000000B1
:109FB00000000000000000000000000000000000A1
:109FC0000000000000000000000000000000000091
:109FD0000000000000000000000000000000000081
:109FE0000000000000000000000000000000000071
:109FF0000000000000000000000000000000000061
:10A000000000000000000000000000000000000050
:10A010000000000000000000000000000000000040
:10A020000000000000000000000000000000000030
:10A030000000000000000000000000000000000020
:10A040000000000000000000000000000000000010
:10A050000000000000000000000000000000000000
:10A0600000000000000000000000000000000000F0
:10A0700000000000000000000000000000000000E0
:10A0800000000000000000000000000000000000D0
:10A0900000000000000000000000000000000000C0
:10A0A00000000000000000000000000000000000B0
:10A0B00000000000000000000000000000000000A0
:10A0C0000000000000000000000000000000000090
:10A0D0000000000000000000000000000000000080
:10A0E0000000000000000000000000000000000070
:10A0F0000000000000000000000000000000000060
:10A10000000000000000000000000000000000004F
:10A11000000000000000000000000000000000003F
:10A12000000000000000000000000000000000002F
:10A13000000000000000000000000000000000001F
:10A14000000000000000000000000000000000000F
:10A1500000000000000000000000000000000000FF
:10A1600000000000000000000000000000000000EF
:10A1700000000000000000000000000000000000DF
:10A1800000000000000000000000000000000000CF
:10A1900000000000000000000000000000000000BF
:10A1A00000000000000000000000000000000000AF
:10A1B000000000000000000000000000000000009F
:10A1C000000000000000000000000000000000008F
:10A1D000000000000000000000000000000000007F
:04A1E000000000007B
:10A1E4000023F0B5314C85B0CDE9013323784BB170
:10A1F400EFF3108672B62E4B1B682BB1984718B933
:10A2040086F3108805B0F0BD2378012B28D0023BDB
:10A21400022B2BD801A800F053FB002003A900F067
:10A2240047FB019F012F06D1039B43BB4FF4FA6107
:10A23400012000F06DFB039B002B2FD14FF0A040B9
:10A2440000F006F91B4A136943F00403136130BF9D
:10A254004FF0A04000F008F9012000F011FB05E0E8
:10A26400144A136923F00403136130BF124B1B68B3
:10A27400002BC5D02278022AC2D19847C0E700F04B
:10A2840033FB02A90546384600F012FB40F6C4131E
:10A294009D42EBD9029B002BE8D0C7E7012002A91D
:10A2A40000F006FB029B002BC8D1DFE738AD02208B
:10A2B40040AD022000ED00E03CAD0220B0F1A04F23
:10A2C40010B5044602D0094B98420CD1084AFF212C
:10A2D400204600F0C9FA38B92046BDE81040044AC7
:10A2E400FF2100F0C1BA012010BD00BF00100050D2
:10A2F4000007010038B504460D46FFF7DFFF28B913
:10A3040029462046BDE8384000F0EABA38BD38B5E1
:10A3140004460D46FFF7D2FF28B929462046BDE87A
:10A32400384000F0C9BA38BD38B504460D46FFF7C9
:10A33400C5FF28B929462046BDE8384000F098BA40
:10A3440038BD38B504460D46FFF7B8FF28B929468D
:10A354002046BDE8384000F09FBA38BD38B5044601
:10A364000D46FFF7ABFF28B929462046BDE8384023
:10A3740000F0B2BA38BD10B50446FFF79FFF20B90C
:10A384002046BDE8104000F0BFBA10BD38B5044601
:10A394000D46FFF793FF28B929462046BDE838400B
:10A3A40000F076BA38BDB0F1A04F2DE9F843054668
:10A3B4000E4602D0234B98423ED1002E3CD0284674
:10A3C400FFF77CFF002838D11F4A2049284600F0B7
:10A3D4004BFA90BB10270446B94641F28738AB6864
:10A3E400DB061AD5042F3B46314628BF04232868D0
:10A3F400C6EB46740A19D20020FA02F201F8012BC6
:10A404008A1B92B29342F5D800245A1E92B20132AA
:10A41400FF1A1644BFB2C5F81090013444450ED853
:10A42400012000F029FA002FD9D12846BDE8F843CD
:10A4340041F2883100F034BA0120BDE8F8830320EA
:10A44400FBE700BF001000501F070F004B00800304
:10A4540010B50446FFF732FF28B92046BDE8104086
:10A46400032100F021BA10BD10B50446FFF726FF02
:10A4740020B92046BDE8104000F03ABA10BD0023D0
:10A4840037B5B0F1A04F04460D46ADF8063002D002
:10A49400164B984228D10DF106012046FFF72AFFFA
:10A4A40000BBBDF80630AD0023F4804305F07C0505
:10A4B40023F07C031D434FF4E06206212046ADF8EF
:10A4C400065000F0D1F968B9BDF80630084A636057
:10A4D4000849204600F0C8F920B943F698212046DF
:10A4E40000F0DEF903B030BD0120FBE7001000509E
:10A4F40000070100010000052DE9F04104460D4666
:10A5040016461F46FFF7DAFE38B93B46324629465F
:10A514002046BDE8F04100F0D7B9BDE8F08138B578
:10A5240004460D46FFF7CAFE28B929462046BDE871
:10A53400384000F0CDB938BD2DE9F04704460D464A
:10A5440016461F469DF82080BDF82490FFF7B6FEFE
:10A5540048B9CDE908893B46324629462046BDE83C
:10A56400F04700F0CDB9BDE8F0872DE9F04104468D
:10A574000D4616461F469DF81880FFF79FFE48B902
:10A58400CDF818803B46324629462046BDE8F041C6
:10A5940000F0B2B9BDE8F081B0F1A04F2DE9F84365
:10A5A4000446894615461F4602D0284B984247D197
:10A5B400EFF3108872B6264B03216366254B2046C1
:10A5C400E3650523236600F05FF94FF4E062064675
:10A5D4000621204600F048F9A36D064343F0010329
:10A5E400A3650123F6B2A366B9F1030F2BD8DFE804
:10A5F40009F0021B1F232D021749E564174A204660
:10A6040000F032F93043C0B288F31088C8B9236F20
:10A61400DB07FCD4A36D394623F00103A365204670
:10A62400BDE8F84300F03CB92D03E5640C49E5E7C7
:10A63400ED03E5640B49E1E72D04E5640A49DDE730
:10A644000120BDE8F8831020FBE700BF0010005094
:10A65400A008C80C2000C8008100000317070200EE
:10A664002000000352000003D80000032DE9F74F37
:10A67400B0F1A04F04468A4617461D469DF8306047
:10A68400BDF8348003D05C4B984240F0B180002D7B
:10A6940000F0AE80002F00F0AB8055FA8AF3B3F5DA
:10A6A400807F00F2A580EFF31083019372B6534BC1
:10A6B4004FF4E0626366524B0621E36505232046AE
:10A6C400236600F0D1F8A36D022E43F00103A365C5
:10A6D4004FF001038146A3665DD0032E61D0002EA6
:10A6E40065D12A04A2F578424649E93A0020042DAE
:10A6F4002E46BE4628BF042603461EF801CB4FEA69
:10A70400C00B0CFA0BFC013043EA0C031FFA80FC6B
:10A714006645F2D8701E80B20130C4F84CA00744DC
:10A724006360204600F0A0F849EA00095FFA89F95D
:10A73400AE1B41F2883A4D464FF0020BB6B216B347
:10A74400C4F810B0A16811F0020117D1042E3346E9
:10A75400BC4628BF04230A461CF8010B4FEAC10E6D
:10A7640000FA0EF00131024388B29842F4D3591E24
:10A7740089B20131F61A0F44B6B26260BAF1010A25
:10A7840018D149F00305019B83F31088B5B1E8B2F1
:10A7940003B0BDE8F08F2A04A2F57842E93A1A49D9
:10A7A400A4E72A04A2F57842E93A18499EE7002270
:10A7B40011469BE7012000F05FF8C0E7236FDA073A
:10A7C400FCD441F28835A36D23F00103A365D4F8CA
:10A7D400A430DB0706D44146204603B0BDE8F04F61
:10A7E40000F05EB8013D05D0012000F045F8EEE729
:10A7F4000120CDE70320CBE700100050A008C80CCF
:10A804004001C80002004003A20042033200430397
:10A814002DE9F74F9DB28246884617469DF8309041
:10A82400BDF834B0EDB1E2B1494600F02DF806466A
:10A8340098B95FFA88F4C4F58074A4B2AC4288BFB6
:10A84400ACB23A464146CDE9009B23465046FFF759
:10A854000DFF2D1BA0442744EBD1304603B0BDE8C7
:10A86400F08F0126F9E700BF5FF800F0458E000085
:10A874005FF800F0758C00005FF800F0814700007D
:10A884005FF800F01D7300005FF800F0C18D000058
:10A894005FF800F0758900005FF800F00D8D00008E
:10A8A4005FF800F0999000005FF800F079880000EC
:10A8B4005FF800F03DC300005FF800F099920000DB
:10A8C4005FF800F0697A00005FF800F0A1880000EA
:10A8D4005FF800F0018800005FF800F0F58F0000D9
:10A8E4005FF800F0818B00005FF800F0952B0010FA
:10A8F4005FF800F0A58D00005FF800F09D8A00006D
:10A904005FF800F0D99000005FF800F03D89000086
:08A914005FF800F0295D00006E
:10A91C00000000000300000098AE022010A00220EE
:10A92C000000000098AE022000AF022068AF0220A9
:10A93C00000000000000000000000000000000000B
:10A94C0000000000000000000000000000000000FB
:10A95C0000000000000000000000000000000000EB
:0CA96C00000000000000000000000000DF
:0400000510002F3187
:00000001FF
