:020000041000EA
:100000004B2A110200000000A4030000EEC3A6E981
:100010007EEEE78880B500F087F90020002100F02F
:100020000DF8292000F00FF8202000F011F800F062
:1000300033F900F013F800F025F980BD4CF2B93C1B
:10004000C0F2000C604747F67D1CC0F2000C604710
:1000500047F6D12CC0F2000C6047000080B54FF08D
:10006000A040012100F075F900060BD1032000F03B
:1000700075F9000606D1012000F075F9000604BFED
:10008000002080BD00F074F94FF47A7000F075F92B
:10009000012080BD2DE9F04381B019B343F2B83897
:1000A0000F4606464FF0FF344FF00009C2F2000839
:1000B0003D46B7F5807F28BF4FF480754FF0A040D4
:1000C000314642462B46CDF8009000F05BF960B90E
:1000D00040462946224600F05AF904467F1B2E442A
:1000E000E6D103E04FF0FF3400E00124204601B0E8
:1000F000BDE8F08310B582B004464FF0000C4FF01D
:10010000A0404FF4805122462023CDF800C000F0DB
:1001100039F9000622D120461C214FF0FF3200F0B1
:1001200036F9E169814219D1E078112816D1A07819
:10013000022813D1E168B1F5002F0FD8606846F2AC
:100140007872C4F26A72904208D1A068FFF7A2FFE9
:100150002169401A18BF012002B010BD012002B071
:1001600010BD00002DE9F0410C4605460E184FF079
:100170000008B4F5803F07D3A8B228B94FF4803700
:100180000321102021E000BFB4F5004F08D328461A
:100190006FF3DF3020B94FF4004702210F2014E045
:1001A00029466FF31F31200BB1FA81F1B8EB143FF0
:1001B00018BF0120490901404FF008004FF4807733
:1001C00018BF0C2018BF4FF4805725FA00F082B2F8
:1001D0004FF0A04047F2305300F0DEF800060BD19C
:1001E0003D44B542A4EB070424BF0020BDE8F081E4
:1001F000B4F5803FC0D2C7E700F0BAF84FF47A7088
:1002000000F0BBF80120BDE8F08100002DE9F047C7
:1002100082B04FF000098AB343F2B83814460E4654
:100220000746C2F2000840F6B83A00BF2546B4F5CA
:10023000807F28BF4FF480754FF0A040394642467A
:100240002B46CDF8009000F09DF890B94FF0A040FB
:10025000314642462B46CDF80090CDF804A000F080
:10026000A0F848B92F44641B2E44DFD14FF0000999
:1002700004E04FF0010901E04FF00109484602B0E7
:10028000BDE8F08780B542F20400C1F200000068CA
:1002900000F08CF880BD0000B0B588B06846FFF76C
:1002A00029FF08B101243CE0DDE90501FFF75AFF11
:1002B00038B100F05DF84FF47A7000F05EF8012478
:1002C0002FE0DDE902020599FFF7A0FF38B100F049
:1002D0004FF84FF47A7000F050F8012421E00399B0
:1002E0000598FFF7D7FE0499884213D14FF0A0403C
:1002F0000021102247F23053002400F04DF805464B
:1003000000F036F828060CD04FF47A7000F035F87B
:10031000012406E000F02CF84FF47A7000F02DF87C
:100320000124204608B0B0BDEC20C6F205000168EB
:100330007F2221F002010160016821F004010160C7
:100340006FF0030143180431342943F8D82CF9D154
:10035000704748F6F57CC0F2000C604747F2613CFC
:10036000C0F2000C604747F21D3CC0F2000C604731
:1003700047F6717CC0F2000C604744F2717CC0F219
:10038000000C604748F69D2CC0F2000C604744F218
:10039000C17CC0F2000C604748F6A10CC0F2000C12
:1003A000604749F2D90CC0F2000C604744F62D0CAE
:1003B000C0F2000C604700000000000000000000D8
:1003C000000000000000000000000000000000002D
:1003D000000000000000000000000000000000001D
:1003E000000000000000000000000000000000000D
:1003F00000000000000000000000000000000000FD
:1004000000000000000000000000000000000000EC
:1004100000000000000000000000000000000000DC
:1004200000000000000000000000000000000000CC
:1004300000000000000000000000000000000000BC
:1004400000000000000000000000000000000000AC
:10045000000000000000000000000000000000009C
:10046000000000000000000000000000000000008C
:10047000000000000000000000000000000000007C
:10048000000000000000000000000000000000006C
:10049000000000000000000000000000000000005C
:1004A000000000000000000000000000000000004C
:1004B000000000000000000000000000000000003C
:1004C000000000000000000000000000000000002C
:1004D000000000000000000000000000000000001C
:1004E000000000000000000000000000000000000C
:1004F00000000000000000000000000000000000FC
:1005000000000000000000000000000000000000EB
:1005100000000000000000000000000000000000DB
:1005200000000000000000000000000000000000CB
:1005300000000000000000000000000000000000BB
:1005400000000000000000000000000000000000AB
:10055000000000000000000000000000000000009B
:10056000000000000000000000000000000000008B
:10057000000000000000000000000000000000007B
:10058000000000000000000000000000000000006B
:10059000000000000000000000000000000000005B
:1005A000000000000000000000000000000000004B
:1005B000000000000000000000000000000000003B
:1005C000000000000000000000000000000000002B
:1005D000000000000000000000000000000000001B
:1005E000000000000000000000000000000000000B
:1005F00000000000000000000000000000000000FB
:1006000000000000000000000000000000000000EA
:1006100000000000000000000000000000000000DA
:1006200000000000000000000000000000000000CA
:1006300000000000000000000000000000000000BA
:1006400000000000000000000000000000000000AA
:10065000000000000000000000000000000000009A
:10066000000000000000000000000000000000008A
:10067000000000000000000000000000000000007A
:10068000000000000000000000000000000000006A
:10069000000000000000000000000000000000005A
:1006A000000000000000000000000000000000004A
:1006B000000000000000000000000000000000003A
:1006C000000000000000000000000000000000002A
:1006D000000000000000000000000000000000001A
:1006E000000000000000000000000000000000000A
:1006F00000000000000000000000000000000000FA
:1007000000000000000000000000000000000000E9
:1007100000000000000000000000000000000000D9
:1007200000000000000000000000000000000000C9
:1007300000000000000000000000000000000000B9
:1007400000000000000000000000000000000000A9
:100750000000000000000000000000000000000099
:100760000000000000000000000000000000000089
:100770000000000000000000000000000000000079
:100780000000000000000000000000000000000069
:100790000000000000000000000000000000000059
:1007A0000000000000000000000000000000000049
:1007B0000000000000000000000000000000000039
:1007C0000000000000000000000000000000000029
:1007D0000000000000000000000000000000000019
:1007E0000000000000000000000000000000000009
:1007F00000000000000000000000000000000000F9
:1008000000000000000000000000000000000000E8
:1008100000000000000000000000000000000000D8
:1008200000000000000000000000000000000000C8
:1008300000000000000000000000000000000000B8
:1008400000000000000000000000000000000000A8
:100850000000000000000000000000000000000098
:100860000000000000000000000000000000000088
:100870000000000000000000000000000000000078
:100880000000000000000000000000000000000068
:100890000000000000000000000000000000000058
:1008A0000000000000000000000000000000000048
:1008B0000000000000000000000000000000000038
:1008C0000000000000000000000000000000000028
:1008D0000000000000000000000000000000000018
:1008E0000000000000000000000000000000000008
:1008F00000000000000000000000000000000000F8
:1009000000000000000000000000000000000000E7
:1009100000000000000000000000000000000000D7
:1009200000000000000000000000000000000000C7
:1009300000000000000000000000000000000000B7
:1009400000000000000000000000000000000000A7
:100950000000000000000000000000000000000097
:100960000000000000000000000000000000000087
:100970000000000000000000000000000000000077
:100980000000000000000000000000000000000067
:100990000000000000000000000000000000000057
:1009A0000000000000000000000000000000000047
:1009B0000000000000000000000000000000000037
:1009C0000000000000000000000000000000000027
:1009D0000000000000000000000000000000000017
:1009E0000000000000000000000000000000000007
:1009F00000000000000000000000000000000000F7
:100A000000000000000000000000000000000000E6
:100A100000000000000000000000000000000000D6
:100A200000000000000000000000000000000000C6
:100A300000000000000000000000000000000000B6
:100A400000000000000000000000000000000000A6
:100A50000000000000000000000000000000000096
:100A60000000000000000000000000000000000086
:100A70000000000000000000000000000000000076
:100A80000000000000000000000000000000000066
:100A90000000000000000000000000000000000056
:100AA0000000000000000000000000000000000046
:100AB0000000000000000000000000000000000036
:100AC0000000000000000000000000000000000026
:100AD0000000000000000000000000000000000016
:100AE0000000000000000000000000000000000006
:100AF00000000000000000000000000000000000F6
:100B000000000000000000000000000000000000E5
:100B100000000000000000000000000000000000D5
:100B200000000000000000000000000000000000C5
:100B300000000000000000000000000000000000B5
:100B400000000000000000000000000000000000A5
:100B50000000000000000000000000000000000095
:100B60000000000000000000000000000000000085
:100B70000000000000000000000000000000000075
:100B80000000000000000000000000000000000065
:100B90000000000000000000000000000000000055
:100BA0000000000000000000000000000000000045
:100BB0000000000000000000000000000000000035
:100BC0000000000000000000000000000000000025
:100BD0000000000000000000000000000000000015
:100BE0000000000000000000000000000000000005
:100BF00000000000000000000000000000000000F5
:100C000000000000000000000000000000000000E4
:100C100000000000000000000000000000000000D4
:100C200000000000000000000000000000000000C4
:100C300000000000000000000000000000000000B4
:100C400000000000000000000000000000000000A4
:100C50000000000000000000000000000000000094
:100C60000000000000000000000000000000000084
:100C70000000000000000000000000000000000074
:100C80000000000000000000000000000000000064
:100C90000000000000000000000000000000000054
:100CA0000000000000000000000000000000000044
:100CB0000000000000000000000000000000000034
:100CC0000000000000000000000000000000000024
:100CD0000000000000000000000000000000000014
:100CE0000000000000000000000000000000000004
:100CF00000000000000000000000000000000000F4
:100D000000000000000000000000000000000000E3
:100D100000000000000000000000000000000000D3
:100D200000000000000000000000000000000000C3
:100D300000000000000000000000000000000000B3
:100D400000000000000000000000000000000000A3
:100D50000000000000000000000000000000000093
:100D60000000000000000000000000000000000083
:100D70000000000000000000000000000000000073
:100D80000000000000000000000000000000000063
:100D90000000000000000000000000000000000053
:100DA0000000000000000000000000000000000043
:100DB0000000000000000000000000000000000033
:100DC0000000000000000000000000000000000023
:100DD0000000000000000000000000000000000013
:100DE0000000000000000000000000000000000003
:100DF00000000000000000000000000000000000F3
:100E000000000000000000000000000000000000E2
:100E100000000000000000000000000000000000D2
:100E200000000000000000000000000000000000C2
:100E300000000000000000000000000000000000B2
:100E400000000000000000000000000000000000A2
:100E50000000000000000000000000000000000092
:100E60000000000000000000000000000000000082
:100E70000000000000000000000000000000000072
:100E80000000000000000000000000000000000062
:100E90000000000000000000000000000000000052
:100EA0000000000000000000000000000000000042
:100EB0000000000000000000000000000000000032
:100EC0000000000000000000000000000000000022
:100ED0000000000000000000000000000000000012
:100EE0000000000000000000000000000000000002
:100EF00000000000000000000000000000000000F2
:100F000000000000000000000000000000000000E1
:100F100000000000000000000000000000000000D1
:100F200000000000000000000000000000000000C1
:100F300000000000000000000000000000000000B1
:100F400000000000000000000000000000000000A1
:100F50000000000000000000000000000000000091
:100F60000000000000000000000000000000000081
:100F70000000000000000000000000000000000071
:100F80000000000000000000000000000000000061
:100F90000000000000000000000000000000000051
:100FA0000000000000000000000000000000000041
:100FB0000000000000000000000000000000000031
:100FC0000000000000000000000000000000000021
:100FD0000000000000000000000000000000000011
:100FE0000000000000000000000000000000000001
:100FF00000000000000000000000000000000000F1
:1020000000100320D12400103D2500104F250010A2
:1020100061250010612500106125001000000000FE
:10202000000000000000000000000000D1020000DD
:10203000612500100000000075030000810300000E
:102040006125001061250010612500106125001038
:102050006125001061250010612500106125001028
:102060006125001061250010612500106125001018
:102070006125001061250010612500106125001008
:1020800061250010612500106125001061250010F8
:1020900061250010612500106125001061250010E8
:1020A00061250010612500106125001061250010D8
:1020B00061250010612500106125001061250010C8
:1020C00061250010612500106125001061250010B8
:1020D00061250010612500106125001061250010A8
:1020E0006125001061250010612500106125001098
:1020F0006125001061250010612500106125001088
:102100006125001061250010612500106125001077
:102110006125001061250010612500106125001067
:0C212000612500106125001061250010F1
:10212C000348044B834202D0034B03B1184770475A
:10213C00009002200090022000000000064B07498E
:10214C00C91A891048BF0131491003D0044B0BB197
:10215C0001481847704700BF0090022000900220F1
:10216C000000000010B5064C237843B9FFF7D8FFE8
:10217C00044B13B10448AFF300800123237010BD4E
:10218C0000900220000000005C26001008B5054BF2
:10219C001BB105490548AFF30080BDE80840FFF7C7
:1021AC00CDBF00BF00000000049002205C26001090
:1021BC00012070477047000007B53E4800F0C6FA92
:1021CC00642000F05FFA00F061FA0F2000F09EFA34
:1021DC00022000F0A3FA012000F0B4FA052000F070
:1021EC0069FA00F08BFA012000F070FA002301224A
:1021FC000F200DF107018DF8073000F04FFA9DF814
:10220C00073013B9562000F05DFA012210200DF1B1
:10221C00070100F043FA9DF80700002848D000F0B1
:10222C0085FA012000F04AFAB4220321052000F0BF
:10223C0039FA4FF4FA61012000F02CFA062000F074
:10224C0061FA072000F05EFA03224A231146104679
:10225C0000F04CFA4FF4FA71012000F007FA00225A
:10226C000120114600F066FA00F066F8C42000F078
:10227C00B1F911490220114A00F096F8202000F023
:10228C0039FA4FF480614FF4803000F057FA60B99E
:10229C000B4B596800F022FA292000F033FA2A205F
:1022AC0000F030FA202000F001FA00F013FAFCE7FD
:1022BC00A920B4E700E00460BD210010C12100108A
:1022CC0000300020FEE7FEE7FEE7000010F0040FF0
:1022DC0018BF11468B6982B00193164BDA6ADA6A21
:1022EC00DA6A500025D59A6AD2B242B19A6A9A6AD1
:1022FC00910748BF9B6A0F4B9A6A9A6A9B6A0D4B6F
:10230C009A6A12F47F4F08D09A6A9A6A920548BF6B
:10231C009A6A9A6A9A6A9A6A9B6A064B9A6AB2F5A0
:10232C00803F06D39A6A9A6A9A6A9A6A9A6A9A6AF1
:10233C009B6AFEE700ED00E0034B044A1A60044B75
:10234C00044A1A60704700BFE8000020D122001038
:10235C00EC000020D32200104FF08043D3F8800112
:10236C0010F001000AD0D3F88000D3F8E821044B18
:10237C00801AD3F804319BB25843800A704700BFCF
:10238C0000F00460042808B50BD8032804D1012000
:10239C0000F0C0F9002008BD04280CBF022000206A
:1023AC00F6E71020F7E70000F0B5414B85B0187048
:1023BC00404B07461960404B02201A600DF1070193
:1023CC00012200F06BF99DF80740C4F34114022C74
:1023DC0017D101224FF45041384800F0A3F922469E
:1023EC004FF44831354800F09DF93846FFF7CAFFE5
:1023FC0009230B220321012005B0BDE8F04000F0B9
:10240C0071B9032CF1D10124062202A93A2000F063
:10241C0045F99DF808002A4E284D00F01F01224670
:10242C0004FA01F11F288CBF3046284600F07AF9D7
:10243C009DF80900022200F01F0104FA01F11F2887
:10244C008CBF3046284600F06DF99DF80A002246F4
:10245C0000F01F0104FA01F11F288CBF30462846FA
:10246C0000F060F99DF80B00224600F01F0104FA01
:10247C0001F11F288CBF3046284600F053F99DF817
:10248C000C00022200F01F0104FA01F11F288CBF7E
:10249C003046284600F046F99DF80D00022200F067
:1024AC001F0104FA01F11F288CBF304628469AE719
:1024BC001C900220249002202090022000B0046086
:1024CC0080B00460244880F30888244880F30A888C
:1024DC0023488047002103E0224B5B5843500431D2
:1024EC002148224B42189A42F6D3002103E0204B9C
:1024FC005B58435004311F481F4B42189A42F6D385
:10250C00002103E01D4B5B58435004311C481D4B0C
:10251C0042189A42F6D31C4A02E00023136004329C
:10252C001A4B9A42F9D300F06FF8FFF745FEFEE71D
:10253C005FEA0E00EFF30881EFF30982144B984722
:10254C00FEE75FEA0E00EFF30881EFF30982114B0F
:10255C009847FEE7FEE70000001003200000032070
:10256C00A525001068270010003000202C39012010
:10257C00943001100012022030190220C4370110CF
:10258C00009002200090022000900220289002204F
:10259C00D5220010D92200100B4A0023114610B589
:1025AC000A4CE0580433B3F5967F41F8040BF8D18C
:1025BC00074B9A605A6942F010025A615A6942F408
:1025CC0080725A6110BD00BF001002200020001064
:1025DC0000ED00E0B0F5807F10B5044610D8094836
:1025EC0000F04CF814F03F0018BF0120012300EB61
:1025FC00941003FA00F0013800F03CF8002010BDF4
:10260C001020FCE7FFFF0F0070B50D4D00260D4CA0
:10261C00641BA410A64209D10B4D00260B4C00F0F4
:10262C0017F8641BA410A64205D170BD55F8043BE5
:10263C0001369847EEE755F8043B01369847F2E728
:10264C00602700106027001060270010642700101E
:10265C00F8B500BFF8BC08BC9E467047F8B500BF83
:10266C00F8BC08BC9E467047000000005FF800F004
:10267C00795C00005FF800F079AE00005FF800F0C4
:10268C0051A800005FF800F0714700005FF800F0FF
:10269C006DA800005FF800F0295D00005FF800F005
:1026AC000D8700005FF800F0655900005FF800F03E
:1026BC00D17A00005FF800F019AC00005FF800F070
:1026CC00B1AB00005FF800F059AE00005FF800F00D
:1026DC00215C00005FF800F0011202205FF800F0AE
:1026EC00B9C300005FF800F08DAE00005FF800F099
:1026FC00955900005FF800F0857A00005FF800F053
:10270C00B1AA00005FF800F07D7900005FF800F0DE
:10271C00E9AB00005FF800F025AE00005FF800F0B8
:10272C00A9AD00005FF800F09D9800005FF800F084
:10273C0069AE00005FF800F011C300005FF800F014
:10274C0079C100005FF800F035AC00005FF800F0D4
:04275C0031F8000050
:0427600099210010AB
:0427640071210010CF
:1027680000100220ED7A0020257B0020357B002018
:102778000000000000000000000000000000000051
:102788000000000000000000000000001905010022
:1027980000000000000000009D050100A9050100DF
:1027A800457B0020457B0020E9770020457B002001
:1027B800457B0020457B0020457B0020457B002091
:1027C800457B0020457B0020457B0020457B002081
:1027D800457B0020457B0020457B0020457B002071
:1027E800457B0020457B0020D9440020457B002004
:1027F800457B0020457B0020495C002011420020D9
:10280800457B0020457B0020457B0020457B002040
:1028180055510020457B0020457B00209D46002027
:1028280002B4714649084900095649008E4402BC61
:102838007047C04602B4714649084900095C49001E
:102848008E4402BC7047C04603B471464908400034
:102858004900095E49008E4403BC704700224308C2
:102868008B4274D303098B425FD3030A8B4244D350
:10287800030B8B4228D3030C8B420DD3FF22090292
:1028880012BA030C8B4202D31212090265D0030B51
:102898008B4219D300E0090AC30B8B4201D3CB0347
:1028A800C01A5241830B8B4201D38B03C01A524189
:1028B800430B8B4201D34B03C01A5241030B8B428B
:1028C80001D30B03C01A5241C30A8B4201D3CB0276
:1028D800C01A5241830A8B4201D38B02C01A52415B
:1028E800430A8B4201D34B02C01A5241030A8B425E
:1028F80001D30B02C01A5241CDD2C3098B4201D376
:10290800CB01C01A524183098B4201D38B01C01AF3
:10291800524143098B4201D34B01C01A524103096A
:102928008B4201D30B01C01A5241C3088B4201D319
:10293800CB00C01A524183088B4201D38B00C01AC6
:10294800524143088B4201D34B00C01A5241411AED
:1029580000D20146524110467047FFE701B50020FA
:1029680000F0F0F802BDC0460029F7D076E77047BE
:1029780003460B437FD4002243088B4274D30309D8
:102988008B425FD3030A8B4244D3030B8B4228D379
:10299800030C8B420DD3FF22090212BA030C8B429F
:1029A80002D31212090265D0030B8B4219D300E03F
:1029B800090AC30B8B4201D3CB03C01A5241830BC4
:1029C8008B4201D38B03C01A5241430B8B4201D374
:1029D8004B03C01A5241030B8B4201D30B03C01A9D
:1029E8005241C30A8B4201D3CB02C01A5241830A17
:1029F8008B4201D38B02C01A5241430A8B4201D346
:102A08004B02C01A5241030A8B4201D30B02C01A6F
:102A18005241CDD2C3098B4201D3CB01C01A5241D6
:102A280083098B4201D38B01C01A524143098B425F
:102A380001D34B01C01A524103098B4201D30B0148
:102A4800C01A5241C3088B4201D3CB00C01A52416D
:102A580083088B4201D38B00C01A524143088B4232
:102A680001D34B00C01A5241411A00D201465241CB
:102A7800104670475DE0CA0F00D04942031000D3EA
:102A88004042534000229C4603098B422DD3030A3F
:102A98008B4212D3FC22890112BA030A8B420CD34F
:102AA800890192118B4208D3890192118B4204D378
:102AB80089013AD0921100E08909C3098B4201D3F8
:102AC800CB01C01A524183098B4201D38B01C01A32
:102AD800524143098B4201D34B01C01A52410309A9
:102AE8008B4201D30B01C01A5241C3088B4201D358
:102AF800CB00C01A524183088B4201D38B00C01A05
:102B08005241D9D243088B4201D34B00C01A5241DB
:102B1800411A00D20146634652415B10104601D368
:102B28004042002B00D54942704763465B1000D3F2
:102B3800404201B5002000F005F802BD0029F8D098
:102B480016E770477047C0468446100062468C46B8
:102B58001900634600E0C0461FB506F04DFD002889
:102B680001D40021C8421FBD10B506F091FC4042B7
:102B7800013010BD10B506F03FFD002801DB002034
:102B880010BD012010BDC04610B506F035FD002867
:102B980001DD002010BD012010BDC04610B506F0B3
:102BA800BBFC002801DC002010BD012010BDC04680
:102BB80010B506F0B1FC002801DA002010BD012094
:102BC80010BDC046844608006146FFE71FB506F001
:102BD800B7FA002801D40021C8421FBD10B506F07D
:102BE8003DFA4042013010BD10B506F0A9FA0028A0
:102BF80001DB002010BD012010BDC04610B506F055
:102C08009FFA002801DD002010BD012010BDC0463C
:102C180010B506F04BFA002801DC002010BD012099
:102C280010BDC04610B506F041FA002801DA0020B0
:102C380010BD012010BDC046002B15D1002A13D1AC
:102C4800002906DB01DC002806D00020C04341082B
:102C580002E080210906002007B4024801A14018BB
:102C6800029003BDE1FEFFFF03B4684601B5029878
:102C780006F0C4F8019B9E4602B00CBC7047C046E3
:102C8800002B11D1002A0FD1002900D1002802D031
:102C98000021C943080007B4024802A14018029065
:102CA80003BDC046A1FEFFFF03B4684601B5029804
:102CB80005F0D8FF019B9E4602B00CBC7047C04689
:102CC8001C2101231B04984201D3000C10391B0A54
:102CD800984201D3000A08391B09984201D3000918
:102CE800043902A2105C40187047C046040302026F
:102CF80001010101000000000000000010B50029DA
:102D080003D1FFF7DDFF203002E00800FFF7D8FF0E
:102D180010BDC04602780B78002A03D0013001317B
:102D28009A42F7D0D01A70470023C25C0133002AB8
:102D3800FBD1581E704700000448054B10B583426C
:102D480003D0044B002B00D0984710BD2C2901203C
:102D58002C2901200000000006480749091A8B1099
:102D6800C90FC91810B5491003D0044B002B00D067
:102D7800984710BD2C2901202C29012000000000B3
:102D880010B5074C2378002B09D1FFF7D5FF054B69
:102D9800002B02D0044800E000BF0123237010BDBF
:102DA8002C3901200000000060070120054B10B5F8
:102DB800002B03D00449054800E000BFFFF7CCFF13
:102DC80010BDC04600000000303901206007012016
:102DD80010B50EF041F810BD014B024A1A60704759
:102DE800280B002071360020054B01205A888A42A2
:102DF80004D09888401A4342584140007047C04662
:102E08004C390120044B9A888A4202D1009A1278E0
:102E18001A7200207047C0464C39012010B51C00BA
:102E28000D4B5A888A420BD1002C07D00B4B1B68DC
:102E38009847031C642800D964232370012010BD1F
:102E48009A8800208A42FAD1844202D01B7A6070A4
:102E580023700220F3E7C0464C390120483901208D
:102E6800030037B51020002B0CD0174A1749136000
:102E78000022174B100004F0F7FA164D288000289E
:102E880001D101203EBD00248923220020001249DF
:102E9800019400945B0004F071FB6880A042F0D0BC
:102EA8000DF09AF9A880A042EBD02300220002215D
:102EB8000A480DF0D9FDE880A042E2D004F02AFBD0
:102EC800012320002B72DDE7483901200F1800008C
:102ED800982601204C390120192A000008290000F1
:102EE800034B0A209B888B4200D108387047C046A4
:102EF8006039012070B5049C002C05D0234DAB88A7
:102F08008B4203D12378AB71002070BDEB68002B96
:102F1800FAD000211E4B200019700DF055FE1D4BF4
:102F2800A278188001209A70E278617ADA702279A2
:102F380001401A7162795A71A2799A71E279DA714B
:102F4800227A1A725A7A82430A435A72627A0221A0
:102F5800C240024082405E7A8E4332435A72627A9D
:102F68000426CA4002408A40587AB04302430820E7
:102F78005A72627A024011435A7A023082431143EC
:102F88001800EA6859729047BEE7C04660390120C8
:102F98005F3901205639012070B5144B144E0400D6
:102FA8009B6830009847002188421CD1737A1A0721
:102FB800580710439A070243DB071343200032885F
:102FC800DD0F0DF009FF0A21B378A370F378E370E1
:102FD8003379237173796371B379A371F379E371E9
:102FE800337A65722372080070BDC04660390120CB
:102FF8005639012010B51800064B9A888A4205D127
:103008009B79037000234370022010BDFFF7C4FFB3
:10301800FBE7C04660390120030073B51020002B80
:1030280012D01A68002A0FD0154D0126AA60002276
:103038005B681000EB601349134BAE7104F014FA8F
:103048002880002801D1012076BD00248D2322008C
:1030580020000E49019400945B0004F08FFA688008
:10306800A042F0D00DF0B8F8A880A042EBD004F050
:1030780051FA074B20005A7A16435E72E4E7C046BD
:103088006039012005180000A42601202B2A000021
:1030980056390120034B1888401A43425841C00052
:1030A8007047C04670390120074A0020128810B5C1
:1030B8008A4207D1834204D008221800034908F045
:1030C80006FC082010BDC046703901207239012065
:1030D800002273B5364B1000364904F0C5F90028B4
:1030E80001D1012076BD002481232200200032492D
:1030F800019400945B0004F041FAA042F1D02F4BF8
:10310800220018800D2301932D4B200000932D4998
:10311800022304F033FAA042E3D00E262A4B220001
:103128000093200002232949019604F027FAA042BF
:10313800D7D01225264B22002649009320000223CF
:10314800019504F01BFA244B220024490093200027
:103158000223019504F012FA214B22002149009321
:1031680020000223019504F009FA1F4B22001F4991
:10317800009320000223019504F000FA1C4B220062
:103188001C49009320000223019604F0F7F9072355
:103198000193194B2200194900932000022304F0DF
:1031A800EDF904F0B7F90DF0CFFB20009AE7C0461F
:1031B800101F01200A180000232A0000703901207E
:1031C800801F0120242A0000721F0120252A0000E8
:1031D800601F0120262A00004E1F0120272A000018
:1031E8003C1F0120282A00002A1F0120292A00004C
:1031F8001C1F01202A2A0000B0260120502A0000A6
:10320800034B9888401A4342584180B27047C046E1
:103218009C39012000207047044A002092888A4285
:1032280003D1834200D01870012070479C390120D7
:10323800F7B514000D1C202900D920251F4FEDB229
:1032480001002A00380008F042FB0022C0211C4E71
:10325800100034701B4B240A4901747004F004F9FF
:10326800002801D10120FEBD0022A8210223100060
:1032780001950097890104F081F90028F2D0022312
:103288000022114D1149288010000193009604F086
:1032980075F90028E6D000248123688022002000E8
:1032A8000B49019400945B0004F068F9A042D9D05E
:1032B800A88004F02FF92000D5E7C0467C3901200A
:1032C8007A390120901F01209C390120012A000031
:1032D800A62A0000034B5888401A43425841400030
:1032E8007047C046A4390120044B5B888B4203D148
:1032F800009A034B12781A7000207047A4390120F5
:10330800A2390120064A51880022814206D19342FF
:1033180003D004495A7009781970022210007047C6
:10332800A4390120A239012037B500220F4B100023
:103338000F4904F099F8002801D101203EBD00246E
:103348008823220020000B49019400945B0004F0BC
:1033580015F9A042F1D0084D28800CF03DFFA0429D
:10336800EBD0688004F0D6F82000E7E79C1F012026
:1033780001180000052A0000A4390120044B10B5EB
:103388001C68002C03D0034B54221968A04710BDB9
:10339800AC390120B03901200A4B02201B685A8938
:1033A8008A420ED05A8B8A420BD0DA8A8A4208D0D7
:1033B800DA8904308A4204D01B8A03308B4200D059
:1033C80007387047B039012070B5364D1C0004AB82
:1033D8001A882B685889884207D102F0E7FB002336
:1033E800207063700221080070BD588B884202D19A
:1033F80002F0C4FFF3E7D88A884202D102F038FC11
:10340800EDE7D889884216D1211EECD00021052A83
:10341800E9D91A8D20000DF0DFFC2B6805211A0070
:103428002A321278A2701A002B3212782C33E270EA
:103438001B782371D7E7188A884226D1211ED2D05B
:103448000021082ACFD9DA8D20000DF0C5FC2B68A1
:1034580009211A0030321278A2701A00313212781B
:10346800E2701A003232127822711A00333212785E
:1034780062711A0034321278A2711A003532127849
:103488003633E2711B782372ADE7588A8842A9D196
:10349800211EA8D00021012AA5D920001A8F0DF0DD
:1034A8009BFC9FE7B0390120F0B54A4E8FB014ABB2
:1034B80020CB30681A8843898B4205D1287802F0DE
:1034C8007BFB00200FB0F0BD438B8B4203D12878E3
:1034D80002F05AFFF5E7C38A8B4203D1287802F03D
:1034E800CDFBEEE7838A8B4207D1002DE9D0002A75
:1034F800E7D0290002F0F4FBE3E7038B8B4207D106
:10350800002DDED0002ADCD0290002F045FFD8E7E4
:10351800038A8B42D5D1002DD3D0002AD1D005AC57
:1035280024220021200007F06FFA002128000DF066
:103538004BFB0027284B2762C018AB7860612361DA
:10354800EB782000E3602B79A3606B796360AB793B
:10355800059307F04FFC009001913C2133681E8DC4
:103568003B0071430A0000980199801A9941029022
:10357800039102A807F062FA230046C846C346C86A
:1035880046C346C846C3236A012B03D1A3682762F2
:10359800013BA3600F4E6269104B3068D2180021BE
:1035A80092B22E300DF018FC336821691A003032BF
:1035B8001170E16807205170A16891706168D1703D
:1035C80005991171E9795171297A91711B689847A8
:1035D80077E7C046B039012094F8FFFF6C07000078
:1035E800F0B5050085B00120002D2CD04C4B1D6096
:1035F80000232B772B002A3318704A4B19604A4B4B
:103608002B602B003A331978002900D1187002AECC
:1036180006220021300007F0F7F90022434B100082
:10362800434903F021FF3E4F00243B682200D88025
:10363800A22320003F4901940094DB0003F09EFF81
:10364800A04202D1012005B0F0BD28810CF0C4FDD4
:103658000028F7D03B686881198C1A6A31800F21DD
:10366800120CB2705A1D0633D27FDB7F0A401B0151
:103678001343F37001235B42B380073301932200A5
:1036880020002D4B2D49009603F078FF0028D9D053
:10369800A881220020002A4B2A490194009403F0B3
:1036A8006DFF0028CED0E88122002000264B274954
:1036B8000194009403F062FF0028C3D028822200FE
:1036C80020001F4B22490194009403F057FF002863
:1036D800B8D0A5236882220020001E4901940094D6
:1036E800DB0003F04BFF0028ACD0A8820CF074FD7F
:1036F8000028A7D0A523E8822200200016490194BB
:103708000094DB0003F03AFF00289BD028830CF0DC
:1037180063FD002896D0688303F0FCFE002092E742
:10372800B0390120AC3901201D3C0020B826012009
:103738001F180000A72A000002040000A82A0000A1
:1037480002050000A92A00000A050000AA2A0000B4
:10375800AB2A0000522A0000AC2A000070B5040011
:103768000D0002F023FA002803D02900200002F0FF
:103778002BFA70BD00207047034B9888401A4342CB
:10378800584140007047C046B439012010B502AB1B
:1037980001CB1A88054B5B888B4205D1002803D0E2
:1037A800034B11001B689847002010BDB439012055
:1037B800BC390120030037B51020002B16D0154A5C
:1037C800154913600022154B100003F04DFE00242C
:1037D8008223220020001249019400945B0003F028
:1037E800CDFE104D6880A04201D101203EBD882346
:1037F800220020000C49019400945B0003F0BEFEF7
:10380800A8800028F1D00CF0E7FC03F083FE20002C
:10381800ECE7C046BC39012010FD0000C426012099
:1038280011FD0000B439012012FD000010B50C0094
:103838001300044A918822000CF08EFF431E984121
:10384800C0B210BDB4390120034BD888401A434296
:10385800584140007047C046C439012010B5054A98
:103868000020D4888C4203D1127A58701A70023022
:1038780010BDC046C439012010B502AA01CA0B0008
:103888001188094AD4889C4203D103781372002016
:1038980010BD92889A42FAD10028F8D0034B1B68D1
:1038A800002BF4D09847F2E7C4390120C039012031
:1038B80037B50022184B194918601000184B03F04F
:1038C800D3FD184D2880002801D101203EBD0024D9
:1038D8008823220020001449019400945B0003F01F
:1038E8004DFE6880A042F0D00CF076FCE880A04243
:1038F800EBD08223220020000C49019400945B0045
:1039080003F03CFEA880A042DFD003F003FE0123B1
:1039180020002B72DAE7C046C0390120F0FF000012
:10392800D0260120C4390120F1FF0000F2FF000079
:1039380010B50C001300044A518822000CF00CFF4B
:10394800431E9841C0B210BDC439012010B500F023
:10395800B5F90CF0A9FC10BD10B501F013FD041E5B
:1039680003D000F097F90DF09FF9200010BD00007A
:1039780007B501A80CF078FB01980DF0CDF8019B74
:103988001B0401D503F014FB019B5B0402D502481C
:103998000CF02AFE07BDC046CC8000001FB52820C9
:1039A8000CF0E2FE0A200CF0DFFE0B200CF0DCFE2F
:1039B8000C200CF0D9FE0D200CF0D6FE0E200CF0D9
:1039C800D3FE0F200CF0D0FE10200CF0CDFE3520D9
:1039D8000CF0CAFE11200CF0C7FE12200CF0C4FE39
:1039E8000022110010000CF01FFD0DF0B5F90CF0CD
:1039F800FBFF00F07DFA00F0B7FDFFF7EDF91721A6
:103A080000200CF0C9FF8021C023C520134A0904F7
:103A18005B00D150800013581B021B0A1350116021
:103A280002200F490F4A00F0FFFF032101A800F010
:103A380043F8002809D1062102A800F04AF8002816
:103A480003D1062102A800F051F801F0D1FC0CF0D6
:103A5800DBFA0CF019FD05B000BDC04600E100E03E
:103A6800F9410020ED41002000B58BB0082200216B
:103A780008A806F0C9FF0C4B0193012302930B4BD6
:103A88000393442304930A4B05938023DB00069396
:103A9800182307930DF030F9002101AA05480CF00E
:103AA800A3FC0CF079FEFEE7A81F0120D03D012001
:103AB800D03901203D420020030010B51020002B12
:103AC80006D0022904D90322190021300CF0ACFADF
:103AD80010BD030010B51020002B06D0052904D90D
:103AE8000622190007380CF09FFA10BD030010B524
:103AF8001020002B06D0052904D9062219002430ED
:103B08000CF092FA10BD000010B5012003F0E6FB9E
:103B18000CF09AFA0CF030FD002802D10122014B7A
:103B28001A7010BD143E012030B5102489B0002849
:103B380061D08021314B08221860490130480CF0CF
:103B48001BFB80210622C9002D480CF015FB8021A3
:103B5800022249012A480CF02FFD80210222C900C7
:103B680027480CF029FD2C200CF0FEFD041E42D144
:103B7800E1235B020193234B234801A902930CF034
:103B880013FD041E37D117200CF0EEFD041E32D1B0
:103B980001211D480CF0E8FE1C4B03A903931C4BA4
:103BA8001C484B60FA239B008B6003230B741A4B51
:103BB800C425CB600CF0F0FC1221040000200CF0AE
:103BC800EBFE8020C022154BC00252009850AD0079
:103BD8005959134A1140C02212040A435A51186015
:103BE80007210C480CF0A8FA01210A480CF04CFBFC
:103BF80008480CF0D1FB200009B030BD183E012068
:103C080080B00460213001010004006004040060F9
:103C18001C3E0120C08100500002490000E100E084
:103C2800FFFF00FF10B50A00010002480CF02CFD50
:103C380010BDC0460004006013B513480CF0A4FE84
:103C48006B461148591D0CF0BFFA6B460E4859795E
:103C58000CF0FAFC6B465B799B0614D06B460A485D
:103C6800991D0CF019FE6B46084CD988084B2000AA
:103C78001B6898476B4600212000DA8806F0C4FECE
:103C880001480CF089FB13BDC08100501C3E012087
:103C9800183E0120802110B5074C00222000490160
:103CA8000CF0AAFA80210022C90020000CF0A4FA26
:103CB8002C200CF071F910BD80B0046010B5024BD7
:103CC8001868FFF731FF10BD183E0120F8B50E0047
:103CD80015000024431C04D0013801280FD9012401
:103CE80064422000F8BD0E4B315D1868002809D1E8
:103CF8000C4B18680CF080FB0028F0D10134AC4262
:103D0800F1DBEEE7084A07681388F95401339BB2E0
:103D1800138081889942F1D800231380EEE7C046CA
:103D28001C40012020400120244001200120704730
:103D38000120404270470020704780239B010020EB
:103D48004B6070470020704737B5027D0400437D03
:103D5800002A0AD0EFF3108272B60021017541687B
:103D68000160416A016282F31088002B08D0EFF3EA
:103D7800108272B600216175E17DA17582F3108809
:103D8800A27D002A18D1EFF3108172B6E36A002BE6
:103D980001D0A26A9A62164A1068A04201D1A06AAC
:103DA8001060144A1068A04200D1136081F3108893
:103DB8000023E362A36237BD022AFCD1002B0AD09C
:103DC8002569FA2120688900C003FEF747FD4019DC
:103DD800E560A060EFE7227E012A06D1064801A926
:103DE80001930CF021FF019DEBE70123A375E2E7A6
:103DF8002C40012028400120003005600023F0B548
:103E080085B002936B469C1D210036480CF014F9CE
:103E1800082123880B4209D032480DF005F86420A8
:103E28000CF0DAFA8022304B12065A608026032101
:103E38002C4802AA0CF0D8F92C4D36062C68002C18
:103E480014D12200200001262968029D002933D1BF
:103E5800002809D0954207D0224803310CF024FEEF
:103E68008022214B12065A6005B0F0BDA38AA76ACA
:103E7800002B05D02000FFF767FF1B4B5E600FE0AB
:103E8800A37D022B0CD103A916480CF0CDFEA26825
:103E9800E168039B8A4205D2934201D38B4205D342
:103EA8003C00CCE78B4201D39342F9D3E369002B62
:103EB800E0D0206A9847DDE78B7D022B0DD18B6817
:103EC80000280CD0CC68954205D9A34201D29A4269
:103ED80003D91A0001E0A342F9D2896AB6E71A00A9
:103EE8003000FAE700300560FCE100E02C400120DA
:103EF80070B5194C05200CF037FC002120000CF09F
:103F080023FB8020C023C725C021144A00065B007C
:103F1800D050AD00535909061B021B0A0B435351DD
:103F280010601F2100200CF037FD8021200089003F
:103F38000BF0D2FF082120000CF0DEFCFF2120004E
:103F48000CF0F2FB20000CF037FF0020044B186047
:103F5800044B186070BDC0460030056000E100E009
:103F68002C40012028400120030030B5002809D04A
:103F7800012907D8EFF3108472B6807D002803D09A
:103F880084F31088102030BD0125DA61094A1976BA
:103F980011689D759862002901D1D862136006499D
:103FA8000A68002A01D0DA6293620B6084F31088F1
:103FB800E9E7C0462C4001202840012010B5040044
:103FC8001020002C12D0A37D002B0FD061606262FC
:103FD800211807480CF028FE0223E37502238022EB
:103FE8000020FF33A382034B12065A6010BDC0465F
:103FF80000300560FCE100E003001020002B0AD02F
:104008009A7D002A07D00122DA755A75802200208D
:10401800014B12065A607047FCE100E003001020D3
:10402800002B0AD09A7D002A07D0012200205A7559
:104038008022D875014B12065A607047FCE100E0F7
:10404800F7B505000C001020002963D0E123DB013F
:10405800ED1848492800FEF701FCE1210600090196
:104068002800FEF7FBFB1821FEF77EFC28002171D3
:104078003C21FEF7F3FB3C21FEF776FC280061713A
:104088003C21FEF771FC01273B4BA17123800721DE
:10409800A770301DFEF768FCE171C821258849002A
:1040A8002800FEF761FC8BB20093009A3B00002ABF
:1040B8000BD064212800FEF757FC002389B29942EF
:1040C80003D003332B405A4253412C4A5B009B5A7E
:1040D8000192B3421FD964212800FEF745FC284B02
:1040E80000229C4689B263469F5C0023012A0BD1BB
:1040F80000980133002807D00023994204D00333E5
:104108002B40180043424341FB18B3421AD9002000
:10411800731CE370FEBD009A3B00002A0BD064219B
:104128002800FEF721FC002389B2994203D003330B
:104138002B405A425341019A5B00D35A0135F61A73
:104148002580AAE70023012A0BD100980133002813
:1041580007D00023994204D003332B401800434270
:104168004341FB18F61AA37801320133D2B2A37087
:10417800B9E7C04680510100B20700008A22012039
:104188007E220120F0B585B0060001911020002E96
:104198003CD000293AD0C821348849002000FEF7D5
:1041A800E3FB20008BB26421B7780293FEF7DCFBB7
:1041B8008BB2032121409C464842484100252A4AA7
:1041C8000390BA18012F23D80327013C631C274A00
:1041D8009BB293422ED8F3780721013BED18ADB27C
:1041E800281DFEF7ABFCE12332791B015343F17123
:1041F800B2791F49002052189B183C2271794A4312
:104208009B181C4A6A439B18019A136005B0F0BDBD
:10421800029901231078002905D06346591E8B4165
:1042280003995B420B404019C018013F85B2FFB2A9
:10423800013AC7E70422104B01216343D3410F4AD7
:10424800934209D920006331FEF778FC002903D096
:10425800210039404B425941094B4900CB5A013C96
:10426800ED18ADB2B2E7C0467C220120B2070000CB
:10427800808FFFFF80510100295C8FC20AD7A300FD
:104288008A220120F7B50100102000291ED000263F
:1042980000270F4C0822200007F019FB0D4D2000C5
:1042A8002900FFF76FFF6846009601970CF03CF86D
:1042B80000980199084B094A186059600020084B7A
:1042C8001E605F602B681360064A1360FEBDC0461F
:1042D8005040012060400120484001205C400120FE
:1042E8004040012058400120F7B50BF035FF204A27
:1042F8001688002E02D083195B109EB2108000230E
:1043080000226846009201930CF00EF8009801997B
:10431800184F3C687D688D4223D801D1844220D84B
:1043280002000B00121BAB4138607960300000219D
:1043380004F06AFC8C06820922430F4C8B09206822
:10434800616880185941206061600C49097800292A
:1043580006D00B4C2068616812184B4122606360DC
:10436800F7BD0122FF23524212184B41DAE7C0463B
:104378003A400120484001204040012038400120B7
:1043880030400120F0B587B00290FFF7ADFF5A4BDF
:104398005A4A186859680023FEF772FC584B0822DD
:1043A8001E68584B3618584904A81E6007F08FFA43
:1043B800564B1B68B34200D38AE004AA9579ED1ADC
:1043C800AD19ADB23B2D00D892E03C212800FEF794
:1043D80045FA04AB5C793C210419E4B25C7128000D
:1043E800FEF7C2FA04AB99713B2C6AD93C21200034
:1043F800FEF734FA04AB1D793C212D18EDB21D717E
:104408002000FEF7B1FA04AB5971172D59D91821BC
:104418002800FEF723FA04ABDB79C0B2C318DBB27D
:10442800039304ABDB781821C018C4B204AB28008E
:10443800DC70FEF799FA04AB1971C8219B78490022
:104448000093009A324BD35C019304AB1D8828007B
:10445800FEF78AFA8FB20123002F0BD064212800BF
:10446800FEF782FA002389B2994203D003332B4026
:104478005A425341019AD3189C421CDD0123002F54
:104488000BD064212800FEF76FFA002389B2994205
:1044980003D003332B405A425341019A2000D118CC
:1044A800FEF74CFB04ABD970009B0133DBB20C2B3D
:1044B80018D804AA937007210398FEF755FA04AB9D
:1044C800D971124B0822104804A91E6007F0FFF9A1
:1044D800029B002B04D00822180004A907F0F7F962
:1044E80007B0F0BD012304AAED1893701580E2E728
:1044F80004AB9D71E5E7C046404001200024F4006C
:104508006040012058400120504001205C400120BB
:104518007D22012070B505001020002D15D0002443
:104528000A4B0B4E1C600B4B08221C600A4B2100E7
:104538001C600A4B30001C7006F066FA3000FFF76A
:1045480021FF2800FFF79EFE200070BD5C4001207F
:10455800504001205840012060400120384001208F
:10456800FEE7FEE7FEE7FEE7034B044A1A60044B4A
:10457800044A1A607047C0462C0B0020014E0020E8
:10458800300B0020034E002013B5A0241300044A6A
:10459800127800920A000100E0050CF015F916BD2A
:1045A800DC26012070B5012400290DD0002A0BD08B
:1045B800802583186D01AB4206DC044BC01807F058
:1045C80086F9034B1C700024200070BD2C290120A3
:1045D80067400120F0B504001600030B85B09BB2BC
:1045E8000393531E1B181B0B9BB2039F019102934D
:1045F800029A03983B03A1B29BB2B5B2824204D09F
:10460800802252019A18521A95B21D4A1288BA424B
:1046180018D11C4A1278002A14D0C91A1A4B89B228
:104628002A000198C91807F052F9019B01375B1954
:104638000193029BBFB26419761BBB42D8D80AD03B
:10464800002006E02A0020000199FFF79DFF0028BE
:10465800EBD005B0F0BD0A4B029A1B88934209D1F2
:10466800084B1B78002B05D032000749019807F04A
:104678002EF9E5E7320020000199FFF785FFE8E70A
:1046880064400120664001202C290120124B37B5D7
:104698001B78181E1FD00020104C237883421AD094
:1046A800A0200F4B01211D88C0052A000D4B0CF0DE
:1046B800DBF800280FD10C4BA02001930B4B0C4AC0
:1046C8001B78290300938023C0055B010BF0D4FEFF
:1046D800002800D120703EBD6640012067400120BF
:1046E80064400120204E0000B80B0000DC260120A9
:1046F8002C290120F0B58BB0039209938318634AE3
:104708000593013B624D0893060B1B0B12889BB265
:10471800B7B2069304002B780491BA4207D0002B55
:1047280005D0FFF7B3FF002800D098E028703D03BC
:10473800A3B2ADB25C1B0793554BA4B21B78002BF8
:104748000FD1002C0BD0B0B2220052490003FFF762
:104758001BFF002800D082E001224F4B1A704B4B00
:104768001F80069BBB422BD16B4620009A89049977
:10477800FFF718FF002872D1454B1B78002B16D184
:104788006B46198C069B45481B039BB25A1A121894
:1047980092B2002A0BD0C91A414B89B2C9180598A0
:1047A800FFF7F2FE00285AD101223B4B1A70012272
:1047B800374B1A70099B002B50D0FFF767FF4EE06C
:1047C800002C19D0079B2000ED1A80235B01ED18FF
:1047D800ADB22A000499FFF7E5FE00283FD1012277
:1047E8002B4B1A70FFF752FF002838D1049B5B1936
:1047F8000493039B5B1B0393244B80271D88039C16
:1048080001352D032E007F01BC4210DBA020320BA6
:104818000121244B92B2C0050CF026F800281ED1C5
:10482800214BE41880235B01F618FF2CECDC039B7A
:10483800A7B23E00BB420FD0A0201C4A290001921B
:104848001B4A1B1B1278C0050092049A0BF014FE39
:10485800002804D10E4A1070002F02D100200BB09E
:10486800F0BD0A4B069A00201A80039B3A00991B58
:10487800049B5918FFF796FE0028F0D180220549BD
:104888005201D21B92B2711889E7C04664400120D8
:10489800664001202C29012067400120FF0F0000FD
:1048A8002D290120204E000000F0FFFFB80B00006A
:1048B800DC26012037B56B460020D91C0BF0ECFC38
:1048C8006B460020D9780CF057FA6B46DB78002B42
:1048D80013D0022001A90BF087FB019D002D0CD0FD
:1048E80000200CF0C1F9041E26D1280000F082F93E
:1048F800002803D020000BF01FFD37BD124C280004
:10490800210000F082F92168022815D10F4B1B689D
:10491800002B0ED00E489847040002200CF0A4F992
:1049280000280DD1210005300BF0B6FE02200BF057
:1049380003FD00200BF000FD01200BF04DFDC8E742
:1049480001200BF049FDE8E7684001206C42012096
:104958006C40012010B5082004F0F6FF041E07D0B3
:104968000C2004F0F1FF002805D1200004F0F6FF28
:104978000024200010BD0023606020608360F8E7F9
:10498800F8B505000F0016000120002D09D00029F8
:1049980007D0002A05D00B3004F0D6FF041E01D141
:1049A8000220F8BD00238360300004F0CDFF2060B2
:1049B8000028F5D03200390006F089FF2B68A68060
:1049C8009A68002A00D19C606B6800209C606C602B
:1049D800E7E770B506000800002E04D033689D682C
:1049E800002D03D173600024200070BDAB881C1C0F
:1049F800934200D9141CA4B2002803D022002968CD
:104A080006F065FF286804F0A9FFAA683368280043
:104A18009A6004F0A3FFE7E7002804D003689B68C6
:104A2800181E00D098887047084B10B51870084BAE
:104A380001201960074B00211A600BF02DFE052399
:104A48000A22032100200BF09FFC10BD70420120B8
:104A5800784201207442012013B56B46FE209C1D4C
:104A680002222100C002FFF7B5FD030000208342A7
:104A780005D1034B2088C01843425841C0B216BD27
:104A8800A6A5FFFF020010B500280FD00121094B91
:104A980009481C79944208D0DC880230013120187A
:104AA80004330729F5D10120404210BDFE20C00281
:104AB800FBE7C0468E22012002F00700F0B587B060
:104AC8001E000CAB1B780500039304AB9F1D134B12
:104AD800019102923B80FFF7D5FF04000120631C7F
:104AE80019D0019BAD001A190D4BB11C5B195B88DD
:104AF800891802331B1999420DD8901C00233200E3
:104B08000299FFF7F7FD002805D10222390020009D
:104B1800039BFFF7EFFD07B0F0BDC0465A5A0000EF
:104B28008E220120F0B587B01D000CAB03900E005B
:104B3800140010201F78002A13D0002D11D0FFF781
:104B48008BFF00280FD10E2202ABD2180B4B0100AD
:104B5800138002230090FFF7B1FF0127002802D03D
:104B6800380007B0F0BD2B002200310003980097F1
:104B7800FFF7A4FF431E9841C0B2F2E75A5A00005B
:104B8800F7B51E0005000C0017001023002A2BD0D3
:104B9800002E29D0FFF760FF0123002824D0280029
:104BA800FFF770FF0123421C1ED0104BAD005B19AC
:104BB8005A882418B11C023209191218012391428B
:104BC80012D86B469D1D02222900FFF703FD031E24
:104BD8000AD1074A29882233914205D13200390087
:104BE800A01CFFF7F7FC03001800FEBD8E22012071
:104BF8005A5A000002000120002A05D01378507884
:104C0800181A43425841C0B2704770B504000D00ED
:104C18000120002C17D0002915D02000FFF7EAFF4B
:104C280003000320002B0ED12178E268914201D2C3
:104C38004B1CDBB222692370514363682800591862
:104C480006F045FE022070BD0022F0B50500214B9C
:104C580085B01A60204B01AC1F5C0E0020000021BB
:104C68000B3205F0D1FE1D4BA77023801C4F257118
:104C7800022D12D002232A009A4320D0B3B2002278
:104C88001B0A072120006671A3710BF065FBE07118
:104C9800000A2072092238880CE000226671092176
:104CA8002000360AA6710BF057FB0B226072000A2F
:104CB800A07238882100FEF7B9FD05B0F0BD0521C6
:104CC80020000BF049FB6071000AA07107223888A8
:104CD800F0E7C04684420120AA2201200304000014
:104CE80090420120F0B5C7B000210F2202A805F0BC
:104CF8008BFEFFF7CBFC011E05D00220FFF7A4FFB7
:104D0800012047B0F0BD012605000400474B484F7D
:104D180002AA13803B68764201933B68280240420E
:104D28001A0A954214D3019A1518002D1BD09C22FB
:104D380052029818401B2A0006A9FFF74BFC0028CE
:104D480010D13200290006A80BF00EFF04000AE07B
:104D58009C2380225B02181A520006A9FFF73AFC2E
:104D6800002851D00024334D01222B68A34255D08E
:104D780009210D2602A802711A0A437182711A0CC0
:104D88001B0E0372230A8372230CC372230E418005
:104D9800C271447203730022310002A80BF0DCFADE
:104DA80002AB985502AA731C000AD054224BB21CBD
:104DB800188802A9FEF73AFD0028A2D12B68A34261
:104DC8009FD11E4B012206931D4B1C2107939C2348
:104DD8005B0208933B680D90099380239B010B931A
:104DE8008C2352425B0206A80C930A940BF0BCFE7B
:104DF8000D9080200123202206A94001FFF77AFCAC
:104E0800431E9841C0B27CE780213200490006A8C1
:104E18000BF0AAFE0135060004007EE702AB5A80BB
:104E2800002302AA05261371B5E7C0460305000052
:104E38008C42012088420120904201204B2A021115
:104E480078676A477FB501AC06000D00092200218A
:104E5800200005F0D9FD134B23800323A370002EF7
:104E680001D1023B23712B0A002207212000A371E4
:104E780065710BF071FA0C4BE071000A2072210089
:104E880009221888FEF7D2FC041E09D1002E04D08E
:104E980028000BF071FA0BF037F8200004B070BD51
:104EA8000124FAE70306000090420120F0B58BB018
:104EB80001930B7806000C00012B00D0C8E00028F5
:104EC80000D1C5E0784F388048780138052800D9E6
:104ED800BEE0FDF7AFFC033A579DE1510822734944
:104EE80005A806F0F4FC05A930000BF07DFF12229E
:104EF800002105A805F088FD0021062203A805F079
:104F080083FD042302AAFF339381F73B9373684B15
:104F180003A80693012353750BF02EF8162002AB55
:104F2800C018062203A906F0D2FC0022102105A809
:104F38000BF012FA122202AB9883388805A9FEF703
:104F480075FC002818D00BB0F0BD05AD0722002174
:104F5800280005F059FD574B00222B80012305211D
:104F68002800AB700BF0F8F96871000AA8710722E5
:104F780029003888FEF75AFC019B002B00D08EE0F0
:104F88000020E0E705AD0B220021280005F03CFDDC
:104F98000023494A49491360494A30001380494A65
:104FA8001360A37A627A1B021343E27A12041A434B
:104FB800237B1B0613430B60A37B627B1B021343FB
:104FC800E27B414912041A43237C1B0613430B60FE
:104FD8003E4B2B800523AB70043B2B710BF0CCFCB4
:104FE800031CC42800D9C423093B9BB26B711B0A5C
:104FF8000022AB71F0230921EA7128002B720BF013
:10500800ABF96872000AA8720B222900388896E763
:10501800CD788B782D021D434B790A791B021343F7
:10502800C42D15D8264E032031888B420ED1631922
:105038005B79291D675C1B02FF1800222000BFB2A4
:105048000BF08AF9874205D001203188FFF7FCFD73
:10505800012078E79C231B4F023D38685B02ADB204
:10506800A11DC0182A000023FFF744FB011E01D030
:105078000220EBE73388104A013333801368EB18BA
:1050880013603A6852193A60F0221202934200D231
:1050980072E7FFF7D9FD6FE7FFF724FE51E7607865
:1050A800019B98476CE7C04690420120401E0120B2
:1050B8000402110103020000844201208C420120F5
:1050C800804201207C420120884201200303000025
:1050D8004220704713B501F0CBFD04000822684652
:1050E800034906F0F4FB694620000BF07DFE13BD72
:1050F800481E012030B5114D85B02B00288D3A335C
:10510800013080B228851978FDF718FD0C1E13D1DF
:105118006B4659700BF088F86B466A4658802B8DA1
:10512800694628009380D4801472FEF717FB002884
:1051380002D1684600F074FC05B030BD0C43012074
:10514800030010B51A88094802809A788270DA78C4
:10515800C2701A7902715A7942719A798271DB792F
:10516800C371FFF78FF8002010BDC046D44201205C
:1051780070B504000A4D2800FFF704F900202B88B9
:105188002380AB78A370EB78E3702B7923716B796C
:105198006371AB79A371EB792072E37170BDC0467E
:1051A800D442012070B5040000784D1E01380E006D
:1051B80088B0ADB203280CD8FDF73CFB0229445E49
:1051C8001822002102A8023E05F01EFC0122162E1C
:1051D80005D908B070BDA35C1F2B03D9013293B267
:1051E800AB42F8D3D3B2012BF3D0611C02A806F06E
:1051F8006EFB0123002100930520163302AAFFF756
:1052080091FC0028E5D102A801F060FFE1E718222F
:10521800002102A805F0F8FB002DDAD11723290098
:10522800052002AAFFF7ACFC0028D2D101F020FD2E
:10523800040002A8FDF778FD82B2200002A9FEF75B
:1052480077FBC6E7022DC4D16378621CA4781249A3
:1052580024021C432300203B9BB28B42B9D8012374
:105268000021009306202B00FFF75CFC0028B0D13A
:10527800200001F047FFACE7002DAAD10223290046
:10528800062002AAFFF77CFC0028A2D101F0F0FC5E
:10529800022202A9D3E7C046E03F000010B501286A
:1052A80002D0062803D010BD054B1870FBE7FA2181
:1052B80001204900FFF7C6FD0022014B1A70F2E7F2
:1052C800C842012030B51C0085B0EFF305836D4658
:1052D80002925A4253412870054869700022694673
:1052E8005B42006801940AF01FFF05B030BDC0465C
:1052F800AC440120074B0A0010B501001868FFF7FD
:105308003FFB011E04D1030002000220FFF7DAFF71
:1053180010BDC046C442012010B513000A000100A8
:105328000020FFF7CFFF10BD10B513000A000100E1
:105338000120FFF7C7FF10BD70B5114D86B06E7F15
:10534800002E1AD12B7F002B17D0694601F061F986
:10535800002812D0009801F0B3F801F051F902AC1E
:10536800608066702B8D21002800A380FEF7F6F977
:10537800002802D1200000F053FB06B070BDC046E3
:105388000C430120064B10B51878002806D1054BB0
:105398001B78002B01D101F007FE10BD0020FCE7AF
:1053A800C9420120C842012037B580240025A40243
:1053B8006A4621000C48009501950BF07DF8210004
:1053C80009480AF0B9FD009B234209D001AA21002F
:1053D80005480BF099FB019A044BAA4201D01D70B5
:1053E80037BD01221A70FBE780B00460C942012072
:1053F800F0B5BDB00BAF3A00D44B002613CB13C2A7
:1054080013CB13C23A00102105200BF015FCD04B2A
:1054180005931860FFF79EFACE4BCF4D04931860A2
:10542800CE4B07962B80CE4B6B80CE4BAB80CE4BB2
:10543800EB80FEF769FB2800FFF76CF80A23CB4CDA
:1054480031002387063B180007AA2685FFF798FB3B
:10545800B04200D0C7E039000798FEF7F1FD3B885D
:10546800BA79E3857B882386BB8863862300343337
:105478001A702300802235331A7023007F323633A6
:105488001A7000F059FA01F063FDB94801F0E4FB25
:1054980018220021380005F0B7FA17233A00002136
:1054A8000520FFF76DFB002802D1380001F00EFE41
:1054B80007AD02232A0000210620FFF761FB002820
:1054C80002D1288801F01EFE01F02CFEFDF700FE37
:1054D800A848FDF7C5FCA848FEF7EAF9A748FEF773
:1054E80069F9A748A74B0360A74B4360FDF794FDF4
:1054F80000232000A5492362FEF772F8041E00D09D
:1055080016E2A348FEF710FB1621A248FEF78AFB15
:1055180001F03AFE0121A04AA048FEF725FD21002E
:105528009F4AA048FEF720FD8021022289029E485A
:105538000AF062FE8021022289029B480BF03CF8A7
:10554800162120000BF028FA802104230222890268
:1055580095480BF069F8012102200AF0D5FF802157
:105568000122890290480BF01FFC80220723920237
:1055780001210E200BF078F880218B4889020AF06F
:10558800DBFC8021884889020AF0AEFF8020C02217
:10559800C524864BC00352009850A4001959844A68
:1055A8001140C02212040A431A51186001230598B9
:1055B80007AC0022210000685B420AF0E5FC051EEA
:1055C800F4D12678012E30D0022E00D198E1002E99
:1055D800ECD16378012B1DD0022BE7D1634B9E8061
:1055E80001F0D2FDE2E72B88AA79E3856B8807A949
:1055F8002386AB8828006386230034331A70FEF7AD
:10560800C1FD0123009303333100180007AAFFF7F7
:1056180089FA2EE701F02CFBFA213200534B89005E
:1056280098806048FEF7CAFCC0E76378A468062B38
:1056380014D8032B59D85A1E022AB7D8022B26D0C1
:10564800032B4DD0494B1B7F002BAFD0534C200070
:10565800FEF7D2FC2A0020005649E3E7072BA5D124
:105668002300E28D06902E339B793A80228E06A97C
:105678007A80628E3800BA80BB71FEF783FD0423FE
:1056880029001800009606AAFFF74CFA8EE72300B7
:105698003A331B78002B89D02F4B18000393FEF761
:1056A80071FE039B03999A79230009882E33E185BB
:1056B80003990398498821860399898861869A7194
:1056C8003900FEF75FFD04233A0029001800009610
:1056D800FFF728FA00F032FA2A0030483549A1E7E6
:1056E80020852E48FEF788FC60E722003C321078BF
:1056F8000138052B79D0013A1678062B00D1BCE089
:10570800052800D9F8E0FDF795F8030D1757686CE0
:10571800200000F0ADFB222800D0EBE00623320089
:10572800190074E0200000213E300BF04DFA010012
:10573800200000F0C9FBEEE7200000213E300BF00E
:1057480043FA0100200000F0F6FBE4E7501E0120B8
:10575800AC440120C4420120D4420120E7070000E4
:105768000919000010230000090400000C4301205F
:10577800B95B002071590020455A0020955B002034
:10578800CC420120115A0020E1590020C95B0020B9
:10579800D95B0020B11F012095590020DC4201206F
:1057A800755900209442012080B0046000E100E0B7
:1057B800FFFF00FF60EA000025003E3500212800B9
:1057C8000BF002FA0221039028000BF0FDF903996F
:1057D8000200200000F0E6FB9DE7200000F01BFC23
:1057E80099E7200000F02FFC95E73D80052851D867
:1057F800FDF720F803111C27393E3900200000F07E
:105808003DFC042846D005213A88130AD2B220006C
:1058180000F03CFA3EE0200000213E300BF0D4F9C5
:105828003A000100200000F03AFCEAE720000021DD
:105838003E300BF0C9F93A000100200000F058FC96
:10584800DFE725003E35002128000BF0BDF90221D5
:10585800060028000BF0B8F93B00020031002000D8
:1058680000F06FFCCDE73900200000F095FCC8E798
:105878003900200000F0A7FCC3E705280AD8FCF788
:10588800D9FF030C16203135200000F0B6FC04289F
:1058980000D040E70023637788E6200000213E30EF
:1058A8000BF092F90100200000F0B9FCEFE72000AE
:1058B80000213E300BF088F90100200000F0DEFCEA
:1058C800E5E725003E35002128000BF07DF902218F
:1058D800039028000BF078F903990200200000F0EB
:1058E800FCFCD4E7200000F02BFDD0E7200000F0FE
:1058F80034FDCCE70028CDD101233200062186E70C
:10590800EFF3108572B6049B1868FFF785F8049BBF
:105918000200040039001868FFF75BF885F3108867
:1059280001F0A6F922003900024BFFF7BFFA3DE665
:105938003DB0F0BD3D5B0020C823F7B5234D0021E5
:105948002A000120DB00FFF71BF9214C011E2BD098
:105958000027C8223900D2002800278005F054F813
:105968001C4E6422FF21300005F04EF8C823390090
:105978002A0001200097DB00FFF7D4F80100B842A5
:1059880021D10223009022001800FFF7CBF8011E56
:1059980019D101233200009303206333FFF7C2F8C3
:1059A800431E9841C0B20DE0022322001800FFF701
:1059B800E7F8011ECCD164230320064AFFF7E0F87C
:1059C8000028C5D1FEBD0120FCE7C04618450120CE
:1059D800B0440120B2440120014B18887047C046EA
:1059E800B04401200B4A03001288080010B5222198
:1059F8009A420CD9084AD25C084B1201D45C002C9C
:105A080005D0991802310E2205F061FF0021080027
:105A180010BDC046B0440120B24401201845012001
:105A28001C4BF0B5010000241E0085B01A780392C3
:105A3800002A08D00134A4B21033642CF6D1012511
:105A4800280005B0F0BD01272501775576190E22EB
:105A5800B01C05F03CFF039BA9B200933200102351
:105A68003800FFF75FF8051EE9D10B4E0B4A318865
:105A78003B00545403208A180095FFF753F83388E5
:105A88003200013333800223290018000097FFF702
:105A980049F8D5E718450120B0440120B244012057
:105AA800F0B5234F04003B88222085B0A3420FD9CC
:105AB8000023204E204A315D213809018B548A1871
:105AC800009389B21033FFF72DF8051E02D001208C
:105AD80005B0F0BD3B88013B9BB21A1B92B23B80DC
:105AE8000292002A18D0A21903920200A34242414E
:105AF800D2B2531E9A41029B5242611C1A4071183D
:105B0800039804F06FFF21000320029B039A00957D
:105B1800FFF708F80028DAD101230093DB181800F2
:105B28003A000021FEF7FEFF431E9841C0B2CFE7BE
:105B3800B0440120B244012018450120F7B50026E1
:105B4800C822174F174D3100D20038002E8004F0BC
:105B58005BFF154C6422FF21200004F055FFC82389
:105B680031003A0001200096DB00FEF7DBFF010060
:105B7800B04201D00120FEBD022300902A00180087
:105B8800FEF7D0FF011EF5D1012322000093032068
:105B98006333FEF7C7FF431E9841C0B2EBE7C04628
:105BA80018450120B0440120B2440120014B187867
:105BB8007047C046DD2601200122024B10401870B4
:105BC8007047C046DD260120F0B50D0085B00E22D5
:105BD80000210700684604F017FF022168466A881A
:105BE8006E780BF0F9F804216846AA880BF0F4F8EF
:105BF800AB790624002B04D06A4693712023013424
:105C08001E43EB79002B05D069460B554023621CD7
:105C18001E43D4B22B7A002B05D069460B5580233E
:105C2800621C1E43D4B23B6A1B0408D5F30706D591
:105C3800210068466A890BF0CFF80234E4B23B6A67
:105C4800DB0306D5B30704D521006846AA890BF003
:105C5800C3F86B461C705E706A4623003989B888A1
:105C68000AF07AFD431E9841C0B205B0F0BD0000AD
:105C7800014B18787047C046DE2601200322024BEC
:105C8800104018707047C046DE260120F0B5170096
:105C98001E0091B002AB019103AD04001522002152
:105CA800581D04F0B1FE0120AF70EE70002C12D028
:105CB8000A4B187800280ED0019B09AA13700023FC
:105CC80053706B885380A18A0423A0880AF084FD4E
:105CD800431E9841C0B211B0F0BDC046DE26012077
:105CE800F7B504003B340191050016000021172286
:105CF800200004F089FE019B1F782770012E0FD920
:105D08005B786370022E0BD01422162E01D8023E47
:105D1800F2B228000199A27502313D3005F0D7FD95
:105D28006B7F002B0BD0032F27D162783B00002A12
:105D38000DD1A27D0633002A09D1012307E0781E80
:105D4800032838D8FCF776FD1A1A021A072300220E
:105D580006216A7728003A00FFF798FF0DE0A37D37
:105D6800002B2AD1012304206B772B68012F03D045
:105D78000520042F00D006209847F7BD6078062834
:105D88001DD8FCF74DFD04EC060613ECEC000323CC
:105D9800DDE7A27D0523032AD9D1A378022B10D0F1
:105DA8005A425341DB00DDD00823D0E70523A27D0A
:105DB8009A42CCD1F1E70223C9E70523C7E70423B8
:105DC800C5E70923C3E7F7B50D0007001600FFF77D
:105DD80003FE2C880190019B9C4201D3222009E0FC
:105DE80031002000FFF7FEFD002804D1B388BB4234
:105DF80001D82C80FEBD0134A4B2ECE7F7B50D0044
:105E080007001600FFF7E8FD2C880190019B9C42D3
:105E180001D3222009E031002000FFF7E3FD00282C
:105E280004D1B388BB4201D32C80FEBD0134A4B297
:105E3800ECE7F7B515000F001E000090FFF7CCFD4A
:105E48002C880190019B9C4201D322200CE0310058
:105E58002000FFF7C7FD002807D1B388009A9342B6
:105E680003D3BB4201D82C80FEBD0134A4B2E9E7BC
:105E78007FB5051E02D1002004B070BDFFF7ACFD50
:105E880000240600A04201D12220F5E76B7F002BF9
:105E980016D069462000FFF7A5FD00280DD16946F8
:105EA8002800FDF75BFC00280CD10134A4B20130B6
:105EB8000AF062FAA642E9D1DDE7002CDBD1E3E77C
:105EC8000420D9E70120D7E7F0B505000F0010201E
:105ED80087B0002D07D0FFF77FFD002306001C00C8
:105EE800984211D1222007B0F0BD280002A9FDF781
:105EF80035FC00281DD101300AF03EFA6B46DB88DC
:105F080001340133A4B29BB26A46D3809E420AD9B7
:105F18006B7F002B0BD06B46380002AA991DFFF748
:105F280052FF0028E1D00020002CDCD1DAE7042061
:105F3800D9E70120D7E7F0B505000F00102087B09A
:105F4800002D07D0FFF748FD002306001C009842EB
:105F580011D1222007B0F0BD280002A9FDF7FEFBF1
:105F680000281DD101300AF007FA6B46DB8801349E
:105F78000133A4B29BB26A46D3809E420AD96B7F92
:105F8800002B0BD06B46380002AA991DFFF736FF8D
:105F98000028E1D00020002CDCD1DAE70420D9E782
:105FA8000120D7E7F0B589B005001700102001914E
:105FB800002D07D0FFF710FD002306001C009842B3
:105FC80011D1222009B0F0BD280004A9FDF7C6FBB5
:105FD80000281ED101300AF0CFF902ABDB8801346A
:105FE8000133A4B29BB202AAD3809E420BD96B7F25
:105FF800002B0CD002AA3900019804AB0632FFF737
:1060080018FF0028E0D00020002CDBD1D9E70420BD
:10601800D8E70120D6E71FB504001020002C10D0C7
:10602800637F0C38002B0CD069460020FFF7DAFCA0
:10603800002806D169462000FDF790FB431E9841D1
:10604800C0B204B010BD1FB504001020002C13D03E
:10605800637F0C38002B0FD0FFF7BEFC0138694670
:1060680080B2FFF7BFFC002806D169462000FDF783
:1060780075FB431E9841C0B204B010BD70B5002531
:1060880003000C0010200D80AB4207D05B7F0C385A
:10609800AB4203D0FFF7A0FC2080280070BDF0B50C
:1060A800002489B006001500102001911480A64232
:1060B8000AD0FFF791FC070002ABDC80A7420DD99C
:1060C800737F002B02D1042009B0F0BD02AB019808
:1060D80004AA991DFFF777FE002801D00020F3E7F6
:1060E8002B8801332B8002ABDC880134A4B2E3E7B0
:1060F800F0B5002489B00600150010200191148025
:10610800A6420AD0FFF768FC070002ABDC80A74272
:106118000DD9737F002B02D1042009B0F0BD02AB6A
:10612800019804AA991DFFF769FE002801D00020F4
:10613800F3E72B8801332B8002ABDC880134A4B24F
:10614800E3E7F0B5002489B006001D001020009197
:1061580001921C80A6420AD0FFF73EFC070002AB62
:10616800DC80A7420ED9737F002B02D1042009B02E
:10617800F0BD02AA0199009804AB0632FFF759FE58
:10618800002801D00020F2E72B8801332B8002ABD6
:10619800DC880134A4B2E2E71FB5030000200C003C
:1061A8001022088083420BD05B7F0C3A834207D0D1
:1061B8006946FFF717FC002801D10123238000223C
:1061C800100004B010BD1FB5002203000C00102001
:1061D8000A8093420FD05B7F0C3893420BD0FFF7B5
:1061E800FBFB0138694680B2FFF7FCFB002801D1B0
:1061F80001232380002004B010BD10B50400102036
:10620800002C0BD0FFF7E8FB03002220002B05D061
:10621800637F1E38002B01D0FFF790FC10BDF0B54E
:1062280089B0070001911020002F16D0FFF7D4FB8A
:1062380005002220002D10D0002402AB9E1D3480C2
:106248003388AB4205D3002063425C41644220405E
:1062580003E07B7F002B02D1042009B0F0BD3100A0
:10626800019804AAFFF7AFFD0028EDD13088FFF7A9
:1062780017FC0028E8D10134A4B2E1E7F0B589B0F1
:10628800070001911020002F16D0FFF7A5FB05008D
:106298002220002D10D0002402AB9E1D34803388AC
:1062A800AB4205D3002063425C416442204003E0D6
:1062B8007B7F002B02D1042009B0F0BD310001988A
:1062C80004AAFFF79BFD0028EDD13088FFF7E8FB13
:1062D8000028E8D10134A4B2E1E7F0B589B006009E
:1062E800170010200191002E16D0FFF775FB05004E
:1062F8002220002D10D0002402ABDC8002ABDB880A
:10630800AB4205D3002063425C416442204003E075
:10631800737F002B02D1042009B0F0BD02AA390016
:10632800019804AB0632FFF784FD0028EBD102ABDD
:10633800D888FFF7B5FB0028E5D10134A4B2DDE722
:10634800030010B51020002B06D05B7F0C38002B03
:1063580002D00020FFF7A4FB10BD030010B51020E9
:10636800002B09D05B7F0C38002B05D0FFF734FBDE
:10637800013880B2FFF794FB10BD0000014B18787C
:106388007047C046DF2601200322024B10401870D8
:106398007047C046DF260120F0B593B06B460E006B
:1063A80004000021581C1700152204F02DFB1622AA
:1063B800002106A804F028FB6B4635781D70012FD4
:1063C8000BD93A1C132F00D913226B46013A92B20B
:1063D800711C581C9A8205F07AFA6B46998A1A2D14
:1063E8003FD029D8012D2DD00021022D27D12300FF
:1063F8006A463A331B782800D376012103232E4AB4
:106408001278002A16D0002C14D02C4E0CAADE408C
:10641800137001231E4202D15570907002336846F2
:10642800C07E012902D1591CD054CBB2218BA0883F
:106438000AF0D2F913B0F0BD00211B2D28D002209C
:106448001C23DCE7002931D06B46597800292DD070
:1064580023003A3319702800236898472800002140
:10646800EEE7267F002E23D1200031000A222E30AD
:1064780004F0CAFA220026852A3213780136B3437B
:106488001370022023689847267700210120D7E758
:10649800237F002BF9D02200012321772A3211789B
:1064A80003200B43137023689847EEE70320C7E7E0
:1064B80000210420C4E7C046DF26012048922401B9
:1064C800F7B5011C041CFCF789FB002800D177E014
:1064D8004049201CFCF79CFB061E00D073E03E4997
:1064E800201CFCF781FB051E00D06FE0201C03F088
:1064F800F1F83A4A3A4B06000F00FCF73BFB00283C
:1065080023D106003749201CFCF782FB00282BD139
:106518003549201CFCF768FB002825D10021201CE8
:10652800F5B2FCF761FB00282AD080231B062F490F
:10653800E01802F04DFE6F1E2A49061CFFB2FCF758
:1065480053FB002817D16DB221E03000234A3900EF
:10655800274BFCF723FB2A00061ED3D001A90D7098
:10656800088812041043FEBD201C204902F064FC78
:106578000136041CC6E780231B063D00F418D4E747
:106588000021201CFCF744FB002808D175B2201C10
:1065980002F05EFF0F230205120D1D40DEE71349CE
:1065A800201C02F015FE2F000E49013D261CEDB2FD
:1065B800041CFCF719FB0028F1D17DB2341CE6E776
:1065C80000250C4ACAE700250B4AC7E735000B4AE5
:1065D800C4E7C046F9029550F90295D02D431CEB4B
:1065E800E2361A3F00E0FF4400E0FFC4000020410B
:1065F800E2361ABFFF070000FE070000020800008D
:1066080043B200011B03000D184382B080B202B0F0
:106618007047002337B50D0001A90400019304F069
:106628006FF828600198001B431E9841C0B23EBD18
:1066380007B500900191EFF305835A42534105488D
:106648005B4200226946006809F06EFD43425841EA
:10665800C0B20EBD8C50012013B501246442074816
:10666800230000226946006809F08EFC0028F6D154
:10667800009801990AF088FBF1E7C0468C50012088
:1066880030B591B001AA1100184B31CB31C131CBD3
:1066980031C1082140200AF0CFFA154B18600028B4
:1066A80002D1002011B030BD082200210EA804F04C
:1066B800ABF9104B012407930F4B00210993442396
:1066C8000A930E4B0E480B9380231B010C93202337
:1066D80007AA0D93089409F087FE0A4B1860002852
:1066E800DFD009480AF090F92000DBE7681E012096
:1066F8008C500120DB1F0120985801209850012060
:10670800F96E002090500120D16E0020F0B50121D3
:1067180091B06A4809F050FE002800D1BDE06848F1
:106728000AF01AFA002800D1B7E066480AF074FAAD
:10673800002800D1B1E00121634809F065FF002875
:1067480000D1AAE0042300930C3319005F4A604883
:106758000AF0FAFA002800D19FE006215D4809F006
:106768009BFC002800D198E002215B480AF014FB4A
:10677800002800D191E08026584B594A76005A608B
:10678800584A28251A629A1CD687574A1E81DA6306
:106798001A005C321680554A9E849A65544B554AB5
:1067A80004A85A60544A1D811A629A1CD587534A14
:1067B8009D84DA631A005C321580514A9A6502009A
:1067C800504B0393504B92CB92C21B68136009F055
:1067D80033FF002861D04D4B4D4A1E82DA609A1C67
:1067E800D6874C4A08A8DA634B4B4C4A1D82DA60BC
:1067F8009A1CD5874A4ADA631A0070321580494ACA
:10680800DA661A00A0321580474A9C331A60474B53
:10681800474A1E82DA609A1CD687464ADA63464B94
:10682800464A1D82DA609A1CD587454ADA631A00FF
:1068380070321580434ADA661A00A0321580424A3F
:106848009C331A600200039B5B1932CB32C232CBF5
:1068580032C212CB12C209F057FC00281DD03B48A7
:106868003B4B022283603B4B3100868183628685E5
:1068780009F0F2FD002810D03748384B310003608A
:10688800374B02228680036186820AF08DF9002840
:1068980003D0FFF7F5FE041E03D10024200011B039
:1068A800F0BD0AF049FAFA2040000AF0A5F82D498F
:1068B8002D4809F079FD09F047FBEFE7A0710120A9
:1068C800B8700120906F0120206B0120006B01201F
:1068D800106B0120D06A0120706A0120006A012033
:1068E800006601200067012000680120006901207E
:1068F80090650120F06401201865012040650120A1
:1069080068650120681E0120801E01209064012016
:10691800886201208C630120C86101201861012070
:1069280044610120706101209C610120B860012050
:10693800B05E0120B45F0120F05D01203C5D0120C4
:10694800685D0120945D0120C05D0120FC5C012090
:10695800FC5A0120FC5B0120DC5A0120DC58012094
:10696800DC590120B80B0000AC0D000013B50C0079
:1069780027282ED8002800D113BD01382628FBD897
:10698800FBF762FF50005F0085008F009C00A300AA
:10699800B1006A007D00B900FAFFFAFFFAFFFAFFBA
:1069A800FAFFFAFFFAFFFAFFFAFFFAFFFAFFFAFF17
:1069B800FAFFFAFFFAFFFAFFFAFFFAFFFAFFFAFF07
:1069C800FAFFC500C800D500E000FAFFE300E900BF
:1069D800EF0040382328CFD8FBF736FFCD00CEFF95
:1069E800CEFFD300D600D900DC00DF00E200E500CE
:1069F800E800EB00CEFFEE00CEFFCEFFCEFFCEFFCD
:106A0800CEFFCEFFCEFFCEFFCEFFCEFFCEFFF100F2
:106A1800CEFFCEFFCEFFCEFFCEFFCEFFCEFFCEFF06
:106A2800F400F700E3788978694A1B020B43138066
:106A3800684B1B68002B9FD000220120110098474B
:106A48009AE70021624B1980624B1B688B4200D188
:106A580092E70A000220F2E7CA785F48497809F00D
:106A68005BFB5E4B5A4C00935D4B69462088019353
:106A78000AF0BAF9C821208809F0A6FF7CE74B780C
:106A880089785848090219430AF0DEF874E708794A
:106A9800CB784A78497909020143534809F004FD43
:106AA8006AE70B7949795148090219430AF0CCF889
:106AB80008224F48211D0AF017F95DE70B89CA889B
:106AC8004C4889880AF060F856E70B7ACA791B02A5
:106AD80013432279C97812020A43A178607809021F
:106AE80001434548EEE788784B790A79C978090265
:106AF80001434248D2E7CA788B7812021A430B78CE
:106B080049783F48090219430AF00EF934E7098821
:106B18003C48B9E7881C002109F046FA62782378D6
:106B28000100120238481A4309F0A6FA24E7881C23
:106B3800002109F039FA62782378120201001A4319
:106B48003248F1E7098832489EE70B78497831489E
:106B58000902194398E78A782F48097809F0DCFA7E
:106B68000AE7CA7A8B7A12021A430B7849782B48BB
:106B780009021943C8E7E278217852422848D2B27C
:106B8800ECE7217827487FE7217827487CE72178B8
:106B9800264879E72178264876E72178254873E75B
:106BA8002178254870E7217824486DE72178244822
:106BB8006AE72178234867E72178234864E7217842
:106BC800224861E7217822485EE7217821485BE77F
:106BD8003C7301203873012007A00000060009005B
:106BE8006300580208A0000009A000000AA00000E5
:106BF8000BA000000CA000000DA000000EA00000DB
:106C08000FA0000010A0000011A0000012A00000BA
:106C180013A0000014A0000015A0000016A000009A
:106C280021A0000022A0000023A0000024A0000052
:106C380025A0000026A0000027A0000028A0000032
:106C480029A000002AA000002BA000002CA0000012
:106C580033A0000034A0000010B5040002480AF078
:106C68001BF8024B1C6010BD0D7200203873012008
:106C7800014B18887047C0463C73012010B5FDF7DA
:106C8800CDF943425841C0B210BD10B5FDF7B4F973
:106C980043425841C0B210BD10B5FDF78FF94342C9
:106CA8005841C0B210BD0A0010B50021FDF75CF9CB
:106CB80043425841C0B210BDF0B587B00600150078
:106CC8000093EFF3058303AC5A425341218000211E
:106CD8005B420193A0706160E5708D421CD0242D49
:106CE8002CD8204F386809F09FFD011E60600CD138
:106CF8001D4F386809F098FD6060002805D11B48D1
:106D080009F072FC002007B0F0BD3B686068A36022
:106D18002A00009904F0DBFD3100154809F094FFC2
:106D2800144821000022019B006809F0FDF90100C8
:106D380001200029E7D0104889B20FE0802D0BD838
:106D4800094F386809F070FD6060002801D10B48D0
:106D5800D6E73B68A360DBE72900094809F074FF20
:106D6800D0E7C046508801204C880120046000000C
:106D780007600000747901200860000005600000C9
:106D8800066000001FB501230E48002200685B4220
:106D980001A909F0F9F800280FD101A809F0F4FCBD
:106DA80002990029EFD00398002802D009F0CCFE00
:106DB800E9E7054809F018FCE5E781B2034809F05E
:106DC80043FFE0E7747901200260000003600000DF
:106DD8008021F0B54748C90099B01023464A00F011
:106DE80015FB464C03AD2B00220043CA43C343CADC
:106DF80043C31A00230011001833C1CBC1C1C1CB52
:106E0800C1C12421102009F057FE3D4B186000280D
:106E18000FD1C020C00109F0E7FB2A000C21402057
:106E280009F00AFF374B1860002814D1002019B068
:106E3800F0BD23000FAA1100303351CB51C151CB03
:106E480051C18021082009F037FE2F4B1860002817
:106E5800E3D12E48DFE70822002116A803F0D4FD6D
:106E68002B4B01240F932B4B002111934423129396
:106E7800294B2A48139380231B01149320230FAA1C
:106E88001593109409F0B0FA254B1860002803D127
:106E9800244809F0A9FBC9E7802009F065FA2248CF
:106EA80009F01AF980235B002822102120000093A2
:106EB800F83B09F0D1FBB4211C48490009F0CCFE8D
:106EC800CC211B48090109F0CFFA302202211948C8
:106ED80009F01AFA09F060FE174809F035F9174861
:106EE80009F08AFB164809F0EFF9164809F0E4FBA7
:106EF80020009CE734890120B4880120B01E0120BD
:106F080050880120747901204C880120016000001C
:106F1800F71F01208081012080790120257600203B
:106F2800787901200960000059750020F89901203E
:106F3800388D0120548801204775002039750020BC
:106F48002B7500201D75002010B509F065F810BDDF
:106F580010B500F05FF90221002009F01DFDC021E5
:106F68000422C0200E4B49005A50800019580D4C7D
:106F7800214019501A60072303210F2009F004FA51
:106F880000F01AF8FFF7C2FB002801D1012010BD5C
:106F9800FFF71EFF0028F9D000F024FB0020F6E7D9
:106FA80000E100E0FFFF00FF10B509F045FD10BD4E
:106FB80010B509F061FB10BD70B501246442E517F6
:106FC800294809F089FB294809F07EFA284809F080
:106FD80013FE284808F0A0FF274809F015FF2748A6
:106FE80009F0AAFC264809F057FD264809F0ACF933
:106FF800254808F0B9FF254809F066FC244809F03F
:1070080063FB244809F008FD234809F01DF92348CB
:1070180009F02AF9224809F0C7F8224809F064FB68
:10702800214809F049FC214809F0F6F9204809F0FF
:1070380053FC204809F080FA1F4809F06DFC1F48EE
:1070480009F042F81E4809F057F91E4809F03CFEBD
:107058001D4809F0F9FE2900200009F07DFC2900EF
:10706800200009F031FD70BDD3BC0200B3BC0200A2
:10707800BBBC0200CBBC0200C3BC0200B955010076
:107088006956010061270200012702001527020046
:10709800710B02005D240200312602009D250200CA
:1070A8008D260200F9250200C52602007D27020070
:1070B800752702007D0B0200D9E9030001E80300EF
:1070C8003DE70300C5EA03009DEA030070B51023FD
:1070D800041E13D0FBF728FE102317280ED8084DDE
:1070E80018220021280003F08FFC2000FBF71CFE6B
:1070F80021000200280004F0EAFB0023180070BDFC
:10710800E226012002000549203A92B2030010202D
:107118008A4202D80020024A13807047E03F0000EC
:10712800E02601201FB50622154902AC684604F086
:10713800CEFB06220021200003F066FC0621200079
:10714800FCF7C7FC00221300A15C01325B189BB25C
:10715800062AF9D1002B03D02100684604F0B7FBBA
:10716800684609F011F8074C2000FBF7DDFDD02236
:10717800C1B212012000FCF75BF8FCF7D5F81FBD7F
:107188004C200120E226012030B50B258FB02A00C3
:10719800002104A803F038FC1B4B03AC1B8821001A
:1071A8002380638007230020637309F0B5F92A0060
:1071B8006846164904F08BFB69462A00002009F04E
:1071C8001BFE134C2000FBF7AFFD6B4601306A46EF
:1071D8001877092320005377FBF7A6FD02001E202D
:1071E8002100684404F073FB2000FBF79DFD02308A
:1071F800C2B207A9002009F077FB0121002009F09D
:1072080043FC0FB030BDC046E0260120F81E012027
:10721800E226012010B509F05FFD08F035FF09F0FE
:107228001BF8041E0DD109F027FB074809F034F9B3
:10723800022009F0D9FC042008F0AEFF0B2009F069
:10724800E3FA200010BDC04620F501001648854627
:1072580016488047002103E0154B5B584350043122
:107268001448154B42189A42F6D3144A02E00023F8
:1072780013600432124B9A42F9D304F0F7FAFCF780
:10728800F3FBFEE77046EFF30881EFF309820D4B3D
:107298009847FEE77046EFF30881EFF309820A4B3F
:1072A8009847FEE7FEE70000001002206D7B0020F3
:1072B80098260120982601202C2901202C3901200C
:1072C800F89C0120054E0020074E0020014B024A81
:1072D800936070470030002000ED00E0012310B5F6
:1072E800984206D8044A10641366C82009F074F856
:1072F8000023180010BDC04600D4046000220B4BC8
:1073080030B51C880A4B1B681100944205DC5B6889
:10731800002B00D12100080030BD1D88854202D80D
:107328005D888542F3D201320833EDE7609B012086
:10733800649B012070B5050008000C00FFF7DEFF14
:10734800084A0300128800209A420AD0064ADB0045
:107358001068C3185B681B68181E02D0210028003B
:10736800984770BD609B0120649B0120F0B585B0F3
:10737800039306000AAB080002921F880D00FFF76E
:10738800BDFF0B4A0300128800209A420DD0094A1B
:10739800DB001068C3185B685C68201E05D0009786
:1073A800039B029A29003000A04705B0F0BDC046F3
:1073B800609B0120649B0120F0B587B004930CAB5F
:1073C800039204CB0600080005921F880D00FFF702
:1073D80095FF0C4A0300128800209A420FD00A4AEF
:1073E800DB001068C3185B689C68201E07D0059BEB
:1073F80001970093039A049B29003000A04707B027
:10740800F0BDC046609B0120649B012073B50C0051
:10741800002A05D0002803D0002901D0002B03D171
:107428000D4809F0E1F873BD0C490A600C490B805E
:1074380000210D0099420AD30023210000951A006B
:1074480009F032F92100074809F0FEFBEBE7CE000E
:107458000131B550C9B2EDE797520000649B012095
:10746800609B012098520000F7B516000024019394
:10747800214F224B009119883B68A14207D80CD1B3
:1074880089B21F4809F0E0FB00252800FEBDE20094
:107498009A5A002A01D00134EFE7002820D0002EA4
:1074A80003D1184809F0A0F8EEE7A02130008901BF
:1074B80008F022FD102205003100134809F014FCE1
:1074C800002DE2D03B68E2009B1800225A80019A06
:1074D8001D805A602900A2B20C4809F025FCD4E7A7
:1074E800A0210098890108F037FD00990500084897
:1074F80009F0AAFBE4E7C046649B0120609B0120D9
:10750800995200009A5200009B5200009D520000C0
:107518009C52000070B5154D154B2E681988300027
:107528000023994206D80ED1124889B209F08CFB83
:10753800002070BD4488002C02D10488002C02D1A0
:1075480001330830EDE7DC0009F016FB2B6836192B
:107558001B1970805E8809F0CFF8310002000648D8
:1075680009F0E2FB2B681B195888E2E7649B0120AD
:10757800609B0120A3520000A4520000F8B51E0031
:1075880006AB150004CB0F001B88002817D0002D70
:1075980005D1104809F028F82C002000F8BD31006A
:1075A800280009F0E1FB1022040029000A4809F02C
:1075B8009BFB32002100094809F0B6FBEDE73100DA
:1075C800380009F039FC39000400054809F03CFB93
:1075D800EFE7C046A5520000A6520000A8520000DE
:1075E800A752000010B5114809F016FA104808F023
:1075F8002BFE104808F038FE0F4808F0D5FD0F485C
:1076080009F072F800F08EF800F03EF900F00CFA7C
:1076180000F0A4F900F0E6F900F002FB00F07CF9B4
:1076280000F03AF900F028FD10BDC046DD7F0020CB
:107638001180002069800020C1800020F580002092
:10764800012370B50370EFF3108572B60C4C2378E4
:10765800002B0FD00B4B64201A680B4B1B689A4207
:1076680004D90533934208D39620400008F0B4FEAD
:107678000023237085F3108870BD08F0A5FFF7E795
:107688005B09002080000040E8010040F8B50126B1
:1076980000251D4B06701B78AB4210D1EFF3108408
:1076A80072B609F039F8194F051E0AD03B78002B3D
:1076B80003D1174809F080FA3E7084F31088280037
:1076C800F8BD144B19683A78D2B2002AF5D00523D0
:1076D8003142F2D0104801680668B14211D0013B2E
:1076E800DBB2FF2BF7D10D4B1B689942E5D25B1A31
:1076F8000B49098849098B42DFD984F310881500A2
:10770800DDE7002BD9D0EEE75F0900205B090020F8
:10771800FFFFFF1F80010040E8010040800000409B
:1077280022080020024B034A5A65034A9A647047AC
:10773800200D00202D7F0020E17E002070B50A4E2C
:10774800050033680124002B0CD108F0FDFF280048
:1077580001F0A2F8041E05D128686968034B33605C
:1077680008F032FC200070BDC00D00208427020004
:10777800F8B5134F04003D680126002D1ED108F00E
:10778800E3FF20686168637C2A0008F055FD627C8D
:10779800206061602900A06808F036FDA060200024
:1077A80001F03EF80600280009F006F9002E05D180
:1077B80020686168034B3B6008F006FC3000F8BDA8
:1077C800C00D0020F4270200F8B5134F04003D68EF
:1077D8000126002D1ED108F0B7FF20686168637C80
:1077E8002A0008F029FD627C206061602900A068F9
:1077F80008F00AFDA060200000F0D6FF060028006F
:1078080009F0DAF8002E05D120686168034B3B6067
:1078180008F0DAFB3000F8BDC00D0020D4270200C4
:1078280070B50A4E050033680124002B0CD108F00E
:107838008BFF280000F076FF041E05D128686968D0
:10784800034B336008F0C0FB200070BDC00D002062
:107858000428020070B50A4E050033680124002B85
:107868000CD108F071FF280000F020FF041E05D19C
:1078780028686968034B336008F0A6FB200070BDD8
:10788800C00D0020E42702007047000001230370A8
:1078980000487047FFFF0000014B024A1A61704719
:1078A800640900202D8100200B00012110B5017012
:1078B800E221D068890000785918162829D8FAF7E3
:1078C800B9FF1418281C282828280C281C28102838
:1078D8000C282828282820282400180001F054F90A
:1078E80010BD180008F0E0FFFAE7180008F084FB64
:1078F800F6E7180008F088FDF2E7180008F0ACFB7E
:10790800EEE7180008F018FFEAE7180008F084FE10
:10791800E6E70020E4E700000021044B0448054A9C
:1079280018605960044BFC335A627047789B0120F9
:10793800ED49000049810020500B002010B50400DB
:1079480000F0DCF9002803D001230C20237010BDBF
:1079580000F0F2F90028F7D12070F8E7014B024A4D
:10796800DA647047500B0020DD81002010B5040058
:1079780000F034FA002803D001230C20237010BD36
:1079880000F0C6F90028F7D100F0E0F90028F3D19B
:107998002070F4E710B5040000F020FA002803D0A6
:1079A80000230C20237010BD00F0B2F90028F7D195
:1079B80000F0CCF90028F3D12070F4E710B50400EA
:1079C80000F00CFA002803D001230C20237010BD0E
:1079D80000F09EF90028F7D100F0B8F90028F3D19B
:1079E8002070F4E7034B044A9A63044ADA63044AB2
:1079F8001A647047500B00205D8200200D82002021
:107A08003582002010B5040000F0C6F9002802D025
:107A18000120207010BD00F071F90028F8D100F0A5
:107A28008BF90028F5D0F3E7014B024A1A66704734
:107A3800500B0020A582002010B50400081E02D0BB
:107A48008B6B002B07D1852102000023C9001C2065
:107A580008F0FAFC10BD0B7C062B0BD0072B0FD0BF
:107A6800052B13D10A4B1B68CB6000F043F90123A7
:107A78002370EFE7064B1B68CB6000F0E7F8F6E7EA
:107A8800034B1B68CB6000F02FF9F0E70023EFE70A
:107A98005008002010B50400081E02D08B6B002B84
:107AA80006D1020000231B491C2008F0CDFC10BDA4
:107AB8000B7C062B12D0072B1DD0052B28D1164B7B
:107AC800CA681B785343154ACB601268934200D9A1
:107AD800CA6000F010F901232370E8E70E4BCA686A
:107AE8001B7853430D4ACB601268934200D9CA6091
:107AF80000F0B7F8EFE7084BCA681B785343074A0A
:107B0800CB601268934200D9CA6000F0F0F8E2E74F
:107B18000023E1E7530400005C080020540800201B
:107B280010B5040008001100002802D0836B002B58
:107B380006D1020000230C491C2008F085FC10BD6A
:107B4800037C062B08D0072B09D0052B0AD100F09F
:107B5800D3F801232370F2E700F095F8F9E700F075
:107B6800C7F8F6E70023F5E78D04000070B50500B7
:107B78000C1E02D08B6B002B06D1002322001E495D
:107B88001C2008F061FC70BD0B7C062B14D0072B61
:107B980021D0052B2ED1194BE0681978FAF75EFE33
:107BA800174BE0601B68984200D2E360200000F0A9
:107BB800A4F801232B70E6E7104BE0681978FAF770
:107BC8004DFE0F4BE0601B68984200D2E360200036
:107BD80000F078F8EDE7094BE0681978FAF73EFE0F
:107BE800074BE0601B68984200D2E360200000F079
:107BF80080F8DEE70023DDE7B50400005C0800201C
:107C0800580800204118914200D8CAB210007047A5
:107C1800030010005218934201D95B1AD8B270477A
:107C2800054B064AFC339A64054ADA64054A1A6524
:107C3800054A5A657047C046500B0020D98200207B
:107C480035830020C18300200D8400207421642323
:107C580010B51924826BFF31535401315454837485
:107C680010BD202370B5846BFF33E35C0500002B47
:107C780008D07426FF36A05D1A220121FFF7C8FF3D
:107C8800A055A87470BDB92370B5846B5B00E35C24
:107C98000500002B09D07426FF36A05D1A22FF29A3
:107CA80000D9FF21FFF7B4FFA0552023FF33E35C81
:107CB800002B04D07423FF33E35CAB7470BDBA238C
:107CC8005B00F9E7202370B5846BFF33E35C0500A4
:107CD800002B08D07426FF36A05D64223221FFF7FE
:107CE80091FFA055A87470BD17238374704770471F
:107CF800704770477047704770477047034B1B6861
:107D0800181E01D0FF33587F7047C046689B01207A
:107D1800084B1B68181E0BD01A00FF32507F002832
:107D280006D0A5331B78012B02D0032B00D00020EE
:107D38007047C046689B0120034B1B68181E02D081
:107D4800CC225200985C70476C9B0120074B1B6843
:107D5800181E0AD0CC225200985C002805D0913316
:107D68001878013843425841C0B270476C9B0120D3
:107D7800074B1B68002B07D0064A1278824205D9A8
:107D8800D422520050431B18180070470023FBE709
:107D9800709B0120749B012070B500250E4B1E7846
:107DA800B5420BD02800FFF7E3FF041E08D191214C
:107DB80033002A0009011E2008F046FB002070BD90
:107DC800030099331B78002B03D09A3420780028BD
:107DD800F5D10135EDB2E3E7749B012070B50024BD
:107DE800104B1E78B4420AD02000FFF7C1FF051ED1
:107DF80007D1330022000C491E2008F025FB002083
:107E080070BD030099331B78002B08D003009A3308
:107E18001878002803D08D352B78002BF0D001344A
:107E2800E4B2DFE7749B012026090000F0B51F00CB
:107E3800012385B00370080001911500147808F03B
:107E480053F8002804D1894808F0CEFB05B0F0BDEE
:107E58000600D8300090A1B28548C83608F0F4FE74
:107E68000D2C00D1F0E036D8062C00D1A8E019D8A6
:107E7800032C00D17AE00AD8012C00D1F0E0022CC2
:107E880060D006222100300008F066FB6AE0042C6E
:107E980000D190E0052CF4D13A002900009808F0B0
:107EA8009BFE5FE0092C00D1B6E00AD8072C00D170
:107EB800BEE0082CE5D13A002900300000F020F996
:107EC80050E00B2C00D1ADE000D87FE02900300055
:107ED80000F056FA46E0172C00D1BBE018D8122C57
:107EE80000D17EE009D8102C75D0112CC9D13A00E8
:107EF8002900009808F000FB34E0132C00D19DE025
:107F0800162CBED13A002900300000F009FB29E008
:107F18001B2C00D17AE009D8182C6CD0192CB0D1C0
:107F28003A002900009808F06FFE1BE01E2C5ED076
:107F3800522C65D01D2CA4D13A002900009808F0D5
:107F4800D3F80FE02900300008F0C6FD002809D159
:107F58006B4604229B8803A90B8033880A304B8028
:107F680008F08AFE009808F057FF6FE70121280003
:107F780008F00AFB728881B2131C8A4200D9031CDC
:107F880032889BB29A4202D9162B00D933803278B4
:107F9800C1B2384808F0C0F802233188B37101989B
:107FA80008F0B2FC6B469B8803A90B803388042237
:107FB8004B800A20D4E72900300008F02DFCD1E7D7
:107FC8003A002900300008F077FECBE7290030009E
:107FD80000F080F9C6E73A002900300008F054FEA6
:107FE800C0E73A002900300000F036FABAE730005E
:107FF80000F0F6FAB6E72900300000F0FFFAB1E722
:108008003A002900300000F027FBABE73A002900CE
:10801800009808F0D9F9A5E73A002900009808F077
:10802800DBFA9FE73A002900009808F045F899E73D
:108038003A002900009808F027FC93E73A00290045
:10804800009807F0B9FF8DE73A002900009808F07A
:1080580063FE87E73A002900009808F0B5FE81E73B
:108068003A002900009808F007FD7BE71452000049
:108078001552000016520000014B024A5A60704720
:10808800BC0A0020CD86002010B5CB880C00DB058B
:1080980003D50989FFF74EF9208210BDF0B50C0011
:1080A80085B003930AAB1E880700150009893200C2
:1080B800114808F039FEE388DB050AD500962189C6
:1080C800039B2A003800FFF751F90600300005B07D
:1080D800F0BD218A2A004F1B0848BFB208F024FED1
:1080E800331CBE4200D93B1C61699EB2491932005B
:1080F800039803F0ECFBE9E7155100001651000066
:10810800F0B591B00691049001210698140008F08A
:108118003BFA03210390069808F036FA0399020007
:108128000890654808F000FE069B21005A796348CC
:1081380008F0FAFD049B1888043080B208F05CFB54
:10814800061E04D15E4808F04FFA11B0F0BD0223B4
:108158000993072C01D90E330993039B089A93427C
:1081680001D8002B06D1039A0821300008F024F822
:1081780004005AE00AA808F0FFFA00230124059336
:1081880007930AAD280008F0BFFD00280BD1012C89
:1081980049D8059B002B00D17FE01A000821300048
:1081A80008F06AF8E4E7280007F016FF2A89A9888A
:1081B800444808F0B9FDE96843484B780A781B023F
:1081C8001A43E98808F0B0FD2B89002BDFD0039A09
:1081D8009342D6D3089A9342D9D86B469A8C069B79
:1081E8002800591D08F038FB0028CAD00222EB8865
:1081F800134205D1059B002BC3D12B890593C0E7FA
:108208002900049808F098FC071E4CD1049B29000B
:108218009888FFF739FF2D8A0235ADB2012C0FD9A6
:10822800079BAB4210D0092333702100274808F080
:108238000BFD049B22009888310008F0CDFB84E7F1
:10824800012C27D175700134049B2A191B889A4286
:1082580007DD022CE7D8043B9BB20AAA138202333B
:1082680073700AAF21003A89300008F0E5FA049AE1
:10827800023490883A8AA4B2331900923900002255
:10828800FFF70CFF01002418114808F0DDFCA4B228
:10829800079576E7079D3C00D6E7039A082130004A
:1082A80008F03AF864E7012CBDD83B00039A08218E
:1082B800300007F0B1FF5BE71751000018510000CC
:1082C800195100001A5100001B5100001D510000F7
:1082D8001C510000F0B506008BB00800012108F021
:1082E80053F904AC01000700200008F05DFB03907F
:1082F8003088043080B208F07FFA051E04D11F4888
:1083080008F072F90BB0F0BD039B002B0AD13A00BC
:108318000A2107F051FFB38802002900180008F06D
:108328005BFBEFE7E3889B0704D43A000A2107F0D8
:10833800A3FFF0E72100300008F0FEFB031E05D084
:108348003A000A21280007F067FFE4E7B088210017
:10835800FFF79AFE3388228A9A4201D3013B23828F
:10836800228A6B1C0092B08800222100FFF796FE3B
:108378000B23013080B22B70CDE7C0461E510000A0
:10838800F0B50C008BB006000121200008F0FCF8C5
:1083980003210700200008F0F7F804AD0290390027
:1083A800280008F001FB03903088043080B208F000
:1083B80023FA041E04D1274808F016F90BB0F0BDC3
:1083C800039B002B0AD13A000C2107F0F5FEB38875
:1083D80002002100180008F0FFFAEFE7EB889B077E
:1083E80004D43A000C2107F047FFF0E729003000D9
:1083F80008F0A2FB031E05D03A000C21200007F06C
:108408000BFFE4E7B0882900FFF73EFE2A8A029BAB
:108418009A4205D23A000C21200007F06DFED6E7FB
:10842800029933880132521A9A4202DD013BCB1875
:108438002B8202992A8A631C521A92B20092B0883F
:108448000A002900FFF72AFE0D23013080B22370AD
:10845800BDE7C0461F510000F0B58DB0039107007D
:1084680001210398049208F08FF806AE0100050078
:10847800300008F099FA0590102008F0BDF9041EA4
:1084880004D1264808F0B0F80DB0F0BD059B002BCC
:108498000AD12A00122107F08FFEBB8802002100B2
:1084A800180008F099FAEFE7F3881A0705D42A00AC
:1084B8001221200008F078F9EFE7802252001340DB
:1084C800328A049903328A4206DA002B06D12A003E
:1084D800122108F049F8E0E7002BE8D03100380015
:1084E80008F02AFB0200031E0ED1049BB888033B48
:1084F8009BB20193039B2900033300931300FEF7FB
:108508005BFFC3B2002B05D02A001221200007F020
:1085180083FEC2E7132301202370BEE72151000028
:10852800F0B58BB00291070001210298150008F000
:108538002BF803210600029808F026F803903888E3
:10854800043080B208F058F9041E04D1234808F01A
:108558004BF80BB0F0BD310004A808F025FA00284C
:108568000BD132001621200007F026FE0500B8883E
:108578002A00210008F030FAEBE702ABDB891A0782
:1085880005D432001621200008F00EF9EEE7DB05CD
:10859800F7D504A9380008F0CFFA031E05D0320039
:1085A8001621200007F038FEE0E76B1F9BB2B88861
:1085B8000193029B0122053300933100039BFEF7D0
:1085C800FBFEC3B2002BEAD12A000299200003F077
:1085D8007EF9172323707E81C9E7C0462251000027
:1085E80007B50189002907D0002304220381808868
:1085F80001930093FEF7E0FE07BD000073B5050088
:1086080010200E0008F0F8F8041E03D1114807F0F6
:10861800EBFF73BD72780026013A531E9A416989AF
:1086280033000232A88801960096FEF7C5FEC3B251
:10863800B3420AD032001821200007F0EDFD0200F5
:10864800A888210008F0C8F9E3E71923012223705C
:10865800F6E7C04623510000F0B50C008BB00121AD
:1086680007002000039207F08FFF04AD0600010009
:10867800280008F099F9002816D08222EB885200C9
:108688001340934210D12900380008F055FA021E11
:108698000AD1039B0334033B9BB2B8883100019392
:1086A80000941300FEF788FE0BB0F0BD30B504004F
:1086B80085B00425002830D08168062007F014FE14
:1086C800051E2AD1E389A289A17C607C08F00CFAF6
:1086D800051E22D1A37C217C0293637C62690193ED
:1086E80001230093A36908F007FA051E15D1206A33
:1086F80007F0F2FE051E10D1A18B606A07F014FC8A
:10870800051E0AD120686168627C07F00DFF051E0E
:1087180003D1034B187008F04FF8280005B030BD9E
:108728009D0D002030B5040085B00425002836D002
:108738008168052007F0D8FD051E30D1638A228A9A
:10874800A17D607D08F0D0F9051E28D1A17DE068E3
:1087580007F0B2FD051E22D1A37D217D0293637D22
:10876800A269019301230093E36908F0C5F9051E86
:1087780015D1606A07F0B0FE051E10D1218CA06AE1
:1087880007F0D2FB051E0AD120686168A27D08F0B7
:10879800CBF8051E03D1034B187007F0E5FC280041
:1087A80005B030BDBD0D002030B5050085B00424EE
:1087B80000282FD08168200007F096FD041E29D1DB
:1087C800687CEB89AA89010008F08EF9041E21D182
:1087D8006B7C297C0293019301236A690093AB693E
:1087E80008F08AF9041E15D1286A07F075FE041EE0
:1087F80010D1A98B686A07F097FB041E0AD1286874
:1088080069686A7C08F090F8041E03D1034B18705D
:1088180007F012FE200005B030BDC0469C0D0020B8
:1088280030B5050085B0042400282FD081680320C6
:1088380007F05AFD041E29D1687CEB89AA8901003A
:1088480008F052F9041E21D16B7C297C0293019314
:1088580001236A690093AB6908F04EF9041E15D12B
:10886800286A07F039FE041E10D1A98B686A07F040
:108878005BFB041E0AD1286869686A7C08F054F812
:10888800041E03D1034B187008F0DEF8200005B071
:1088980030BDC046BC0D002030B5050085B00424AD
:1088A80000282FD08168022007F01EFD041E29D160
:1088B800687CEB89AA89010008F016F9041E21D109
:1088C8006B7C297C0293019301236A690093AB694D
:1088D80008F012F9041E15D1286A07F0FDFD041EE0
:1088E80010D1A98B686A07F01FFB041E0AD1074B39
:1088F80018706A7C2868696807F016FE041E01D1A2
:1089080007F002FF200005B030BDC0460C0D002066
:108918001300F0B5D26889B0039201909D684B7B33
:108928000F000293884B1278C65C029B002E59D028
:108938000124002B3ED0092A0CD12D042D0E092D1F
:108948000BD00024390007F0C7FCBC72797B7F4844
:1089580008F07AF9200009B0F0BD2A00002105A826
:1089680002F052F82A00039905A802F0B0FF04AB00
:10897800581D08F0D9F88A22019BD2009B181022B2
:10898800734E0D00064091431E605960019A714B69
:108998007148D4540024797BBC7208F055F95123EE
:1089A800019A9D43503211882B003200200008F0B4
:1089B8003BF8CFE70E2ACDD12C04240E092C00D188
:1089C80087E03900019807F087FC2900634808F020
:1089D80043F86B461B7A797B6148BB7208F034F91F
:1089E800029CB7E7002B5ED0072A21D12D042D0E5B
:1089F800022D0AD03900019807F06EFC797B59489E
:108A0800BE7208F021F93400A4E7039B01245B78C7
:108A18000E2B9FD121005448BE7208F015F9019B16
:108A28000022503319881A20002307F0FDFFEAE7D7
:108A38000124092A00D08DE72D042D0E092D07D019
:108A48003900019807F048FCBE72797B4748D8E79F
:108A58002A00310005A801F0D7FF2A00039905A8CC
:108A680002F035FF04AB581D08F05EF88A22019B1E
:108A7800D2009B18364A0D0010401022914318600E
:108A88005960019A334B0290D454797B3848BE72AE
:108A980008F0DAF85123019A9D43503211882B00CF
:108AA800029A3000C1E70124082A00D052E72C04BA
:108AB800240E092C0DD03900019807F00DFC29006F
:108AC8002C4807F0C9FF6B461B7A797BBB722A4892
:108AD80084E72200029905A801F096FF2200039975
:108AE80005A802F0F4FE04AB581D08F01DF8184E56
:108AF800050006401020214B03911A6820495B6845
:108B08001640F6B20A4083433243019807F0CCFA84
:108B18000224021E00D11DE71020039B184983433D
:108B28008A200D400199C000091835430D604B603B
:108B380001210198074BC154124BD7619361390049
:108B480007F052FE4CE7C04651030000CE36000045
:108B58002FCF87F749040000CF360000D036000039
:108B6800D1360000D2360000D3360000D4360000DB
:108B7800D5360000D6360000D7360000789B012095
:108B880000CF87F7A980020070B50C00002803D039
:108B9800002901D0002A07D1002349211A001620F4
:108BA80007F052FC002028E0D3681B78082B1FD060
:108BB8000E2BF7D1114BC05C00281ED000260125D2
:108BC800032365722372E6722573300007F03CFEBA
:108BD8000B4B2060616066730A48A673E673E66112
:108BE80063622662A572310008F02EF8280004E0BE
:108BF800024BC35C00208342E0D070BD51030000EB
:108C0800B1910020CD360000F0B5CE469946030C50
:108C18009C46130447461B0C1D000E0061460404C5
:108C2800240C80B50700100C4B4365434143604357
:108C38002C0CC01824188C46A34203D980235B024D
:108C48009846C444494679435643230C2D042D0CB9
:108C58008919634424046019C918C0BCB946B046D0
:108C6800F0BDC046F0B557464E464546DE46E0B52F
:108C780004000D009246994683B08B4230D82DD01F
:108C880049465046FAF73AF8290006002000FAF754
:108C980035F8331A9846203B34D49B4653465A46F7
:108CA800934042461F00534693401E00AF423BD8B4
:108CB800AF4200D179E05B46A41BBD41002B00DA2E
:108CC80076E0002200230092019301235A46934044
:108CD8000193012342469340009329E08242CFD971
:108CE80000220023009201930C9B002B01D01C60F2
:108CF8005D600098019903B0F0BCBB46B246A94636
:108D0800A046F0BD42469B4620239B1A5246DA40B5
:108D1800414613004A468A40170042461F435346BD
:108D280093401E00AF42C3D9002200230092019352
:108D38004346002BD8D0FB0772081A4346467B08E7
:108D48000EE0AB4201D1A2420CD8A41A9D410120E9
:108D580024196D410021013E24184D41002E06D0F2
:108D6800AB42EED9013E24196D41002EF8D100988E
:108D780001995B4600196941002B24DB2B005A46F8
:108D88004446D3402A00E2401C005B461500002BF5
:108D98002ADB26009E40330026004746BE403200AC
:108DA800801A9941009001919EE7A342BCD882E7BE
:108DB8004246202300219B1A0022009101920122A1
:108DC800DA40019285E7424620239B1A2A0046464C
:108DD8009A402300F340444613432A00E2401C0013
:108DE8005B461500002BD4DA42462F0020232600CC
:108DF80097409B1ADE403B003343CDE7F8B5CE469B
:108E0800474680B59146984604000D0000F0AAFC3C
:108E180007000E0002000B0048464146FFF7F4FE2B
:108E2800241A8D41089B380031001C605D60C0BC6D
:108E3800B946B046F8BDC046F0B546464F46D64698
:108E48004502C0B5C30F470098460E1C6D0A3F0E79
:108E580057D0FF2F21D08023ED00DB041D430023D2
:108E680099469A467F3F74027300640A1B0EF60FF8
:108E7800002B20D0FF2B4CD080220020E400D2040D
:108E880014437F3B4246FF1A4B4672400F2B00D9D2
:108E9800ACE06F499B00CB589F46002D5BD108235F
:108EA8009946063B74029A467300FF27640A1B0E14
:108EB800F60F002BDED1002C30D101234246494663
:108EC800724019430E2904D86248890041588F46D8
:108ED8004246FF200024C0052043D2071043E0BCCF
:108EE800BA46B146A846F0BD5346022BF0D0032B34
:108EF80000D1A3E042462C00012B35D100200024EC
:108F0800E9E7002D1BD104239946033B00279A4625
:108F1800A9E7002C0CD10223FF3FCFE72000F9F787
:108F2800CFFE431F9C4076235B421B1A0020A9E713
:108F380003234A461A4391460320FC33A2E728003C
:108F4800F9F7BEFE7627431F9D4000237F429946CE
:108F58009A463F1A87E70C239946093BFF279A460A
:108F680081E703286CD0320038007F30002825DDE7
:108F7800630704D00F232340042B00D004342301BB
:108F880003D53800344B80301C40FE28A1DCA401F6
:108F9800640AC0B29FE780240022FF20E4039AE716
:108FA8008023DB031D4201D01C424BD08024E40304
:108FB8002C4364024246FF20640A8CE701231B1AF3
:108FC8001B2B9BDC21009E37D940BC400B00611E47
:108FD8008C412343590704D00F211940042900D09C
:108FE8000433590126D50120002474E76D0160017E
:108FF800854213D21B230024013F01262900640067
:109008006D00002901DBA84201D82D1A3443013B29
:10901800002BF3D16B1E9D412C43A5E71A23012495
:109028002D1AEAE7981E4342584140423200002474
:10903800C0B250E79B0100205C0A4CE746462C0072
:109048008023DB031C4364023200FF20640A42E7EA
:10905800B0220120F0220120FFFFFFF770B5420087
:109068004E024C0045026D0A120EC30F760A240EFA
:10907800C90FFF2A10D0FF2C0CD00120A2420AD120
:10908800B54208D18B420FD0002A04D12800431ED4
:10909800984100E0012070BD0120FF2CFBD1354331
:1090A800F9D14B401800F6E70020F4E730B542004C
:1090B80044024D02C30F4800640A120E6D0A000EE6
:1090C800C90FFF2A17D0FF280AD0002A1BD1002871
:1090D8000AD1002D24D0002C2ED14800013830BDF3
:1090E800002D26D1002A01D1002CF6D08B4206D1C2
:1090F80058000138F3E7002C1BD1FF2813D00120BA
:109108005B421843EBE70028F9D08B42F7D1824243
:10911800F5DCEDDBAC42F2D80020AC42DFD2E7E769
:10912800002CDCD0EBE7002D03D18B42E7D10020E7
:10913800D5E702204042D2E78B42EBD0DFE7C046BA
:1091480030B5420044024D02C30F4800640A120EB3
:109158006D0A000EC90FFF2A18D0FF280DD0002A6B
:109168001CD100280DD1002D27D0002C0BD08B420C
:109178001BD001205B4218430FE0002D0CD1002AC0
:109188001ED1002C1CD14800013806E0002C03D168
:10919800FF28EED1002D16D0022030BD0028E8D0DF
:1091A8008B42E6D18242E4DC04DBAC42E1D8002009
:1091B800AC42F2D258000138EFE7002CEDD0D8E7E6
:1091C8008B42D6D1F6E700208B42E6D0D1E7C046E5
:1091D800F0B54F464646D6464502C0B546000F1C78
:1091E8006D0A360EC40F002E00D1C3E0FF2E77D0D3
:1091F8008023ED00DB041D43002399469A467F3EF9
:109208007B025B0A98467B001B0EFF0F002B77D072
:10921800FF2B00D194E042468021D200C9041143BB
:10922800884600217F3BF6184B46721C0A2B73DCDC
:109238004B467C40022B00DCA7E0484601238340D4
:10924800A620C000034267D190208000034200D0CE
:10925800ECE0B938FF38184200D0DAE0414609049A
:10926800090C43460F00280C2D041B0C2D0C6F43D2
:1092780041435D4358436D183B0C5B19994203D930
:10928800802149028C4660443F0419043F0CC919E7
:109298008D016F1EBD411B0C890E1B180D439B01D0
:1092A8001D431B0100D4C6E0012369081D400D437E
:1092B80010007F30002800DC94E06B0704D00F23F7
:1092C8002B40042B00D004352B0103D5803210002D
:1092D8005E4B1D40FE2855DCAB015B0AC0B226E0A0
:1092E800002D00D078E008239946063B9A467B0279
:1092F8005B0A98467B00FF261B0EFF0F002B87D1C9
:109308004346002B56D14A4601331A4391464B46F1
:109318000121721C0A2B8BDD5346022B32D0032B02
:1093280000D17CE05346012BC2D100200023C005A8
:109338001843E4072043E0BCBA46B146A846F0BD4E
:1093480033004246FF33002A3FD0032249461143E7
:10935800721C8946FF320A2973DD0F295DD18023EB
:10936800DB031D425BD042461A4258D13C00FF2025
:109378001343DCE7002D11D104239946033B002653
:109388009A463DE7FF200023D1E7013B012B00D996
:1093980064E70229F6D045468A46C3E72800F9F76C
:1093A8008FFC7626431F9D400023764299469A46B5
:1093B800361A25E74046F9F783FC4246431F9A4090
:1093C800361A90460021763E2EE74946023211436E
:1093D80089461E00022127E70C239946093BFF26F0
:1093E8009A460DE701231B1A1B2B9EDC9E3229008F
:1093F8009540D9406A1E95410D436B0704D00F2351
:109408002B40042B00D004356B0116D50120002316
:109418008DE73C0045468A467EE73C00454680236A
:10942800DB032B435B02FF205B0A80E780230024D9
:10943800FF20DB037BE732003AE7AB0100205B0A41
:1094480075E71E0003217C40F7E6C046FFFFFFF7E3
:1094580041024200C30F490A0020120E7E2A03DD92
:109468009D2A02DD094A98187047802000040143AC
:10947800952A07DC9620821AD1404842002BF3D166
:109488000800F1E7963A9140F7E7C046FFFFFF7FF3
:10949800F0B55746DE464E464546E0B50D00040099
:1094A800E80F83460903D80F090B824619488C46F2
:1094B8001F0369005E00490D3F0B760D814218D0ED
:1094C80086420FD00120B1420DD1BC450BD1944248
:1094D80009D1D3451CD0002905D160462043431E3D
:1094E800984100E00120F0BCBB46B246A946A04620
:1094F800F0BD01208E42F6D1614639430F00174373
:109508002743F0D15B465246981A431E9841EAE732
:109518000020E8E7FF070000F0B557464E464546ED
:10952800DE46E0B50D000E034900490D8A46DF0FFF
:10953800E90FBC4683B02F4F0400804601915800C4
:1095480019039146360B090B400DBA451DD0B84298
:109558000DD05746002F2AD13443002824D10A437E
:1095680036D0002C41D163465800013815E011432C
:1095780038D15346002B01D12643F4D0019B6345D3
:1095880007D1019B5800013807E026432AD15045EE
:1095980021D00120019B5F42384303B0F0BCBB4699
:1095A800B246A946A046F0BD002CDCD0E6E700286C
:1095B800EFD0019B6345ECD18245EADCE1DB8E42CA
:1095C800E7D8DED1C845E4D80020C845E5D2D8E7B9
:1095D800002CE2D0DDE7114304D1019B6345D8D1CB
:1095E8000020DAE702204042D7E7019B6345E6D036
:1095F800CFE7C046FF070000F0B557464E46454640
:10960800DE46E0B50D000E034900490D8A46DF0F1E
:10961800E90FBC4683B02E4F0400804601915800E4
:1096280019039146360B090B400DBA451ED0B842B6
:109638000DD05746002F27D13443002833D10A4391
:1096480034D0002C40D163465800013815E011434E
:1096580012D15346002B01D12643F4D0019B634518
:109668001DD00120019B5F42384306E0264303D109
:109678005045F6D111431CD0022003B0F0BCBB46C4
:10968800B246A946A046F0BD0028EAD0019B634532
:10969800E7D18245E5DC02DB8E42E2D80ED0019BA1
:1096A80058000138E9E7002CCDD0D7E7002CE4D0EA
:1096B800D7E7019B00206345DFD0D2E7C845D0D863
:1096C8000020C845D9D2EAE7019B6345E4D0C8E742
:1096D800FF07000070B542024300C40FFE201B0EB6
:1096E800591C550A08420CD0E02189008C466D07A8
:1096F800120B63441B051343E40723432800190096
:1097080070BD002B14D1002D1BD02800F9F7D8FA12
:109718000A281CDC0B232A001B1ADA400300153325
:109728009D400E4B12031B1A5B05120B5B0DE1E704
:10973800002D09D0130B802212031A436D07084B22
:10974800D8E700230022D5E70022054BD2E7030023
:109758002A000B3B9A400025E3E7C0468903000036
:10976800FF070000F0B5D6464F464646C0B5040090
:109778000D001000190082B0002D00DA87E0002BE0
:109788000BDB16001F00AB4219D90020002102B0E4
:10979800E0BCBA46B146A846F0BD002746428F4114
:1097A800AF4204D800D082E0A64200D87FE0002073
:1097B80000218FE0002746428F419F42E5D8AF4203
:1097C80000D198E00023994639003000F9F796FA5D
:1097D800804629002000F9F791FA43461B1A98465B
:1097E800203B00D57CE0310099409A460B003100BF
:1097F800404681400A00AB425FD85CD05146A41A6B
:109808009D41002900DA93E0002100200126009004
:10981800019151468E400196414601268E404146AF
:109828000096002950D0D90756080E435F084146D4
:10983800012200230CE0AF4201D1A6420AD8A41BA2
:10984800BD4124196D410139A4185D41002906D094
:10985800AF42F0D9013924196D410029F8D1009897
:109868000199534600196941002B48DB2E002C0052
:10987800DE404346DC405346002B50DB34009C401E
:1098880023004446A6403200801A99411EE0002376
:109898006242AB4114001D0000298BDB06000F005B
:1098A800994200D971E702D1904200D96DE70123AE
:1098B8005B42994688E7A142A0D900210020009088
:1098C800019141460029AED1009801994B46002BE1
:1098D80000D15CE703000C0000215842A14156E783
:1098E800424638009A462023310090409B1AD940BE
:1098F80003000B437BE7A64200D863E745E74246EF
:1099080020239B1A2A009A40260013004246D6407C
:109918002C001E434346DC405346002BAEDA424639
:109928002023350094409B1ADD4023002B43A8E7F1
:10993800414620260127761A00200021F740009092
:109948000191019768E7C04610B5034B01001868FC
:1099580000F030F810BDC0467C28012010B5034B3C
:109968000100186801F0EEFF10BDC0467C280120F8
:1099780070B50F4E0D0031680400002902D101F0C6
:1099880049FF30602900200001F044FF431C03D147
:1099980001256D42280070BD0323C51C9D43A842C4
:1099A800F8D0291A200001F035FF0130F2D1EFE795
:1099B800809B0120F7B50322CB1C93430833050095
:1099C8001F000C2B34D20C27B94233D8280000F0E2
:1099D80071F8374E33681C00002C2FD1390028004D
:1099E800FFF7C6FF0400431C5FD134680094009B56
:1099F800002B4AD1002C52D023682800E318009984
:109A0800019301F007FF019B834248D12368280096
:109A1800FF1A3900FFF7ACFF013040D02368DB198B
:109A2800236033685A68002A33D1009B336019E0F9
:109A3800002BC9DA0C232B600020FEBD2168C91B4E
:109A480020D40B290AD9E2192760A34204D1326035
:109A580063681160536005E05A60F9E76268A342E1
:109A68000ED13260280000F02DF8200007220B30BC
:109A7800231D9043C21A9842DFD01B1AA350DCE77B
:109A88005A60EFE723006468A6E7009C63680093C8
:109A9800ADE71A005B68A342FBD10023DAE70C2389
:109AA80028002B6000F00EF8C6E70760DAE7C0462A
:109AB800849B012010B5024801F0FEFE10BDC0468F
:109AC800EE9C012010B5024801F0F8FE10BDC0461A
:109AD800EE9C012070B516000D0002F0AFFE002EBE
:109AE8000DD06B236A00520D9B1A002B07DD002452
:109AF800034A1B059D182B00220005F037FA70BD9C
:109B08000000F03FF0B5A3B01B920022002600270A
:109B1800059009911E921D910A782B2A53D03FD89F
:109B28000D2A39D8082A39D8002A42D000221292A0
:109B380000211D9D0C912A78302A00D083E06A7894
:109B480020318A43582A00D073E00293129B9B4A23
:109B580001931EAB009305981FAB1DA901F0A4FF4C
:109B68000F2302001A4004000692184205D0062A64
:109B78002BD1002301351D9512931B9B002B02D07E
:109B88001D9B1B9A1360129B002B19D08023300059
:109B98001B06F91823B0F0BD202AC7D10131BAE756
:109BA8002D2AC3D12C3A12924A1C1D924A78002AB7
:109BB800BED1099B1D93002312931B9B002BDFD161
:109BC80030003900E6E70022EDE71E9A002A07D0A8
:109BD800352120A802F028FF1E99059802F0EAFA1C
:109BE80006981F9B0138042806D8F8F723FE1203AD
:109BF8001C1E1200209E219FE40502D580231B060F
:109C08001F436F4B3B42B8D101F02AFE2223036069
:109C1800B3E76C49219A209E0A406B495B181B05E3
:109C28001A431700E8E7664FE6E70126674F7642D2
:109C3800E2E71D9B5A1C1D925B78302BF9D0002B54
:109C48009BD001230C931D9B0A221393002310938E
:109C58000D9308931D9804782300303BD9B2092945
:109C680027D901225A4900F0D7FE002833D0002016
:109C780023008446089A0E900692202219009143E8
:109C88000A0000210791452A00D0CBE0069B0C9AD8
:109C9800034313438B428CD01D9B099301331D93BF
:109CA800099B5B782B2B7BD00C002D2B7ED10124BC
:109CB80077E00899082909DC0D9951435B180D9341
:109CC800089B0130013308931D90C3E7109D55434D
:109CD8005B191093F4E71D9B5A1C1D92089A5B7838
:109CE800002A3ED00E9006921A00303A092A12D95C
:109CF80001229446C1E71D9B01305A1C1D925B78D6
:109D0800302BF8D01A00313A082A44D80E90002097
:109D18001D9A069013921C00421C303C302B1AD01E
:109D28000E9B06999B180E930A239C46069D4B1C76
:109D38005D1BAA4217DCC343069ADB170340D11800
:109D48000132D318069308291CDC0A230D9A5343C1
:109D58000022E3180D931D9B1000591C1D915B7880
:109D6800C2E70898CCE7082905DC65460D996943E0
:109D78000D911900DAE7102BFBDC6146109D4D436D
:109D88001095F6E700220F29E5DC0A23109D5D43B4
:109D980063191093DFE700220E9206920132A8E7BA
:109DA8000024099B02331D93099B9B781A00303AC3
:109DB800092A13D9099A1D92002232E04023012072
:109DC8000000F07FFFFFEFFF33040000FFFFFF7F7D
:109DD800532001201D9B5A1C1D925B78302BF9D013
:109DE800002207921A00313A082A1BD8303B1A0081
:109DF8001D9B07931D9B591C1D915B781D00303DD1
:109E0800092D3AD9079D491B0D00B3490791082D23
:109E180003DC07928A4200DD0791002C02D0079AE2
:109E280052420792069A002A4BD10C9A104300D04E
:109E3800A3E66246002A00D0BBE6692B25D021DCC8
:109E4800492B22D04E2B00D0B3E6A4491DA802F01E
:109E580061F8002800D1ACE61D9B1B78282B2AD17D
:109E68009F4920AA1DA802F069F8052823D1219B43
:109E78009C4A209E1A4317007FE60A214A43D218BB
:109E8800303AB7E76E2BE0D093E697491DA802F069
:109E980041F8002800D18CE61D9B9449013B1DA880
:109EA8001D9302F037F8002802D11D9B01331D9342
:109EB80000268C4F61E68E4801F012FD06000F0067
:109EC8005BE6079B0E9A9B1A0C93089B002B01D10B
:109ED800069B0893069C102C00DD10240D9805F0B5
:109EE80025FF069B06000F00092B13DC0C9B002B9B
:109EF80000D142E60C9B002B00DC7EE0162B63DCD5
:109F08007C49DB00C9183200086849683B0005F045
:109F18002DF8D3E72200774B093AD2009B181A682C
:109F28005B6805F023F8060010980F0005F0FEFEA8
:109F38000B0002003900300004F07EF9069B060091
:109F48000F000F2BD2DD069B1C1B0C9BE418002C6A
:109F580000DC9BE00F222300134014420AD065491D
:109F6800DB00C9183200086849683B0004F0FEFFAE
:109F780006000F000F239C4373D02633FF339C4207
:109F88004BDD0023069307930D93089322230026A5
:109F9800059A544F13600D9BB34200D1EDE51E990D
:109FA800059802F007F90899059802F003F907994E
:109FB800059802F0FFF80D99059802F0FBF806994C
:109FC800059802F0F7F8D8E52523069A9B1A0C9A0B
:109FD8009342B8DB0F24069B464DE41AE10069184A
:109FE8003200086849683B0004F0C0FF0C9B1C1B4A
:109FF800E4002D192A686B6889E70C9B1633A2DBED
:10A0080007990E9A3B4B521AD2009B1830001A68D7
:10A018005B68390004F0A8FC50E7002330003900E1
:10A02800354D24110993012C1EDC002B01D00600AC
:10A038000F00324B099AFF182F4BD5005D193200DB
:10A04800286869683B0004F091FF264B2C4A0600FB
:10A058000B40934295D82B4A934213D901262A4F95
:10A0680076420023099386E00122144204D02A682C
:10A078006B6804F07BFF0123099A6410013209928E
:10A088000835D0E7D4239B04CF18EAE7002CE8D0A2
:10A0980064420F2322001A401C420AD0154BD200FA
:10A0A8009B1830001A685B68390004F05DFC0600F4
:10A0B8000F002411D5D01F2C28DD00230693079309
:10A0C8000D9308932223059A002613600D9B002701
:10A0D800002B00D063E750E51F4E00005E200120F2
:10A0E8002C2301200000F07F55200120582001205A
:10A0F8005220012078240120502401200000B0FCC7
:10A108000000A07C0000907CFFFFEF7F102322005E
:10A118001A4009921C4201D05A3309933000390081
:10A128000023C04D0122144204D02A686B6804F051
:10A138001DFF012364100835002CF3D1002B01D03A
:10A1480006000F00099B002B0DD06B237A00520DDF
:10A1580039009B1A002B06DD1F2B5CDD0026342BF3
:10A1680052DDDC27BF040022002330003900F8F755
:10A17800FBFC0028A1D10D9B089A00931399069B1C
:10A18800059802F07FF80D90002800D1F9E60C9BA5
:10A198000799DB430E9ADB17521A14920C9A1499FA
:10A1A800D21711400C9A14911A4000231A92069360
:10A1B80007930D9B0598596801F0B8FF089000288F
:10A1C80000D1E3E60D9B0C3019001A690C310232FC
:10A1D800920001F07CFB20AB01931FAB009332008F
:10A1E8003B0005981096119702F094FB1E900028EA
:10A1F80000D1CBE60121059802F0E0F8079000288D
:10A208000ED100230793C1E64B239A1A4C3B934087
:10A2180019400F00A7E7012252429A401640A2E7D0
:10A228001F9B1A9A149DD41A002B01DB1A9C5D19E6
:10A238000999209A5B1A36219B188A1A7A490120B3
:10A248008C460021013B15911690634506DA61465C
:10A25800C91A521A1F293FDC88401690AB180E9372
:10A26800A418099B0E9A1C192B00954200DD1300B7
:10A27800A34200DD2300002B04DD0E9AE41AD21A53
:10A288000E92ED1A149B002B16DD1A0007990598FB
:10A2980002F056F907900028B3D001001E9A0598DD
:10A2A80002F0A4F81390002800D16FE61E990598D3
:10A2B80001F080FF139B1E930E9B002B12DC0C9B5E
:10A2C800002B18DD1A9A0899059802F039F90890B8
:10A2D800002810D1002358E65449CB1A01009940B0
:10A2E8001591BAE70E9A1E99059802F085F91E9005
:10A2F8000028E4D14AE6002C07DD220008990598D9
:10A3080002F07AF908900028E4D0002D08DD2A0030
:10A318000799059802F070F90790002800D135E6F2
:10A32800089A1E99059802F0EFF90690002800D1C6
:10A338002CE6C368079913930023C36002F0C8F999
:10A3480000283BDA139B334367D13B0365D1D62200
:10A35800374BD2043B4093425FD9069B5B69002B85
:10A3680003D1069B1B69012B57DD0699012205982D
:10A3780002F042F90799069002F0AAF900284CDD8C
:10A388002B4B099A3B40002A74D0D622D204934220
:10A3980070D8DC229204934200D893E6300039004A
:10A3A800244B002204F0E2FD214B06000F000B4273
:10A3B80000D0F4E52223059A1360F0E50E970028F3
:10A3C80075D1139A3B031B0B002A39D01A4A9342C2
:10A3D80038D10121099B494232000800002B0BD0DB
:10A3E800D424134B08003B40E404A34204D86C3047
:10A3F8001B0DC31A99400800824223D10F4B0E99B6
:10A40800994202D1013200D1C0E5094B0E9A0026CB
:10A418001A401300802252039F18099B002BBDD1BC
:10A42800BDE5C0465823012002FCFFFFE2FBFFFF09
:10A438000000F07F00005039FFFF0F00FFFFEF7FA3
:10A4480033439DD0159B002B1CD00E9B159A1342AD
:10A45800E3D0139B30003900099A002B16D0FFF780
:10A4680039FB02000B001098119903F0E5FE060075
:10A478000F00D2E70126924A76429B18914A1A4366
:10A488001700CAE7169B3342C7D0E2E7FFF722FB63
:10A4980002000B001098119905F034F800220023EF
:10A4A80006000F00F8F760FB0028B6D00AE6079907
:10A4B800069802F08FFA80230022DB0504000D00C5
:10A4C800F8F762FB00286CD0139B002B77D1002E85
:10A4D80057D10E9B1B035AD10022200029007A4B2A
:10A4E800F8F748FB002859D1200029000022774BB3
:10A4F80004F03CFD04000D0080231B06EB180A94B1
:10A508000B930A9A0B9B16921793714A0E9B134052
:10A518001593159A6F4B9A4200D087E06E4A0E9BAE
:10A52800944663441F003000190002F087F90A9A24
:10A538000B9B04F01BFD32003B0003F07DFE644AD8
:10A54800664B06000A409A4240D9119B644A9342DE
:10A5580003D1109B013300D118E50126604F7642E4
:10A568001E99059801F026FE0899059801F022FE2B
:10A578000799059801F01EFE0699059801F01AFE44
:10A5880017E6012E03D10E9B002B00D19AE500237C
:10A59800544C4D4D0A930B940024B2E700244B4DC4
:10A5A800AAE720002900494B002204F0DFFC139B96
:10A5B80004000D00002B9FD00A940B95A1E70023FF
:10A5C800414C25000A930B941C009AE7D4239B0462
:10A5D800CF18099B1097002BC2D13D4B159A3B40D1
:10A5E8009A42BDD12000290003F0C0FD03F0F8FD18
:10A5F80002000B002000290004F084FF3C03139B99
:10A60800240B34430E900F91374A1C4352D0374BDA
:10A61800F8F7B0FA002800D0C1E40E980F99344A30
:10A628002A4BF8F7BBFA00289AD0B8E4099B002B0C
:10A638002AD0D423159ADB049A4225D82000290071
:10A648002C4A2D4BF8F7A0FA002816D02000290034
:10A6580003F06EFD002800D1013005F067FB139B65
:10A6680004000D00002B22D180231B06CB18189064
:10A678001993189A199B16921793D622179BD204EE
:10A688009B18159A9B1A179310981199169E179F45
:10A6980002F0D4F802000B003000390004F066FC28
:10A6A800109A119B03F0C8FD06000F0091E718945B
:10A6B8001995DEE7114B0E980F99F8F75BFAB2E798
:10A6C8000000F0FFFFFF0F000000F03F0000E03F38
:10A6D8000000F07F0000E07F0000B0FCFFFF9F7CDF
:10A6E800FFFFEF7F0000F0BF9535A094FFFFDF3F2D
:10A6F80035E5AF350000C0FFFFFFDF41FFFFCF3F6B
:10A70800F7B5294C0A00294B01002068FFF7FAF930
:10A7180002000B0006000F0005F07CFA00280ED09E
:10A728002348002F07DA01F0E1F880231B06C3183D
:10A7380001930198FEBD01F0D9F80190F9E73900BD
:10A74800300005F017FB0190019B1A495D006D0868
:10A75800281C03F05BFD002819D11649281CF8F7BE
:10A768004DFA002813D101227B005D083000290032
:10A77800114B524205F04EFA002810D10122300048
:10A7880029000D4B5242F8F7FFF9002807D1FF23A3
:10A79800019ADB051342CCD1084B3B42C9D0222297
:10A7A800014B1B681A60C4E77C2801201027012090
:10A7B80052200120FFFF7F7FFFFFEF7F0000F07F27
:10A7C800002310B504000360436083608181436601
:10A7D800C281036143618361190008225C3000F083
:10A7E80013F90B4B246263620A4BA3620A4BE362C0
:10A7F8000A4B23630A4B9C4205D00A4B9C4202D069
:10A80800094B9C4203D12000583001F053F810BD89
:10A81800E9B1002015B200204DB2002079B2002025
:10A82800889B0120F09B0120589C012010B5034A09
:10A838000349044800F06CF810BDC046FC2601200E
:10A8480019DB00208028012041680B4B10B504005B
:10A85800994201D002F010FDA168084B994202D03C
:10A86800200002F009FDE168054B994202D0200062
:10A8780002F002FD10BDC046889B0120F09B01201C
:10A88800589C012010B5094B094A04211A6009484F
:10A898000022FFF795FF012209210748FFF790FFE3
:10A8A800022212210548FFF78BFF10BDC09C012032
:10A8B800CDB00020889B0120F09B0120589C0120EE
:10A8C80010B5024800F0F8FF10BDC046EF9C01200B
:10A8D80010B5024800F0F2FF10BDC046EF9C012001
:10A8E80010B50400FFF7ECFF236A002B02D0FFF736
:10A8F800EFFF10BD044B2362044B1B68002BF6D1FD
:10A90800FFF7C0FFF3E7C046E9B00020C09C012074
:10A91800F7B51400002600900191A5686768013F0B
:10A9280004D52468002CF8D13000FEBDAB89012B7A
:10A9380008D90E22AB5E013304D029000098019B90
:10A94800984706436835EAE770B50C000E25495F5D
:10A9580000F04CFF002803DB636D1B18636570BDB6
:10A96800A389024A1340A381F9E7C046FFEFFFFF1E
:10A9780000207047F8B51F008B8905000C001600F1
:10A98800DB0505D50E23C95E0022022300F01AFF5D
:10A99800A389054A28001340A38132000E23E15EF3
:10A9A8003B0000F049FFF8BDFFEFFFFF70B50C005A
:10A9B8000E25495F00F006FFA389421C03D1054A12
:10A9C8001340A38170BD802252011343A3816065A7
:10A9D800F8E7C046FFEFFFFF10B50E23C95E00F091
:10A9E800DFFE10BD10B5884202D98B18984208D3F3
:10A9F80000239A4207D0CC5CC4540133F9E78B5C3E
:10AA08008354013AFBD210BD03008218934200D14F
:10AA1800704719700133F9E730B50500101E0BD0E7
:10AA28000024013A2B5D085D834204D1944202D090
:10AA38000134002BF6D1181A30BD00000B4B70B54D
:10AA48001D6804006B6B002B0AD12420FEF77CFFE5
:10AA5800021E686304D13221054B064800F04AFF04
:10AA6800696B200000F008F870BDC0467C28012002
:10AA78006120012078200120F7B50C00060002F0C3
:10AA8800FFFC21000500300002F0FEFC724A436919
:10AA980004009F189B0706D164213800F8F74EF888
:10AAA8000123002906D1C82138004900F8F746F8E3
:10AAB8004B424B4130225B421340684A9B1801933A
:10AAC80000F038FC00F046FC654B1B68002B00D1F9
:10AAD80068E06B68BB4257D106CE2E68286A6B6A5D
:10AAE800002E59D193425FDC01D188425CD8012302
:10AAF80023622F6DE12138000901F8F71FF80E00D5
:10AB08003C213000F8F71AF8256830006D1A2560E6
:10AB18003C21F7F72DFFE12166680901361A6660C6
:10AB28003800F7F725FFA368181AA0603B2D49DD08
:10AB3800013666603C3D256063683B2B48DD01308B
:10AB4800A0603C3B6360A16817294EDDE369A269F8
:10AB580001330132E361062A00DD0022E368A261C5
:10AB68002269183901980133A160E36091000958FE
:10AB78008B4205DD5B1AE360531C0B2A2ED0236140
:10AB880000F0E0FB2000FEBD380000F019FB0028B3
:10AB9800A2D101235B4205E0934202DC04D1884242
:10ABA80002D9002323620BE0E86C0123904204DC05
:10ABB80002D1AA6C8A4200D800232362012B98D0C4
:10ABC800AF6A97E7002DB7DA013E66603C35B2E719
:10ABD800002BB8DA0138A0603C33B3E70022636980
:10ABE800226101336361E261CAE70029C8DAE369D7
:10ABF800A269013BE361013A00D50622A261E2683D
:10AC08001831013AE260A160002AB9D12369013BF9
:10AC180006D423612369019A9B009B58E360AFE740
:10AC28000B2365690F4A23616B1E6361AD189B078F
:10AC380006D164212800F7F781FF0123002906D1F6
:10AC4800C82128004900F7F779FF4B424B416D3383
:10AC5800FF33E361DEE7C0466C070000E023012014
:10AC6800E49C01206B070000F7B5016804003B294C
:10AC78000BD93C22684600F05BFE63680099019A94
:10AC88005B186360002A4ADB226061683B290BD9A4
:10AC98003C22684600F04CFEA3680099019A5B18B4
:10ACA800A360002A40DB6260A16817290BD918222B
:10ACB800684600F03DFEE3680099019A5B18E3607E
:10ACC800002A36DBA26021690B290BD90C226846C1
:10ACD80000F02EFE63690099019A5B186361002AEF
:10ACE8002CDB226165691C23AA070FD16421280087
:10ACF800F7F724FF1D23002908D13A4B9131E818B2
:10AD0800FF31F7F71BFF4B424B411C33E2681D270D
:10AD1800354D002A5BDCE668002E14DDF7BD3C32B9
:10AD2800013B22606360B0E73C32013B6260A36094
:10AD3800BAE71832013BA260E360C4E70C32013B7A
:10AD480022616361CEE72269013A2261013217D19B
:10AD58000B23032265692361681E60611133104269
:10AD68000ED16421F7F7EAFE3B00002908D11F4BFA
:10AD78009131E818FF31F7F7E1FE4B424B411C33A4
:10AD880021691A00012902D0174A89008A58B21885
:10AD9800E260C0E7091A0132E16022610C2A16D18B
:10ADA800002366692361701C60611C3382070ED121
:10ADB8006421F7F7C3FE1D23002908D10C4B9131FC
:10ADC800F018FF31F7F7BAFE4B424B411C332269AA
:10ADD8001800E168012A01D0900040598142D9DC6D
:10ADE8009CE7C0466C070000B02301206B070000F9
:10ADF8006D070000F0B58DB0040002F041FB0700BC
:10AE08002000FFF731FF3C226368A16853432268A2
:10AE18009B18E12212014A4321699B180093C34AF7
:10AE2800DB1701938800E3688258013B9B1806935F
:10AE380063690393012913DD9B0711D164210398EA
:10AE4800F7F77CFE002908D1039BB94A9131FF31FD
:10AE58009818F7F773FE002902D1069B0133069371
:10AE6800069BB449E361039BB34A5B18934200D93C
:10AE780091E1039B462B00DCDCE0042246230326F9
:10AE8800944619003140334200D0D0E00220AB4D47
:10AE9800AB4A5D43C5416D30FF3095420BD8A44A9B
:10AEA8009818A64A42436046C241A6489042494182
:10AEB8006E31FF310800069A013312180692039A80
:10AEC8009A42DED1069BA04A0698D9170023FDF7BF
:10AED8009BFE009A019B12184B410092019300F0CF
:10AEE80029FA00F037FA994B1B68002B00D15BE177
:10AEF8008F4B6069C018236A07930993002B01DD03
:10AF0800012309937B68834200D0D5E03B6D18008C
:10AF1800D91708933A6A7B6A121A8B4104920593EF
:10AF2800BA6CFB6C0A920B930A9D0B9EBB6A1A00C3
:10AF38009C46DB17AD1A9E412A00019D3300AE42A4
:10AF480011DC02D1009DAA420DD80A9D0B9E2D1A34
:10AF58008E412800019DAE4200DDB2E003D1009D84
:10AF6800A84200D9ADE03968002900D1ABE00199C9
:10AF78000598884200DD12E104D1009904988842BE
:10AF880000D90CE1019901258B4204DC02D100991A
:10AF98008A4200D80025079B002B00DAAAE0099E08
:10AFA8006E40012E00D0A5E06246089B9B1A002D3A
:10AFB80002D06346089A9B1A18002268D917D2183B
:10AFC8002260009A019B12184B4100920193E3689A
:10AFD80020000493FFF748FEE268049B0499D31A03
:10AFE8008A4200D186E0012B7EDC5A1C00DB1E0061
:10AFF800069BE2699B1906930323B61800D4A9E0BF
:10B00800039A501E184272D16421F7F797FD002960
:10B0180000D088E04E4B03989C4691316044FF3144
:10B02800F7F78CFD4B4259416D31FF3161E06E20DD
:10B03800FF3040E7039B4525462B00D142E7B72662
:10B0480076000323039A2B40AA4216DB002B2ED14D
:10B0580064211000F7F772FD00292AD1039B344AB6
:10B0680091319818FF31F7F769FD4B4259416E311C
:10B07800FF31069B5B1A069324E7002B15D1642148
:10B088002800F7F75BFD3300002909D1284B9131DF
:10B09800E818FF31F7F752FD4B424B416E33FF334F
:10B0A800069A013DD31A0693CBE76E23F7E76E2184
:10B0B800DEE7B7214900DCE700F082F8002800D07D
:10B0C80024E7099D16E001990598884200DD59E7B3
:10B0D80004D100990498884200D953E7079B0125B9
:10B0E800002B00DB5BE707E00126764280E7B6210C
:10B0F8004900E161012D58D13B6D01251E00DF1784
:10B10800009A019BB6185F4100F01CF906980721C8
:10B118000430F7F713FD00293BDB2562A1613000FD
:10B1280039000DB0F0BD6E217FE7C04680230120B5
:10B138006C07000010270000204E0000295C8FC219
:10B14800285C8F020AD7A30080510100E49C0120EB
:10B158006B070000039A1A4216D164211000F7F712
:10B16800EDFC002912D1154B03989C46913160449F
:10B17800FF31F7F7E3FC4B4259416E31FF318E4204
:10B1880000DB761AE661B5E76E21F7E7B7214900DB
:10B19800F5E70731C1E701267642F717BFE7002533
:10B1A800079BAB4200DBFAE60025BB6A1E00DF17EF
:10B1B800009A019BB6185F41A6E7C0466C070000DD
:10B1C800F0B589B0070002F05BF9534B0500002089
:10B1D8009F4263DD6E246421504BFF34FB185C43AF
:10B1E8004F4B4942FB189B10E4184E4B6F60F81800
:10B1F800F7F7BEFBC8214C4B24184900F818F7F79D
:10B20800B7FB231801932B002E00583308360793F9
:10B21800F268337800924A2B42D1019B9C18BB07F5
:10B2280005D164213800F7F789FC002907D1C82126
:10B2380038004900F7F782FC0023994204D1009AAC
:10B2480001233B2A00DC0023E01801380023374A99
:10B25800C117FDF7D9FC33690293DB170393029BEF
:10B26800039CC0186141336A0493DB170593049B60
:10B27800059CC0186141079BB061F1612836B34253
:10B28800C6D1E96C6A6A0123914205DC03D1A96C35
:10B298002A6A914200D8002301202B6009B0F0BD32
:10B2A800442B04D1019B00989C466044CEE7BB0721
:10B2B80006D164213800F7F741FC0123002906D1A3
:10B2C800C82138004900F7F739FC4B424B4130227E
:10B2D8005B421340002216487168019C1B1801321A
:10B2E800900018580690914211DC0721201DF7F7AD
:10B2F80025FC009B591A00D507310723B268013A8B
:10B3080053435B18069A934204DAE0189EE70698BE
:10B318002418E4E7073BF5E7B10700004EF8FFFF04
:10B328004FF8FFFF93F8FFFFBFF9FFFF80510100BF
:10B33800DC23012010B5024800F0BDFA10BDC0465C
:10B34800EC9C012010B5024800F0B7FA10BDC046C9
:10B35800EC9C012010B5024B186800F003F810BDF2
:10B368007C280120F0B58FB0060002F089F8CC499E
:10B378000700300000F0C2FECA4C051E22D1CA4B9D
:10B38800CA4A1860CA4BF8601860CA4B38617861BD
:10B39800B861B86238004A211A605A600022002356
:10B3A80030303A627B6239720170BA64FB6420689B
:10B3B8007D63BD63FD633D643D65FEF7CFFA25609F
:10B3C8000FB0F0BD2168002900D089E02068FEF7A1
:10B3D800C5FA2800F7F7A8FC411C3000FEF7EAFA86
:10B3E8002060002800D081E00023AF4AB2491360F2
:10B3F800AF4A3C001360AF4A0020116051604A22F6
:10B40800002130343A7238627962FB603B617B61BB
:10B41800BB61BB622270B864F9647B63BB63FB6386
:10B428003B643B652B783A3B5A425341ED182B78E5
:10B43800A24A3C2B5ED16C1C2000A1490CAB01F048
:10B4480057FF0028BCDD0C9BDA1E072AB8D8E35C3E
:10B4580002353E2BB4D10C9BEC18EB5C2D2B56D14E
:10B468002E3B01340493162504ABED1800230AAED5
:10B478002B8033800CAB20009249039302960193F2
:10B48800009509AA01F034FF002899DD3C232A8899
:10B49800534332889B1804AA918AE12212014A4335
:10B4A8009B18049A5A430C9B0492E618E35C864A5C
:10B4B8003C2B00D0CDE0741C200081490CAB01F07E
:10B4C80017FF00282ADC73783E2B27D1794B7B4A5B
:10B4D8001A605A60049B049ABB62734B1A606FE748
:10B4E800F7F718FC002800D070E769E7290000F09A
:10B4F800E6F979E7280075490CAB01F0F9FE002858
:10B5080000DC5DE70C9B033B072BA4D958E701221D
:10B518002B3B04925A425341E418A4E70C9BDA1ED1
:10B52800072A00D94CE7E35C02363E2B00D047E7F8
:10B538000C9BF418F35C2D2B00D098E02E3B0134C3
:10B548000593002304AA0AAE93822B8033800C93C0
:10B558000CAB20005B49039302960193009509AA5E
:10B5680001F0C6FE002800DD88E0594A049B944695
:10B57800634407930C9B3D00E418002308350593AA
:10B5880023782C3B5A425341E41826784D2E00D09C
:10B59800A4E00CAB03931E2304AA9B181A2202935F
:10B5A8000CAB04A801930BAB009312184949200077
:10B5B8000CAB01F09DFE032800D001E704AB598BCA
:10B5C8004B1E0B2B00D9FBE604AB9A8B531E042BA6
:10B5D80000D9F5E604ABDB8B062B00D9F0E62E701C
:10B5E8006960AA60EB600C9EA6190223002409AAD0
:10B5F800138004A914335B180AA81C8004800C94D7
:10B6080031782F2900D095E03349029006910CA992
:10B6180003910191009330000B00069901F068FE38
:10B62800A04200DD86E038004A21002200233030A5
:10B638003A627B623972FC603C617C61BC61BC62CD
:10B648000170BA64FB647C63BC63FC633C643C6566
:10B65800B6E630001D490CAB01F04AFE002800DCBC
:10B6680034E70C9B033B072B00D861E7A8E60122CF
:10B678002B3B05925A425341E41862E73C232A883F
:10B68800534332889B1804AA918AE12212014A4343
:10B698009B18059A5A4307926CE701236FE7C04647
:10B6A800D2200120C49C0120E09C0120D52001204B
:10B6B800E49C01200827012052200120D49C01206D
:10B6C800D92001200E210120C89C0120EC20012056
:10B6D800F0F1FFFFFA2001200D21012044230693F9
:10B6E8004A2E01D1013406960A2220000DA901F044
:10B6F80065FA1E2304AA0D9E9B181880A64214D131
:10B70800059A4D23002A06D13B724A3BFB60013B58
:10B718003B617A6169E73A00303213700B237B632F
:10B728000A3BBB630023FB635FE7069B80B22B7079
:10B73800E8605AE7162304AA9B181A883C23534347
:10B748000AAA12889B1809AA1188E12212014A4301
:10B758009B182B610C9C059B34192835002B9CD019
:10B76800049B0A4ABB62079B78683B65084B1A60D2
:10B77800084A5A60FFF724FDBA6A074B07491A605E
:10B788003B6D9B1A5A1E93410B6019E6D49C01200D
:10B7980008270120C89C0120E09C0120E49C01208E
:10B7A800002370B5064D040008002B60F8F7C0FAB6
:10B7B800431C03D12B68002B00D0236070BDC0460A
:10B7C800E89C012070B50400080011001A0000234D
:10B7D800054D2B60F8F7AFFA431C03D12B68002BFB
:10B7E80000D0236070BDC046E89C012070B50400FD
:10B7F800080011001A000023054D2B60F8F7A2FA83
:10B80800431C03D12B68002B00D0236070BDC046B9
:10B81800E89C0120002370B5064D040008002B6049
:10B8280004F03EFB431C03D12B68002B00D023609F
:10B8380070BDC046E89C012070B5040008001100E6
:10B848001A000023054D2B60F8F740FA431C03D17A
:10B858002B68002B00D0236070BDC046E89C0120F7
:10B86800014B18687047C0467C28012070B5002637
:10B878000C4C0D4D641BA410A64209D1002604F0FF
:10B888001FFB0A4C0A4D641BA410A64205D170BDCB
:10B89800B300EB5898470136EEE7B300EB589847EA
:10B8A8000136F2E78C2601208C2601209026012003
:10B8B8008C26012070477047704770477047030017
:10B8C8000A7801311A700133002AF9D17047002330
:10B8D80010B59A4200D110BDCC5CC4540133F8E7CE
:10B8E800002001497047C0460000F87F00487047B3
:10B8F8000000C07F7FB514001A00094B05001B68C3
:10B908000E00D868074B002C01D1074B1C000749D3
:10B91800019302942B00009601F0DAFC01F08DFEF1
:10B928007C280120282101205220012035210120D6
:10B9380010B5040008001100F7F700F920606160F5
:10B94800200010BD70B505000C1E10D0043C236803
:10B95800002B00DAE4182800FEF7ACF81D4A13683B
:10B96800002B05D1636014602800FEF7ABF870BDAA
:10B97800A34208D9206821188B42F3D119685B6863
:10B9880009182160EEE71A005B68002B01D0A3427A
:10B99800F9D911685018A0420BD12068091850181D
:10B9A80011608342E0D118685B68411811605360E8
:10B9B800DAE7A04202D90C232B60D5E720682118CA
:10B9C8008B4203D119685B68091821606360546071
:10B9D800CAE7C046849B01200200F0B5046985B01F
:10B9E80014324B11160002939C4231DD1F260F00C2
:10B9F8009B00A500D3183740551900930197314291
:10BA08000DD1160019008D4236D8009B0026033B45
:10BA18009D4202D3029BE41AA600961918E0202141
:10BA2800019E019F891B009E039102CE9446F94016
:10BA3800B54216D8009B002601339D4203D3029BD2
:10BA4800E41AA600043E96193160002900D0043695
:10BA5800B11A89100161964201D10023436105B0F2
:10BA6800F0BD3768039B9F400F43614680C18C46F9
:10BA7800019B02CED940DBE780C980C6C3E702003C
:10BA8800303A0300092A02D8203BD8B27047020096
:10BA9800613A052A01D8473BF7E71A00413A0020E6
:10BAA800052AF3D8273BF0E7F0B589B007930B6870
:10BAB8000192039006919A1C11000132501E0078E1
:10BAC8003028F9D0CB1A023B05930091FFF7D7FF36
:10BAD80000231D00029398421ED10122A649009816
:10BAE800FEF79AFF0700A84200D06AE0009B58784A
:10BAF8005C1CFFF7C4FF01230293A8422FD00094D7
:10BB0800009B1878302809D0FFF7B9FF424242411C
:10BB18000123250002920593009C04E0009B013359
:10BB28000093EDE701342078FFF7A9FF071EF9D14C
:10BB3800012220009049FEF76FFF00280DD1002D4B
:10BB480006D1013425002078FFF799FF002802D19B
:10BB58002D1BAF0003E00134F5E7002DF8D12022BA
:10BB6800237826009343502B1DD163782B2B2DD09F
:10BB78002D2B2FD00023661C04933078FFF77FFF0E
:10BB8800431EDBB20500182B2AD87078FFF777FF21
:10BB9800431EDBB20136103D182B1DD9049B002B28
:10BBA80000D06D427F19069B1E60029B002B19D0A6
:10BBB800059B06265A4253415B421E40300009B09D
:10BBC800F0BD01230027009C0293C8E700230493DB
:10BBD800A61CD2E70123FAE70A235D432D18D4E710
:10BBE8002600E0E7009B0299E31A013B072B0ADCD9
:10BBF800039800F09BFA051E08D12A00E4215F4B48
:10BC08005F48FFF777FE01315B10EFE7030014335D
:10BC18000293059300231E000493009BA34238D38C
:10BC2800059C029B40C4E41AA41030002C6100F06B
:10BC380075FB019B64011B68261A00939E4252DD26
:10BC4800F61A3100280000F010FF041E0FD001245E
:10BC58001F212000731E1940884001005A110298C4
:10BC6800920012580A4202D0A34234DC0224310066
:10BC78002800FFF7B1FEBF19019B9B68BB4242DA5F
:10BC88002900039800F096FA00230E9AA326136061
:10BC980094E7013C23782E2B12D0049B202B04D14F
:10BCA800059B40C30026059304962078FFF7E7FE1E
:10BCB8000F231840049B9840043306430493ACE7D1
:10BCC800009BA342E9D8012220002B49FEF7A4FEDD
:10BCD8000028E2D1A1E72800B11E00F0C6FE002826
:10BCE800C4D00324C3E7009B00249E42C4DA9E1BF1
:10BCF80029003200039800F07FFC0300143305008C
:10BD0800BF1B0293B8E7019B5E68BE426FDD009BD4
:10BD1800F61BB34236DC019BDB68022B24D0032BD5
:10BD280026D0012B17D1009BB34214D1012B0BD184
:10BD3800019B079A5B68622613600123029A2B61B4
:10BD480013600E9B1D6039E700992800013900F047
:10BD58008CFE0028ECD12900039800F02BFA002370
:10BD68000E9A5026136029E70F9B002BF3D1DFE7CB
:10BD78000F9B002BDCD1EEE753200120642101202A
:10BD880075210120771E002C2FD1002F04D03900F7
:10BD9800280000F06AFE04001F237A111F401E3B92
:10BDA800BB400299920052581A4201D002231C4308
:10BDB800009B31009B1B022628000093FFF70CFE16
:10BDC800019B5F68002C3FD0019BDB68022B10D0E1
:10BDD800032B12D0012B06D1A20704D5029A1268B0
:10BDE80014431C420CD110232DE00124D4E7012672
:10BDF800E8E701230F9A9B1A0F930F9B002BF2D0B1
:10BE08002B69002002939B0004932B00049A14339F
:10BE180099181A68541C1CD001321A602B0014336C
:10BE2800022E3FD1019A00991268013A8A4209D13B
:10BE38000A001F2010400122824049118900CB5876
:10BE480013423DD120231E430E9B1D60079B1F609C
:10BE5800B4E601C39942DCD8AB68029A9A4218DB6F
:10BE680069680398013100F061F9041E04D12200C9
:10BE780084211D4B1D48C4E629002A690C31023271
:10BE880092000C30FFF723FD2900039800F092F987
:10BE980025002B695A1C2A61012204339B00EB18E8
:10BEA8005A60BBE72A6902998A420BDD0121280002
:10BEB800FFF792FD019B01379B68BB4200DADFE682
:10BEC8000126BFE71F22009C009914401142F7D0B9
:10BED800049A9B18043B186800F020FA20231B1BC7
:10BEE8009842E3DBECE7C04664210120752101207C
:10BEF800082370B520259A1A9200AD1A4368046881
:10BF08001E00AE40D340344304604360043088428E
:10BF1800F4D370BD30B503680C780133002C02D11E
:10BF28000360012030BD1A781500413D192D00D855
:10BF380020320131A242EFD00020F3E7F0B50B68C0
:10BF48008BB0019201995A1192008A180292190035
:10BF58001F22114008900691134202D0029B04331D
:10BF68000293029B00251F1F3E003C00089B3D607A
:10BF78001B68079505930395059B01330993059B5A
:10BF88005B780493002B28D00498FFF778FD0028ED
:10BF980055D1049B202B19D8039B079A934212DD95
:10BFA800B44206D2072D04DC2A0031002000FFF736
:10BFB8009FFF019B08259C4205D9261F00253400B8
:10BFC800039B35600793099B0593D5E7049B292BB1
:10BFD8005AD1059B089A02331360039B002B53D058
:10BFE800B44206D2072D04DC2A0031002000FFF7F6
:10BFF8007FFF019B9C4236D91A00230002CB02C264
:10C008009F42FBD2029B621CD91E0423914205D396
:10C01800029B043B1B1B9B0801339B00019AD3180E
:10C02800002204C39F42FCD23B68002B04D1019B31
:10C038009F4227D101233B6005200BB0F0BD039B35
:10C04800013501330393082D06DD019B9C42BAD9C3
:10C0580000230125043C23600F22236810401B01A4
:10C0680003432360AFE7069B002BDDD02023069A0D
:10C0780002999B1A01225242DA4004390B68134094
:10C088000B60D1E7043FCFE70420D6E7F0B50D00F9
:10C0980085B00190039201F005FB174F2E003C6814
:10C0A800002C06D1019801F005FB002005B0F0BD79
:10C0B80001363278002A1DD03D2AF9D1F2E704343E
:10C0C80020680028EED032002900FEF7A5FC0028E1
:10C0D800F5D123689A199B5D02923D2BEFD13B68FD
:10C0E800039AE31A9B100198136001F0E3FA02988F
:10C0F8000130DBE7761BE3E72829012007B501AA11
:10C10800FFF7C4FF0EBD82B0002900D101A9101E9F
:10C1180006D0002B06D013780B601078431E984188
:10C1280002B0704702204042FAE7000070B5C569C6
:10C1380006000C00002D0ED11020FDF705FC021E94
:10C14800F06104D16B21194B1948FFF7D3FB456007
:10C1580085600560C560F569EB68002B13D0F3694D
:10C16800A200DB689B181868002818D101210D006F
:10C17800A5406A1D3000920001F066FA00280CD034
:10C18800446085600DE021220421300001F05CFA52
:10C19800F369E860DB68002BE1D1002070BD02681C
:10C1A8001A6000230361C360F8E7C04661200120DC
:10C1B800D621012070B5C66905000C00002E0ED1ED
:10C1C8001020FDF7C1FB021EE86104D18F21094B45
:10C1D8000948FFF78FFB466086600660C660002C42
:10C1E80007D0EB696268DB6892009B181A682260C6
:10C1F8001C6070BD61200120D6210120F7B50F0019
:10C2080001900C001E0000200D6914373B680130B6
:10C2180099B251431B0C534389190E0C9B191E0CE0
:10C2280089B21B045B1808C78542EFDC002E22D0B8
:10C23800A368AB4219DC616801980131FFF776FF0A
:10C24800071E05D13A00BA210C4B0D48FFF752FBE7
:10C25800210022690C31023292000C30FFF737FBC3
:10C2680021000198FFF7A6FF3C002B1D9B00E31857
:10C2780001355E6025612000FEBDC04664210120B5
:10C28800D6210120F7B5070018000C000830092155
:10C2980001931500F6F76CFB0123002183420ADBAA
:10C2A8003800FFF743FF011E08D10A00194B1A484E
:10C2B800D331FFF71FFB5B000131EFE7089B4361B8
:10C2C80001230361092D18DD230009331E000093A3
:10C2D800641933780A223800303BFFF78FFF0136A4
:10C2E8000100A642F5D12C00009B083C1C192E0029
:10C2F800019B9E4204DB0800FEBD09250A34F6E7CF
:10C30800631B9B5D0A223800303BFFF777FF01363D
:10C318000100EDE764210120D621012080220300DD
:10C3280052020020934201D21B0410308022520492
:10C33800934201D208301B0280225205934201D257
:10C3480004301B018022D205934201D202309B00A7
:10C35800002B03DB0130134200D120207047036813
:10C36800010007221800104013420DD0063A0020A1
:10C37800134205D10230034203D0D34010000B60B2
:10C3880070479B080B60FBE79AB2002A01D1102086
:10C398001B0CDAB2002A01D108301B0A1A0701D196
:10C3A80004301B099A0701D102309B08DA07E9D447
:10C3B80001305B08E6D12020E2E7000010B50C0050
:10C3C8000121FFF7B3FE002807D14621054C0200E2
:10C3D800054B2000FF31FFF78DFA0123446103610B
:10C3E80010BDC046D621012064210120F0B51400FB
:10C3F8000A6923690D0089B09A4202DB23000C0008
:10C408001D0027692E696168BB190093A368BA19D2
:10C41800934200DA0131FFF789FE8446002806D1ED
:10C42800B1216246444B45484900FFF763FA0200D0
:10C43800BB1914329B00D3180193002113000198F3
:10C44800834228D32300BF00143304931435DB1927
:10C45800B6000293AB1907930423059323000299AE
:10C468001533994205D30C1B153CA4080134A300CD
:10C478000593079B9D4210D3009B002B05DD019B74
:10C48800043B01931B68002B52D063466046009A18
:10C498001A6109B0F0BD02C3D1E72C68A4B2002C20
:10C4A8001FD000231700049E039308CE3968069313
:10C4B8006B461B8B88B263431B180398090C1B1827
:10C4C8000698000C60434018190C4118080C9BB2E0
:10C4D80009041943029B039002C7B342E5D8059BA0
:10C4E800D0502C68240C20D0002110001368049E22
:10C4F80003913168076889B261433F0CC919039FEA
:10C508009BB2C9190F041F43076080CE43683F0CD4
:10C5180067439BB2090CFB185B18190C039102992D
:10C528000430B142E5D80599535004350432A0E7E8
:10C53800009B013B00939FE764210120D621012045
:10C54800F7B50323150007000E001A401D4208D056
:10C558002549013A9200525800233100FFF74EFE58
:10C568000600AD103DD0FC69002C0FD11020FDF75E
:10C57800EBF9021EF86105D1B4211C4B1C48FF31B0
:10C58800FFF7B8F9446084600460C460FB699C6884
:10C598000193002C08D138001649FFF70FFF019BC3
:10C5A800040098600023036001231D420AD0310073
:10C5B80022003800FFF71AFF310001903800FFF71A
:10C5C800F9FD019E6D100CD02068002807D12200CB
:10C5D80021003800FFF70AFF0023206003600400F1
:10C5E800E2E73000FEBDC046402401206120012062
:10C5F800D621012071020000F0B50C001600236955
:10C60800571185B0FB180193013300934968A3685B
:10C618000290009A934210DB0298FFF787FD0023EF
:10C62800010005001A00143198420CD1EF212A00AC
:10C63800254B26484900FFF75DF901315B00E8E723
:10C6480098000A500133BB42FADBFB43DB171F405B
:10C65800BF0023001F20C919370022691433920034
:10C668009A180740064229D00130C01B03908C4617
:10C6780000201E68BE400643604640C08446039EB4
:10C6880001CBF0409A42F4D8260015360423B24272
:10C6980004D3131B153B9B0801339B00C85000288B
:10C6A80002D0019B02330093009B0298013B2100BA
:10C6B8002B61FFF77FFD280005B0F0BD01CB01C15C
:10C6C8009A42FBD8F0E7C04664210120D621012018
:10C6D80030B50B6904690200E01A9C420FD114328C
:10C6E8009B0014311400C918D218043A043915688B
:10C6F8000B689D4204D001209D4200D2023830BD13
:10C708009442F2D3FBE70000F0B50C0087B000902C
:10C71800110020001700FFF7DBFF051E10D10100F4
:10C728000098FFF703FD021E04D1404B40484149E1
:10C73800FFF7E0F8012345610361100007B0F0BD81
:10C748000026B04203DA23003C001F00013661686E
:10C758000098FFF7EBFC021E03D1344B34483649EE
:10C76800E6E72369143400939B00E3182100019441
:10C778003C0002933B6914349B00E31803930300C5
:10C78800C6608C460020143304930593634620CB7F
:10C79800A9B20E009C4608CC2D0C99B2711A091842
:10C7A8001B0C0814EB1A1B18181489B21B04194324
:10C7B800059B02C30593039BA342E7D83900039C5A
:10C7C800153104238C4204D3E31B153B9B0801332A
:10C7D8009B000199CD1804992E00CB181F000299CF
:10C7E8008E4211D3029CE91E00208C4204D3210002
:10C7F8000331491B890888001B18043B1968002964
:10C8080010D0009B136198E7844602CE88B260443A
:10C8180000140C0C04196144201489B22404214327
:10C8280002C7DCE7009901390091E6E7642101209D
:10C83800D6210120370200004502000010B500246F
:10C848000C4B0D4A0B409B18A34206DC5B421A15A1
:10C85800132A05DC80231B0313411900200010BD97
:10C86800143A01241E2A02DC80242406D440002322
:10C87800F3E7C0460000F07F0000C0FCF7B50600F3
:10C88800036914369B00F3181D1F2C680F00200045
:10C898000193FFF743FD2022121A3A6003001C4A55
:10C8A8000A2815DC0B212700091ACF403A438C4689
:10C8B80011000022AE4202D2019A083A12681533DA
:10C8C8009C4063462700DA401743380003B0F0BDA8
:10C8D8000027AE4202D2019D083D2F680B21494234
:10C8E8008C469C440B2B10D0614620238C405B1A4D
:10C8F8003900D9400C43224311000022B54201D926
:10C90800043D2A686446A740DDE722431100DCE7BE
:10C918000000F03FF7B5012116001F00FFF706FCE5
:10C92800041E05D12200254B25482649FEF7E2FFC3
:10C938003B037D001B0B6D0D02D080225203134375
:10C948000193002E25D068460096FFF708FD019B4D
:10C95800009900281BD020221E00121A964032008F
:10C96800C3400A4362610193019EA661731E9E4102
:10C9780001362661002D14D03526134BED18089B7F
:10C988002D181D60099B361A1E602000FEBD6161CE
:10C99800EAE701A8FFF7E3FC019B01266361203069
:10C9A800E7E70A4BC018089B1860094BF3189B006F
:10C9B800E3185869FFF7B2FC7601E3E76421012028
:10C9C800D62101200F030000CDFBFFFFCEFBFFFFA8
:10C9D800FFFFFF3FF0B587B00F0004A90600FFF77F
:10C9E8004DFF00900191009B019C380005A902931E
:10C9F8000394FFF743FF0D0002000B00306939690B
:10CA0800049E401A05994001711A41180805002929
:10CA180008DD0199411803910298039901F0A4FFD8
:10CA280007B0F0BD2B1AF7E770B5140005000139FF
:10CA3800136949110131890014349B004118E31826
:10CA4800A3420DD8140011340025A34203D39B1A26
:10CA5800113B9B089D0000234019814203D870BDFB
:10CA680040CC40C5ECE708C0F7E70200006910B504
:10CA780014324B11984213DB0CDD1F2408002040B0
:10CA8800214207D099008C582100C14081400120E3
:10CA98008C4204D19B00D318934203D8002010BDC8
:10CAA8000300F7E7043B19680029F5D00120F6E7F1
:10CAB800F0B51E003E4B17000C009C46082285B0BE
:10CAC80003900091230061461D780134485D010000
:10CAD80011401042F6D12D2D12D125789C1C01232E
:10CAE800029310223300934316D1302D0ED120210A
:10CAF80023788B43582B09D16578023410260BE034
:10CB080002912B2DEDD125789C1CEAE7002EF5D15A
:10CB18000A36302D00D1023E012031004042F5F79F
:10CB28009DFE0190012031004042F5F71DFF0023D2
:10CB38000122180094462A00303A092A12D8150012
:10CB4800AE421EDD5A1C0AD00123019A5B42824282
:10CB580005D301D1A94211DB634670432818257813
:10CB68000134E8E72A00413A192A01D8373DE7E7B6
:10CB78002A00613A192A04D8573DE1E701235B42AC
:10CB8800EDE75A1C07D12222039918000A60002FEA
:10CB980009D105B0F0BD029A002A00D04042002F0A
:10CBA800F7D0002B01D0631E0093009B3B60F0E799
:10CBB8004125012010B5FFF77BFF10BD10B5044CCF
:10CBC80013000A0001002068FFF772FF10BDC0467D
:10CBD8007C2801200300081E05D0FF2A04D98A22D8
:10CBE80001201A604042704701200A70FBE79368F1
:10CBF80010B5013B9360002B04DA9469A34207DB6C
:10CC08000A2905D01368581C10601970080010BD57
:10CC180000F096FB0100F9E7F8B506000F001400D4
:10CC2800D518AC4201D1002007E021783A00300045
:10CC3800FFF7DDFF0134431CF3D1F8BDF0B5A1B017
:10CC48000F0015001E000390002804D0036A002B73
:10CC580001D1FDF745FE7B6EDB0705D4BB899B053B
:10CC680002D4B86DFEF728FEBB891B0702D53B69C5
:10CC7800002B13D13900039800F0A4FB00280DD035
:10CC88007B6EDB0703D50120404221B0F0BDBB8994
:10CC98009B05F8D4B86DFEF711FEF4E7002308AC45
:10CCA8006361203363761033A37607962E003378BA
:10CCB800002B01D0252B48D1731B0593AE420BD016
:10CCC8002A0039000398FFF7A7FF013000D1AEE032
:10CCD8006369059A9B1863613378002B00D1A6E03D
:10CCE800012200235242626004A954325218751C72
:10CCF8002360E360A3601370A365594B05221800F5
:10CD08002978059300F08EFC6E1C00281FD122683C
:10CD1800D30604D5532304A95B18202119701307DF
:10CD280004D5532304A95B182B2119702B782A2BBF
:10CD380016D02E0000210A20E3683278751C303A9C
:10CD4800092A50D9002911D117E00136AFE7059B10
:10CD58002268C01A01238340134335002360CCE7BF
:10CD6800079B191D1B680791002B01DB0B9304E03F
:10CD78005B42E36002231343236033782E2B0CD1EC
:10CD880073782A2B34D1079B02361A1D1B68079229
:10CD9800002B01DA01235B420993324D032228005C
:10CDA800317800F03FFC002806D04023401B834028
:10CDB8002268013613432360317806222A48751CFD
:10CDC800217600F02FFC002840D0284B002B22D1E0
:10CDD8000722079B07339343083307936369049A31
:10CDE8009B18636162E743432E0001219B18A4E767
:10CDF80000230A201900013663603278751C303A26
:10CE0800092A03D9002BC8D00991C6E741432E004F
:10CE180001238918F1E707AA009221003A00144B70
:10CE2800039800E000BF0490049B0133D6D17B6EC9
:10CE3800DB0705D4BB899B0502D4B86DFEF73EFD20
:10CE4800BB895B0600D51EE70D981EE707AA00926E
:10CE580021003A00064B039800F07CF8E3E7C0464F
:10CE680030220120362201203A2201200000000051
:10CE7800B9D40020F7B5160001938A680B690C0035
:10CE88000090934200DA1300220033604332127894
:10CE9800002A01D00133336023689B0602D533682A
:10CEA800023333602268062315001D401A4227D03A
:10CEB800230043331B785A1E93412268920630D4CC
:10CEC800220001990098089D4332A847013025D0D7
:10CED8000622236800251340042B05D13368E56832
:10CEE800ED1AEB43DB171D40A3682269934201DD6D
:10CEF8009B1AED180026B54220D1002010E001351C
:10CF0800E36832689B1AAB42D2DD22000123019903
:10CF18000098089F1932B8470130F0D101204042EB
:10CF2800FEBD3020E1184331087021005A1C4531FC
:10CF38000978A218433202331170C1E72200012395
:10CF480001990098089F1A32B8470130E6D0013697
:10CF5800D1E70000F0B58BB006920A004332079380
:10CF6800059003920A7E0C00109B782A09D8622A41
:10CF78000BD8002A00D1BAE07A490491582A00D186
:10CF88008EE0250042352A7022E01000633815280B
:10CF9800F7D8F5F759FC16001F00F6FFF6FFF6FF65
:10CFA800F6FF1F00F6FFF6FFF6FFF6FF9F003600BC
:10CFB8007E00F6FFF6FFB000F6FF3600F6FFF6FF3C
:10CFC800820025001A684235111D196013682B70FC
:10CFD80001239EE018680968021D0D060BD5066836
:10CFE8001A60002E03DA2D23039A764213705D4BE4
:10CFF8000A27049318E006681A604906F1D536B284
:10D00800EFE70868196840C9050602D4400600D54C
:10D01800B6B21960534B0A2704936F2A00D1023F16
:10D028002300002243331A706368A360002B06DBD9
:10D0380004212268039D8A43226033430CD0039D58
:10D0480030003900F5F790FC049B013D5B5C2B70C8
:10D05800330006009F42F3D9082F09D12368DB0764
:10D0680006D5626823699A4202DC3023013D2B70A1
:10D07800039B5B1B2361079B210000930598069B7C
:10D0880009AAFFF7F7FE013048D1012040420BB052
:10D09800F0BD202209680A432260782232490491AF
:10D0A800210045310A701968226840C9100602D467
:10D0B800500600D5B6B21960D30702D52023134312
:10D0C8002360002E01D01027AAE72022236893436B
:10D0D8002360F8E71A680D68101D4969186013681D
:10D0E8002E0601D5196002E06D06FBD519800023D4
:10D0F800039D2361BFE71A68111D19601568002197
:10D108002800626800F08EFA002801D0401B606099
:10D11800636823610023039A1370ACE72A0023692C
:10D1280006990598079DA8470130AED023689B074C
:10D1380015D4099BE0689842A9DA1800A7E72200ED
:10D14800012306990598079E1932B04701309CD0F3
:10D158000135E368099A9B1AAB42F0DCE9E7002540
:10D16800F7E7C0464122012052220120F7B50C22E0
:10D178008B5E05000C001A0756D44A68002A02DCA8
:10D188000A6C002A4EDDE76A002F4BD0002280206F
:10D198002E682A601A004001216A0240034233D0F7
:10D1A800626DA3895B0706D56368D21A636B002B8F
:10D1B80001D0236CD21A00232800E76A216AB847F5
:10D1C800A289431C06D129681D2946D8294BCB4082
:10D1D800DB0742D50023636023692360D20405D5A9
:10D1E800431C02D12B68002B00D16065616B2E6057
:10D1F800002917D023004433994202D02800FEF7B3
:10D20800A1FB002363630DE001232800B847020057
:10D21800431CC6D12B68002BC3D01D2B01D0162B65
:10D228001AD12E6000201EE00E69002EFAD00F6879
:10D238000E60BA1B019200229B0700D14A69A260C6
:10D24800019B002BEEDDA36A32001F002800019B22
:10D25800216AB847002807DCA2894023012013432C
:10D268001BB2A3814042FEBD019B36181B1A0193D5
:10D27800E6E7C046010040200B6970B505000C00C8
:10D28800002B02D10025280070BD002804D0036AB5
:10D29800002B01D1FDF724FB0C22A35E002BF1D05B
:10D2A800626ED20704D49B0502D4A06DFEF704FB7E
:10D2B80028002100FFF75AFF636E0500DB07E2D460
:10D2C800A3899B05DFD4A06DFEF7F8FADBE7000021
:10D2D8000EB417B5054C05AB04CB010020680193CB
:10D2E800FFF7ACFC1EBC08BC03B018477C28012023
:10D2F8000EB430B581239CB06A461FAC9B0020CC8D
:10D30800938202900690F5F70FFD0B4B6A460B933C
:10D3180000230390079009480F931493013BD3828D
:10D3280002A923002A000068019400F057FA1CB0F3
:10D3380030BC08BC03B0184711B200207C2801207B
:10D34800F8B506000D001400002804D0036A002B6D
:10D3580001D1FDF7C5FAA369A360A3891B0702D50C
:10D368002369002B09D12100300000F02BF8002898
:10D3780003D001256D422800F8BD23692068EFB26B
:10D38800C01A6369EDB2834205DC21003000FFF763
:10D3980073FF0028EDD1A3680130013BA360236827
:10D3A8005A1C22601F706369834204D0A389DB077B
:10D3B800E1D50A2DDFD121003000FFF75DFF0028FD
:10D3C800D9D0D6E72D4B70B5050018680C00002899
:10D3D80004D0036A002B01D1FDF782FA0C22A35E68
:10D3E8001A0723D4DA0607D409222A60402201202A
:10D3F8001343A38140423AE05B0713D5616B0029D0
:10D4080008D023004433994202D02800FEF79AFA44
:10D41800002363632422A3899343A38100236360C9
:10D42800236923600823A2891343A3812369002B5E
:10D438000BD1A0218022A389890092000B4093423E
:10D4480003D02100280000F0B7FC0C22A35E0121C4
:10D458001A000A400B420BD00022A26062695242B5
:10D46800A26100202269824201D11A06BED470BD91
:10D47800990700D46269A260F3E7C0467C280120BE
:10D4880000487047D0280120F0B500230C004168FF
:10D498000068564A85B0F5F7CFFB151E00DA8BE019
:10D4A800534BE121C61809012800F5F761FAE1217B
:10D4B800A06009012800F5F741FB0D003C21280078
:10D4C800F5F756FA3C2160602800F5F737FBF01CA9
:10D4D80021600721F5F732FB002900DA0731A16145
:10D4E800301E444901DA444BF018F5F741FA01902F
:10D4F800019B424D42495D43AD192800F5F7AEF94D
:10D50800404946192800F5F7A9F93F49361A280075
:10D51800F5F7A4F96E21361A3000FF31F5F79EF9B8
:10D5280064210700F5F79AF9364900903000F5F7BD
:10D5380095F9009B0526181A6E23FF337B43401983
:10D54800C31A009373430233992118000293F5F725
:10D5580085F9050099206843009B310001330230AA
:10D568000393F5F77BF9039B029A1B1A9C46274BFA
:10D5780002209A4201D90A204042C823019A5B003E
:10D58800534300210122401982424941DB195B18AB
:10D598009921009D49008D4212D32A00333AFF3A5F
:10D5A800E2611B4A20619B18636163462000E360C7
:10D5B8000023236205B0F0BD0C4BED18154B70E746
:10D5C8001549BD0706D10D0002267D43F541134ECE
:10D5D800B54206D804227943D1410022104D8D422C
:10D5E800524100993B318A18DAE7C0468051010060
:10D5F8006CFA0A00B13A020050C5FDFF4FC5FDFFA5
:10D60800AC8E0000B4050000B03A0200F905000035
:10D6180094F8FFFF6BFA0A00295C8FC2285C8F021E
:10D628000AD7A300C9B28218904201D100207047DE
:10D6380003788B42FBD00130F6E7062010B500F0E6
:10D648009DFC012002F03AFC70B50B0C150C002B68
:10D658001ED1002D0CD189B294B24C432100FCF7A5
:10D66800A9F9051E1BD022000021FDF7CDF916E00F
:10D678002B1C0C1C89B292B24A439BB2A1B25943EB
:10D68800140C0C19230C07D1240492B21443E5E7B7
:10D69800002D01D1141CEDE70C23002503602800A0
:10D6A80070BD000010B50248FEF706F910BDC0466F
:10D6B800ED9C012010B50248FEF700F910BDC046E8
:10D6C800ED9C0120F7B506000C001500002905D1D6
:10D6D8001100FCF76FF904002000FEBD002A03D1F9
:10D6E800FEF730F92C00F7E700F08CFC07008542C4
:10D6F80002D84308AB42EFD329003000FCF75AF9AF
:10D708000190002801D1019CE6E72A00BD4200D91A
:10D718003A0021000198FEF7DAF821003000FEF700
:10D7280011F9F0E770B514004B1C03D101256D42C7
:10D73800280070BD938920229343626BA381CEB2E7
:10D748006368CDB2002A10D0A26B9A4207DD236825
:10D75800013B23601E70636801336360E8E72100C2
:10D7680000F0A4FB0028F2D0E0E721692268002934
:10D7780007D0914205D2511E0878A84201D12160F4
:10D78800EAE723642300443363630323A36323008A
:10D798004633E2631E7023600123DEE710B50C00F8
:10D7A800496B00290ED023004433994201D0FEF77B
:10D7B800C9F80020236C60636360834202D0E36B86
:10D7C800236010BD2369012023600023A2896360C0
:10D7D80020331343A3814042F3E70000F0B5AB4C7C
:10D7E800A5440C0000210090BE204691479103A952
:10D7F8004891A749400043AD2950A649043043AD9C
:10D80800295002931678002E00D13CE10823082005
:10D81800A14D571CA95D0B4001421DD0060063684D
:10D82800002B0FDD23681A78AA5C324201D13A0036
:10D83800E8E7479A01330132479262682360013A68
:10D848006260ECE7C02243AB520021009B5800986D
:10D8580098470028E6D0EAE7252E62D145934393FE
:10D8680053782A2B02D11A3B4393971C3D000A2276
:10D8780029786F1C0B00303B092B1FD9874B0322DB
:10D8880018000193FFF7CEFE002807D0019B3D004A
:10D89800C01A01238340439A134343932B786F1C88
:10D8A800782B06D8572B10D8252B3AD034D8002BF4
:10D8B80055D0032349930733449369E0459B3D00C2
:10D8C8005343303B5B184593D2E71800583820285B
:10D8D800EFD8F4F7B9FF4B00EEFFEEFF7D00EEFF47
:10D8E800EEFFEEFFEEFFEEFFEEFFEEFF88007B009F
:10D8F800240024002400EEFF5500EEFFEEFFEEFFAB
:10D90800EEFF900059004700EEFFEEFF8E00EEFF9D
:10D918007B00EEFFEEFF4B00453B022BC9D80523E9
:10D9280035E06368002B0DDD23681A78B24200D019
:10D93800A9E0013362682360479B013A01336260C2
:10D94800479374E7C02343AA5B002100D35800988B
:10D9580098470028E8D04698002800D08BE001209E
:10D9680040428CE0202243990A4343928022439903
:10D9780092000A434392102244926E2B02D905E08A
:10D9880000234493032302E0082344930423499388
:10D998006368002B3EDD439B5B0608D4C026082540
:10D9A800760023683C491A788A5C2A423CD1499B14
:10D9B800022B4CDC2200009802AB43A900F072F85D
:10D9C800012860D0022800D031E7C4E70A22D3E753
:10D9D800390003A800F031FA4023439A07001343A3
:10D9E80043930123D3E74023439A134343930023EC
:10D9F800CDE70223CBE7439AD30600D517E7029B6E
:10DA08004799181D02901B68D50701D519800EE7A4
:10DA180019600CE7C02343AA5B002100D358009883
:10DA280098470028B7D096E7479A0132479262682C
:10DA3800013A6260002A02DD01332360B1E743AB9B
:10DA480021009B59009898470028AAD083E7042B07
:10DA580006DC2200009802AB43A900F083F8AFE788
:10DA68000F4B002B00D1E2E62200009802AB43A93D
:10DA780000E000BFA4E7A3895B0600D56FE7A523F4
:10DA88009B009D44F0BD4698F9E7C0466CFDFFFF3A
:10DA9800C5DF00203DE0002041250120362201207D
:10DAA80000000000F7B515008A680C000190002AF4
:10DAB80004D18A69002A17D10132A2602268D206ED
:10DAC80003D41A68111D196017680026A069002878
:10DAD80016D001280BD12B6862691B78D35C002B08
:10DAE8000ED1002E3BD029E001225242E5E7022860
:10DAF80024D12B681A4A1B78D35C082213421DD103
:10DB0800102223680136134203D12B681B783B701F
:10DB180001372A686B6801322A60A268013B013A22
:10DB28006B60A260002A09D0002BCFDCC0235B0009
:10DB38002900E358019898470028C7D02268102385
:10DB4800110019401A4206D1E3680133E360A36962
:10DB5800002B00D03970002023699B192361FEBD7A
:10DB680041250120F0B58BB00193784B1600049045
:10DB780007AAA1CBA1C2764A8B690C000592032B98
:10DB880001D1744B0593AE220020A3685200591EA0
:10DB98000390914205D95E3BFF3B03935E23FF331D
:10DBA800A36023001C330093D023002722681B01A5
:10DBB80013432360009B0293336807A81978BB00BE
:10DBC80002221858FFF72EFD002829D0012F5ED118
:10DBD8006368002B06D1083322686360F933FF338A
:10DBE8001343236023685C4A13402360A3685A1ECA
:10DBF800A260002B14D033685A1C32601B78029A3A
:10DC080013707368551C013B7360002B07DCC0233D
:10DC18005B003100E3580498984700287ED10295AC
:10DC28000137032FC8D16368002B01D10A33636021
:10DC38000027636849496069C91A00F0FEF8029D27
:10DC4800A36820680293002B3FD0316863690A7883
:10DC58009B5C002B39D0302A28D180231B01184225
:10DC680024D0039B0137002B05D01A00029B013AF0
:10DC780001330392A3607368013B7360002B1CDDC2
:10DC8800336801333360A368013BA360D8E7022FF0
:10DC9800ACD1C02380212268DB00134089008B426D
:10DCA800C1D110236360F03313439EE72C4B03402C
:10DCB80023600B782B700135DDE7C0235B00310052
:10DCC800E358049898470028DDD02368DB050ED573
:10DCD800009B9D4207D9BE23013D5B003200297895
:10DCE800E35804989847009B01209D4229D0216859
:10DCF80010230A001A4019421CD12A70636800993F
:10DD08000498059EB047019B22681B68910607D5B9
:10DD180001991A1D0A601B68186008E00027D4E7FB
:10DD2800191DD6070FD5019A11601B681880E36882
:10DD38000133E3600020009BED1A2369ED195B199C
:10DD480023610BB0F0BD019A1160E4E7041F0120C4
:10DD580055D40020C9E90020FFFAFFFF73220120F3
:10DD6800FFF6FFFF70B50E001D000E23C95E1400FC
:10DD780096B000290CDAB2898023110019401A42A2
:10DD880014D18023DB0000202960236016B070BD09
:10DD98006A4600F0FDF80028EDDBF02301991B022C
:10DDA8001940044BC9184B425941EAE70021402366
:10DDB800E9E7C04600E0FFFFF0B502268B890500C1
:10DDC8000C0085B0334207D023004733236023611A
:10DDD8000123636105B0F0BD03AB02AAFFF7C2FFE0
:10DDE800029F019039002800FBF7E4FD002808D1C4
:10DDF8000C22A35E9A05EDD4032293431E43A68109
:10DE0800E2E78023A28920601343A381039B20615A
:10DE18006761002B0CD028000E23E15E00F0CAF8E1
:10DE2800002805D00323A2899A43023B1343A38108
:10DE3800A389019A1343A381CCE770B50B7804003A
:10DE48005E2B19D04D1C00212200601CFF30117080
:10DE580001328242FBD1681E002B26D001264E409B
:10DE68002800E6540178451C2D2909D05D291BD0CE
:10DE780000291AD00B00F3E74B788D1C0121E3E74A
:10DE880042785D2AF6D09342F4DC19000230013161
:10DE980066548A42FBDC591C934202DB00228B1831
:10DEA800E0E7D21A013AFAE7280070BD0B00F7B58F
:10DEB8004D6B44330C009D421CD18026F600310086
:10DEC800FBF778FD002802D101204042FEBD230067
:10DED8006063A66346331A78104BC2542300453357
:10DEE8001A780F4BC2542A780E4BC254C0182060BF
:10DEF8000020EBE78E6B290073001A000193FFF7EF
:10DF0800E1FB051EE0D08719010032003800FDF75B
:10DF1800DEFC019B27606563A363E9E7FF0300005C
:10DF2800FE030000FD03000070B504000D001F296A
:10DF380004D9162303600120404270BDC36B002B37
:10DF480004D08A009B181A68002A08D1200000F023
:10DF580055F82A000100200000F03EF8EDE7012AFC
:10DF680009D0511C03D1162303600120E5E70021E5
:10DF78002800196090470020DFE7000010B5034B28
:10DF880001001868FFF7D0FF10BDC0467C280120AB
:10DF9800002370B5064D0400080011002B60F5F74A
:10DFA800CCFE431C03D12B68002B00D0236070BD2E
:10DFB800E89C0120002370B5064D040008002B6082
:10DFC800F5F7B4FE431C03D12B68002B00D0236067
:10DFD80070BDC046E89C0120002370B5064D0400C2
:10DFE800080011002B6001F053FF431C03D12B687C
:10DFF800002B00D0236070BDE89C012010B501F013
:10E008003FFF10BD0B1F1B68181F002B01DA0B58B0
:10E01800C0187047F0B585B017001E000390019135
:10E02800242B23D80C00012B20D03D4B08229C46E2
:10E03800230061461D780134485D010011401042FB
:10E04800F6D12D2D19D125789C1C0123009310227F
:10E05800330093431DD1302D15D1202123788B43D4
:10E06800582B10D165780234102612E0FDF7F8FB22
:10E0780016230360002005B0F0BD00912B2DE6D1DA
:10E0880025789C1CE3E7002EEED10A36302D00D10E
:10E09800023E244A009B94466344310018000293D0
:10E0A800F4F762FC0022844610002B00303B092B59
:10E0B80011D81D00AE421DDD531C09D00122524269
:10E0C800844505D301D1A94211DB012270432818E8
:10E0D80025780134E9E72B00413B192B01D8373D5E
:10E0E800E8E72B00613B192B04D8573DE2E70122F2
:10E0F8005242EDE7531C08D12223039A0298136079
:10E10800002FB8D0631E019307E0009B002B00D0BE
:10E118004042002FAFD0002AF4D1019B3B60AAE710
:10E1280041250120FFFFFF7F10B5FFF773FF10BDEA
:10E1380070B500220C4B04000D00F4F739FD0028DF
:10E1480004D12000290001F087FD70BD064B002294
:10E158002000290001F0D6F901F07EFD80231B067E
:10E168009C466044F1E7C0460000E04170B50022DB
:10E17800002304000D00F4F7FDFC002808D120005E
:10E18800290000F00FF802000B001000190070BD04
:10E1980080231B06E918200000F004F800234242FF
:10E1A8008B41F2E770B500220B4B0D00040000F024
:10E1B800DDFEFFF7BDFF060001F0B8FD0022074BAA
:10E1C80000F0D4FE02000B002000290001F09AF9AB
:10E1D800FFF7AEFF310070BD0000F03D0000F041D8
:10E1E80070B50600080001F073FD0022064B00F030
:10E1F800BDFE0D000400300001F098FD2B00220048
:10E2080000F01AF870BDC0460000F04143024A020F
:10E21800400049005B0A520A090E000EFF2806D08A
:10E228000020FF2902D1531E9A4110007047FE3882
:10E23800002BFBD1F4E7C046F0B557464E46DE4604
:10E248004546E0B50C0383B04E00640A470FCD0F76
:10E2580059000092019327431C034B0D9A46009ADC
:10E26800019B640AD90F530F23439B46009B760DED
:10E27800DA0094465246B21A9146C0008D4200D147
:10E28800C1E0002A00DC86E05246002A00D105E100
:10E29800BF4A964200D1ADE14A460124382A19DC2A
:10E2A80080225B46120413439B464A461F2A00DD20
:10E2B8000BE24B4620225C466146D21A9440D94074
:10E2C8000C43614691400A00511E8A4114435A4644
:10E2D800DA40BF1A041BA042804140423B1A9846CC
:10E2E80043461B0200D44DE143465B025B0A984655
:10E2F8004346002B00D127E14046F4F7E1FC030038
:10E30800083B202227004146D01A9940C7409C402C
:10E318000F439E4200DDD3E1991B23000131521ABD
:10E32800CB4094409846631E9C413B009340424634
:10E33800CF4022431400B84600261C43630709D087
:10E348000F232340042B05D0231DA342A44164427C
:10E35800A0441C0043461B0200D4CAE28C4A013682
:10E36800964200D1ECE043468A4803401800730502
:10E378005B0DE408420722434402240B1B05234398
:10E38800ED072B431000190003B0F0BCBB46B246A2
:10E39800A946A046F0BD002A00D194E05246921B3F
:10E3A8009146002E00D07EE13A00024300D1D7E129
:10E3B8004B465A1E012B00D152E2754CA14500D1A3
:10E3C80015E20124382A13DC91464B461F2B00DD49
:10E3D80016E220220500D21A3C00DD40DF409040C2
:10E3E8005B469440DB1B421E90419B462C430443F2
:10E3F8006246141BA44592415B4652429B1A9846BA
:10E408000D0056466CE7002A00DCC7E05246002A99
:10E4180000D088E062465B461A4300D1FAE04B46DA
:10E428005A1E012B00D1AFE15949894500D1E1E0DD
:10E438000124382A17DC91464B461F2B00DDBFE12B
:10E448002022D21A5B46934061461C004B46D940B5
:10E45800634693401A000C43511E8A414B461443AD
:10E468005A46DA40BF182418844280414042804608
:10E47800B84443461B0200D484E0454B01369E4213
:10E488005ED04246434B01211A40130021406208E6
:10E498000A43DC075B08984614434FE762465B462D
:10E4A8001A4300D1B6E04A464946013A012900D14B
:10E4B8007BE13749894500D19CE00124382A00DDF9
:10E4C80008E79146F1E6344C721C224200D0D3E0B2
:10E4D8003C0062465B4604431A43002E00D044E1E8
:10E4E800002C00D1CAE1002A00D17DE16346C61A9A
:10E4F800B04292415B465242FC1AA41A802212048E
:10E50800144200D112E263461C1A5B46D81BA4458C
:10E518009B415B42C01A104200D11DE21D4B0D0009
:10E528001840012325E71A4A964263D04A46012437
:10E53800382A98DC80225B46120413439B467BE70B
:10E5480033000024002219E72000F4F7B9FB030088
:10E5580018331F2B00DCD4E60838844027009E427D
:10E5680000DDC4E09B1B591C1F2900DCCCE11F3BCC
:10E57800DC40202905D040235B1A9F407B1E9F4129
:10E588003C430026630700D0DAE6B1460AE1C046FC
:10E59800FF070000FFFF7FFFFE070000002A46D0AC
:10E5A8005246921B9146002E00D1A9E0D34A9245CB
:10E5B80000D121E14B460124382B13DC80221204C0
:10E5C80017434B461F2B00DD84E120223C00D21A62
:10E5D800010090409440D940421E9041DF400C43D6
:10E5E8000443BB44644464459241524290465646B3
:10E5F800D8443EE7C0087A070243FF083B001343AC
:10E60800002B00D1A4E1802424033C432403BB4B0A
:10E61800240BB3E6C008B94B7A070243FF089945B3
:10E62800ECD04B463C035B05240B5B0DA6E6B44AD5
:10E63800711C114276D13A000243002E00D0EEE060
:10E64800002A00D141E162465B461A4300D1CBE083
:10E658006346C218824280413B0040425B441C181A
:10E66800D308220200D46DE1A64A1440620764026E
:10E678001A43240B012381E66246841AA042924180
:10E688005B4652429146FB1A1A004B46D21A1300B7
:10E6980090461A0259D44246224300D028E6002563
:10E6A800002300246AE6954A924500D19FE04B4634
:10E6B8000124382B00DD9BE680221204174384E6F0
:10E6C800F61A904B1F40B84638E659464B46203A52
:10E6D800D140202B06D04022D21A5B469340624696
:10E6E8001A4394466446631E9C410C43F2E5F31AB0
:10E6F8009946844B1F4043467A071A43FF0890E720
:10E708003A00024300D1C6E04B465A1E012B00D105
:10E7180002E17A4989456FD00124382A00DD61E792
:10E7280091464EE7754A914200D1F1E06346C2181E
:10E73800824280413B0040425B441B18DC07520880
:10E748005B0898460E001443F8E563461C1AA44576
:10E7580092415B465242DB1B9B1A98460D00C7E567
:10E7680063460D005F46D80855E7002C00D096E0B8
:10E77800002A00D1E2E06246DF08D2085B071A43AC
:10E788003B000D0013433BE76346C4183B0084423B
:10E7980080415B4498464042804443461B026BD408
:10E7A800012399464746E00835E76346C41AA04264
:10E7B80080415B464042FB1A1B1A984601268FE5AA
:10E7C8004A465B46203AD34019004B46202B06D0D8
:10E7D8004022D21A5B46934062461A4394466446E6
:10E7E800631E9C410C433EE6C308984683E7634694
:10E7F8000D005F46D808FEE663465F46D808FAE68D
:10E808004A463D00203AD540202B03D04022D21A58
:10E8180097403843421E904104002C43E8E5002A03
:10E82800EAD062465B461A4300D1E3E68022FE083E
:10E83800C0087F0712033843164208D0D90811428E
:10E8480005D16346D8085B460E005B0718433300C2
:10E85800420FC0005207C008024337001343CFE6F7
:10E8680063461C1AA44592415B465242DB1B9B1A25
:10E8780098460D00012633E5022602E6002A00D15B
:10E888000DE76346D8085B465A075B021C0B0D0070
:10E898000023024372E563465F46D808BBE6002AB8
:10E8A80000D1A7E68022FE08C0087F07120338437C
:10E8B8001642CCD0DC081442C9D16346D8085B465E
:10E8C8005B070D0026001843C1E76346DB0898463E
:10E8D8005F4610E74A463900203AD140202B03D042
:10E8E8004022D21A97403843421E904104000C43FC
:10E8F80078E6B1464746E0088DE6C046FF070000C7
:10E90800FE070000FFFF7FFF20220024521A0CE5BB
:10E918000B000024002231E53B0060446045924131
:10E928005B44984652420400904436E73200224342
:10E9380000D1B4E6F30898462700DCE680270025D6
:10E948003F0360E6620764021A43240B002315E5BF
:10E9580000220024034B11E54207E4080D0022437E
:10E96800C7085EE6FF070000F0B5DE464546574695
:10E978004E46E0B587B0009201930B031B0B9B46F4
:10E98800CA0F4B00040080465B0D029200D189E05B
:10E998008A4A934238D05946420FC9000A43802117
:10E9A80009041143C2009046854A894692469A4412
:10E9B800002300240393009E019F3B031B0B9B46EF
:10E9C8007B0030005B0DFD0F002B00D19EE07B4AE1
:10E9D800934200D18CE05946720FC9000A43802146
:10E9E800090411438B467649F2008C46514663442C
:10E9F800CB1A9A460021029E6E400F2C00D9EFE0F8
:10EA0800704BA4001B599F465A460243914600D0BA
:10EA18009DE09A460223904608240393CBE72E00F4
:10EA2800002200249046654B1B052343F607334319
:10EA38004046190007B0F0BCBB46B246A946A046FE
:10EA4800F0BD0022002300249046EDE7CB46424665
:10EA5800029D03990229E2D0032900D143E22E0046
:10EA68000129EED0584B5344002B00DC93E15107A9
:10EA780000D04AE25946C90106D55946534B1940B8
:10EA880080238B46DB00534451498B42C8DC5946EE
:10EA9800D208490711435A465B0554028846240B9D
:10EAA8005B0DC1E75B460343994661D05B46002B8B
:10EAB80000D1C2E15846F4F703F90B235B429C46A8
:10EAC8000200844466461D239B1B260011005846FD
:10EAD800DE400839884033000343994623008B40C1
:10EAE80098463C4B00249B1A9A460023039362E7FE
:10EAF8005A46009B1A43384B9C46E244002A32D1BE
:10EB080002231C43002302219B4674E75A46009BBC
:10EB18001A4322D05B46002B00D1A0E15846F4F7F7
:10EB2800CFF8020003000B3A1D27009EBA1A1900FD
:10EB38005846D64008398840320002439346009A26
:10EB48008A40264953448A4600219A4453E79A4604
:10EB58000323D9460C2403932DE701231C430023E8
:10EB680001219B4647E70323320003211C4342E768
:10EB7800002398469A460133042403931BE7002395
:10EB88008024984600260D4B24034DE780244B46ED
:10EB98002403234209D05B46234206D11C432403A5
:10EBA8002E009046054B240B3EE780244B46240359
:10EBB8001C432403029E014B240B35E7FF0700008A
:10EBC80001FCFFFF44260120FF030000FFFFFFFEBA
:10EBD800FE0700000DFCFFFF01F8FFFFF303000034
:10EBE800CB4500D220E100D11BE101235B429C46CA
:10EBF800444648460027E2445B46150E1B021D4367
:10EC0800190C2B04120200951D0C914602910395D4
:10EC1800F3F7AAFE02006A430B04210C804619434D
:10EC28008A420ED9009D0123AC465B4261449C4652
:10EC3800E0448D4205D88A4203D9AC46831E9846E3
:10EC48006144881A0299F3F78FFE039A2404424319
:10EC58000904240C03000C43A24206D90099013B85
:10EC68008C466444A14200D80DE1A01A4246120421
:10EC78001A4393464B4659461B0C1D0004930B043C
:10EC880049460904090C0C001B0C5C43120C6B432D
:10EC9800884651436A43250CAC465B186344994245
:10ECA80003D9802149028C466244190C24041B04B0
:10ECB800240C8A181C19904200D29EE000D199E0D9
:10ECC8003C1BA742BF41009D801A7F42C01B854262
:10ECD80000D10CE10299F3F747FE039A0B04424373
:10ECE800210C070019438A4208D9AC466144013F08
:10ECF8008D4203D88A4201D9871E6144881A029935
:10ED0800F3F732FE039A240442430904240C030057
:10ED18000C43A24209D90099013B8C466444A142A4
:10ED280003D8A24201D9831E64444146A41A3A0476
:10ED38001A43049D13041B0C594347466B439C46D6
:10ED4800100C47430B0CBC44634468439F4203D9EF
:10ED580080256D02AC4660441F0C09041B04090C95
:10ED68003F185B18BC4206D302D001231A4379E648
:10ED7800002B00D176E60098511E844664448442F4
:10ED880000D2A8E0BC4200D2D6E000D1E0E00A0000
:10ED9800EBE7012252420121C91A382900DD50E669
:10EDA8001F2976DD1F204042C31A5846D840030069
:10EDB800202904D058466949514488400243511ECD
:10EDC8008A411A43072319000024114013420CD02A
:10EDD8000F231340042B00D1BEE0111D91429B412B
:10EDE8000A005B4259075B021C0BD2080A43904693
:10EDF800002319E6A74200D362E75B46009D013B6A
:10EE08004F4405934F459B41AC465B426344C01851
:10EE1800854233D2824200D981E07DD0059B9B4652
:10EE28004EE7424500D9E0E64B46DC075808434622
:10EE38005B081C434346DF07DEE6F3F741FF152373
:10EE48009C4684440200634620321C2B00DC39E6D1
:10EE580023000838834099460023984641E6F3F793
:10EE68002FFF02000300153220331C2A00DC5BE66A
:10EE780000990838814000228B4662E68542CDD150
:10EE8800B945CBD8C6E7A24200D8EEE6831E644453
:10EE9800EBE633481400504482405B461700834039
:10EEA800CC407A1E974123433B431A005B46CB4034
:10EEB800510709D00F211140042905D0111D914295
:10EEC800924152429B180A0019028BD50022012355
:10EED80000249046A8E50A00BC4200D045E74B450F
:10EEE80000D042E7BEE580245B46240356E61D4B6E
:10EEF8001D4A5344924500DA4BE7012149420A1D55
:10EF08008A42894149428B44B4E50F2111400429C2
:10EF180000D1AFE51100F2E7BC4200D87EE702233A
:10EF28005B429C4600994F444F459B41E3448C46C5
:10EF38005B426344C018C3E64946009D4800484503
:10EF48008941AC46494261448146023A6418C3E7A4
:10EF58009945F1D30A00C2E7002343E73E040000C5
:10EF68001E040000FF03000002FCFFFFF0B5574637
:10EF78004E46DE464546E0B589B0009201930B0344
:10EF88001B0B9A46CA0F4B00040091465B0D00D13B
:10EF9800BCE1D84A934200D14AE15146420FC90028
:10EFA8000A43802109041143C2009046D24A8A4686
:10EFB8009C18002300250393009E019F3B031B0B15
:10EFC8009B46FA0F7B0030005B0D049200D16FE185
:10EFD800C84A934200D153E15946720FC9000A4307
:10EFE800802109041143C44A8B4694460021634496
:10EFF800F0001B195C1C0A2D00DD26E14E46049A20
:10F008005640F2B20092022D00DCA8E10122AA408B
:10F01800A6271500FF003A403D4200D013E1902793
:10F02800BF003D4200D016E288222A4200D0EFE11C
:10F03800414642460904090C0D00170C020C000455
:10F04800000C4543AC46050016007D43A8460D005C
:10F058007E43039204963200039E75436646360C3F
:10F06800B14645444D44A84505D9160080225202B0
:10F078009046464404962E0C059666463604360C91
:10F08800B4462D04654406955D462D0CA9465D469B
:10F098000E002D042D0C6E43B4462E007E43B3465D
:10F0A8004E467143594488466146090C41447743AA
:10F0B8008B4503D980225202904647440E0CB04635
:10F0C8003E004644079666463704059E3F0CB44604
:10F0D8000904C9198C44664605965646360CB4464A
:10F0E800564637043F0C3E004643B0466646464304
:10F0F800B24646466046360CB346039A50437A43B6
:10F1080052445A44924503D980267602B246504466
:10F11800160CB24682444046120490460004000C85
:10F128003A004E46804460466A43774345437043FD
:10F1380084467819170C3F18BD4203D98020400235
:10F148008146CC44059D0498A946079E48448842B8
:10F158008941B14612043D04120CAA184A44494296
:10F1680055184044A9464045AD41C8466D42AB4696
:10F17800B242924189458941D044C34449425242EE
:10F188000A43AB45AD41D04589416D4249420D43E3
:10F1980059463F0CD219521962445202C90D069DB4
:10F1A80011438A46410229434D1EA941C00D084317
:10F1B8005946490208438046D20100D473E101222E
:10F1C8004308024013435246D20713439846534616
:10F1D8005B089A46009B9946484BE318002B00DCD5
:10F1E800E5E0424652070AD00F2241460A40042A67
:10F1F80005D00431414592418846524292445246D4
:10F20800D20106D552463E4B1A4080239246DB0077
:10F21800E3183C4A934200DD9DE04246D10852463D
:10F2280052070A4351465B054C02240B5B0D19E05B
:10F2380052460243904600D0B3E01C000223924697
:10F2480008250393B8E6009B9946039B022B00D13F
:10F2580081E0032B00D1F5E0039B012BBCD10023F7
:10F268000024002210004A461B052343D2071343FB
:10F27800190009B0F0BCBB46B246A946A046F0BD8D
:10F288005B46009E1E431B4BE318002E00D181E015
:10F2980003224E461543049A5640F2B20092802249
:10F2A8001201944664440A2D00DDB7E00321ADE65F
:10F2B8005B46009A134365D05B46002B00D1E2E021
:10F2C8005846F3F7FDFC020003000B3A1D27009E89
:10F2D800BA1A19005846D640083988403200024305
:10F2E800009893468840084AE31A944600216344EC
:10F2F80080E6C046FF07000001FCFFFFFF03000097
:10F30800FFFFFFFEFE0700000DFCFFFF534603430F
:10F31800984630D05346002B00D1A2E05046F3F770
:10F32800CFFC0B235B429C460200844466461D23A7
:10F338009B1B260011005046DE40083988403300E8
:10F3480003439A4623008B4098460023694C0025C6
:10F35800A41A039330E600240022674B82E7013D9C
:10F36800012D00D964E6009B99460229F3D0DA46BC
:10F378008046039170E700239A4601330425002450
:10F38800039319E6002201331D439346230000200E
:10F3980001212FE602221543002200209346022174
:10F3A80028E61C00032380460C25039304E601216C
:10F3B800C91A382900DD52E71F2978DD1F22524279
:10F3C800D31A5246DA401300202907D04B4A414647
:10F3D800944652466444A240114388464246511E10
:10F3E8008A411A43072319000024114013420BD005
:10F3F8000F231340042B7BD0131D9342A4411A0002
:10F40800644261076402240BD20800230A4329E7F7
:10F41800049BDA4699468046039116E70F2D0DD1D5
:10F4280080245346240323420CD05B46234209D14F
:10F438001C43049B020099462F4B13E7049BDA46B2
:10F44800994680468024534624031C43240342469D
:10F45800294B240B06E70023802499462403264BD6
:10F4680000E7F3F72DFC15239C468444020063460D
:10F4780020321C2B00DC59E700239846230008386B
:10F4880083409A4661E7F3F71BFC0200030015323C
:10F4980020331C2A00DC19E702000099083A914041
:10F4A80000208B461FE7009A1C00914694E6144BF7
:10F4B80052469C4643466444A240CB401A434346C6
:10F4C800A340581E834154461A43CC40530709D0E1
:10F4D8000F231340042B05D0131D9342924152422F
:10F4E800A4181A0023028CD5012300240022B9E6AF
:10F4F800002486E70DFCFFFFFF0700003E04000024
:10F508001E040000F0B557464E464546DE46E0B5B7
:10F5180083B0009001910E034D00CC0F710A009E3C
:10F528005F00760F0E43009900920193C8001903FB
:10F538007B0D9A46B446009E019FFB0F9946CA4A26
:10F548004B0A710F1943F300834698461F006D0D4F
:10F55800924500D1C4E001234E465E405346B14671
:10F56800EB1AB44200D17AE0002B00DC24E35646C3
:10F57800002E00D1D4E0954200D164E10126382B59
:10F5880016DC8022120411431F2B00DDD6E1202255
:10F598000E004746D21ADF4096403E434746974002
:10F5A800D9403A006346571EBA415B1A9C46164337
:10F5B800861BB0428041634640421F1A3B0200D47A
:10F5C80038E17F027F0A002F00D114E13800F3F7F9
:10F5D80077FB0300083B20213000CA1AD0409F4027
:10F5E80002009E403A439D4200DD7AE1581B0130FB
:10F5F800091A37008E40C740731E9E411300C2404F
:10F608008B403E43002517001E43730709D00F2384
:10F618003340042B05D0331DB342B6417642BF199F
:10F628001E003B0200D49AE28F4A6B1C934200D121
:10F6380006E18E4D5B053D405B0D6A07F6086D02DD
:10F6480032432D0B1B052B43E407234310001900FD
:10F6580003B0F0BCBB46B246A946A046F0BD002B9D
:10F6680000DCC4E25646002E00D0BAE046460E43FF
:10F6780000D1EAE05E1EB146012B00D1AAE1934217
:10F6880000D1E0E04B460126382B11DC1F2B00DDB2
:10F69800B5E120220E004746D21A9640DF403E438D
:10F6A800474697403A00D940571EBA418C44164302
:10F6B8003618864280414042604407003B0200D42D
:10F6C800B8E0694B01359D4200D1B8E00121674B94
:10F6D80072081F4031400A43FE0716437F0894E72B
:10F6E800634BEA1843460B432CD04C4530D0002AD4
:10F6F8005DD0002D00D1F8E043464C468C46D80832
:10F7080063465A070243D9080B001343002B00D164
:10F7180047E280252D030D432D03534B2D0B91E715
:10F7280046460E4300D190E05E1EB146012B00D143
:10F738005CE1934200D186E04B460126382B00DD80
:10F7480036E721E74E4601235E40B1464C45CED10F
:10F75800002A00D190E0002D00D004E15346624613
:10F76800024300D1C8E15A1E012B00D1FFE13E4DF2
:10F77800AB4200D1F7E00123382A10DC1F2A00DD54
:10F78800DCE120250600AD1A6346A840AB40D64010
:10F79800451EA841334303436046D04009184344FB
:10F7A8004345924152421E005546571886E7314A52
:10F7B8006B1C134200D082E0424663460A4303436F
:10F7C800002D00D0F5E0002B00D16AE1002A00D01E
:10F7D80075E10023C7086246614652073A43C908E3
:10F7E8003DE095422FD00126382B00DD60E78022CE
:10F7F800120411434AE73000F3F762FA03001833A2
:10F808001F2B00DCE7E63200083882409D4200DD0D
:10F81800A4E05B1B581C1F2800DCA4E116001F3B5A
:10F82800DE40202805D040231B1A9A40531E9A41D7
:10F8380016430025730700D0E9E62B00D3E02B0020
:10F8480000250022FEE6C0085AE7C0086246614665
:10F85800520702430448C908834200D154E7090308
:10F868005B050D0B5B0DEDE6FF070000FFFF7FFF5B
:10F8780001F8FFFFFE070000CC4A6B1C134276D14B
:10F8880063460343002D00D0DDE0002B00D150E19A
:10F898004346C7080B439ED04346C3188342804162
:10F8A800614440420D18DB082A0200D473E1C04AC3
:10F8B80015406A076D021A432D0B0123C2E6434621
:10F8C800C61A63465F1AB0429B415B42FF1A3B026D
:10F8D8005ED432003A4300D075E6002400230025A8
:10F8E800B0E6B34FED1A17408FE65346624602431F
:10F8F8005AD05A1E012B00D1C8E0AE4CA34200D109
:10F90800FAE64C460126382A10DC1F2A00DD89E079
:10F9180020239B1A0500664698409E40431E984146
:10F928006346D540D3402E430643C91A43469E1B1F
:10F93800B0459241524255468F1A3FE61A000E00D2
:10F94800203AD640202B05D04022D31A994043466E
:10F958000B431F007B1E9F413E4329E69449EB1A47
:10F968000A40944637E743468C46D808C8E6914A89
:10F97800934200D164E74246821882428041614442
:10F9880040420918CE0752081D0016434F083CE6AE
:10F9980043461E1A6346B0459241C91A01244B4694
:10F9A80052428F1A1C400EE642464C468C46D008FE
:10F9B8004CE7002B00D0A3E0002A00D1E7E0434643
:10F9C8004A07DB081A43130001244846C9080B43B9
:10F9D80004409BE6C61986428041614440420F18A4
:10F9E8003B0251D40123BC46F0082FE7C61B6346EF
:10F9F800B0428041591A404201250F1ADEE51A002B
:10FA08000E00203AD640B146202B05D04022D31A0A
:10FA1800994043460B431F003E00731E9E414B46D0
:10FA28001E4345E613006546203BDD40202A05D0ED
:10FA3800402366469B1A9E400643B3465E46731EA5
:10FA48009E412E4372E7002B8DD043460B4300D1D5
:10FA5800F9E66246C0085207634610438022DB0875
:10FA68001203134207D0CD08154204D14346D808E3
:10FA78002B0049070843420FC0005207C008024341
:10FA8800190013000B4341E602251FE643461E1AE0
:10FA9800B045924163465242C91A4C4601258F1A15
:10FAA8008CE5002A00D118E743464A07DB08012401
:10FAB8001A434B4649021C400D0B0023C2E543463E
:10FAC800C71A63465D1AB8429B415B42ED1A802310
:10FAD8001B041D4253D04246161A62468D1AB04581
:10FAE800924152420124AD1A4A4614401D4278D030
:10FAF8002F4B1D400123A0E542468C46D008A5E6C1
:10FB0800002A00D19FE66246C008520763461043A8
:10FB18008022DB0812031342ADD0CD081542AAD1CA
:10FB280043460124D8084B4649071C4008432B008C
:10FB3800A1E743468C46DF0800234CE613006546E0
:10FB4800203BDD40202A05D0402366469B1A9E4074
:10FB58000643B3465B465A1E93412B431FE62B00D0
:10FB6800BC46F00872E620210026091A46E5404402
:10FB7800404592416144524206008F1830E73A00EE
:10FB88002A4300D1A9E60023AC46FF0823E68021DA
:10FB980000240903BDE56A076D021A432D0B0023F3
:10FBA80050E500220025034B4CE5C046FE07000047
:10FBB800FFFF7FFFFF070000002B00D1F7E553464A
:10FBC8005A1B1300002D00D190E6382A06DC80234A
:10FBD80064461B041C43A446340096E63400012600
:10FBE800A4E66A07F60800233243E90837E6002B43
:10FBF80000D141E653465A1B002D01D11300AEE552
:10FC08000123382A00DDCAE5802365461B041D430D
:10FC1800AC46B3E5F0B5C6461E03360BB0460D4EEE
:10FC28000C034D005F0000B5240B6D0D7F0DB54230
:10FC38000BD0084900208F4204D1464616433000B5
:10FC4800431E984180BCB846F0BD04430120002CF7
:10FC5800F8D1EEE7FF0700000B00020070B5164D63
:10FC68000C0382B04900002000920193240B490D37
:10FC7800DE0FA94204DD1148814203DD104BF01864
:10FC880002B070BD8020400320430E4C641A1F2C24
:10FC980008DD0D4B5B1AD84003005842002EEFD107
:10FCA8001800EDE7094B009A9C46030061448B401D
:10FCB800E2401343F1E7C046FE0300001D040000C4
:10FCC800FFFFFF7F3304000013040000EDFBFFFF7C
:10FCD80070B5002816D0C317C5185D40C40F28009A
:10FCE800F2F7EEFF104B1B1A5B055B0D0A2814DCBC
:10FCF80002002E00153296400B22121AD5402D0311
:10FD08002D0B03E000240023002500261B052B43B0
:10FD1800E40723433000190070BD0B3885402D03DC
:10FD280000262D0BF2E7C0461E04000010B5041E85
:10FD380010D0F2F7C5FF0E4B1B1A5B055B0D0A28A6
:10FD48000FDC0B222100121AD14015300A0384401F
:10FD5800120B01E0002300221B05134320001900A9
:10FD680010BD22000B38824012030024120BF3E767
:10FD78001E040000F0B54B000F035B0D3C4C450F13
:10FD880083B07F0A5E1C2F4300900191CA0FC50003
:10FD980026420BD037495C18FE2C13DDFF200023C8
:10FDA800C0051843D207104303B0F0BD3D43002BF4
:10FDB80001D10020F4E7002DF0D08023DB03FF20E1
:10FDC8003B43EDE7002C14DD009BFF009B01581E10
:10FDD8008341690F3B430B43590746D00F21194014
:10FDE80004292AD00433590127D501340023E0B26D
:10FDF800D6E72100173124DB80211E20090439436E
:10FE0800001B1F2820DD02267642341B0E00E64028
:10FE18003400202804D018488446634499400D4390
:10FE28002B00591E8B41234359071AD00F21002458
:10FE38001940042901D0002404339B015B0AE0B275
:10FE4800AEE700200023ABE70C4C1C192B00A540A3
:10FE5800C340A140681E854129430B43002459072C
:10FE6800BCD19B0100205B0A9AE7DB08E0B297E768
:10FE7800FE07000080FCFFFFA2FCFFFF82FCFFFFE3
:10FE880058220120014B40421A607047E89C01202B
:10FE980058220120014B40421A607047E89C01201B
:10FEA800044A03001068002802D0C3181360704782
:10FEB8000148FAE7F49C0120F89C0120FEE7C046BF
:10FEC800F8B5C046F8BC08BC9E467047F8B5C046B1
:10FED800F8BC08BC9E46704701B40248844601BC81
:10FEE800604700BFBDBE010001B40248844601BCA2
:10FEF800604700BFD952030001B40248844601BCE0
:10FF0800604700BF910C030001B40248844601BC5D
:10FF1800604700BFA577010001B40248844601BCD0
:10FF2800604700BF8120020001B40248844601BC3A
:10FF3800604700BF4913020001B40248844601BC6F
:10FF4800604700BF418A010001B40248844601BCF1
:10FF5800604700BF6982020001B40248844601BCC0
:10FF6800604700BFA30C030001B40248844601BCEB
:10FF7800604700BF19E0020001B40248844601BC92
:10FF8800604700BF6522030001B40248844601BCF3
:10FF9800604700BFF912010001B40248844601BC61
:10FFA800604700BFE971010001B40248844601BC02
:10FFB800604700BF03F9020001B40248844601BC4F
:10FFC800604700BFB135030001B40248844601BC54
:10FFD800604700BFE922020001B40248844601BC20
:10FFE800604700BFAF0F030001B40248844601BC5C
:08FFF800604700BFD1C3010006
:020000041001E9
:1000000001B40248844601BC604700BF854302003A
:1000100001B40248844601BC604700BF09220100C8
:1000200001B40248844601BC604700BF610E020073
:1000300001B40248844601BC604700BFF57E010060
:1000400001B40248844601BC604700BF65BF01009F
:1000500001B40248844601BC604700BF9DB3010063
:1000600001B40248844601BC604700BF2178020009
:1000700001B40248844601BC604700BF45A30100AB
:1000800001B40248844601BC604700BF61F702002A
:1000900001B40248844601BC604700BF5D580100BE
:1000A00001B40248844601BC604700BF11F402005D
:1000B00001B40248844601BC604700BFFD7A0200DB
:1000C00001B40248844601BC604700BFA934030064
:1000D00001B40248844601BC604700BF75E90300D3
:1000E00001B40248844601BC604700BFE10503003B
:1000F00001B40248844601BC604700BF5935030083
:1001000001B40248844601BC604700BF6366030037
:1001100001B40248844601BC604700BF195902007F
:1001200001B40248844601BC604700BFC5F7020025
:1001300001B40248844601BC604700BF3514010089
:1001400001B40248844601BC604700BFE17C010065
:1001500001B40248844601BC604700BFFD050300AE
:1001600001B40248844601BC604700BFBD72010073
:1001700001B40248844601BC604700BF1514020068
:1001800001B40248844601BC604700BF858E01006F
:1001900001B40248844601BC604700BF79270300D0
:1001A00001B40248844601BC604700BFC1AC0100F5
:1001B00001B40248844601BC604700BF01E0020070
:1001C00001B40248844601BC604700BF5766030083
:1001D00001B40248844601BC604700BF117A0100A7
:1001E00001B40248844601BC604700BF513A030095
:1001F00001B40248844601BC604700BF1DBF010036
:1002000001B40248844601BC604700BF698D01000B
:1002100001B40248844601BC604700BF751E02005D
:1002200001B40248844601BC604700BF3166030048
:1002300001B40248844601BC604700BFB5F8020023
:1002400001B40248844601BC604700BF3D1E020065
:1002500001B40248844601BC604700BFF5DF0200DC
:1002600001B40248844601BC604700BFD953010075
:1002700001B40248844601BC604700BFDDDF0200D4
:1002800001B40248844601BC604700BF7B6603009E
:1002900001B40248844601BC604700BF39790100BF
:1002A00001B40248844601BC604700BFF5C20100AA
:1002B00001B40248844601BC604700BF7D080100CC
:1002C00001B40248844601BC604700BF61140200CB
:1002D00001B40248844601BC604700BFF505030035
:1002E00001B40248844601BC604700BF05520200C9
:1002F00001B40248844601BC604700BFA117020058
:1003000001B40248844601BC604700BF69E90300AC
:1003100001B40248844601BC604700BF8518030051
:1003200001B40248844601BC604700BF4B6603002D
:1003300001B40248844601BC604700BF95B5010086
:1003400001B40248844601BC604700BFE9C3010014
:1003500001B40248844601BC604700BF31E002009E
:1003600001B40248844601BC604700BF71F8020036
:1003700001B40248844601BC604700BF51EC030051
:1003800001B40248844601BC604700BF41F8020046
:1003900001B40248844601BC604700BF89A6010041
:1003A00001B40248844601BC604700BF19790100CE
:1003B00001B40248844601BC604700BFFD2302002F
:1003C00001B40248844601BC604700BF3594020076
:1003D00001B40248844601BC604700BF8D3503006C
:1003E00001B40248844601BC604700BF51F80200D6
:1003F00001B40248844601BC604700BF1D230100D0
:1004000001B40248844601BC604700BF79DC0100AA
:1004100001B40248844601BC604700BFB12D020010
:1004200001B40248844601BC604700BF49E00200B5
:1004300001B40248844601BC604700BFADC301005F
:1004400001B40248844601BC604700BFF1110200BC
:1004500001B40248844601BC604700BF6942010004
:1004600001B40248844601BC604700BF5129020024
:1004700001B40248844601BC604700BFDD59030057
:1004800001B40248844601BC604700BF01880100F6
:1004900001B40248844601BC604700BFD12301007B
:1004A00001B40248844601BC604700BF195A0100EC
:1004B00001B40248844601BC604700BF39F702001E
:1004C00001B40248844601BC604700BF0D8C0100A6
:1004D00001B40248844601BC604700BF39200200D5
:1004E00001B40248844601BC604700BF49170200BE
:1004F00001B40248844601BC604700BF498B01003B
:1005000001B40248844601BC604700BF6932030061
:1005100001B40248844601BC604700BF858F0100DA
:1005200001B40248844601BC604700BFE5230300D4
:1005300001B40248844601BC604700BF7115020047
:1005400001B40248844601BC604700BFADDF020031
:1005500001B40248844601BC604700BF79C0010075
:1005600001B40248844601BC604700BF814E0300CD
:1005700001B40248844601BC604700BF6F660300B7
:1005800001B40248844601BC604700BFADB701001A
:1005900001B40248844601BC604700BF99A703002C
:1005A00001B40248844601BC604700BF417B0100A2
:1005B00001B40248844601BC604700BF89DB0100EA
:1005C00001B40248844601BC604700BF058F0100AA
:1005D00001B40248844601BC604700BF4D180200C8
:1005E00001B40248844601BC604700BFE132030009
:1005F00001B40248844601BC604700BFE9F602002E
:1006000001B40248844601BC604700BF05060300F0
:1006100001B40248844601BC604700BFCD390200E6
:1006200001B40248844601BC604700BFE9C0020033
:1006300001B40248844601BC604700BFE18D01005F
:1006400001B40248844601BC604700BF192C020077
:1006500001B40248844601BC604700BF6D780100C8
:1006600001B40248844601BC604700BF6D18030016
:1006700001B40248844601BC604700BF21A50100C7
:1006800001B40248844601BC604700BF79230200E0
:1006900001B40248844601BC604700BF7DDE010012
:1006A00001B40248844601BC604700BF39C4010060
:1006B00001B40248844601BC604700BF110D03002D
:1006C00001B40248844601BC604700BFED05030049
:1006D00001B40248844601BC604700BFB9DF020094
:1006E00001B40248844601BC604700BF7520020087
:1006F00001B40248844601BC604700BFE9DF020044
:1007000001B40248844601BC604700BFF10C0300FD
:1007100001B40248844601BC604700BF9D0F02003F
:1007200001B40248844601BC604700BFE11A0200E0
:1007300001B40248844601BC604700BFF9BD010016
:1007400001B40248844601BC604700BFC961020091
:1007500001B40248844601BC604700BF1124020076
:1007600001B40248844601BC604700BF253D030038
:1007700001B40248844601BC604700BF55720100C5
:1007800001B40248844601BC604700BF1D1003004D
:1007900001B40248844601BC604700BFB9A0030011
:1007A00001B40248844601BC604700BFE11001006B
:1007B00001B40248844601BC604700BF876603005D
:1007C00001B40248844601BC604700BF35120200F4
:1007D00001B40248844601BC604700BF4582010065
:1007E00001B40248844601BC604700BF1D3D0300C0
:1007F00001B40248844601BC604700BFCD520200EC
:1008000001B40248844601BC604700BFC15D0300DB
:1008100001B40248844601BC604700BF91B20100A8
:1008200001B40248844601BC604700BF494603004A
:1008300001B40248844601BC604700BF4D1101006D
:1008400001B40248844601BC604700BFD1A7030041
:1008500001B40248844601BC604700BF31EE02008B
:1008600001B40248844601BC604700BF2910030060
:1008700001B40248844601BC604700BF69800100A2
:1008800001B40248844601BC604700BFE95501003D
:1008900001B40248844601BC604700BF093103002F
:1008A00001B40248844601BC604700BFB17A010030
:1008B00001B40248844601BC604700BF11F1020048
:1008C00001B40248844601BC604700BF0DE002004D
:1008D00001B40248844601BC604700BF25E0020025
:1008E00001B40248844601BC604700BF3DE00200FD
:1008F00001B40248844601BC604700BF5D28030084
:1009000001B40248844601BC604700BF81BE0100BB
:1009100001B40248844601BC604700BFA530030013
:1009200001B40248844601BC604700BF5DE9030092
:1009300001B40248844601BC604700BF9112020026
:1009400001B40248844601BC604700BF5120020048
:1009500001B40248844601BC604700BFB13C0300BB
:1009600001B40248844601BC604700BF49E203006D
:1009700001B40248844601BC604700BFE1DD0100CC
:1009800001B40248844601BC604700BF5D220300F9
:1009900001B40248844601BC604700BFB978010039
:1009A00001B40248844601BC604700BF89C201000F
:1009B00001B40248844601BC604700BF190F030020
:1009C00001B40248844601BC604700BFC91D020053
:1009D00001B40248844601BC604700BFED2B030010
:1009E00001B40248844601BC604700BFED16030015
:1009F00001B40248844601BC604700BF41F90200CF
:100A000001B40248844601BC604700BF2D200200AB
:100A100001B40248844601BC604700BFC5DF020044
:100A200001B40248844601BC604700BFD1DF020028
:100A300001B40248844601BC604700BFDDE003000A
:100A400001B40248844601BC604700BFF11A0200AD
:100A500001B40248844601BC604700BFD5130200C0
:100A600001B40248844601BC604700BF4DF7020054
:100A700001B40248844601BC604700BF313A03001C
:100A800001B40248844601BC604700BF393003000E
:100A900001B40248844601BC604700BFC92303007B
:100AA00001B40248844601BC604700BF5D200200DB
:100AB00001B40248844601BC604700BFCDBF0100BD
:100AC00001B40248844601BC604700BF9D1201008A
:100AD00001B40248844601BC604700BF55E20300F0
:100AE00001B40248844601BC604700BF29440300AA
:100AF00001B40248844601BC604700BFDD1002001B
:100B000001B40248844601BC604700BFF1150200F1
:100B100001B40248844601BC604700BFE58B010078
:100B200001B40248844601BC604700BFADA001008B
:100B300001B40248844601BC604700BF57EF020081
:100B400001B40248844601BC604700BF4D17030052
:100B500001B40248844601BC604700BFA5110100F2
:100B600001B40248844601BC604700BF25AA0200C8
:100B700001B40248844601BC604700BF91F80200FE
:100B800001B40248844601BC604700BFE10C030089
:100B900001B40248844601BC604700BF25F702004B
:100BA00001B40248844601BC604700BFAF2803007F
:100BB00001B40248844601BC604700BF298202009C
:100BC00001B40248844601BC604700BF1D18020002
:100BD00001B40248844601BC604700BFE3F802004C
:100BE00001B40248844601BC604700BF893103005C
:100BF00001B40248844601BC604700BF05590100AA
:100C000001B40248844601BC604700BF4520020091
:100C100001B40248844601BC604700BFDD300300D8
:100C200001B40248844601BC604700BF49A00200ED
:100C300001B40248844601BC604700BF45BF0100C3
:100C400001B40248844601BC604700BF01140100A2
:100C500001B40248844601BC604700BFFDF60200B3
:100C600001B40248844601BC604700BFB95A030082
:100C700001B40248844601BC604700BF79C301004B
:100C800001B40248844601BC604700BFB1050300BF
:100C900001B40248844601BC604700BF35490300E7
:100CA00001B40248844601BC604700BFD50503007B
:100CB00001B40248844601BC604700BF61080100DE
:100CC00001B40248844601BC604700BFED44030004
:100CD00001B40248844601BC604700BF51E90300EB
:100CE00001B40248844601BC604700BF5D52010068
:100CF00001B40248844601BC604700BFD9F7020036
:100D000001B40248844601BC604700BF4D10010099
:100D100001B40248844601BC604700BF15100300BF
:100D200001B40248844601BC604700BF353203006D
:100D300001B40248844601BC604700BF11F70200BD
:100D400001B40248844601BC604700BF611802003C
:100D500001B40248844601BC604700BF7DDC02004C
:100D600001B40248844601BC604700BF43D701007C
:100D700001B40248844601BC604700BFF50B030084
:100D800001B40248844601BC604700BF8DC1010028
:100D900001B40248844601BC604700BFA5BC020004
:100DA00001B40248844601BC604700BF15D0020070
:100DB00001B40248844601BC604700BF618B01005A
:100DC00001B40248844601BC604700BFD9C001009D
:100DD00001B40248844601BC604700BFC331030030
:100DE00001B40248844601BC604700BF1BF9020001
:100DF00001B40248844601BC604700BFBB1E03002B
:100E000001B40248844601BC604700BF8D23030043
:100E100001B40248844601BC604700BF692002005B
:100E200001B40248844601BC604700BF0936030094
:100E300001B40248844601BC604700BFBDBD01004B
:100E400001B40248844601BC604700BF410C030066
:100E500001B40248844601BC604700BF45E9030075
:100E600070B51E4C2378002B0BD0EFF3108572B6B3
:100E70001B4B1B68002B05D09847002802D185F337
:100E8000108870BD2378012B21D0023B022B15D88E
:100E90000121080000F080FBA020C00500F0E6F86A
:100EA0000423104A11690B43136130BFA020C00511
:100EB00000F0E7F80021012000F06EFB0A4B1B68F0
:100EC000002BDCD02278022AD9D19847D7E7042119
:100ED000044A13698B43136130BFEFE7704201206E
:100EE0007842012000ED00E074420120A02310B5FB
:100EF000DB050400984203D0084B01209C420BD133
:100F0000074AFF21200000F007FB002804D1044A13
:100F1000FF21200000F000FB10BDC0460010005073
:100F20000007010070B504000D00FFF7DFFF002887
:100F300003D12900200000F0FFFA70BD70B5040055
:100F40000D00FFF7D3FF002803D12900200000F097
:100F5000DBFA70BD70B504000D00FFF7C7FF002875
:100F600003D12900200000F0A7FA70BD70B504007D
:100F70000D00FFF7BBFF002803D12900200000F07F
:100F800083FA70BD70B504000D00FFF7AFFF0028B5
:100F900003D12900200000F0D7FA70BD10B504007D
:100FA000FFF7A4FF002802D1200000F095FA10BD41
:100FB00070B504000D00FFF799FF002803D1290048
:100FC000200000F0D1FA70BDF8B5A02305000F0095
:100FD000DB05984203D0204B01209D4239D10120EE
:100FE000002F36D02800FFF781FF002831D11B4A9F
:100FF0001B49280000F090FA00282AD1102604008E
:101000001022AB68134217D02868331C042E00D975
:10101000042300229BB20400D100CC40BC54013216
:1010200091B28B42F7D85A1EF61A1023002492B2BE
:101030000132BF18B6B22B610A4B01349C4209D869
:10104000012000F099FA002EDAD10749280000F0BB
:1010500083FAF8BD0320FCE7001000501F070F00C3
:101060004B008003871300008813000010B50400B4
:10107000FFF73CFF002803D10321200000F054FAC1
:1010800010BD10B50400FFF731FF002802D1200089
:1010900000F01AFA10BD73B56B469E1D0023338015
:1010A000A02304000D00DB05984203D0134B012060
:1010B0009C4222D131002000FFF734FF00281CD1D0
:1010C0007C23AD001D400E4A338806211340E022E8
:1010D0001D43D2002000358000F01EFA00280CD1FC
:1010E0003388084A63600849200000F015FA002898
:1010F00003D10649200000F02FFA76BD0010005001
:1011000083BFFFFF0007010001000005983A0000BF
:10111000F8B504000D0016001F00FFF7E7FE0028D9
:1011200005D13B0032002900200000F02DFAF8BD67
:1011300070B504000D00FFF7D9FE002803D1290087
:10114000200000F0D9F970BDF0B585B01D000AABE4
:101150001E780BAB0400029103921F88FFF7C6FEB6
:10116000002807D1019700962B00039A02992000CE
:1011700000F092F905B0F0BDF0B585B01E000AABE5
:101180000400039115001F78FFF7B0FE002806D178
:10119000009733002A000399200000F0A5F905B05C
:1011A000F0BDF7B50193A023040000911500DB0505
:1011B000984203D0264B01209C423BD1EFF310878D
:1011C00072B6244B03216366234B2000E36505239D
:1011D000236600F069F9E0220600D2000621200013
:1011E00000F09AF90122A36D06431343A365009B07
:1011F000F6B2A2661020032B1CD81800F1F71EFBD4
:10120000021B1F232D021549E564154A200000F03A
:1012100083F93043C0B287F3108800280AD1012235
:10122000236F1342FCD1A36D01999343A365200062
:1012300000F092F9FEBD2D03E5640A49E5E7ED03F0
:10124000E5640949E1E72D04E5640849DDE7C046A6
:1012500000100050A008C80C2000C8008100000346
:10126000170702002000000352000003D80000030B
:10127000F0B587B01E000CAB1F780DAB1B880400C7
:101280000493A02302910092DB05984204D05B4BAB
:101290000125984200D081E00125002E7ED0009BE0
:1012A000002B7BD06B4680221B7A52009B19934205
:1012B00074D8EFF31083039372B6514BE022636648
:1012C000504BD200E365052306212366200000F081
:1012D00023F9A36D05902B43A365A566022F60D06B
:1012E000032F63D0002F66D1474B32044749D218F1
:1012F000331C042E00D90423002084469BB2009D99
:10130000C7002D5C0130BD4067462F4385B2BC4607
:10131000AB42F4D8581E009D80B2F61A0130029BF1
:101320002818E36401906760200000F0F5F8059B41
:10133000374F0343DBB21D00B6B20293002E26D016
:1013400002222261A36813421BD1331C042E00D950
:10135000042300229BB200920198815CD00081405E
:10136000080000990132014390B200919842F3D3F2
:101370005A1E019892B201328218F61A0192B6B240
:101380006160013F002F19D10325029B1D43039B80
:1013900083F310880122002D14D0EDB2280007B08D
:1013A000F0BD194B3204D2181A49A1E7164B32048A
:1013B000D21819499CE70022110099E7012000F09A
:1013C000DBF8BBE7236F1342FCD10126A36D104D60
:1013D0009343A3652300A4331B68334205D10499CA
:1013E000200000F0B9F80500D8E7013D002D03D03A
:1013F000300000F0C1F8EDE70325CFE70010005002
:10140000A008C80C4001C8001707FFFF02004003F6
:1014100088130000A200420332004303F0B59DB2DE
:10142000012387B016000CAA1278039004920DAA2B
:1014300012880F0005920293002D1FD0002E1DD0A0
:10144000049900F031F80290002817D1FF2480237E
:101450003C405B001C1BA4B2AC4200D9ACB2059B63
:1014600032000193049B3900009303982300FFF797
:10147000FFFE2D1B3F193619002DE7D1029807B04A
:10148000F0BDC0460000000001B40248844601BC23
:10149000604700BF7984010001B40248844601BC62
:1014A000604700BF0188010001B40248844601BCC6
:1014B000604700BF2985010001B40248844601BC91
:1014C000604700BFED83010001B40248844601BCBF
:1014D000604700BF0D85010001B40248844601BC8D
:1014E000604700BFFD80010001B40248844601BC92
:1014F000604700BF4582010001B40248844601BC38
:10150000604700BFD17F010001B40248844601BC9E
:10151000604700BFC589010001B40248844601BC90
:10152000604700BF9D85010001B40248844601BCAC
:10153000604700BF4180010001B40248844601BCFD
:10154000604700BF2183010001B40248844601BC0A
:10155000604700BF2187010001B40248844601BCF6
:10156000604700BFC587010001B40248844601BC42
:10157000604700BF3581010001B40248844601BCC8
:10158000604700BF51F8020001B40248844601BC24
:10159000604700BF6980010001B40248844601BC75
:1015A000604700BF39C40100080008003100F401A1
:1015B0002003200300005802C81F01200000000083
:1015C000784401203400000060430120180100002D
:1015D000E41F0120000000005850012034000000EA
:1015E000584B012000050000006A012000010400A2
:1015F0009065012028000400906401200001020091
:10160000C861012028000400B86001200001020028
:10161000F05D0120280004003920012000000000B6
:1016200040790120340000004073012000060000D2
:101630001E20012000000000E88501202400000099
:101640000C86012040020000042001200000000060
:10165000C485012024000000C48101200004000092
:101660000201060319000D03021F18007522012054
:10167000782201207B2201203539002049390020C1
:1016800000000000FE006578706572696D656E741B
:10169000616C4D616E756661637475726572204E22
:1016A000616D6500536F667477617265205265766F
:1016B0006973696F6E004861726477617265205268
:1016C00065766973696F6E004669726D77617265E0
:1016D000205265766973696F6E0053657269616C3B
:1016E000204E756D626572004D6F64656C204E759D
:1016F0006D62657200000000A13A0020B93A002036
:10170000B53A0020753B0020A53B0020893B002016
:101710006170705F6D61696E005561727420496E11
:101720006974205375636365737366756C0D0A0085
:101730004170702043474D53204D736720517565AC
:101740007565006C6C635F7461736B006C6C635FD8
:101750007461736B5F6D73675F717565756500624A
:101760006C65537461636B5461736B00626C655399
:101770007461636B5461736B5F4D656D506F6F6C1B
:101780005F6C6F6E6700626C65537461636B54616C
:10179000736B5F4D656D506F6F6C5F73686F7274C4
:1017A00000626C65537461636B5F6D73675F717525
:1017B0006575650011111144AC04002E006E6600C1
:1017C000696E69747900616E005245454E54206D12
:1017D000616C6C6F63207375636365656465640039
:1017E0002F646174612F6A656E6B696E732F776FFA
:1017F000726B73706163652F474E552D746F6F6CFC
:10180000636861696E2F61726D2D31332F7372635E
:101810002F6E65776C69622D63796777696E2F6EBD
:1018200065776C69622F6C6962632F74696D652FCF
:101830006C636C74696D652E6300545A00474D5497
:10184000002531315B2D2B302D39412D5A612D7AF8
:101850005D256E002531315B412D5A612D7A5D2564
:101860006E004D256875256E2E256875256E2E2512
:101870006875256E002F256875256E3A25687525D3
:101880006E3A256875256E004300504F5349580045
:101890002C2066756E6374696F6E3A2000617373F5
:1018A000657274696F6E2022257322206661696CEF
:1018B00065643A2066696C6520222573222C206CB1
:1018C000696E65202564257325730A0042616C6C7E
:1018D0006F6320737563636565646564002F64617D
:1018E00074612F6A656E6B696E732F776F726B739D
:1018F000706163652F474E552D746F6F6C6368611F
:10190000696E2F61726D2D31332F7372632F6E6587
:10191000776C69622D63796777696E2F6E65776C76
:1019200069622F6C6962632F7374646C69622F67DC
:1019300064746F612D6765746865782E63002F6429
:101940006174612F6A656E6B696E732F776F726B4E
:1019500073706163652F474E552D746F6F6C6368AC
:1019600061696E2F61726D2D31332F7372632F6E2B
:1019700065776C69622D63796777696E2F6E65771D
:101980006C69622F6C6962632F7374646C69622F77
:101990006D707265632E6300232D302B2000686C00
:1019A0004C00656667454647003031323334353682
:1019B00037383941424344454600303132333435BB
:1019C0003637383961626364656600412D46612DA2
:1019D00066383930313233343536375D002B2D00DF
:1019E0003030007858001F1C1F1E1F1E1F1F1E1F97
:1019F0001E1F6D016E01000002000100000C0200BC
:101A00000200030064000400040005001700060043
:101A100002000103050300008C980020729700204B
:101A20009C970020029800209C9700203698002068
:101A30009C97002002980020729700207297002047
:101A40003698002002980020889700208897002070
:101A500088970020409800207297002072970020FD
:101A60009C970020C49800209C9700203698002066
:101A70009C970020C4980020729700207297002045
:101A800036980020C498002088970020889700206E
:101A90008897002034000000CEFBFFFFCB0300003E
:101AA000010000000000000035000000CEFBFFFF39
:101AB000CB03000001000000000000000000000057
:101AC000BC89D897B2D29C3C33A7A8D523F6493914
:101AD0003DA7F444FD0FA5329D978CCF08BA5B2536
:101AE000436FAC6428066811000000001F0000006E
:101AF0003B0000005A000000780000009700000042
:101B0000B5000000D4000000F30000001101000047
:101B1000300100004E0100001F0000001C0000000A
:101B20001F0000001E0000001F0000001E0000003B
:101B30001F0000001F0000001E0000001F0000002A
:101B40001E0000001F0000001F0000001C0000001D
:101B50001F0000001E0000001F0000001E0000000B
:101B60001F0000001F0000001E0000001F000000FA
:101B70001E0000001F0000001F0000001D000000EC
:101B80001F0000001E0000001F0000001E000000DB
:101B90001F0000001F0000001E0000001F000000CA
:101BA0001E0000001F0000000500000019000000DA
:101BB0007D000000000000000080E03779C3414351
:101BC000176E05B5B5B89346F5F93FE9034F384DA3
:101BD000321D30F94877825A3CBF737FDD4F15754F
:101BE000000000000000F03F000000000000244062
:101BF00000000000000059400000000000408F403D
:101C0000000000000088C34000000000006AF840A7
:101C10000000000080842E4100000000D0126341CB
:101C20000000000084D797410000000065CDCD4141
:101C3000000000205FA00242000000E87648374222
:101C4000000000A2941A6D42000040E59C30A242C0
:101C50000000901EC4BCD64200003426F56B0C4335
:101C60000080E03779C3414300A0D88557347643DC
:101C700000C84E676DC1AB43003D9160E458E1433D
:101C8000408CB5781DAF154450EFE2D6E41A4B44B2
:101C900092D54D06CFF08044F64AE1C7022DB544F7
:101CA000B49DD9794378EA440020202020202020C8
:101CB00020202828282828202020202020202020FC
:101CC000202020202020202020881010101010100C
:101CD0001010101010101010100404040404040458
:101CE00004040410101010101010414141414141F2
:101CF00001010101010101010101010101010101D4
:101D000001010101101010101010424242424242E3
:101D100002020202020202020202020202020202A3
:101D2000020202021010101020000000000000004B
:101D300000000000000000000000000000000000A3
:101D40000000000000000000000000000000000093
:101D50000000000000000000000000000000000083
:101D60000000000000000000000000000000000073
:101D70000000000000000000000000000000000063
:101D80000000000000000000000000000000000053
:101D90000000000000000000000000000000000043
:101DA00000000000000000000000000080F400209F
:101DB000C0F20020E2F20020F4F20020E2F2002063
:101DC0001EF40020E2F20020F4F20020C0F2002015
:101DD000C0F200201EF40020F4F20020ECF20020FB
:101DE000ECF20020ECF200202CF40020806EFF7F4B
:101DF000010000004D3600202136002000000000C8
:101E000089360020BD360020A5360020813700200D
:101E100095380020953700200100000000100100D7
:101E2000393C0020693C0020493D00201940002039
:101E3000154000202D400020E9400020FD400020FA
:101E400019410020030102024006486F6C74656B63
:101E50005F43474D535F4170703200000000000047
:101E6000000000000000000003000000889B01202B
:101E7000D5200120D52001204300000000000000F3
:101E80000000000000000000000000000000000052
:101E900000000000000000004300000000000000FF
:101EA0000000000000000000000000000000000032
:101EB00000000000000000004300000000000000DF
:101EC0000000000000000000000000000000000012
:101ED00000000000000000004300000000000000BF
:101EE00000000000000000000000000000000000F2
:101EF000000000000000000043000000000000009F
:101F000000000000000000000000000000000000D1
:101F1000000000000000000043000000000000007E
:101F200000000000000000000000000000000000B1
:101F3000000000000000000043000000000000005E
:101F40000000000000000000000000000000000091
:101F5000000000000000000075D40020A7C9002088
:101F600000000000402501205320012052200120C4
:101F70005220012052200120522001205220012015
:101F80005220012052200120522001205220012005
:101F9000FFFFFFFFFFFFFFFFFFFFFFFFFFFF00004F
:101FA00001004153434949000000000000000000C7
:101FB0000000000000000000000000000000000021
:101FC00000004153434949000000000000000000A8
:101FD0000000000000000000000000000000000001
:101FE000000000008028012000000000889B0120E4
:101FF000F09B0120589C0120000000000000000020
:1020000000000000000000000000000000000000D0
:1020100000000000000000000000000000000000C0
:1020200000000000000000000000000000000000B0
:10203000000000000000000001000000000000009F
:102040004A00000000000000000000000000000046
:102050000000000000000000000000000000000080
:1020600000000000000000004A0000000000000026
:102070000000000000000000000000000000000060
:102080000000000000000000000000000000000050
:10209000F09C012000000000000000000000000093
:1020A0000000000000000000000000000000000030
:1020B0000000000000000000000000000000000020
:1020C0000000000000000000000000000000000010
:1020D0000000000000000000000000000000000000
:1020E00000000000000000000000000000000000F0
:1020F00000000000000000000000000000000000E0
:1021000000000000000000000000000000000000CF
:1021100000000000000000000000000000000000BF
:1021200000000000000000000000000000000000AF
:10213000000000000000000000000000000000009F
:10214000000000000000000000000000000000008F
:10215000000000000000000000000000000000007F
:10216000000000000000000000000000000000006F
:10217000000000000000000000000000000000005F
:10218000000000000000000000000000000000004F
:10219000000000000000000000000000000000003F
:1021A000000000000000000000000000000000002F
:1021B000000000000000000000000000000000001F
:1021C000000000000000000000000000000000000F
:1021D00000000000000000000000000000000000FF
:1021E00000000000000000000000000000000000EF
:1021F00000000000000000000000000000000000DF
:1022000000000000000000000000000000000000CE
:1022100000000000000000000000000000000000BE
:1022200000000000000000000000000000000000AE
:10223000000000000000000000000000000000009E
:10224000000000000000000000000000000000008E
:10225000000000000000000000000000000000007E
:10226000000000000000000000000000000000006E
:10227000000000000000000000000000000000005E
:10228000000000000000000000000000000000004E
:10229000000000000000000000000000000000003E
:1022A000000000000000000000000000000000002E
:1022B000000000000000000000000000000000001E
:1022C000000000000000000000000000000000000E
:1022D00000000000000000000000000000000000FE
:1022E00000000000000000000000000000000000EE
:1022F00000000000000000000000000000000000DE
:1023000000000000000000000000000000000000CD
:1023100000000000000000000000000000000000BD
:1023200000000000000000000000000000000000AD
:10233000000000000000000000000000000000009D
:10234000000000000000000000000000000000008D
:10235000000000000000000000000000000000007D
:10236000000000000000000000000000000000006D
:10237000000000000000000000000000000000005D
:10238000000000000000000000000000000000004D
:10239000000000000000000000000000000000003D
:1023A000000000000000000000000000000000002D
:1023B000000000000000000000000000000000001D
:1023C000000000000000000000000000000000000D
:1023D00000000000000000000000000000000000FD
:1023E00000000000000000000000000000000000ED
:1023F00000000000000000000000000000000000DD
:1024000000000000000000000000000000000000CC
:1024100000000000000000000000000000000000BC
:1024200000000000000000000000000000000000AC
:10243000000000000000000000000000000000009C
:10244000000000000000000000000000000000008C
:10245000000000000000000000000000000000007C
:10246000000000000000000000000000000000006C
:10247000000000000000000000000000000000005C
:10248000000000000000000000000000000000004C
:10249000000000000000000000000000000000003C
:1024A000000000000000000000000000000000002C
:1024B000000000000000000000000000000000001C
:1024C000000000000000000000000000000000000C
:1024D00000000000000000000000000000000000FC
:1024E00000000000000000000000000000000000EC
:1024F00000000000000000000000000000000000DC
:1025000000000000000000000000000000000000CB
:1025100000000000000000000000000000000000BB
:1025200000000000000000000000000000000000AB
:10253000000000000000000000000000000000009B
:10254000000000000000000000000000000000008B
:10255000000000000000000000000000000000007B
:10256000000000000000000000000000000000006B
:10257000000000000000000000000000000000005B
:10258000000000000000000000000000000000004B
:10259000000000000000000000000000000000003B
:1025A000000000000000000000000000000000002B
:1025B000000000000000000000000000000000001B
:1025C000000000000000000000000000000000000B
:1025D00000000000000000000000000000000000FB
:1025E00000000000000000000000000000000000EB
:1025F00000000000000000000000000000000000DB
:1026000000000000000000000000000000000000CA
:1026100000000000000000000000000000000000BA
:1026200000000000000000000000000000000000AA
:10263000000000000000000000000000000000009A
:10264000000000000000000000000000000000008A
:10265000000000000000000000000000000000007A
:10266000000000000000000000000000000000006A
:10267000000000000000000000000000000000005A
:10268000000000000000000000000000000000004A
:10269000000000000000000000000000000000003A
:1026A000000000000000000000000000000000002A
:1026B000000000000000000000000000000000001A
:1026C000000000000000000000000000000000000A
:1026D00000000000000000000000000000000000FA
:1026E00000000000000000000000000000000000EA
:1026F00000000000000000000000000000000000DA
:1027000000000000000000000000000000000000C9
:1027100000000000000000000000000000000000B9
:1027200000000000000000000000000000000000A9
:102730000000000000000000000000000000000099
:102740000000000000000000000000000000000089
:102750000000000000000000000000000000000079
:102760000000000000000000000000000000000069
:102770000000000000000000000000000000000059
:102780000000000000000000000000000000000049
:102790000000000000000000000000000000000039
:1027A0000000000000000000000000000000000029
:1027B0000000000000000000000000000000000019
:1027C0000000000000000000000000000000000009
:1027D00000000000000000000000000000000000F9
:1027E00000000000000000000000000000000000E9
:1027F00000000000000000000000000000000000D9
:1028000000000000000000000000000000000000C8
:1028100000000000000000000000000000000000B8
:1028200000000000000000000000000000000000A8
:102830000000000000000000000000000000000098
:102840000000000000000000000000000000000088
:102850000000000000000000000000000000000078
:102860000000000000000000000000000000000068
:102870000000000000000000000000000000000058
:102880000000000000000000000000000000000048
:102890000000000000000000000000000000000038
:1028A0000000000000000000000000000000000028
:1028B0000000000000000000000000000000000018
:1028C0000000000000000000000000000000000008
:1028D00000000000000000000000000000000000F8
:1028E00000000000000000000000000000000000E8
:1028F00000000000000000000000000000000000D8
:1029000000000000000000000000000000000000C7
:1029100000000000000000000000000000000000B7
:1029200000000000000000000000000000000000A7
:102930000000000000000000000000000000000097
:102940000000000000000000000000000000000087
:102950000000000000000000000000000000000077
:102960000000000000000000000000000000000067
:102970000000000000000000000000000000000057
:102980000000000000000000000000000000000047
:102990000000000000000000000000000000000037
:1029A0000000000000000000000000000000000027
:1029B0000000000000000000000000000000000017
:1029C0000000000000000000000000000000000007
:1029D00000000000000000000000000000000000F7
:1029E00000000000000000000000000000000000E7
:1029F00000000000000000000000000000000000D7
:102A000000000000000000000000000000000000C6
:102A100000000000000000000000000000000000B6
:102A200000000000000000000000000000000000A6
:102A30000000000000000000000000000000000096
:102A40000000000000000000000000000000000086
:102A50000000000000000000000000000000000076
:102A60000000000000000000000000000000000066
:102A70000000000000000000000000000000000056
:102A80000000000000000000000000000000000046
:102A90000000000000000000000000000000000036
:102AA0000000000000000000000000000000000026
:102AB0000000000000000000000000000000000016
:102AC0000000000000000000000000000000000006
:102AD00000000000000000000000000000000000F6
:102AE00000000000000000000000000000000000E6
:102AF00000000000000000000000000000000000D6
:102B000000000000000000000000000000000000C5
:102B100000000000000000000000000000000000B5
:102B200000000000000000000000000000000000A5
:102B30000000000000000000000000000000000095
:102B40000000000000000000000000000000000085
:102B50000000000000000000000000000000000075
:102B60000000000000000000000000000000000065
:102B70000000000000000000000000000000000055
:102B80000000000000000000000000000000000045
:102B90000000000000000000000000000000000035
:102BA0000000000000000000000000000000000025
:102BB0000000000000000000000000000000000015
:102BC0000000000000000000000000000000000005
:102BD00000000000000000000000000000000000F5
:102BE00000000000000000000000000000000000E5
:102BF00000000000000000000000000000000000D5
:102C000000000000000000000000000000000000C4
:102C100000000000000000000000000000000000B4
:102C200000000000000000000000000000000000A4
:102C30000000000000000000000000000000000094
:102C40000000000000000000000000000000000084
:102C50000000000000000000000000000000000074
:102C60000000000000000000000000000000000064
:102C70000000000000000000000000000000000054
:102C80000000000000000000000000000000000044
:102C90000000000000000000000000000000000034
:102CA0000000000000000000000000000000000024
:102CB0000000000000000000000000000000000014
:102CC0000000000000000000000000000000000004
:102CD00000000000000000000000000000000000F4
:102CE00000000000000000000000000000000000E4
:102CF00000000000000000000000000000000000D4
:102D000000000000000000000000000000000000C3
:102D100000000000000000000000000000000000B3
:102D200000000000000000000000000000000000A3
:102D30000000000000000000000000000000000093
:102D40000000000000000000000000000000000083
:102D50000000000000000000000000000000000073
:102D60000000000000000000000000000000000063
:102D70000000000000000000000000000000000053
:102D80000000000000000000000000000000000043
:102D90000000000000000000000000000000000033
:102DA0000000000000000000000000000000000023
:102DB0000000000000000000000000000000000013
:102DC0000000000000000000000000000000000003
:102DD00000000000000000000000000000000000F3
:102DE00000000000000000000000000000000000E3
:102DF00000000000000000000000000000000000D3
:102E000000000000000000000000000000000000C2
:102E100000000000000000000000000000000000B2
:102E200000000000000000000000000000000000A2
:102E30000000000000000000000000000000000092
:102E40000000000000000000000000000000000082
:102E50000000000000000000000000000000000072
:102E60000000000000000000000000000000000062
:102E70000000000000000000000000000000000052
:102E80000000000000000000000000000000000042
:102E90000000000000000000000000000000000032
:102EA0000000000000000000000000000000000022
:102EB0000000000000000000000000000000000012
:102EC0000000000000000000000000000000000002
:102ED00000000000000000000000000000000000F2
:102EE00000000000000000000000000000000000E2
:102EF00000000000000000000000000000000000D2
:102F000000000000000000000000000000000000C1
:102F100000000000000000000000000000000000B1
:102F200000000000000000000000000000000000A1
:102F30000000000000000000000000000000000091
:102F40000000000000000000000000000000000081
:102F50000000000000000000000000000000000071
:102F60000000000000000000000000000000000061
:102F70000000000000000000000000000000000051
:102F80000000000000000000000000000000000041
:102F90000000000000000000000000000000000031
:102FA0000000000000000000000000000000000021
:102FB0000000000000000000000000000000000011
:102FC0000000000000000000000000000000000001
:102FD00000000000000000000000000000000000F1
:102FE00000000000000000000000000000000000E1
:102FF00000000000000000000000000000000000D1
:1030000000000000000000000000000000000000C0
:1030100000000000000000000000000000000000B0
:1030200000000000000000000000000000000000A0
:103030000000000000000000000000000000000090
:103040000000000000000000000000000000000080
:103050000000000000000000000000000000000070
:103060000000000000000000000000000000000060
:103070000000000000000000000000000000000050
:103080000000000000000000000000000000000040
:04309000000000003C
:103094000023F0B52E4C85B0CDE9013323784BB134
:1030A400EFF3108672B62B4B1B682BB1984718B9F7
:1030B40086F3108805B0F0BD2378012B23D0023BA2
:1030C400022B26D801A800F06BFB002003A900F016
:1030D4006FFB019F012F06D1039B1BBB4FF4FA61C9
:1030E400012000F069FB039B53BB1B4A136943F0A7
:1030F4000403136130BF4FF0A04000F007F9012032
:1031040000F046FB05E0144A136923F0040313613D
:1031140030BF124B1B68002BCAD02278022AC7D1B9
:103124009847C5E700F004FB054602A9384600F0BD
:103134003FFBB5F5FA6FECD9029B002BE9D0CDE744
:10314400012002A900F034FB029B002BCDD1E0E763
:103154001C9002202490022000ED00E02090022028
:10316400B0F1A04F10B5044602D0094B98420CD1DF
:10317400084AFF21204600F0E7FA38B92046BDE8A6
:103184001040044AFF2100F0DFBA012010BD00BF47
:10319400001000500007010038B504460D46FFF743
:1031A400DFFF28B929462046BDE8384000F0DCBAE4
:1031B40038BD38B504460D46FFF7D2FF28B9294675
:1031C4002046BDE8384000F0C7BA38BD38B50446DB
:1031D4000D46FFF7C5FF28B929462046BDE838400B
:1031E40000F0CEBA38BD38B504460D46FFF7B8FF37
:1031F40028B929462046BDE8384000F089BA38BDD0
:1032040038B504460D46FFF7ABFF28B929462046DA
:10321400BDE8384000F0B0BA38BD10B50446FFF739
:103224009FFF20B92046BDE8104000F0ADBA10BDA4
:1032340038B504460D46FFF793FF28B929462046C2
:10324400BDE8384000F0B0BA38BDB0F1A04F2DE968
:10325400F84305460E4602D0234B98423ED1002E39
:103264003CD02846FFF77CFF002838D11F4A20496C
:10327400284600F069FA90BB10270446B94641F28B
:103284008738AB68DB061AD5042F3B46314628BF86
:1032940004232868C6EB46740A19D20020FA02F205
:1032A40001F8012B8A1B92B29342F5D800245A1ECE
:1032B40092B20132FF1A1644BFB2C5F8109001341D
:1032C40044450ED8012000F043FA002FD9D12846F6
:1032D400BDE8F84341F2883100F02EBA0120BDE880
:1032E400F8830320FBE700BF001000501F070F0006
:1032F4004B00800310B50446FFF732FF28B920467F
:10330400BDE81040032100F00BBA10BD10B504460F
:10331400FFF726FF20B92046BDE8104000F004BAAC
:1033240010BD002337B5B0F1A04F04460D46ADF8EB
:10333400063002D0164B984228D10DF106012046E2
:10334400FFF72AFF00BBBDF80630AD0023F480432D
:1033540005F07C0523F07C031D434FF4E062062155
:103364002046ADF8065000F0EFF968B9BDF8063014
:10337400084A63600849204600F0E6F920B943F69C
:103384009821204600F0D8F903B030BD0120FBE7B6
:103394000010005000070100010000052DE9F04174
:1033A40004460D4616461F46FFF7DAFE38B93B467B
:1033B400324629462046BDE8F04100F0D9B9BDE8BF
:1033C400F08138B504460D46FFF7CAFE28B92946F0
:1033D4002046BDE8384000F0DFB938BD2DE9F0479C
:1033E40004460D4616461F469DF82080BDF82490DD
:1033F400FFF7B6FE48B9CDE908893B46324629466F
:103404002046BDE8F04700F09BB9BDE8F0872DE900
:10341400F04104460D4616461F469DF81880FFF7F6
:103424009FFE48B9CDF818803B46324629462046CF
:10343400BDE8F04100F070B9BDE8F081B0F1A04FF3
:103444002DE9F8430446894615461F4602D0284B09
:10345400984247D1EFF3108872B6264B0321636676
:10346400254B2046E3650523236600F079F94FF4E4
:10347400E06206460621204600F066F9A36D064385
:1034840043F00103A3650123F6B2A366B9F1030F68
:103494002BD8DFE809F0021B1F232D021749E5642E
:1034A400174A204600F050F93043C0B288F3108820
:1034B400C8B9236FDB07FCD4A36D394623F001039D
:1034C400A3652046BDE8F84300F036B92D03E56452
:1034D4000C49E5E7ED03E5640B49E1E72D04E564F8
:1034E4000A49DDE70120BDE8F8831020FBE700BFAF
:1034F40000100050A008C80C2000C8008100000380
:10350400170702002000000352000003D800000344
:103514002DE9F74FB0F1A04F04468A4617461D46E1
:103524009DF83060BDF8348003D05C4B984240F085
:10353400B180002D00F0AE80002F00F0AB8055FA72
:103544008AF3B3F5807F00F2A580EFF31083019333
:1035540072B6534B4FF4E0626366524B0621E36547
:1035640005232046236600F0EFF8A36D022E43F0F6
:103574000103A3654FF001038146A3665DD0032ECA
:1035840061D0002E65D12A04A2F578424649E93A71
:103594000020042D2E46BE4628BF042603461EF8EE
:1035A40001CB4FEAC00B0CFA0BFC013043EA0C03CD
:1035B4001FFA80FC6645F2D8701E80B20130C4F850
:1035C4004CA007446360204600F0BEF849EA0009B5
:1035D4005FFA89F9AE1B41F2883A4D464FF0020B6F
:1035E400B6B216B3C4F810B0A16811F0020117D135
:1035F400042E3346BC4628BF04230A461CF8010B9C
:103604004FEAC10E00FA0EF00131024388B298422B
:10361400F4D3591E89B20131F61A0F44B6B262606E
:10362400BAF1010A18D149F00305019B83F310880C
:10363400B5B1E8B203B0BDE8F08F2A04A2F5784230
:10364400E93A1A49A4E72A04A2F57842E93A184962
:103654009EE7002211469BE7012000F079F8C0E7BD
:10366400236FDA07FCD441F28835A36D23F00103FC
:10367400A365D4F8A430DB0706D44146204603B042
:10368400BDE8F04F00F058B8013D05D0012000F02E
:103694005FF8EEE70120CDE70320CBE700100050F0
:1036A400A008C80C4001C80002004003A200420365
:1036B400320043032DE9F74F9DB2824688461746F0
:1036C4009DF83090BDF834B0EDB1E2B1494600F058
:1036D40047F8064698B95FFA88F4C4F58074A4B232
:1036E400AC4288BFACB23A464146CDE9009B234682
:1036F4005046FFF70DFF2D1BA0442744EBD1304665
:1037040003B0BDE8F08F0126F9E700BF0000000018
:103714005FF800F00D8D00005FF800F09D8A000056
:103724005FF800F0798800005FF800F0A58D0000D4
:103734005FF800F0652300105FF800F09990000036
:103744005FF800F0D99000005FF800F0458E0000AB
:103754005FF800F0814700005FF800F099920000E4
:103764005FF800F0C18D00005FF800F0818B00006D
:103774005FF800F0A18800005FF800F0F58F00000A
:103784005FF800F0758C00005FF800F03D890000E0
:103794005FF800F01D7300005FF800F0018800007E
:1037A4005FF800F0697A00005FF800F075890000A6
:1037B4005FF800F03DC300005FF800F0295D0000F1
:04000005100024D1F2
:00000001FF
