:020000041000EA
:100000004B2A110200000000A4030000EEC3A6E981
:100010007EEEE78880B500F087F90020002100F02F
:100020000DF8292000F00FF8202000F011F800F062
:1000300033F900F013F800F025F980BD4CF2B93C1B
:10004000C0F2000C604747F67D1CC0F2000C604710
:1000500047F6D12CC0F2000C6047000080B54FF08D
:10006000A040012100F075F900060BD1032000F03B
:1000700075F9000606D1012000F075F9000604BFED
:10008000002080BD00F074F94FF47A7000F075F92B
:10009000012080BD2DE9F04381B019B343F2B83897
:1000A0000F4606464FF0FF344FF00009C2F2000839
:1000B0003D46B7F5807F28BF4FF480754FF0A040D4
:1000C000314642462B46CDF8009000F05BF960B90E
:1000D00040462946224600F05AF904467F1B2E442A
:1000E000E6D103E04FF0FF3400E00124204601B0E8
:1000F000BDE8F08310B582B004464FF0000C4FF01D
:10010000A0404FF4805122462023CDF800C000F0DB
:1001100039F9000622D120461C214FF0FF3200F0B1
:1001200036F9E169814219D1E078112816D1A07819
:10013000022813D1E168B1F5002F0FD8606846F2AC
:100140007872C4F26A72904208D1A068FFF7A2FFE9
:100150002169401A18BF012002B010BD012002B071
:1001600010BD00002DE9F0410C4605460E184FF079
:100170000008B4F5803F07D3A8B228B94FF4803700
:100180000321102021E000BFB4F5004F08D328461A
:100190006FF3DF3020B94FF4004702210F2014E045
:1001A00029466FF31F31200BB1FA81F1B8EB143FF0
:1001B00018BF0120490901404FF008004FF4807733
:1001C00018BF0C2018BF4FF4805725FA00F082B2F8
:1001D0004FF0A04047F2305300F0DEF800060BD19C
:1001E0003D44B542A4EB070424BF0020BDE8F081E4
:1001F000B4F5803FC0D2C7E700F0BAF84FF47A7088
:1002000000F0BBF80120BDE8F08100002DE9F047C7
:1002100082B04FF000098AB343F2B83814460E4654
:100220000746C2F2000840F6B83A00BF2546B4F5CA
:10023000807F28BF4FF480754FF0A040394642467A
:100240002B46CDF8009000F09DF890B94FF0A040FB
:10025000314642462B46CDF80090CDF804A000F080
:10026000A0F848B92F44641B2E44DFD14FF0000999
:1002700004E04FF0010901E04FF00109484602B0E7
:10028000BDE8F08780B542F20400C1F200000068CA
:1002900000F08CF880BD0000B0B588B06846FFF76C
:1002A00029FF08B101243CE0DDE90501FFF75AFF11
:1002B00038B100F05DF84FF47A7000F05EF8012478
:1002C0002FE0DDE902020599FFF7A0FF38B100F049
:1002D0004FF84FF47A7000F050F8012421E00399B0
:1002E0000598FFF7D7FE0499884213D14FF0A0403C
:1002F0000021102247F23053002400F04DF805464B
:1003000000F036F828060CD04FF47A7000F035F87B
:10031000012406E000F02CF84FF47A7000F02DF87C
:100320000124204608B0B0BDEC20C6F205000168EB
:100330007F2221F002010160016821F004010160C7
:100340006FF0030143180431342943F8D82CF9D154
:10035000704748F6F57CC0F2000C604747F2613CFC
:10036000C0F2000C604747F21D3CC0F2000C604731
:1003700047F6717CC0F2000C604744F2717CC0F219
:10038000000C604748F69D2CC0F2000C604744F218
:10039000C17CC0F2000C604748F6A10CC0F2000C12
:1003A000604749F2D90CC0F2000C604744F62D0CAE
:1003B000C0F2000C604700000000000000000000D8
:1003C000000000000000000000000000000000002D
:1003D000000000000000000000000000000000001D
:1003E000000000000000000000000000000000000D
:1003F00000000000000000000000000000000000FD
:1004000000000000000000000000000000000000EC
:1004100000000000000000000000000000000000DC
:1004200000000000000000000000000000000000CC
:1004300000000000000000000000000000000000BC
:1004400000000000000000000000000000000000AC
:10045000000000000000000000000000000000009C
:10046000000000000000000000000000000000008C
:10047000000000000000000000000000000000007C
:10048000000000000000000000000000000000006C
:10049000000000000000000000000000000000005C
:1004A000000000000000000000000000000000004C
:1004B000000000000000000000000000000000003C
:1004C000000000000000000000000000000000002C
:1004D000000000000000000000000000000000001C
:1004E000000000000000000000000000000000000C
:1004F00000000000000000000000000000000000FC
:1005000000000000000000000000000000000000EB
:1005100000000000000000000000000000000000DB
:1005200000000000000000000000000000000000CB
:1005300000000000000000000000000000000000BB
:1005400000000000000000000000000000000000AB
:10055000000000000000000000000000000000009B
:10056000000000000000000000000000000000008B
:10057000000000000000000000000000000000007B
:10058000000000000000000000000000000000006B
:10059000000000000000000000000000000000005B
:1005A000000000000000000000000000000000004B
:1005B000000000000000000000000000000000003B
:1005C000000000000000000000000000000000002B
:1005D000000000000000000000000000000000001B
:1005E000000000000000000000000000000000000B
:1005F00000000000000000000000000000000000FB
:1006000000000000000000000000000000000000EA
:1006100000000000000000000000000000000000DA
:1006200000000000000000000000000000000000CA
:1006300000000000000000000000000000000000BA
:1006400000000000000000000000000000000000AA
:10065000000000000000000000000000000000009A
:10066000000000000000000000000000000000008A
:10067000000000000000000000000000000000007A
:10068000000000000000000000000000000000006A
:10069000000000000000000000000000000000005A
:1006A000000000000000000000000000000000004A
:1006B000000000000000000000000000000000003A
:1006C000000000000000000000000000000000002A
:1006D000000000000000000000000000000000001A
:1006E000000000000000000000000000000000000A
:1006F00000000000000000000000000000000000FA
:1007000000000000000000000000000000000000E9
:1007100000000000000000000000000000000000D9
:1007200000000000000000000000000000000000C9
:1007300000000000000000000000000000000000B9
:1007400000000000000000000000000000000000A9
:100750000000000000000000000000000000000099
:100760000000000000000000000000000000000089
:100770000000000000000000000000000000000079
:100780000000000000000000000000000000000069
:100790000000000000000000000000000000000059
:1007A0000000000000000000000000000000000049
:1007B0000000000000000000000000000000000039
:1007C0000000000000000000000000000000000029
:1007D0000000000000000000000000000000000019
:1007E0000000000000000000000000000000000009
:1007F00000000000000000000000000000000000F9
:1008000000000000000000000000000000000000E8
:1008100000000000000000000000000000000000D8
:1008200000000000000000000000000000000000C8
:1008300000000000000000000000000000000000B8
:1008400000000000000000000000000000000000A8
:100850000000000000000000000000000000000098
:100860000000000000000000000000000000000088
:100870000000000000000000000000000000000078
:100880000000000000000000000000000000000068
:100890000000000000000000000000000000000058
:1008A0000000000000000000000000000000000048
:1008B0000000000000000000000000000000000038
:1008C0000000000000000000000000000000000028
:1008D0000000000000000000000000000000000018
:1008E0000000000000000000000000000000000008
:1008F00000000000000000000000000000000000F8
:1009000000000000000000000000000000000000E7
:1009100000000000000000000000000000000000D7
:1009200000000000000000000000000000000000C7
:1009300000000000000000000000000000000000B7
:1009400000000000000000000000000000000000A7
:100950000000000000000000000000000000000097
:100960000000000000000000000000000000000087
:100970000000000000000000000000000000000077
:100980000000000000000000000000000000000067
:100990000000000000000000000000000000000057
:1009A0000000000000000000000000000000000047
:1009B0000000000000000000000000000000000037
:1009C0000000000000000000000000000000000027
:1009D0000000000000000000000000000000000017
:1009E0000000000000000000000000000000000007
:1009F00000000000000000000000000000000000F7
:100A000000000000000000000000000000000000E6
:100A100000000000000000000000000000000000D6
:100A200000000000000000000000000000000000C6
:100A300000000000000000000000000000000000B6
:100A400000000000000000000000000000000000A6
:100A50000000000000000000000000000000000096
:100A60000000000000000000000000000000000086
:100A70000000000000000000000000000000000076
:100A80000000000000000000000000000000000066
:100A90000000000000000000000000000000000056
:100AA0000000000000000000000000000000000046
:100AB0000000000000000000000000000000000036
:100AC0000000000000000000000000000000000026
:100AD0000000000000000000000000000000000016
:100AE0000000000000000000000000000000000006
:100AF00000000000000000000000000000000000F6
:100B000000000000000000000000000000000000E5
:100B100000000000000000000000000000000000D5
:100B200000000000000000000000000000000000C5
:100B300000000000000000000000000000000000B5
:100B400000000000000000000000000000000000A5
:100B50000000000000000000000000000000000095
:100B60000000000000000000000000000000000085
:100B70000000000000000000000000000000000075
:100B80000000000000000000000000000000000065
:100B90000000000000000000000000000000000055
:100BA0000000000000000000000000000000000045
:100BB0000000000000000000000000000000000035
:100BC0000000000000000000000000000000000025
:100BD0000000000000000000000000000000000015
:100BE0000000000000000000000000000000000005
:100BF00000000000000000000000000000000000F5
:100C000000000000000000000000000000000000E4
:100C100000000000000000000000000000000000D4
:100C200000000000000000000000000000000000C4
:100C300000000000000000000000000000000000B4
:100C400000000000000000000000000000000000A4
:100C50000000000000000000000000000000000094
:100C60000000000000000000000000000000000084
:100C70000000000000000000000000000000000074
:100C80000000000000000000000000000000000064
:100C90000000000000000000000000000000000054
:100CA0000000000000000000000000000000000044
:100CB0000000000000000000000000000000000034
:100CC0000000000000000000000000000000000024
:100CD0000000000000000000000000000000000014
:100CE0000000000000000000000000000000000004
:100CF00000000000000000000000000000000000F4
:100D000000000000000000000000000000000000E3
:100D100000000000000000000000000000000000D3
:100D200000000000000000000000000000000000C3
:100D300000000000000000000000000000000000B3
:100D400000000000000000000000000000000000A3
:100D50000000000000000000000000000000000093
:100D60000000000000000000000000000000000083
:100D70000000000000000000000000000000000073
:100D80000000000000000000000000000000000063
:100D90000000000000000000000000000000000053
:100DA0000000000000000000000000000000000043
:100DB0000000000000000000000000000000000033
:100DC0000000000000000000000000000000000023
:100DD0000000000000000000000000000000000013
:100DE0000000000000000000000000000000000003
:100DF00000000000000000000000000000000000F3
:100E000000000000000000000000000000000000E2
:100E100000000000000000000000000000000000D2
:100E200000000000000000000000000000000000C2
:100E300000000000000000000000000000000000B2
:100E400000000000000000000000000000000000A2
:100E50000000000000000000000000000000000092
:100E60000000000000000000000000000000000082
:100E70000000000000000000000000000000000072
:100E80000000000000000000000000000000000062
:100E90000000000000000000000000000000000052
:100EA0000000000000000000000000000000000042
:100EB0000000000000000000000000000000000032
:100EC0000000000000000000000000000000000022
:100ED0000000000000000000000000000000000012
:100EE0000000000000000000000000000000000002
:100EF00000000000000000000000000000000000F2
:100F000000000000000000000000000000000000E1
:100F100000000000000000000000000000000000D1
:100F200000000000000000000000000000000000C1
:100F300000000000000000000000000000000000B1
:100F400000000000000000000000000000000000A1
:100F50000000000000000000000000000000000091
:100F60000000000000000000000000000000000081
:100F70000000000000000000000000000000000071
:100F80000000000000000000000000000000000061
:100F90000000000000000000000000000000000051
:100FA0000000000000000000000000000000000041
:100FB0000000000000000000000000000000000031
:100FC0000000000000000000000000000000000021
:100FD0000000000000000000000000000000000011
:100FE0000000000000000000000000000000000001
:100FF00000000000000000000000000000000000F1
:020000041000EA
:102000000010032055210010692100107B210010D1
:102010008D2100108F210010912100100000000080
:10202000000000000000000000000000D1020000DD
:1020300095210010000000007503000081030000DE
:102040009B2100109D2100109F210010A121001054
:10205000A3210010A5210010A7210010A921001024
:10206000AB210010AD210010AF210010B1210010F4
:10207000B3210010B5210010B7210010B9210010C4
:10208000BB210010BD210010BF210010C121001094
:10209000C3210010C5210010C7210010C921001064
:1020A000CB210010CD210010CF210010D121001034
:1020B000D3210010D5210010D7210010D921001004
:1020C000DB210010DD210010DF210010E1210010D4
:1020D000E3210010E5210010E7210010E9210010A4
:1020E000EB210010ED210010EF210010F121001074
:1020F000F3210010F5210010F7210010F921001044
:10210000FB210010FD210010FF2100100122001012
:1021100003220010052200100722001009220010DF
:102120000B2200100D2200100F22001000000000F2
:10213000000000000000000000000000000000009F
:10214000DFF80CD000F070F800480047512A00106A
:10215000001003202E4880F308882E4880F30A8858
:102160002D4880472D4800475FEA0E00EFF30881B5
:10217000EFF309822A4B9847FEE75FEA0E00EFF380
:102180000881EFF30982274B9847FEE7FEE7FEE759
:10219000FEE7FEE7FEE7FEE7FEE7FEE7FEE7FEE717
:1021A000FEE7FEE7FEE7FEE7FEE7FEE7FEE7FEE707
:1021B000FEE7FEE7FEE7FEE7FEE7FEE7FEE7FEE7F7
:1021C000FEE7FEE7FEE7FEE7FEE7FEE7FEE7FEE7E7
:1021D000FEE7FEE7FEE7FEE7FEE7FEE7FEE7FEE7D7
:1021E000FEE7FEE7FEE7FEE7FEE7FEE7FEE7FEE7C7
:1021F000FEE7FEE7FEE7FEE7FEE7FEE7FEE7FEE7B7
:10220000FEE7FEE7FEE7FEE7FEE7FEE7FEE7FEE7A6
:1022100000100320000003204D2200104121001077
:10222000C526001095230010064C074D06E0E06817
:1022300040F0010394E8070098471034AC42F6D30D
:10224000FFF782FFB4220010F422001042F20002D5
:1022500041F200010020C1F20002C2F2020100BFFF
:1022600052F8203041F8203001304B28F8D14EF69A
:102270001450CEF2000040F80C1C416F41F4700184
:102280004167016841F010010160016841F480710B
:102290000160704702E008C8121F08C1002AFAD185
:1022A00070477047002001E001C1121F002AFBD1D6
:1022B000704700002438001000300020086700003C
:1022C000942200102C9F0010001202200808000029
:1022D0009422001034A70010009002200400000097
:1022E0009422001038A7001004900220240000005F
:1022F000A42200102DE9F05F0546002092469B467F
:1023000088460646814640241BE02846414647460B
:10231000224600F02FF853465A46C01A914110D376
:1023200011461846224600F016F82D1A67EB0108F0
:102330004F4622460120002100F00DF817EB00095E
:102340004E41201EA4F10104DFDC484631462A46F6
:102350004346BDE8F09F202A04DB203A00FA02F150
:10236000002070479140C2F1200320FA03F3194383
:1023700090407047202A04DB203A21FA02F0002125
:10238000704721FA02F3D040C2F120029140084385
:102390001946704782B04EF6285715460C46064639
:1023A000CEF2000700F028FA43F2A830EFF30881DC
:1023B000C1F2000000F00EFD300743F2ED7043F66D
:1023C0000C01C1F20000C1F2000158BF084600F044
:1023D00043FF16F0040043F2FE7192A0C1F2000127
:1023E0000CBF08462C4600F037FF92A000F034FFE7
:1023F000216894A000F0EEFC616896A000F0EAFC71
:10240000A16898A000F0E6FCE1689AA000F0E2FC68
:1024100021699CA000F0DEFC61699EA000F0DAFC5E
:10242000A169A0A000F0D6FCE169A2A000F0D2FC56
:10243000A06901907868800705D543F2C170C1F2A8
:10244000000000F009FF7868B0F1FF3F05DC43F2BF
:10245000DA70C1F2000000F0FFFE7868400040F141
:10246000DC8043F2AD70C1F2000000F0F5FE386888
:1024700000063ED043F28F70C1F2000000F0ECFE87
:102480003868C00706D0019943F22630C1F2000037
:1024900000F0A0FC3868800710D5019943F2B32002
:1024A000C1F2000000F096FC3868000606D5F96815
:1024B00043F29B30C1F2000000F08CFC386800074A
:1024C00005D543F25160C1F2000000F0C5FE386846
:1024D000C00605D543F2A660C1F2000000F0BCFEC4
:1024E0003868800605D543F2B250C1F2000000F012
:1024F000B3FE386810F47F4F46D043F2CF70C1F27C
:10250000000000F0A9FE3868C00505D543F2DC40A4
:10251000C1F2000000F0A0FE3868800510D50199D6
:1025200043F27C20C1F2000000F054FC3868000443
:1025300006D5396943F29B30C1F2000000F04AFC35
:102540003868400505D543F27240C1F2000000F042
:1025500083FE3868000505D543F2F960C1F200003A
:1025600000F07AFE3868C00405D543F24570C1F228
:10257000000000F071FE3868800405D543F2056064
:10258000C1F2000000F068FE3868B0F5803F44D327
:1025900043F2A070C1F2000000F05EFE3868C00394
:1025A00005D543F2FE30C1F2000000F055FE386858
:1025B000800305D543F27550C1F2000000F04CFED7
:1025C0003868400305D543F2D030C1F2000000F076
:1025D00043FE3868000305D543F20950C1F20000FC
:1025E00000F03AFE3868C00205D543F24950C1F206
:1025F000000000F031FE3868C00105D543F2A94063
:10260000C1F2000000F028FE3868800105D543F2D1
:102610003740C1F2000000F01FFE00F0BFF800BF1D
:10262000FEE700BF5573696E6720753332507370D3
:102630002E000000537461636B206672616D653A11
:1026400000000000523020203A20307825303858E1
:102650000A000000523120203A20307825303858C6
:102660000A000000523220203A20307825303858B5
:102670000A000000523320203A20307825303858A4
:102680000A000000523132203A2030782530385884
:102690000A0000004C5220203A203078253038586B
:1026A0000A000000504320203A2030782530385866
:1026B0000A000000785053523A20307825303858BC
:1026C0000A00000014460D46064600F095F805A0E5
:1026D00031462A46234600F07DFB00F05FF800BF3C
:1026E000FEE700BF4E4D495F48616E646C65723A0B
:1026F00020253038582C20253038582C20253038CB
:10270000580A000010B5DDF808C0B2F1C04F0BD078
:1027100040F6000EC6F2000E724505D040F2004EA3
:10272000C6F2000E724536D14BF2800440F0800EA6
:10273000C6F20404A6452ED149F20804C2F20204EE
:10274000BCF1000FC4F800C00DD049F2160C49F2DC
:102750001404C2F2020C4FF0000EC2F20204ACF8F4
:1027600000E0A4F800E049F21004C2F20204226082
:1027700049F20C02C2F20202106049F21800C2F2E1
:102780000200016049F21C00C2F202000360BDE8D1
:10279000104000F031B8102010BD0000F0B581B03D
:1027A00049F20804C2F20204206818B349F216057F
:1027B00049F21406C2F20205C2F2020628883188E4
:1027C000884217D049F21007C2F20207216882B28C
:1027D00009683868895C00F075FA2888216801303A
:1027E00082B289888A4228BF002081B2328828803C
:1027F0009142EBD101B0F0BDF0B583B049F21005C4
:10280000C2F202052868B0F1C04F0AD040F2004180
:10281000C6F20001884219BF0C242D2008242C2068
:1028200001E004242B2000F052FA49F20C0649F290
:102830001807C2F20206C2F202073068396822465F
:1028400000F04AFA08B103B0F0BD306839680222DE
:1028500000F047FA0028F6D149F21C00C2F202004B
:10286000006843F221010190C0F201112868029131
:1028700001A900F03BFA03B0F0BD000040F2E8000F
:1028800042F6A931C2F20000C1F20001016040F23B
:10289000EC0042F64141C2F20000C1F200010160C9
:1028A0007047000010B549F20801C2F20201096840
:1028B000044679B149F21402C2F202020868138890
:1028C000C454581C83B289888B4228BF00201080D2
:1028D000204610BD49F21000C2F202000068E1B2C9
:1028E00000F0F0F9204610BDFFF786BF01207047C9
:1028F00070B582B0044649F20400C2F202000470CE
:1029000049F22400C2F20200016049F22000C2F242
:10291000020002600DF1070102200122012600F0F1
:10292000EAF99DF80700C0F3411003280FD00228F0
:1029300079D14BF20005C6F2040528464FF4504108
:10294000012200F0CEF928464FF4483168E00DF13D
:1029500001013A20062200F0CEF99DF801104BF259
:102960000000C6F2040000F18005202901F01F01DB
:10297000284606FA01F13CBF4BF20000C6F2040003
:10298000012200F0AEF99DF80210284620293CBF34
:102990004BF20000C6F2040001F01F0106FA01F13B
:1029A000022200F09EF99DF80310284620293CBF22
:1029B0004BF20000C6F2040001F01F0106FA01F11B
:1029C000012200F08EF99DF80410284620293CBF12
:1029D0004BF20000C6F2040001F01F0106FA01F1FB
:1029E000012200F07EF99DF80510284620293CBF01
:1029F0004BF20000C6F2040001F01F0106FA01F1DB
:102A0000022200F06EF99DF8060020283CBF4BF230
:102A10000005C6F2040500F01F0006FA00F1284682
:102A2000022200F05EF9042C09D8201FB0FA80F0D1
:102A300040094000032C08BF012000F061F901208B
:102A400003210B22092300F060F902B070BD0000E1
:102A500082B04BF20004C6F2040404F5405000F0CA
:102A600059F9642000F05BF9022000F05DF90020C4
:102A7000002500F05EF9002000F060F9002000F071
:102A800062F90DF107010F2001228DF8075000F0C7
:102A900032F99DF80700002804BF562000F058F9CD
:102AA0000DF107011020012200F025F99DF8070023
:102AB000002808BFA92000F050F9002000F052F9CA
:102AC00003200321642200F052F9012040F6C411D2
:102AD00000F052F901200021002200F052F92046B6
:102AE0004FF000514FF0C0424FF4E1330095FFF733
:102AF00009FE1AA026A129A200F06CF9FFF7BEFE7C
:102B0000C42000F081F842F6ED0142F6E902C1F27C
:102B100000010220C1F20002FFF7EAFE202000F0CF
:102B200035F94FF480304FF4806100F034F988B902
:102B300043F20400C2F200000168002000F030F906
:102B4000292000F0C4F82A2000F0C1F8202000F06D
:102B50002CF900BF00F02EF9FCE700BF5B257320C5
:102B6000542025735D626C652070657269706865BC
:102B700072616C2070726F6A656374286D702920B1
:102B8000737461727420746F20776F726B2E0A00F9
:102B900041707220333020323032340030393A32D2
:102BA000333A3136000000000C460546FFF724FE9C
:102BB00007A000F051FB0AA0294600F00BF90DA078
:102BC000214600F007F9FFF7E9FD00BFFEE700BF6F
:102BD0006F7320657272206F6363757273000000FB
:102BE000636F646520202020203A2030782530381B
:102BF000580A00006F626A6563745F69643A203046
:102C000078253038580A0000B0F5807F84BF102046
:102C1000704710B581090122830618BF02EB90119D
:102C20004FF0FF308840C4434FF6FF70C0F20F00F2
:102C300000F0C5F8204600F0C7F8002010BD0000E5
:102C40001C4615460E460746FFF7D6FD08A000F0C5
:102C500003FB0CA03946324600F0BCF811A029460F
:102C6000224600F0B7F8FFF799FD00BFFEE700BF6E
:102C700073797374656D206572726F72206F636310
:102C8000757273007531364572724D6F64756C657F
:102C90003A2575207531364572724C696E653A2554
:102CA000750A0000753332457272496E666F313AAB
:102CB000257520753332457272496E666F323A253A
:102CC000750A00004DF67D7CC0F2000C604747F6A7
:102CD0007D1CC0F2000C604749F6210CC0F2000CCC
:102CE000604749F69D0CC0F2000C60474DF6656CDC
:102CF000C0F2000C604748F20D7CC0F2000C604747
:102D00004AF6256CC0F2000C60474AF68D6CC0F2A2
:102D1000000C60474FF6310CC0F2000C604744F2E3
:102D2000717CC0F2000C60474AF67D5CC0F2000C7A
:102D300060474AF6A95CC0F2000C60474AF6FD5CA9
:102D4000C0F2000C604745F6214CC0F2000C604711
:102D50004AF6596CC0F2000C60474AF6696CC0F242
:102D6000000C60474AF6B13CC0F2000C604745F6E3
:102D7000651CC0F2000C604745F6295CC0F2000CEF
:102D800060474CF2113CC0F2000C604747F6852CBE
:102D9000C0F2000C60474CF2791CC0F2000C604796
:102DA0004CF2B93CC0F2000C604747F6D12CC0F29F
:102DB000000C604741F2012CC2F2020C60474AF657
:102DC000510CC0F2000C60474AF6796CC0F2000C5E
:102DD000604700000FB4054B10B503A9044A0298E0
:102DE00000F008F810BC5DF814FB0000A5280010E6
:102DF000009002202DE9FF4F8DB00F4605460026BA
:102E000006E025280BD0DDE90F1290476D1C761CDB
:102E100028780028F5D111B03046BDE8F08F0024A5
:102E2000A246A1460122EC4900E0044315F8013F07
:102E3000203B02FA03F00842F7D128782A2810D064
:102E40006FF02F022878A0F13001092914D80AEB7D
:102E50008A0102EB410144F0020400EB010A6D1CFF
:102E6000F0E701CF5FEA000A03D544F40054CAF149
:102E7000000A44F002046D1C28782E2817D115F89A
:102E8000010F44F004042A280ED06FF02F02287896
:102E9000A0F1300109290AD809EB890102EB4101AF
:102EA00000EB01096D1CF2E757F8049B6D1C2878B4
:102EB0006C280FD006DC4C2817D068280DD06A2863
:102EC00014D104E0742810D07A280FD10DE044F416
:102ED00000140AE044F4801401E044F440146978DA
:102EE000814202D104F580146D1C6D1C2A786E2A73
:102EF0001FD00CDC632A31D004DC002A8BD0582A86
:102F000011D1A3E0642A68D0692A0CD165E0732A44
:102F10002ED004DC6F2A73D0702A04D19BE0752A6E
:102F20006FD0782A6ED01046DDE90F129047761CDC
:102F300050E1C4F30250022806D0032809D0042827
:102F400001CF09D0066045E101CFF117C0E900616A
:102F500040E101CF06803DE106703BE117F8040B2C
:102F60008DF8000000208DF80100EB46012003E001
:102F700057F804BB4FF0FF3061074FF0000102D457
:102F80000DE008F10101884649450FDA8045F8DB7C
:102F90001BF808100029F4D108E008F10101884667
:102FA0008142FADB1BF808100029F6D1DDE90F2376
:102FB000AAEB08008146214600F036F9304400EBC8
:102FC000080604E0DDE90F121BF8010B9047B8F189
:102FD0000108F7D221464846F7E00A21C4F302531C
:102FE0004FF0000B0891022B04D001CFC117032B27
:102FF00009D00AE0FF1D27F00707F7E8020108E003
:1030000032E01FE020E000B2C117042B01D140B232
:10301000C117031E71F1000307DA4FF0000CD0EB6B
:103020000C006CEB01012D2302E0230504D52B23BA
:103030008DF82430012303E0E30701D02023F7E7D4
:10304000984658E00A2110E010210EE010204FF0C1
:10305000000B08900CE010214FF0000B44F004042A
:103060004FF00809089103E008214FF0000B089188
:10307000C4F30253022B04D001CF0021032B06D04E
:1030800006E0FF1D27F00707F7E8020103E080B222
:10309000042B00D1C0B24FF0000823072BD5702AB3
:1030A00007D0DDF820C08CF0100C5CEA0B0C05D0CA
:1030B0000EE040238DF82430012308E050EA01039C
:1030C00006D030238DF824308DF825200223984631
:1030D000DDF820C08CF0080C5CEA0B0C0BD150EA38
:1030E000010301D1630706D530238DF824304FF05A
:1030F0000108A9F10109582A04D038A20B9208AAA4
:103100000A920BE03AA2F9E75B46089AFFF7F2F859
:103110000B9B9B5C0A9A521E0A92137050EA0102A2
:10312000F2D10A98ADEB000000F1200B600702D548
:1031300024F4803401E04FF00109D94502DDA9EB08
:103140000B0000E0002000EB0B0141440890AAEBCB
:10315000010AE00306D4DDE90F232146504600F0C2
:1031600063F806444FF0000908E009A911F80900C6
:10317000DDE90F12904709F10109761CC145F4DB26
:10318000E0030CD5DDE90F232146504600F04CF852
:10319000064404E0DDE90F1230209047761C0899C0
:1031A000481E08900029F5DC08E00A980A99007882
:1031B000491C0A91DDE90F129047761CBBF1000112
:1031C000ABF1010BF1DC21465046DDE90F2300F0A5
:1031D00019F806446D1C1BE6092801003031323312
:1031E0003435363738396162636465660000000043
:1031F000303132333435363738394142434445462D
:10320000000000002DE9F041044600251E46174647
:10321000880404D405E039462020B0476D1C641EA4
:10322000F9D52846BDE8F0812DE9F0410446002596
:103230001E469046C80301D5302700E020278804A9
:1032400004D505E041463846B0476D1C641EF9D5EB
:103250002846BDE8F081000010B5044601E0FFF704
:1032600021FB14F8010B04490028F8D1BDE81040F7
:103270000A20FFF717BB0000009002205B50524568
:103280004349534552525D206461746120627573F5
:10329000206572726F7220686173206F636375724C
:1032A0007265642C205043203A20307825303878DD
:1032B0000D0A005B4441434356494F4C5D2054681E
:1032C000652070726F636573736F722061747465CB
:1032D0006D707465642061206C6F6164206F722072
:1032E00073746F72652061742061206C6F63617408
:1032F000696F6E207468617420646F6573206E6FEF
:1033000074207065726D697420746865206F7065D3
:10331000726174696F6E2C205043203A20307825FA
:103320003038780D0A005B4941434356494F4C5DA4
:103330005468652070726F636573736F7220617477
:1033400074656D7074656420616E20696E7374724B
:10335000756374696F6E2066657463682066726F4A
:103360006D2061206C6F636174696F6E2074686199
:103370007420646F6573206E6F74207065726D6960
:103380007420657865637574696F6E2C20504320D6
:103390003A203078253038780D0A004154203A30F0
:1033A00078253038780D0A005B4861726446617593
:1033B0006C745F48616E646C65725D4375727265B2
:1033C0006E74206D73703A203078253038580A00BA
:1033D0005B494E5650435D616E20696E746567723D
:1033E00069747920636865636B206572726F7220FF
:1033F000686173206F636375727265640D005B555D
:103400004E444546494E5354525D616E20756E647C
:103410006566696E656420696E737472756374693C
:103420006F6E206572726F7220686173206F6363C4
:1034300075727265640D005B44495642595A455293
:103440004F5D616E20696E74656765722064697690
:103450006973696F6E206279207A65726F20657278
:10346000726F7220686173206F6363757272656436
:103470000D005B494D5052454349534552525D49F9
:103480006D70726563697365206461746120616346
:1034900063657373206572726F7220686173206F49
:1034A000636375727265640D005B554E414C49470C
:1034B0004E45445D616E20756E616C69676E656432
:1034C00020616363657373206572726F7220686137
:1034D00073206F636375727265640D005B494255BA
:1034E000534552525D696E737472756374696F6E81
:1034F00020627573206572726F7220686173206F2D
:10350000636375727265640D005B4E4F43505D617D
:1035100020636F70726F636573736F722064697379
:1035200061626C6564206F72206E6F7420707265CA
:1035300073656E74206572726F7220686173206F9C
:10354000636375727265640D005B53544B4F465D47
:103550006120737461636B206F766572666C6F7740
:10356000206572726F7220686173206F6363757279
:103570007265640D005B494E5653544154455D20BD
:10358000616E20455053522E54206F722045505387
:10359000522E49542076616C696469747920657291
:1035A000726F7220686173206F63637572726564F5
:1035B0000D005B4D4C53504552525D41204D656DA1
:1035C0004D616E616765206661756C74206F636321
:1035D000757272656420647572696E6720666C6FBF
:1035E0006174696E672D706F696E74206C617A7991
:1035F000207374617465207072657365727661748E
:10360000696F6E0D005B4C53504552525D41206214
:103610007573206661756C74206F63637572726573
:103620006420647572696E6720666C6F6174696E80
:10363000672D706F696E74206C617A792073746184
:10364000746520707265736572766174696F6E0D52
:10365000005B4D554E53544B4552525D556E73743D
:1036600061636B20666F7220616E206578636570A0
:1036700074696F6E2072657475726E206861732054
:10368000636175736564206F6E65206F72206D6F66
:103690007265206163636573732076696F6C617412
:1036A000696F6E730D005B4D53544B4552525D5321
:1036B0007461636B696E6720666F7220616E20654E
:1036C0007863657074696F6E20656E7472792068B6
:1036D000617320636175736564206F6E65206F721E
:1036E000206D6F7265206163636573732076696F07
:1036F0006C6174696F6E730D005B554E53544B458E
:1037000052525D556E737461636B20666F722061F7
:103710006E20657863657074696F6E20726574756C
:10372000726E2068617320636175736564206F6ECB
:1037300065206F72206D6F726520427573466175EA
:103740006C74730D005B53544B4552525D5374615E
:10375000636B696E6720666F7220616E20657863A7
:10376000657074696F6E20656E747279206861731C
:1037700020636175736564206F6E65206F72206DC4
:103780006F7265204275734661756C74730D004DE0
:10379000656D4D616E616765204661756C740D00E5
:1037A0005573616765204661756C740D00436F6EDB
:1037B000666967757261626C65204661756C740D2F
:1037C00000566563746F72204661756C740D00421B
:1037D0007573204661756C740D00446562756720D1
:1037E0004576656E74204661756C740D004F636399
:1037F0007572656420696E207461736B2E00557359
:10380000696E67207533324D73702E004F63637598
:1038100072656420696E20696E7465727275707469
:103820002E00000000000220B1310020B93100203C
:10383000C93100200000000000000000000000006E
:103840000000000000000000000000000000000078
:103850001905010000000000000000009D050100A6
:10386000A9050100D9310020DB31002051400020A2
:10387000DF310020E1310020E3310020E53100207C
:10388000E7310020E9310020EB310020ED3100204C
:10389000EF310020F1310020F3310020F53100201C
:1038A000F7310020F9310020FB310020C53E002017
:1038B000FF310020013200200332002005320020B9
:1038C00095400020093200200B3200200D320020EC
:1038D0000F32002011320020133200201532002058
:1038E000B54000200348854600F006F80048004730
:1038F000CD59002000000220064C0125064E05E0AF
:10390000E36807CC2B430C3C98471034B442F7D300
:10391000FFF7ECFF183100202831002002E008C832
:10392000121F08C1002AFAD170477047002001E039
:1039300001C1121F002AFBD1704700000897002028
:1039400008970020745800000831002070B51D4E03
:103950003078002834D0EFF31085EFF3108072B682
:1039600019480068002802D08047002813D030781A
:10397000811E032912D201242046214604F02CFE88
:103980001248016804220A43026030BF0021204629
:1039900004F022FE0AE085F3108870BD012805D1ED
:1039A0000A48016804229143016030BF084800685A
:1039B000002803D03178022900D1804785F3108890
:1039C00070BDC046F8D7002078EF002010ED00E071
:1039D00074EF002019488047194800477046EFF3FC
:1039E0000881EFF30982174B9847FEE77046EFF323
:1039F0000881EFF30982144B9847FEE7FEE7FEE7E4
:103A0000FEE7FEE7FEE7FEE7FEE7FEE7FEE7FEE78E
:103A1000FEE7FEE7FEE7FEE7FEE7FEE7FEE7FEE77E
:103A2000FEE7FEE7FEE7FEE7FEE7FEE7FEE7FEE76E
:103A3000FEE7FEE7FEE7FEE7FEE7FEE7D9410020EE
:103A4000C1300020594000201D3F0020F0B51FB4B8
:103A50000646002082B005464024019100901BE0FC
:103A6000019922460F46304600F074F9049A059BEE
:103A7000801A994110D310461946224600F05AF98F
:103A8000361A8F410197224601200021009F00F045
:103A900051F938184D4100902046641E0028DFDCA3
:103AA000019B00982946324607B0F0BD30B543432C
:103AB00051435C18010C130C0D465D432C1980B268
:103AC00092B20546554351430A0C09044D1962410F
:103AD0005843010C00044019514130BD0549064AC4
:103AE00008685043054A801808604008704701493B
:103AF00008607047E09600206D4EC64139300000E6
:103B000003460B439B0703D009E008C9121F08C0F6
:103B1000042AFAD203E00B780370401C491C521EA1
:103B2000F9D27047D2B201E00270401C491EFBD2AC
:103B300070470022F6E710B513460A4604461946B8
:103B4000FFF7F0FF204610BD024670B54A40D30F84
:103B5000DB0740002DD04A002AD0010E140E0002CF
:103B600012020919400A520A8418E5010446544316
:103B7000000A120A2E045043A4194219200CC5430E
:103B8000AA18120C0125AD03521C521912047F39D8
:103B9000240400D0521C104301D44000491EC2B27C
:103BA0000C06C0092018401C4008802A02D003E0FF
:103BB000002070BD40084000002900DA00201843B2
:103BC00070BD70B502464A40D50F40004A00ED076F
:103BD00040085208002814D0002A12D0C40DD30D7A
:103BE00041020120C0055202490A520AE41A09188A
:103BF00012187D34914201D3641C00E04900002C6E
:103C000001DA002070BD0023914201D3891A0343D9
:103C1000400849000028F7D100290AD0914202D17A
:103C20000121C90705E0914201D2012101E00121F2
:103C3000C943E005C018401904F0D4FC70BD10B5AC
:103C400000229623114604F0D3FC10BDC20F4100A0
:103C500040020123400ADB05D207090EC0187F2964
:103C600001DA00207047962903DC9623591AC840D0
:103C700001E096398840002AF4D040427047C20FD4
:103C8000D207400040080BD0C10D0723DB01C91843
:103C900040020905400A1143C2084007114370471A
:103CA00000200146704770B50446002903D000206B
:103CB0002022012310E0002801D00020C043C0468C
:103CC000C0460DE02546D5408D4205D30D469540B2
:103CD000641B1D46954040191546521E002DF1DC0F
:103CE000214670BD70B5002504462E46002911D02E
:103CF000002C01DA01254442002901DA012649425B
:103D00002046FFF7D0FFB54200D04042002D00D042
:103D1000494270BD002C02DA0121C90702E0002CE3
:103D200000DD03490846C046C046214670BD00007C
:103D3000FFFFFF7F10B5202A04DB0146203A9140A7
:103D4000002010BD914020239C1A0346E3401943F4
:103D5000904010BD10B5202A04DB0846203AD04020
:103D6000002110BD0B46D340D0402024A21A914020
:103D70000843194610BD10B50023036000F0FCF99C
:103D800010BD0000F0B507460846584087B0C00F88
:103D9000049048000E46590040084908BC1A884162
:103DA00005D2384631461E4617460B460246580095
:103DB000400810434CD0300D039040055900400D91
:103DC000490D0590401A0290402872DA180301212B
:103DD000000B09050843019004980092002805D0C3
:103DE000019952420020884100920190029840219E
:103DF0000A1A01990098FFF79DFF05460C466B468D
:103E000007CB00F085F9C0197141039A0E0D00230C
:103E1000D71756401A467A40164344D0049A002ACF
:103E20002DD0029A012A039A15DC1205C01A91417D
:103E300001263605001C7141D20F059ED207009362
:103E4000019202962A46234600F0DDF907B0F0BD44
:103E500038463146FAE71605224A0F46B218C01A0C
:103E6000B74101210905001C4F4100187F4111464F
:103E700018187941E20F10436D19644113E0E2070D
:103E80006D0815436408C2071443039A01261205FE
:103E9000C01A91413605001C7141CE0740083043DD
:103EA0004908C01851412A46234600F09FF9CDE742
:103EB000FFE7049801224000C117121A00238B412A
:103EC00004983146C417381AA141EEE730B40124F2
:103ED000E407634030BC55E730B40124E407614097
:103EE00030BC4FE70000E0FFF0B51FB488B00B997D
:103EF0000998002448400999C00F490049080991D0
:103F0000C0070B990090490049080B91099908983E
:103F1000A64608431CD00B990A98084318D0099864
:103F200001244000420D4800410D0998240500037A
:103F3000000B204309900B980003000B20430B90CB
:103F400050181C494018002201901446104605E004
:103F5000002001460DB0F0BD032801DA034600E061
:103F600003239C46C11A0AAE0AE05F0008ADED5B70
:103F70004F00F75B7D430027AA187C41491C5B1E5C
:103F80006145F2DD410004AB5A522104120C0A4390
:103F9000240C401C0828DFDB019802900099704631
:103FA00001910090059B049A0799069800F02BF95F
:103FB000D0E700000DFCFFFFF0B50C465C4085B07B
:103FC000E40FE40703944C0000266408590094466B
:103FD000490802460296224321D062460A431ED077
:103FE0006200570D4A000E032303550D01240246BB
:103FF0002C492405781B1B0B360B40182343264302
:10400000614600901C46501AB44103D30098401CEE
:10401000009002E0921800985B41002803DA00202B
:10402000014605B0F0BD002001210905074686467E
:1040300011E064461D46141BB54106D36546521B6C
:10404000B341744607430C43A646CD0740084908D0
:10405000284392185B4105460D43EAD110461843A8
:1040600013D06046194650407140084306D0604660
:10407000101AB34106D20122002306E000220123D8
:10408000DB0702E00122D243531000987446010579
:10409000381C6141029C039D0019694100F0A6F89B
:1040A000BFE70000FD0300004A0009030123090BDC
:1040B0001B0519430A4B10B5520D9A4202DA002033
:1040C000014610BD064B34339A4203DC9A1AFFF7BF
:1040D00041FE10BD034BD218FFF72CFE10BD0000AF
:1040E000FF030000CDFBFFFF10B5002904DB012416
:1040F000E40740428C412146002B04DB1C4601238F
:10410000DB075242A341994200D1904210BD00000A
:1041100010B5202A06DBCB170846203A1041C117FC
:104120000B4306E00B461341D0402024A21A9140D5
:104130000843194610BD00000FB400B589B00A4607
:104140000DA9009100230C99002ACB60234B069304
:10415000234B079301D0042300E00023214A02925D
:10416000214A0892019302466B46002000F033F981
:1041700009B008BC04B01847F0B585B00746002068
:10418000C04301901E46002015460C460091029146
:1041900004903B466A46314604A8FFF7CDFF0499D8
:1041A00002466018002D05D0002901D0034600E02A
:1041B00023462B6000290ED0002A02DD009981429F
:1041C00009D0001B019000943B466A463146029498
:1041D00004A8FFF7B1FF05B0F0BD0000093E0020C4
:1041E000293E0020FFFFFF7F873A002010B5002BFB
:1041F00008DA0024401C614192185B411A4301D146
:104200004008400010BDF0B51FB482B005460C0058
:1042100003D0084604F012FF02E004F00FFF203044
:104220000246009021462846FFF784FD049B059A2C
:1042300004460F4618431143084314D01846104350
:104240001BD0009840210A1A18460599FFF782FDF5
:1042500005460E46009A05990498FFF76BFD084342
:1042600005D0012004E02046394607B0F0BD00200B
:10427000C11705430E432C43374300990E9863053D
:10428000401A7905E40A00220C43FD0A0A3002D5DF
:1042900000200146E9E70105101969410C9C0D9DBC
:1042A00000196941FFF7A2FFDFE710B50F21C0B287
:1042B000490200F0DDF910BDFFB5087889B0154658
:1042C000FF2805D0491C2D2804D00022002407E037
:1042D00000240BE00122F9E70A235C430419491C7E
:1042E0000878FF28F8D1002A00D06442002004900A
:1042F0002A7801462D2A01D02B2A0FD16D1C2D2A98
:1043000002D00022049209E00122FBE700260A22E3
:1043100033466D1CFFF7CAFB381871412F78FF2F09
:10432000F4D10C9AA218069202460A4304D0FF2345
:10433000069A9133DA4205DA002109980A4606C046
:104340000DB0F0BD0024B74AB54D2646079200F0E7
:10435000A1F9029006980391002801DA474200E093
:10436000074639050020AF4A001C514101910090D9
:1043700012E0F80707D022462B4630460799FFF790
:10438000B3FD0646079122462B4610461946FFF715
:10439000ABFD04460D467F10002FEAD10698019B25
:1043A0000028009A0399029806DAFFF705FE3246C4
:1043B000079BFFF701FE05E0FFF796FD3246079BDE
:1043C000FFF792FD049A002A02D00122D207514041
:1043D000099A03C2B4E7FFB591B000200990002507
:1043E000ED432E209E685C681F460190B9696D1CE4
:1043F000129888470090396A88470028F6D10098BB
:10440000401C0AD00D20C0018443002E12DD00980C
:104410002B2809D02D280DD103E00020C04315B072
:10442000F0BD012080020443B9696D1C12988847D1
:10443000761E009003A9600501D52D2000E02B20F9
:104440006A461073491C0CA80F9102900AE0B969E2
:104450006D1C129888470090012040020443139875
:10446000761E0560002E02DD00983028EFD00199FD
:104470000098884245D18020044308E00998401EF6
:1044800009900120400204431399681C0860B9692F
:104490006D1C761E1298884700903028EED030E0D0
:1044A0000199884205D1200603D480200443761E5A
:1044B0001DE0009804F094FE002825D00121490257
:1044C0000C43009807AA0F9903323038761E9142A8
:1044D00008D208700F98401C0F90200607D5099845
:1044E000401E03E0200602D40998401C0990A00554
:1044F00002D51399681C0860B9696D1C1298884729
:104500000090002ECCDC59E0002E57DD0098652885
:1045100001D0452852D1A00550D503200002844384
:10452000B9696D1C761E129888470090002E0CDD2C
:104530002B2804D02D2808D1FF2001300443B9696D
:104540006D1C12988847761E0090E00501D52D213C
:1045500000E02B21029801700298401C029001900B
:1045600025E00120400204430EA902980131761E85
:1045700088420ED20098029930380006000E08706A
:1045800003D10299019881420AD90298401C0290F5
:1045900006E0E00501D5244801E0234840420990A7
:1045A000B9696D1C12988847009013980560002E19
:1045B00004DD009804F014FE0028D2D1F9691298A5
:1045C00088470F99FF200870029903AA08700020FD
:1045D0000A900B900CA90AA8099BFFF76DFEA00595
:1045E00002D40120C0431AE72420044209D0E00786
:1045F00013D138680B9A0A99031D3B60006806C006
:104600000BE00B990A9800F053F80146E00704D13B
:104610003868021D3A60006801602846FFE6000025
:10462000000014400000F03FF1D8FFFF4268002A6C
:1046300008D001680B78491C002B03D0521E06C01D
:10464000184670470121C160881E70474268002AE1
:104650000BD0C3680168002B07D183688B4204D05C
:10466000491E521C06C0002070470020C0437047FE
:104670007F2801D9002207E0054B42089A5CC00759
:1046800000D112091207120F012090400840704714
:10469000389100200EB5054A02920022009213467E
:1046A0000192FFF7B0FD03B000BD0000330400002D
:1046B000CB0FDB07490010B5490802460A4307D073
:1046C0000A0D07240903E401090B121B002A01DC6F
:1046D000002010BDC900440F0C43C100E018D205F2
:1046E000801803F07FFF10BD70B582B0114C2046DA
:1046F00003F084FF01AD2046294603F085FF2978A9
:10470000204603F087FF2878800611D06D462046AA
:10471000294603F085FF084802682988074E30467D
:10472000904729883046FFF704FA204603F07EFFC1
:1047300002B070BDC08100508CA5002010C20020C6
:1047400015460C46064600F0E1F9EFF308811D48D6
:1047500004F064FC300701D51C4800E01A4805F05D
:10476000E3F80420064001D01AA000E0184805F044
:10477000DBF81CA005F0D8F8002E00D02C462168EC
:104780001CA004F04BFC61681EA004F047FCA1686B
:1047900020A004F043FCE16822A004F03FFC216962
:1047A00024A004F03BFC616926A004F037FCA16959
:1047B00028A004F033FCE1692AA004F02FFC00F0EB
:1047C00079F9FEE786920020CD920020AE9200207B
:1047D000BF9200205573696E672075333250737035
:1047E0002E000000537461636B206672616D653A40
:1047F00000000000523020203A2030782530385810
:104800000A000000523120203A20307825303858F4
:104810000A000000523220203A20307825303858E3
:104820000A000000523320203A20307825303858D2
:104830000A000000523132203A20307825303858B2
:104840000A0000004C5220203A2030782530385899
:104850000A000000504320203A2030782530385894
:104860000A000000785053523A20307825303858EA
:104870000A00000080B503F0DFFE80BD14460D463F
:10488000064600F043F904A031462A46234604F0C8
:10489000C5FB00F00FF9FEE74E4D495F48616E64BD
:1048A0006C65723A20253038582C20253038582C29
:1048B00020253038580A000010B582B001AC2046DF
:1048C00003F0C0FE019803F0C3FE6078000601D536
:1048D00001F0D6FA02B010BDF0B585B00025039501
:1048E000434C04AE2046314603F0B8FE3088082120
:1048F000014001200190C707002907D0204603F09E
:10490000B3FE642003F0B6FE3A480760032103AA11
:10491000204603F0B5FE3848046804E0304603F052
:10492000F3FB34480760002C22D02646A46A307D71
:104930000028F3D1707D0028F0D1B07D0228F2D19B
:1049400002A92B4803F0A2FEB168F26802989142D6
:1049500004D28842E7D3904204D3E4E7904201D3E3
:104960008842E0D3F1690029D8D0306A8847D5E77A
:10497000E3480168002923D00020039A054603E09C
:104980003546896A00291CD08B7D022BF9D18B68B2
:10499000C4070AD0CC6895420AD2AB421E4600D367
:1049A0002E46A342ECD31E46EAE71D460198E8E7EF
:1049B000AB421E4600D32E46A342E1D22E46DFE78D
:1049C000284603996A1A51425141C007084803D04A
:1049D000002904D005B0F0BD01990029FAD10321C6
:1049E0002A4603F059FECF48076005B0F0BDC04627
:1049F0000030056000E200E098D80020014802493C
:104A00000160704708ED00E00030002070B55B4D9C
:104A10002968594E30680024224603F043FE30686E
:104A20002968224603F044FE5148016851488142FA
:104A300001D02D2000E02C2003225207914200D10A
:104A40002B2003F03BFE70BD70B5032465071024D6
:104A5000AA4205D07E4DAA4202D0464DAA4219D1A3
:104A600080250543794EB54214D1049C244D2C6019
:104A7000002C04D0244C00252580224C25803E4C5F
:104A800020603B4802603D4801603E48036000F002
:104A90003DF80446204670BD1B4800881949098826
:104AA000081A4142414116480268504250410843A9
:104AB0007047C046F0B581B0114C2068002805D081
:104AC000104D2888104E3188884201D101B0F0BDC8
:104AD000274F04E0288081B232889142F6D080B21C
:104AE00021680968095C386803F0EEFD2068818858
:104AF0002888401C82B28A42ECD30020EAE7C046F4
:104B000004D80020A4D80020A2D80020F0B583B09B
:104B1000174D286803214907884205D01549884266
:104B200005D108242C2004E004242B2001E00C24CF
:104B30002D2003F0CFFD104E3068104F396822460B
:104B400003F0CEFD002801D003B0F0BD3968306815
:104B5000022203F0ADFD0028F6D109480290094871
:104B600000680190286801A903F0C0FD03B0F0BD02
:104B70000CD800200004006008D80020A8D800202D
:104B800021300101ACD80020B0B582B0282003F05C
:104B9000A1FD0A2003F09EFD0B2003F09BFD0C20DD
:104BA00003F098FD0D2003F095FD0E2003F092FD1B
:104BB0000F2003F08FFD102003F08CFD352003F053
:104BC00089FD112003F086FD122003F083FD0024EF
:104BD00020462146224603F08FFD03F093FD03F0AB
:104BE00097FD00F0A1F8012528031749888000945B
:104BF000E120030315480221154AFFF725FF15A000
:104C000021A124A204F00AFA01F01EFA01F07AFAB6
:104C10001721204603F082FDE8055D490860FF2169
:104C200009061F4A13688B4313605B4908601D49DE
:104C30001D4A204601F0C2FA00F0E2F803F074FDCC
:104C400003F078FD02B0B0BD10D8002080B0046041
:104C5000000800605B257320542025735D626C653D
:104C6000207065726970686572616C2070726F6A1D
:104C70006563742863702920737461727420746F83
:104C800020776F726B2E0A00417072203330203211
:104C90003032340030393A32333A303800000000D4
:104CA00014E400E07559002069590020B0B50346AE
:104CB0001020002B22D0012920D8EFF31084EFF32D
:104CC000108572B69D7D002D02D084F31088B0BD92
:104CD00000209862DA611976012199752F490A68D6
:104CE000002A02D10B600021D9622D490A68002AEE
:104CF00001D09362DA620B6084F31088B0BDC046C5
:104D000098D8002001461020002909D08A7D002A69
:104D100006D001224A750020C875D107374A1160B4
:104D20007047C04600E200E0F0B581B0052003F016
:104D3000D1FC294D00242846214603F001FD01271E
:104D4000F80713490860FF263106124A13688B439F
:104D500003218907591811600F4908601F21204657
:104D600003F0DCFC7902284603F0F0FC0821284619
:104D700003F0F2FC2846314603F0F4FC284603F029
:104D8000F7FC0648046006480460204601B0F0BD08
:104D900080E200E01CE400E000E100E098D80020A0
:104DA0009CD8002010B504461020002C13D0A37D01
:104DB000002B10D06262616021461031064803F07A
:104DC00065FC0220E075FF200230A0820120C007B0
:104DD0000A490860002010BD00300560014610201F
:104DE000002909D08A7D002A06D001204875C8759F
:104DF000C0070249086000207047C04600E200E09A
:104E0000F0B587B0FF249A3438A04849224604F010
:104E100005F947A001AA114668C868C168C868C1F9
:104E20000520102103F0AAFC47490860002802D1A0
:104E300046A004F079FD00F0D1FF4A4800F02CFEB6
:104E400001F0ACF800F0D0FA474800F0F5F8474818
:104E50000021C16001F0B6F8002804D044A004F09D
:104E600063FD07B0F0BD464803F0BEF9002805D049
:104E700022461B3243482D4904F0D0F842481621FF
:104E800003F0DCFA03F0BEF8404D0121404A284609
:104E9000FFF70CFF3F49002628463246FFF782FF06
:104EA0003D4F224D05E022462F323846294604F078
:104EB000B5F825480068F34301A9324603F064FCC5
:104EC0000028F0D101A800780028F2D101A840788C
:104ED000022806D00128ECD101F010F923490880FE
:104EE000E7E72248068003F08DF8E2E75B25735D73
:104EF0005B25645D203A202D2D2D2D2D2D2D2D2D62
:104F00002D2D2D2D2D2D5753532050726F66696C0A
:104F100065204578616D706C652D2D2D2D2D2D2D05
:104F20002D2D2D2D2D2D2D2D2D0A0000A19600208B
:104F30007C96002000000000BCC00020340000006F
:104F4000F0C00020180100005CC0002063726561A1
:104F50007465204170704D73674964206661696CA7
:104F600065640000494D002085580020A4C0002041
:104F700057535320496E6974204661696C6564001B
:104F8000C97A00208C950020AA95002074C00020CA
:104F90002D7C002088130000C195002084B0104CA7
:104FA000104D04E0621C81B2104603F0F3FB286848
:104FB0000022D34301A903F0E7FB0028F2D101A8A6
:104FC00003F0EEFB02990029F1D00398002802D0EB
:104FD00003F0ECFBEBE7204603F0EEFBE7E7C0460F
:104FE000026000008497002080B50A460021FFF788
:104FF0005DFE4142484180BD80B5FFF783FE4142DE
:10500000484180BD80B5FFF7CDFE4142484180BD9B
:1050100080B5FFF7E3FE4142484180BD3E4800882D
:10502000421A50425041354A12888A4201D040000B
:10503000704701207047C046B0B582B000282ED01E
:105040002F49086018490025184B28462A4601F0C8
:1050500073FB0124002823D000950195892043008B
:10506000134928462A4601F0FBFA24490880002803
:1050700016D003F0A7FB28490880002810D00D485F
:10508000022100252A462B4603F0A2FB002807D068
:1050900001F018FB2148012101702C4600E010248A
:1050A000204602B0B0BDC0460F180000E8960020B0
:1050B000192A000008290000B0B51D460F480088D5
:1050C00088420BD10124002D14D00D480068804780
:1050D000642800D3642028702046B0BD0E480088A4
:1050E000884209D10224002D04D0002068700B48AA
:1050F000007828702046B0BD0020B0BD6CC00020F4
:1051000068C0002004480088884203D100980078D5
:1051100002490870002070476EC0002070C0002057
:10512000F0B593B07F48012103F058FB002600281A
:1051300000D1DBE07C4803F057FB002800D1D5E02C
:105140007A4803F057FB002800D1CFE078480124CB
:10515000214603F055FB002800D1C7E00420009051
:105160007448754A10210B4603F050FB002800D10B
:10517000BCE07248062103F04FFB002800D1B5E0E7
:105180006F48022103F04EFB002800D1AEE025025B
:1051900000206C496C4A131859601D8149191C3054
:1051A0007028F8D100206949694A131859602826E7
:1051B0001E8128311C307028F7D166480D9065A0FB
:1051C00041688268C06810900F920E910DA803F09C
:1051D0002FFB002800D186E001940020614A624B39
:1051E0001918CA600D824121890052183030602898
:1051F000F6D10395BF20C5435C4F28465C4A14187E
:10520000CC22A750D023E6522C373030F6D1029270
:105210000024584F58480019C7600A460399018274
:105220001146BF183034602CF4D15449544C029AC2
:1052300060198150C6522C313035F9D151A104A8E2
:10524000024678C978C278C978C203F0F7FA002814
:10525000039C4AD000205349534A13189C819960FB
:10526000091920304028F8D14F480222214603F086
:10527000EBFA002839D000204C494D4A1150131840
:105280009C80091910302028F8D149480222214673
:1052900003F0E0FA0026002828D046480DAA11465F
:1052A00038C838C138C838C14020082103F066FA30
:1052B0004149086000281CD0404804AA114638C85B
:1052C00038C138C838C138C838C13D4800263146D1
:1052D00003F0C6FA07463B480760002F0DD03A4856
:1052E00003F0C4FA0CE0002600E00026304613B0BC
:1052F000F0BD384804F018FBF8E7344804F014FB1C
:10530000019C002FF2D003F0B7FA0398F43003F0B9
:10531000B9FA7D2040012E4903F0BAFA03F0BEFA33
:105320002646E3E7C0AA002090AD002058AC00203C
:1053300030A6002008B0002018B0002018B20020CD
:10534000A8AF002048B6002078AE002058BE00204C
:1053500028B0002078AE00200001040028B0002012
:105360002800040050BC002048AF0020A8BF002047
:1053700058B1002048BA0020E8AE0020F8BE002056
:1053800098B0002048AF00200001020058B1002072
:1053900028000400E8AE00200001020098B00020C0
:1053A0002800040048B20020F0A5002048B40020E6
:1053B000A0AA00209C9100208CC40020789100209D
:1053C0001D59002054C40020797700201993002033
:1053D000AC0D00000293002062480088401A414250
:1053E0004141C8007047C046F0B583B0434900252D
:1053F000434B28462A4601F09FF9002867D00095C4
:105400000195812043003F4C284621462A4601F061
:1054100027F9002860D0534908800D2001903A48B0
:105420000090611C00200223024601F019F90028B7
:1054300057D00E26019635480090A11C0025022366
:1054400028462A4601F00CF900284FD01227019770
:105450002F480090E11C0296022628462A46334631
:1054600001F0FEF801972B480090211D28462A469E
:10547000334601F0F5F8019727480090611D284652
:105480002A46334601F0ECF8019724480090A11D0C
:1054900028462A46334601F0E3F802980190204856
:1054A0000090E11D28462A46334601F0D9F807202E
:1054B00001901C4800902D34284621462A46334648
:1054C00001F0CEF801F0FEF803F0EEF912E0164814
:1054D00004F02AFA01250DE0134804F025FA01250D
:1054E00008E0114804F020FA012503E00E4804F01A
:1054F0001BFA0125284603B0F0BDC0460A1800007B
:10550000DC910020232A00005492002064920020A5
:10551000189200202C9200207492002040920020CB
:105520000892002000970020E392002010B50D485B
:105530000088884214D10820002B10D00A490A683C
:10554000496819711A700C0EDC710C0C9C71090AF7
:105550005971110ED970110C9970110A597010BD42
:10556000002010BDA6D80020E0EE0020B0B584B029
:1055700013460C46EFF305856946487000220A7011
:1055800002940193002D01D0134600E0D343094853
:10559000006803F08FF900280AD0034606A00FA187
:1055A000A02203F03BFD12A01BA1B12203F036FDA7
:1055B00004B0B0BD5CC000205B25735D5B25645DFD
:1055C000203A2053656E64204D65737361676520D2
:1055D0004661696C65643A2025640A0073656E64EF
:1055E0005F6D73675F6170705F7461736B00000063
:1055F0005B25735D5B25645D203A2053656E6420F6
:10560000426C65204D657373616765204661696C06
:1056100065640D0A00000000626C655F6576656E6A
:10562000745F63616C6C6261636B0000B0B582B0E3
:10563000401E622800D9ABE10C464D1C4000C0461C
:105640007844808840008744620076008C00A00087
:10565000C500D000E100F50011012101A301A30163
:10566000A301A301A301A301A301A301A301A3011A
:10567000A301A301A301A301A301A301A301A3010A
:10568000A301A301A30139013C0147015501A30175
:1056900058015E016201A301A301A301A301A301BB
:1056A000A301A301A301A301A301A301A301A301DA
:1056B000A301A301A301A301A301A301A301A301CA
:1056C000A301A301A3016F01A301A30178017B0141
:1056D0007E018101840187018A018D019001A3016E
:1056E0009301A301A301A301A301A301A301A301AA
:1056F000A301A301A301A3019601A301A301A30197
:10570000A301A301A301A301A30199019F01A07813
:10571000E17809020918DF4803F080FCA078E178FD
:1057200009020818D9490880E0480368002B00D115
:105730002EE1012010E02878697809020918E27842
:10574000D34803F06BFCD14800210180D74803689F
:10575000002B00D11CE1022000210A46984702B02C
:10576000B0BD2079617909020918E3782A78BF4829
:1057700003F0A6F8207961790902091828786A7877
:1057800012021218E378BA4850E0207961790902D0
:105790000918A94802F0FEFF211DA848082203F0BD
:1057A00095F82079617909020818A179E279120245
:1057B000511809040A18207A617A09020818A17A96
:1057C000E37A1B02591809040B189DA003F026FC6C
:1057D00002B0B0BD2389E288A188954803F07CF827
:1057E0002389E288A188934820E028786978090213
:1057F0000918A878EA7812021218A879EB791B0226
:105800001B188A4803F068F802B0B0BDA078E178B0
:105810000902091863792279824803F051F8A078C7
:10582000E17809020918637922797F4803F0F6FBD1
:1058300002B0B0BDE2782978904803F053F8287898
:10584000697809020918E2788D4803F0E7FB8D4872
:1058500001908D4800908D4C2088694603F048F8EF
:105860002088C82103F04AF802B0B0BD28786978D2
:10587000090209187F4802F08DFF2878697809022B
:1058800009187D4803F0CAFB02B0B0BD20786178EA
:1058900009020918A078E27812021218524803F09F
:1058A00033F82078617809020918A078E2781202AA
:1058B00012184EA003F0B2FB02B0B0BD21884848D8
:1058C0005EE0A01C002103F025F8014620786278F4
:1058D00012021218414809E0A01C002103F01AF836
:1058E000014620786278120212183B4803F018F83B
:1058F00002B0B0BD2188374842E0207861780902C3
:10590000091833483CE0A2782178304811E020782B
:10591000617809020918A07AE27A120212182A485C
:1059200002F0F2FF02B0B0BD2178E0784042C2B28E
:10593000244802F0D7FF02B0B0BD21781E481FE016
:1059400021781C481CE02178194819E02178174873
:1059500016E02178144813E02178124810E02178ED
:105960000F480DE021780D480AE021780A4807E049
:105970002178084804E02178104801E02178104897
:1059800002F008FF02B0B0BD2178164802F002FF15
:1059900002B0B0BD2BA000002AA0000029A000008A
:1059A00028A0000027A0000026A0000025A00000DD
:1059B00024A0000023A0000022A000002CA00000D2
:1059C00033A0000021A0000016A0000015A00000D8
:1059D00014A0000013A0000012A0000011A00000FD
:1059E00010A0000034A000000FA000005B4D534742
:1059F0005F424C455F4D54555F45584348414E47C3
:105A000045445F494E445D2048616E646C65203DAD
:105A100020307825582C206D7475203D2025640A8F
:105A2000000000000EA00000999300200DA00000CF
:105A30000CA00000EC9400200AA000000BA00000C5
:105A40005B4D53475F424C455F4C4C5F464541546C
:105A50005255455F494E445D2048616E646C652037
:105A60003D203078254C580A0000000009A00000B5
:105A70006194002008A000003294002007A00000DC
:105A8000E89300206300580206000900B8C0002017
:105A9000B39400205B95002010B50446024802F044
:105AA00045FF0248046010BD094E002088A5002073
:105AB0002F480088411A4842484170472C480088C6
:105AC000884205D10120002B01D0002119707047B8
:105AD00000207047F0B583B014460D460146202DD6
:105AE00000D320251F4F38462A46FEF709F8200A22
:105AF0001D4E707034700320C10200201B4B024603
:105B000000F01AFE0124002828D0009701951520E6
:105B1000450200200227294602463B4600F0A0FD30
:105B200000281BD000960197691C0026304632469B
:105B30003B4600F095FD002810D000960196A63552
:105B40008120430030462946324600F089FD002876
:105B500004D00749088000F0B5FD3446204603B064
:105B6000F0BDC046D8D70020D4D70020FC9100203B
:105B7000A0D800200020704725480088401A4142E4
:105B8000414148007047C04621490988814208D1F7
:105B90000220002B04D0002159701E490978197089
:105BA000704700207047C046B0B582B0104900244D
:105BB000104B2046224600F0BFFD0125002813D0DF
:105BC00000940194112003010B492046224600F065
:105BD00047FD002808D002F0F5FD002804D00C494C
:105BE000088000F06FFD2546284602B0B0BDC046D3
:105BF00001180000E8910020052A000004480088F0
:105C0000884203D10098007802490870002070474C
:105C100090D1002018E20020F0B597B00124A10235
:105C20004448454A10252B4600F0E4FD43A00BA94B
:105C30004CC84CC14CC84CC146A002AA1146C8C8A9
:105C4000C8C1C8C8C8C12421284602F075FE47490A
:105C50000860002812D046A011AA114668C868C181
:105C600068C868C10820802102F066FE46490860C5
:105C7000002807D103204003401C01E0032040031B
:105C800002F09AFD40200C210BAA02F077FD3F495B
:105C90000860002818D03EA002AA114668C868C152
:105CA00068C868C168C868C14248002102F0D8FDD0
:105CB000054641480560002D0AD0802002F042FED2
:105CC0003E4802F045FE08E00025002D2ED008E0F9
:105CD00003204003093002F06FFD681E8541002D4E
:105CE00024D026020096102128220823204602F004
:105CF00035FE68363248314602F036FE33208101E7
:105D0000304802F037FE30480221302202F038FEDF
:105D100002F03CFE2D4802F03FFE2D4802F042FE0C
:105D20002C4802F045FE2C4802F048FE284617B0E9
:105D3000F0BDC04618DE002018D800204493002093
:105D400000000000509700203400000088970020D9
:105D5000000600007E93002000000000E8EE002016
:105D60002400000094D500204002000000D800204C
:105D700057930020000000000CEF002024000000DA
:105D800094D1002000040000FCD70020849700205C
:105D900071930020010000000897002044000000DB
:105DA000889D002000080000200000000000000086
:105DB00000000000794700204C97002095760020D5
:105DC000B0DC002020E2002090A50020C547002084
:105DD000E1470020ED470020D547002010B501F035
:105DE00017FF00240221204602F098FC12480422EA
:105DF0000260FF20000411490B6883430B601048C8
:105E000002600F200321072302F0DEFD00F03CF8C2
:105E1000FFF786F9002807D0FFF7FEFE002805D01F
:105E200000F0CEFB204610BD06A000E00CA003F061
:105E30007BFD012010BDC04680E200E000E400E0F0
:105E400000E100E0626C655F636F6E74726F6C6C92
:105E500065725F696E6974206572726F722E0000E0
:105E6000626C655F686F73745F696E6974206572D8
:105E7000726F722E0000000080B502F0ABFD80BD95
:105E800080B502F0ADFD80BD10B52B4802F0AEFD2F
:105E90002A4802F0B1FD2A4802F0B4FD294802F078
:105EA000B7FD294802F0BAFD284802F0BDFD284898
:105EB00002F0C0FD274802F0C3FD274802F0C6FDEE
:105EC000264802F0C9FD264802F0CCFD254802F024
:105ED000CFFD254802F0D2FD244802F0D5FD24482C
:105EE00002F0D8FD234802F0DBFD234802F0DEFD7E
:105EF000224802F0E1FD224802F0E4FD214802F0D0
:105F0000E7FD214802F0EAFD204802F0EDFD2048BF
:105F100002F0F0FD1F4802F0F3FD1F4802F0F6FD0D
:105F20000020C4432046214602F0F6FD20462146CB
:105F300002F0F8FD10BDC046D3BC0200B3BC0200A5
:105F4000BBBC0200CBBC0200C3BC0200B9550100BF
:105F5000695601006127020001270200152702008F
:105F6000710B02005D240200312602009D25020013
:105F70008D260200F9250200C52602007D270200B9
:105F8000752702007D0B0200D9E9030001E8030038
:105F90003DE70300C5EA03009DEA030080B5022047
:105FA00002F0C6FD054802F0C9FDFFF7FDFD19200E
:105FB000C20103481421FFF78DFD80BDF49100203C
:105FC000C4960020F0B583B00124002830D01A4FC9
:105FD00038601A4900261A4B3046324600F0ACFBB6
:105FE000396848800096019629204301154D3046B6
:105FF0002946324600F034FB002819D03968C880A1
:1060000002F0E0FB002813D03968088104200C312D
:1060100000910190691C0025022328462A4600F0C1
:106020001FFB002804D03968888000F04BFB2C4609
:10603000204603B0F0BDC04660C000201D1800001F
:10604000F49600209D2A000003480449016004489A
:10605000044901607047C046300B0020657800207D
:106060002C0B00201D5A002010B504460B48016877
:1060700000290CD00A4802880B689C548B88511C5C
:106080008AB29A4200D300210180204610BD054803
:106090000068E1B202F018FB204610BD04D80020D1
:1060A000A2D800200CD8002010B504A00EA16522B3
:1060B0004224234602F0B2FF204610BD5B25735DEB
:1060C0005B25645D203A2043757272656E742042D0
:1060D000617474657279204C6576656C203A202570
:1060E0007525250D0A0000006765745F6261747490
:1060F0006572795F6C6576656C0000000F480088FA
:106100007047C0460148024901607047280B0020D3
:10611000F158002080B5FEF7CDFC7D20800002F014
:10612000A9FAFDF713FC80BD80B5FFF7A5FE80BD81
:1061300002480088411E88417047C046B8C0002010
:1061400082B00A4D0AA403E00146204602F066FF31
:1061500028680022D343694602F016FB0028F3D1D9
:106160000199009802F0F0FCF2E7C0468CC40020D0
:106170006C6C635F7461736B20676574206D73670B
:10618000206661696C65643A25750A0080B5FEF782
:10619000BDFC02F0DFFC80BD10B50024FFF7C4FF9A
:1061A000002808D0FEF778FC002804D0FEF72EFC6B
:1061B00002F0D6FC0124204610BD000010B5094BAA
:1061C000196009490870094802600120002421462D
:1061D00002F002FA03210A220523204602F0F4FB12
:1061E00010BDC04678EF0020F8D7002074EF0020E3
:1061F0008AB009A001AC21462CC82CC12CC82CC1E6
:106200002CC82CC102F0B2FC0C480021224602F03E
:1062100027FB02F0B1FCFEE783950020010000009F
:1062200030EF002044000000B0D80020000400003F
:10623000180000000000000000000000654300207E
:106240000C460546FEF762FC06A003F06DFB09A0B4
:10625000294602F0E3FE0CA0214602F0DFFEFEF725
:1062600029FCFEE76F7320657272206F636375729D
:1062700073000000636F646520202020203A2030E6
:1062800078253038580A00006F626A6563745F6968
:10629000643A203078253038580A0000F0B583B0D1
:1062A0001C4616460F46029009891348089D2A4647
:1062B00002F02AFBF888C00513D402943C8A0E48E9
:1062C000401C2146324602F01FFBA01B81B2A942AE
:1062D00000D80546AAB2786981190298FDF710FC2A
:1062E00007E03989009502983246234600F0D4FD34
:1062F0000546A8B203B0F0BD15510000F0B585B059
:106300001D4616460F46012101701478384602F0EA
:1063100039FC002800D16EE0009701950746C83788
:106320009D490546481C214602F034FAD8350295AD
:10633000601E512800D9D9E04000C04678448088CA
:106340004000874451005D006F0095009A00A10055
:10635000A700AE00B400BB00C000C700CC00D30053
:10636000D300D900DF00E600EC00D300D300F30037
:10637000F90000010501D3000C01D30013011A013B
:10638000D300D300D300D300D300D300D300D30075
:10639000D300D300D300D300D300D300D300D30065
:1063A000D300D300D300D300D300D300D300D30055
:1063B000D300D300D300D300D300D300D300D30045
:1063C000D300D300D300D300D300D300D300D30035
:1063D000D300D300D300D300D300D300D300D30025
:1063E000D300D300D3001E01029C20463146019AFF
:1063F00002F0CEFBCBE0684802F0DEF905B0F0BD5C
:106400003846314602F0CAFB0028029C00D0BEE0AC
:1064100004A900980880388848800A20042202F0E5
:10642000C3FBB4E00121304602F0C4FB7A889042FD
:10643000014600D311463A88914202D2172900D36F
:1064400039803A7854498B1CC1B2184602F04AFA96
:106450000220B8713988009C204602F0B1FB03A9E4
:106460000C80388848800A20042202F09DFB8DE0D1
:106470003846314602F0AAFB88E0029C20463146AD
:10648000019A02F0A9FB82E038463146019A02F0F7
:10649000A9FB7BE0029C20463146019A02F0A8FB52
:1064A00075E038463146019A00F0DCFA6EE0029C55
:1064B00020463146019A02F0A1FB68E03846314699
:1064C00000F0C6FB62E0029C20463146019A02F0D1
:1064D0009BFB5CE03846314600F056FA56E0029CE1
:1064E00020463146019A02F095FB50E006223846DC
:1064F000214602F095FB49E038463146019A02F008
:1065000095FB43E0029C20463146019A02F094FB41
:106510003DE038463146019A00F032FC36E0029CFC
:1065200020463146019A02F08DFB30E03846314674
:10653000019A00F0C1F929E0029C20463146019AF7
:1065400002F086FB23E03846314600F083F91DE077
:10655000029C20463146019A02F080FB17E0029C23
:1065600020463146019A02F07FFB10E0029C204653
:106570003146019A02F07EFB09E0384600F0C4FB88
:1065800004E038463146019A00F0CDFB029C2046DB
:1065900002F076FB05B0F0BD14520000014802493C
:1065A00041607047BC0A0020D95A002010B50C4643
:1065B000C988C90503D5218900F056FC208210BD89
:1065C00080B5104802F054FA0F4802F057FA0F480D
:1065D00002F05AFA0E4802F05DFA0E4802F060FA34
:1065E00001F018FA01F048F801F030F800F09AFCD8
:1065F00001F032F801F010F800F09AFCFFF7CEFF3E
:1066000080BDC04609720020D57200204172002072
:10661000317300209D720020B0B501468B4A10886E
:10662000002810D013888A4A1468002204E0083435
:10663000521C9A42184608D225888D42F7D86588A0
:106640008D42F4D302E0002200E01846D100804BD6
:106650001B6859184968002900D01046B0BDC046D3
:10666000F0B581B01C4617460D461549079B069AA2
:1066700000280DD00D46002F1BD03846214602F0D1
:1066800005FB0646681C1022394602F01FF90AE095
:1066900028460F46214602F0FFFA0646B81C294656
:1066A00002F078F83D46E81C3146224602F02CF90B
:1066B00003E0284602F080F80026304601B0F0BD25
:1066C000A5520000F0B581B060480188002912D0C1
:1066D00002885F480368002004E00833401C9042B1
:1066E000114606D25C88002CF7D11C88002CF4D00F
:1066F00002E0114600E000200E4C884206D181B233
:10670000204602F047F8002001B0F0BDC60002F0BC
:10671000C9FA05464E4F38688019458002F0C8FA1C
:106720000246601C294602F0EFF83868801940885C
:1067300001B0F0BDA3520000F0B583B001920E4647
:10674000424D29880024002902930FD0404A126844
:106750001788002F0AD02988083201231C468B4253
:1067600004D2631C17880832002FF7D18C4205D160
:10677000A1B21F4802F00EF8002735E01C4D00289A
:1067800013D02E46019D002D2AD00520C102284697
:1067900002F094FA0746B01C10222946354602F052
:1067A00095F8002F0DD100271EE00520C1023046CC
:1067B00002F08AFA0746E81C314601F0EBFF002F91
:1067C000F1D0E000224909680F520818029941608F
:1067D00000214180281DA2B2394602F095F803E05D
:1067E000701C01F0E9FF0027384603B0F0BDC04639
:1067F00099520000F0B581B0134D00281FD0002A37
:106800001DD00C4600291AD0002B18D00F490B8040
:106810000F490A6000210F460E46FF00D151761C39
:10682000F7B29F42F9D3002200922146134602F0AC
:1068300051FA681C214601F0ADFF01B0F0BD2846B9
:1068400001F0BAFF01B0F0BD9752000058C000201F
:1068500064C0002070B582B00E460446102002F0DD
:106860003FFA00280AD005466189A0887278002383
:1068700000930193012A06D0032205E00D4801F0A0
:106880009BFF02B070BD022200F026FB010607D07C
:10689000C3B218210022284602F028FA024602E07C
:1068A000192028700122A088294602F025FA02B09A
:1068B00070BDC04623510000F0B58BB004920C4669
:1068C00005460121204602F075F9074603212046BE
:1068D00002F070F903902E462888001D80B202F065
:1068E000FFF9002813D0054605A8394602F00AFA38
:1068F000002811D005A8C088010701D5C00512D411
:10690000162128463A4602F003FA024628E01D48BE
:1069100001F052FF0BB0F0BD162128463A4602F0B6
:10692000FDF902461CE005A9304602F0FDF90028F9
:1069300001D003460EE0B0880499491F89B2621D58
:106940000092019101223946039B00F0C5FA01062D
:106950000CD0C3B2162128463A4602F0C7F90246C7
:10696000B088294602F0C8F90BB0F0BD2846214690
:10697000049C2246FDF7C4F8172028707781224630
:10698000EEE7C04622510000F0B589B00D4604463E
:106990000121284602F00EF906460321284602F09E
:1069A00009F9029003A8314602F0ACF907462088A5
:1069B000001D80B202F094F900280CD00546002F8B
:1069C0000ED003A8C088800710D40C212846324678
:1069D00002F0B0F93BE0224801F0EEFE09B0F0BD54
:1069E0000C212846324602F099F930E003A92046EE
:1069F00002F09AF9002806D003460C2128463246B8
:106A000002F074F923E0A08803AF3946FFF7CEFD0A
:106A1000388A029A824205D90C212846324602F071
:106A20008FF914E0801A411C2088814203DD101880
:106A3000401E03A908820798801A81B2A08800919D
:106A40006B1C03A9FFF72AFC0D212970401CA188AB
:106A500082B20846294602F04FF909B0F0BDC0469F
:106A60001F510000F0B591B014460E4607460121B3
:106A70003046099102F09EF805460321304602F0A7
:106A800099F8024671480A9529460546089201F090
:106A90003BFF7279681C214601F036FF0797388862
:106AA000001D80B202F01CF9002804D00746082C13
:106AB00006D3102005E0A81C01F07EFE11B0F0BD49
:106AC000022006900A9A0899501E80B288420AD283
:106AD000701D05900BA802F039F900260396029666
:106AE000099804900FE00821384602F017F99EE05B
:106AF0000BA9079C204602F017F9002834D0039018
:106B0000099C002C75D10BA802F026F9002870D042
:106B10000BAC204602F026F92289A188E81C01F07E
:106B2000F3FE0E98017840780002401882B2E188A6
:106B3000281D01F0E9FE20890028E1D000240A99EF
:106B40008842DED308998842DAD80BA80599069ABC
:106B500002F00EF90028D4D00BA8C0888007C7D453
:106B60003004CED10D9ECCE7A0880BA9FFF71EFD07
:106B70000F98801C049989B200220392022904D341
:106B800082B2029B9BB29342BAD1012903D17870A1
:106B9000049B5B1C01E0049B0298029080B299B2B6
:106BA0000A1820888242049306D90229A8D8001F17
:106BB0000BAA1082801C78700BAC2289384602F038
:106BC000DDF807988088218A00910499891C049136
:106BD00089B27B18002203922146FFF75FFB04462F
:106BE000681D214601F0D6FD049820180490039CEE
:106BF00087E7049988B2022802D30920387017E089
:106C00000399080606D0CBB2082138460A9A02F04A
:106C10006DF80CE0300405D0B2B20821384602F01D
:106C200089F804E0082138460A9A02F0ADF80146D6
:106C3000A81D8CB2214601F0ADFD07988088394629
:106C4000224602F059F811B0F0BDC04617510000BD
:106C5000F0B587B00A4604460121104601F0AAFFAC
:106C6000064601A8314602F04DF807462088001D6F
:106C700080B202F035F800280CD00546002F0ED067
:106C800001A8C088800710D40A212846324602F0A5
:106C900051F82EE01B4801F08FFD07B0F0BD0A212E
:106CA0002846324602F03AF823E001A9204602F0D5
:106CB0003BF8002806D003460A212846324602F057
:106CC00015F816E0A08801AE3146FFF76FFC20886A
:106CD000318A814202D3401E01A90882A08801A9FD
:106CE0000A8A00926B1C0022FFF7D8FA0B21297048
:106CF000401CA18882B20846294601F0FDFF07B07A
:106D0000F0BDC0461E51000080B582B00189002947
:106D100007D000230381808800930193042200F0B0
:106D2000DBF802B080BDF0B589B015460C460746C9
:106D30000121204601F03EFF064603A8314601F03E
:106D4000E1FF00280CD04120800003A9C988014040
:106D5000814205D103A9384601F0E6FF002801D0A1
:106D600009B0F0BDB888E91E89B2E21C0092019119
:106D700000223146134600F0AFF809B0F0BD000024
:106D8000F0B58BB003920C46074601260846314603
:106D900001F010FF014605A8049101F0B3FF05467C
:106DA000102001F09DFF00280CD0002D0FD005A968
:106DB000CA8811073D4613D412210446049A01F0F3
:106DC000A7FF1AE0274801F0F7FC0BB0F0BD122135
:106DD0000446049A01F0A2FF214606463D460EE015
:106DE00005A9D20511D4098AC91C039B99420CD26A
:106DF00012210446049A01F0CDFF21460646A888D8
:106E0000324601F079FF0BB0F0BD002AD4D5074619
:106E100005A9284601F088FF002805D00346122165
:106E20003C463846049A13E0A8880399C91E89B2E3
:106E3000E21C009201910022049C2146134600F0BE
:106E40004BF8010609D0C3B2122122463C4638460F
:106E500001F04CFF39460646D1E713203946387019
:106E6000CDE7C04621510000B0B50C4605460846A6
:106E7000FFF7D2FB014629480288002091420AD040
:106E8000C900274A1268511849680A68002A02D0C6
:106E9000284621469047B0BDF0B581B01C46154646
:106EA0000E4607460846FFF7B7FB01461B48028817
:106EB000002091420ED02346C900194A1268511889
:106EC00049684C68002C05D0069800903846314639
:106ED0002A46A04701B0F0BDF0B583B01C46154668
:106EE0000E4607460846FFF797FB01460B48028807
:106EF0000020914210D02346C900094A1268511857
:106F000049688C68002C07D0099808990091019075
:106F1000384631462A46A04703B0F0BD58C000208D
:106F200064C0002008480149C1647047316B0020EB
:106F3000092040010449054A0A50E2480021044A58
:106F4000026041607047C046500B00206D73002006
:106F5000ED490000F0B587B00546D8482E18452009
:106F6000000128180290F8482B5C0391497B976830
:106F7000D0682C4650340278002B45D0002965D0CB
:106F8000092A00D0B1E0FF2109020F4009210902BE
:106F90008F4200D0FCE0027A04A90A720279437998
:106FA0001B029A188379C5792D02EB181B049A18D5
:106FB0000592027843781B029A188378C078000201
:106FC000C018000480180490481C01F0E9FE074630
:106FD0000D46012030700026039A967210208143DE
:106FE000B9482F303840029B03C3517BB448401C42
:106FF00001F0D0FBB64A3A40512085432188304603
:107000002B4601F0D3FE55E1002970D0092A00D1AA
:10701000CAE0072A00D008E1FF231B021F40012617
:1070200073029F4200D015E140780E2800D041E164
:10703000002603988672A248401D01F0ABFB218810
:107040001A203246334601F0B1FE33E10E2A00D059
:107050009CE0FF210902394009231B02994200D01C
:10706000E7E0027A04A90A72027943791B029A18AE
:107070008379C4792402E3181B049A1805920278D4
:1070800043781B029A188378C0780002C018000465
:1070900080180490481C01F083FE0191894A0ACAB5
:1070A000894A0090084011402F2404400A191027F3
:1070B000BB43284601F080FE002800D1F7E00246DD
:1070C000F84301213170814991610399D161019B9C
:1070D000034000987C4E30400443029804604360B3
:1070E000284601F06FFE0026E4E00126E2E0082ACF
:1070F00000D09CE0FF210902394009231B0299427C
:1071000000D0C1E0027A04A90A72027943791B0215
:107110009A188379C4792402E3181B049A180592FB
:10712000027843781B029A188378C0780002C0184E
:10713000000480180490481C01F032FE0191614A5D
:107140000ACA614A0090084011402F2404400A19DD
:107150001027BB43284601F02FFE002800D1A8E0ED
:107160000246F84301213170584991610399D16178
:10717000019B03400098544E304004430298046041
:107180004360284601F01EFE002693E0012691E0B0
:107190002846039C214601F01BFE0026A672617B57
:1071A000474801F0F7FA85E0FF2109020F40092165
:1071B0000902434B8F425AD1027A04A90A7202791A
:1071C00043791B029A188379C5792D02EB181B04A9
:1071D0009A180592027843781B029A188378C0782F
:1071E0000002C018000480180490481C01F0D8FD6B
:1071F00007460D46012030700026039A9672102033
:10720000814331482F303840029B03C3517B2C48C7
:10721000C01D01F0BFFA2E4A3A4051208543218813
:1072200030462B4601F0C2FD44E0012642E0012633
:1072300040E02846039D294601F0CAFD204CA01CD1
:10724000394601F0CBFD0026AE72697BE01C01F0EF
:10725000A1FA2FE02846039C214601F0B9FD002643
:10726000A672617B1648001D01F094FA22E02846C0
:10727000039C21461D4601F0ABFD0026A672617BF2
:10728000A81D01F087FA15E02846039C214601F06D
:107290009FFD0B4D28460830394601F09FFD002622
:1072A000A672617B0935284601F074FA02E00226D5
:1072B00000E00226304607B0F0BDC0464904000099
:1072C000CE36000008C2002000CF87F7A980020058
:1072D0002FCF87F770B5002810D00D4600290DD0AC
:1072E000002A0BD0D168097800240E290FD0082974
:1072F00027D11549405C002823D10CE016204921F4
:1073000000242246234601F06FFD204670BD0E4941
:10731000405C002815D001242C730026EE72FF205B
:1073200004302881304601F065FD03C50748EE8032
:107330006E716E61AE61E861AC700548314601F076
:1073400029FA204670BDC046510300003167002075
:10735000CD36000010B5044600F026FD002802D00E
:107360000C21012006E000F0F9FC002801D10146C3
:1073700000E00C212070084610BD000010B50A4640
:10738000002911D00446906B00280DD0107C0728EE
:1073900011D0062816D005281DD110480068D060ED
:1073A000104600F023FD13E08520C1001C200023BF
:1073B00001F01AFD10BD09480068D060104600F0C9
:1073C00019FD05E005480068D060104600F018FD82
:1073D0000120207010BD0020207010BD500800203A
:1073E000B0B50D4600290FD00446A86B00280BD07D
:1073F000287C07280FD0062812D0052817D1284648
:10740000114600F0F4FC0FE01C200A4900232A4634
:1074100001F0EAFCB0BD2846114600F0EEFC03E0A6
:107420002846114600F0F6FC01202070B0BD002077
:107430002070B0BD8D04000010B50A46002918D098
:107440000446906B002814D0107C072817D006281B
:1074500023D0052831D140480178D06848431849E5
:107460000968884200D80146D160104600F0C0FC8F
:1074700020E01C201349002301F0B6FC10BD364863
:107480000178D06848430E490968884200D801460F
:10749000D160104600F0B2FC0CE02F480178D068B3
:1074A000484307490968884200D80146D160104620
:1074B00000F0CFFC0120207010BD0020207010BD16
:1074C0005408002053040000B0B50D46002919D01F
:1074D0000446A86B002815D0287C072819D0062858
:1074E00026D0052835D1E8681B490978FCF7DBFB75
:1074F0001A490968884200D30146E960284600F02D
:1075000078FC23E01C20164900232A4601F06CFC7D
:10751000B0BDE86810490978FCF7C5FB0F49096858
:10752000884200D30146E960284600F068FC0DE07F
:10753000E86809490978FCF7B6FB084909688842F8
:1075400000D30146E960284600F096FC0120207037
:10755000B0BD00202070B0BD5C080020580800209D
:10756000B5040000B0B50446012500F085FB0028F5
:1075700001D0284608E000F017FC002801D00120C7
:1075800002E000F0EBFB054620702846B0BD70B568
:1075900004460C26012500F0A3FB00280BD100F0C7
:1075A00010FC002807D100F0E6FB0546002801D1B9
:1075B0002E4600E00C262570304670BD70B504469E
:1075C0000C26012500F08CFB00280BD100F0F9FB04
:1075D000002807D100F0CFFB0546002801D12E4638
:1075E00000E00C262570304670BD10B5044600F052
:1075F00077FB002803D100F0E4FB002803D0002033
:1076000020700C2010BD00F0B6FB00212170002876
:1076100000D00C2010BD0000152000011249074ABF
:107620000A5053208000064A0A502920C000054A0B
:107630000A5051208000044A0A507047A56C00206F
:10764000BD6B0020156C0020596B002006480149D5
:1076500001667047416D002003480449044A054B08
:107660008363C26301647047500B0020C76D002024
:107670006B6D0020996D002070470000B0B584B09C
:10768000002808D004468168022001F0B9FB0028D8
:1076900004D004B0B0BD042004B0B0BDE389A28919
:1076A000607C014601F0B2FB0028F2D16269A36957
:1076B000217C607C012500950190029000252846E0
:1076C00001F0AAFB0028E4D1206A01F0ABFB0028FE
:1076D000DFD1A18B606A01F0ABFB0028D9D106484D
:1076E0000570627C03CC01F0A9FB0028D1D101F028
:1076F000ABFB284604B0B0BD0C0D002070B50126D0
:107700000670274800780024002801D0204670BD6C
:10771000EFF31085EFF3108072B601F09BFB0028A9
:107720000CD0344C2078002804D11F4801F098FB7D
:107730000120207085F31088012070BD2F49084674
:10774000683800682B4A1278002A1DD030401BD0C0
:10775000052208680B68984204D0531E12061A4688
:10776000F7D1FF22110613D023490968814213D9AA
:107770000C4A128885F31088081A5109884200D8EB
:1077800000263446204670BD85F31088204670BD23
:1077900085F31088204670BD85F31088204670BDA3
:1077A0005F09002022080020FFFFFF1FB0B5012164
:1077B0000170EFF31084EFF3108072B60D4D28784E
:1077C000002813D00C4800680C490968814205D292
:1077D000491D814204D201F049FB05E0642001E02B
:1077E0004B20800000F046FF0020287084F31088B2
:1077F000B0BDC0465B09002080000040E8010040A9
:10780000B0B584B0002808D004468168042001F097
:10781000F7FA002804D004B0B0BD042004B0B0BD15
:10782000E389A289607C014601F0F0FA0028F2D1D8
:107830006269A369217C607C01250095019002901A
:107840000025284601F0E8FA0028E4D1206A01F07A
:10785000E9FA0028DFD1A18B606A01F0E9FA00287B
:10786000D9D103CC627A01F007FB0028D3D10348B9
:10787000057001F007FB284604B0B0BD9C0D002048
:1078800070B584B0002808D004468168062001F055
:10789000B7FA002804D004B070BD042004B070BD55
:1078A000E389A289A17C607C01F0B0FA0028F2D1C2
:1078B0006269A369217C607CA57C01260096019009
:1078C00002950025284601F0A7FA0028E3D1206A96
:1078D00001F0A8FA0028DED1A18B606A01F0A8FAB5
:1078E0000028D8D103CC627A01F0A8FA0028D2D1BE
:1078F0000348057001F0CCFA284604B070BDC046BC
:107900009D0D0020B0B584B0002808D004468168E1
:10791000032001F075FA002804D004B0B0BD0420A3
:1079200004B0B0BDE389A289607C014601F06EFA23
:107930000028F2D16269A369217C607C0125009551
:10794000019002900025284601F066FA0028E4D153
:10795000206A01F067FA0028DFD1A18B606A01F08C
:1079600067FA0028D9D103CC627A01F085FA0028A1
:10797000D3D10348057001F091FA284604B0B0BD98
:10798000BC0D002070B584B0002808D00446816882
:10799000052001F035FA002804D004B070BD0420A1
:1079A00004B070BD638A228AA17D607D01F02EFA49
:1079B0000028F2D1A17DE06801F076FA0028ECD130
:1079C000A269E369217D607DA57D01260096019075
:1079D00002950025284601F01FFA0028DDD1606AD3
:1079E00001F020FA0028D8D1218CA06A01F020FAF9
:1079F0000028D2D103CCA27B01F03EFA0028CCD1E2
:107A00000348057001F056FA284604B070BDC04620
:107A1000BD0D002002480349816403494165704758
:107A2000200D0020896F0020D96E002070B505461A
:107A3000554E3068002801D0012070BD01F040FA99
:107A40002846FFF71BFE0446002801D0204670BDE3
:107A50000348306003CD01F039FA204670BDC046BE
:107A600084270200F0B581B00446474F38680028EB
:107A700001D001261EE001F023FA03CC637A002531
:107A80002A46083C01F028FA03C42068627A294695
:107A9000083C01F027FAA0602046FFF7B1FE064639
:107AA000284601F025FA002E04D10448386003CCA2
:107AB00001F00CFA304601B0F0BDC046D4270200F8
:107AC00070B50546304E3068002801D0012070BDE9
:107AD00001F0F6F92846FFF7D3FE0446002801D04E
:107AE000204670BD0348306003CD01F0EFF9204619
:107AF00070BDC046E4270200F0B581B00446224FB5
:107B00003868002801D001261EE001F0D9F903CC25
:107B1000637A00252A46083C01F0DEF903C4206898
:107B2000627A2946083C01F0DDF9A0602046FFF7A3
:107B3000E9FE0646284601F0DBF9002E04D1044890
:107B4000386003CC01F0C2F9304601B0F0BDC04648
:107B5000F427020070B505460B4E3068002801D0AE
:107B6000012070BD01F0ACF92846FFF70BFF044679
:107B7000002801D0204670BD0448306003CD01F0DC
:107B8000A5F9204670BDC046C00D002004280200A3
:107B9000B0B501230370D06804780020162C35D8C6
:107BA0007123DB00CB18C0467C4424796400A744D1
:107BB000151A2D0B2D2D2D2D102D0B2D1F2D102DAC
:107BC0002D2D2D2D242D29000846194601F096F95A
:107BD000B0BD08461946FFF77DFBB0BD0846194603
:107BE00001F092F9B0BD0846194601F093F9B0BD15
:107BF0000846194601F094F9B0BD0846194601F04F
:107C000095F9B0BD0846194601F096F9B0BD0000DF
:107C100080B501F097F901F09BF901F09FF9002878
:107C200000D080BD01F0A0F9054801F0A3F90220C1
:107C300000F07EFF0B2001F0A3F9002080BDC046BC
:107C400020F50100084909680A4A1278824203D8DF
:107C50000020002907D105E03522D20042438818D0
:107C6000002900D10846704780AD00200148007807
:107C70007047C0465AC00020F0B581B0FFF7F6FF4C
:107C8000002827D0044600250126E8B2FFF7DAFFD6
:107C900000280FD099300178002907D040780028BB
:107CA00004D00020374600280FD114E030460028C9
:107CB0000BD110E0912001011E202A46234601F03D
:107CC00093F800273846002805D06D1CAC42DCD163
:107CD000002700E000270120384001B0F0BD00007F
:107CE000F0B581B0FFF7C2FF002828D00446002578
:107CF0000126E8B2FFF7A6FF00280DD08D30017BEA
:107D0000002905D0417B002902D00078002811D03D
:107D1000304600280AD115E01E200C492A46234689
:107D200001F062F80027384600280BD06D1CAC42E9
:107D3000DFD106E0002037460028F7D102E0002717
:107D400000E000270120384001B0F0BD2609000006
:107D5000014800687047C04684AD002080B5FFF739
:107D6000F7FF002805D03321C900405C411E88413F
:107D700080BD002080BD80B5FFF7EAFF01460020EE
:107D800000290AD03322D2008A181278002A04D09F
:107D900091310878411E4842484180BD0148006841
:107DA0007047C04688AD002080B5FFF7F7FF002878
:107DB00005D047218900405C411E884180BD0020DC
:107DC00080BD80B5FFF7EAFF0146002000290CD0F6
:107DD000472292008A181278002A06D0A531097825
:107DE00002220A43032A00D1012080BD7047704758
:107DF000704770471721817470477047704770470C
:107E0000FF217431826B64235354837450181921F9
:107E10004170704770B50A460446FF21084620307D
:107E2000A36B1E18B92040001D18185C002807D04D
:107E3000FF2A00D8D1B268781A2200F036F86870AC
:107E40003078002801D0012000E00220285CA074D6
:107E500070BDB0B50446FF20A16B024620328A5C9B
:107E6000002A08D074300D18287801211A2200F059
:107E70001CF82870A074B0BDB0B50446FF20A16BFB
:107E8000024620328A5C002A08D074300D18287807
:107E90003221642200F003F82870A074B0BD4018AD
:107EA000904200D80246D0B270475318834200D2A5
:107EB000421AD0B270470000F0B585B016460546AC
:107EC000EFF3058002AA95701180D6700024039408
:107ED000002800D1E443002E2DD0242E18D8019381
:107EE0002C4800900068002101F050F80390002811
:107EF00009D12748009000680027394601F046F86C
:107F0000039000283BD000980068049003980EE08E
:107F1000802E28D801931E4800680027394601F0BA
:107F200035F80390002825D0194909680491019972
:107F30003246FBF7E5FD154EF01C294600F02AFC01
:107F40001548006802A900252A46234600F0B2FC25
:107F500047424741002815D0321D81B2104600F03B
:107F600019FC2F460EE00948801C314600F012FC37
:107F7000002707E00548401C00F01EFC02E0034813
:107F800000F01AFC384605B0F0BDC04604600000A1
:107F9000FCD7002000D800208497002010B582B0C4
:107FA000019100900022EFF30580002801D01346D4
:107FB00000E0D34307480068694600F07BFC0446B4
:107FC000002803D004A0214601F028F86042604157
:107FD00002B010BD8CC40020626C655F7461736B6D
:107FE0005F73656E645F6D73675F746F5F6C6C6306
:107FF0005F7461736B206661696C65643A25750A0C
:108000000000000070B58EB019480AA90A4638C8A9
:1080100038C203881380807890700024204600F0D6
:10802000BBFF07A90C2088721248088112480890EB
:10803000124807900B22204600F0B4FF104801AD13
:1080400029460CC80CC14CC84CC100880880A81C2B
:108050000C491422FBF754FD16222046294600F055
:10806000A7FF0121204600F0A9FF0EB070BDC04659
:10807000B491002019800000021D180302010603BC
:10808000C4910020C49600201C4615460E460746A3
:10809000FCF73CFD07A001F047FC0BA03946324637
:1080A00000F0BCFF10A02946224600F0B7FFFCF705
:1080B00001FDFEE773797374656D206572726F72EE
:1080C000206F6363757273007531364572724D6F40
:1080D00064756C653A2575207531364572724C6948
:1080E0006E653A25750A0000753332457272496E25
:1080F000666F313A257520753332457272496E6666
:108100006F323A25750A0000B0B582B00446407D52
:10811000217D00290CD0EFF31081EFF3108272B6AD
:108120000022227562682260626A226281F31088EE
:1081300000280AD0EFF31081EFF3108272B600220C
:108140006275E27DA27581F31088A17D02291DD0A0
:10815000002941D1EFF31080EFF3108172B6E16A8C
:10816000002901D0A26A8A621D4A1368A34201D184
:10817000A36A13601B4A1368A34200D1116080F305
:1081800010880020A062E06202B0B0BD00280CD0D0
:108190002569E5607D20C1002068C003FBF783FDF1
:1081A0004019A060019502B0B0BD207E012811D118
:1081B00000200190094801A900F068FA019DE560DE
:1081C0007D20C1002068C003FBF76DFD4019A06051
:1081D00002B0B0BD0120A07502B0B0BD0030056096
:1081E00098D800209CD80020F0B589B0002867D02E
:1081F000354908600124E607344D082228463146F7
:1082000000F06EFA0194A70706222846394600F0CE
:1082100067FA022428463146224600F049FA2846E9
:108220003946224600F044FA2C2000F053FA054665
:10823000002846D126480390E12040020290834E58
:1082400002A9304600F052FA0546002839D117201D
:1082500000F040FA0546002833D13046019F3946E8
:1082600000F0B2FE04A903240C747D20C000069027
:1082700018480590301D049017480790174E304657
:1082800000F0A8FE05460020122100F047FAB804CD
:1082900013490860FF210904124A13688B43A105A2
:1082A00059181160104908600721304600F098FE07
:1082B0003046394600F09AFE304600F0B7F900E04B
:1082C0001025284609B0F0BD8CA5002000B0046040
:1082D0002130010110C2002000024900C08100507D
:1082E00080E200E010E400E000E100E0B0B588B01A
:1082F00005460020039003A9284601F025FB04460B
:108300000398A84222D02046FBF7B9FC00900191C7
:1083100053208000C21C2FA0374900F07FFEFDF7DC
:1083200007FF002853D003AD01202870FBF7D6FBD0
:108330007D21C901FBF7D6FC3048081868802878F1
:1083400000280BD0012811D12E4908E053208200CB
:1083500032A0294900F062FE08B0B0BD284920468D
:10836000FBF7F2FBFBF772FC03A9488003A94C88DA
:10837000254800F0CDF8002803D024482449F522F0
:1083800023E003A8007800280ED12046FBF757FC15
:108390001B49FBF716FCFBF772FC009001911D488E
:1083A0001B49F92200F03AFE03A8007801280ED1FB
:1083B0002046FBF744FC1349FBF703FCFBF75FFC8B
:1083C0000090019114481249FB2200F027FE08B0EA
:1083D000B0BDC0465B25735D5B25645D203A2057C8
:1083E00065696768744D6561737572656D656E74F6
:1083F0003D25660A000000008E96002070170000E0
:10840000000048430000C842A4C00020EB950020B3
:108410005D96002007960020309600205B25735D56
:108420005B25645D203A20496E7075742064617428
:1084300061204661696C65640A00000080B50A46E7
:108440000146024800F0D8FD80BDC046000400602F
:10845000B0B588B0FDF76CFE00283FD003AC00201B
:108460002070FBF73BFB7D21C901FBF73BFC1C485F
:108470000D1865801B48214600F04AF8002803D0FB
:10848000FF221232184826E003A80078002810D1F5
:10849000A8B2FBF7D4FB1649FBF793FBFBF7EFFB06
:1084A00000900191FF201230021D12480F4900F088
:1084B000B5FD03A80078012810D1A8B2FBF7BFFBD7
:1084C0000D49FBF77EFBFBF7DAFB00900191FF20E3
:1084D0001230821D0948054900F0A0FD08B0B0BD6A
:1084E00070170000A4C00020EB950020A996002082
:1084F00000004843079600200000C8423096002044
:10850000334800680089401A4142414148007047A1
:10851000F0B585B004462F48007800280DD00D46F0
:108520000F78684607704A88012100F06BFDB80794
:1085300006D40326780715D418E0002005B0F0BD56
:10854000A8886946C870AA794A71EA798A712A7A34
:10855000CA716A7A0A72AA7A4A72000A08710A26ED
:10856000780703D5287B69468855761C38070BD5D4
:10857000EA896F463846314600F044FD2A8AB11C2C
:10858000384600F03FFD361DE18820886A463346B4
:1085900000F03EFD411E884105B0F0BD0C4800686A
:1085A0000089884206D1002058700A480078187067
:1085B0000220704700207047054800680089884203
:1085C00003D1009800780349087000207047C04626
:1085D00060C000200797002003B40148019001BD4E
:1085E00039C4010003B40148019001BD33F9010011
:1085F00003B40148019001BD43F9010003B40148EF
:10860000019001BDB978010003B40148019001BD9A
:10861000117A010003B40148019001BD6D78010099
:1086200003B40148019001BDB17A010003B40148CF
:10863000019001BD1979010003B40148019001BD09
:10864000610E020003B40148019001BD45A3010081
:1086500003B40148019001BDADA0010003B401487D
:10866000019001BD65BF010003B40148019001BD47
:10867000BDBD010003B40148019001BD51F80200E5
:1086800003B40148019001BD1DBF010003B40148BE
:10869000019001BD45BF010003B40148019001BD37
:1086A000CDBF010003B40148019001BD698D0100F7
:1086B00003B40148019001BD058F010003B40148D6
:1086C000019001BDE971010003B40148019001BDB1
:1086D00079DC010003B40148019001BD557201002D
:1086E00003B40148019001BD858E010003B4014827
:1086F000019001BD89DB010003B40148019001BD77
:10870000ADC3010003B40148019001BD43D701008E
:1087100003B40148019001BD41F9020003B40148CE
:10872000019001BD89C2010003B40148019001BD5F
:108730000922010003B40148019001BDD1230100C9
:1087400003B40148019001BD79C0010003B40148A0
:10875000019001BDBDBE010003B40148019001BDFF
:1087600081BE010003B40148019001BDF9BD0100C3
:1087700003B40148019001BDD9C0010003B4014810
:10878000019001BD0114010003B40148019001BD35
:10879000F912010003B40148019001BDFDF6020089
:1087A00003B40148019001BDB9A0030003B401481E
:1087B000019001BDA511010003B40148019001BD64
:1087C000E9F6020003B40148019001BD513A0300EB
:1087D00003B40148019001BD313A030003B40148DC
:1087E000019001BD3594020003B40148019001BD20
:1087F00025AA020003B40148019001BD49A002006E
:1088000003B40148019001BDCD39020003B4014811
:10881000019001BD7DDC020003B40148019001BD5F
:1088200011F4020003B40148019001BD15D002000B
:1088300003B40148019001BD192C020003B40148A2
:10884000019001BD1959020003B40148019001BD16
:108850005129020003B40148019001BD29820200A0
:1088600003B40148019001BD1D23010003B4014878
:10887000019001BDC5DF020003B40148019001BDB4
:108880006118020003B40148019001BD2D200200CF
:1088900003B40148019001BDFD23020003B4014867
:1088A000019001BD6982020003B40148019001BD3D
:1088B000B13C030003B40148019001BD351401002F
:1088C00003B40148019001BD39F7020003B4014827
:1088D000019001BDD9F7020003B40148019001BD28
:1088E00025F7020003B40148019001BDC5F702005D
:1088F00003B40148019001BDBB1E030003B401484D
:10890000019001BDED2B030003B40148019001BDAE
:1089100011F7020003B40148019001BD03F9020000
:1089200003B40148019001BD61F7020003B401489E
:10893000019001BDD505030003B40148019001BDBC
:108940009D12010003B40148019001BD51EC0300E8
:1089500003B40148019001BDE105030003B40148DF
:10896000019001BD6D18030003B40148019001BDE1
:10897000B95A030003B40148019001BDDD59030059
:1089800003B40148019001BD8518030003B40148F8
:10899000019001BDAF28030003B40148019001BD5F
:1089A000FD05030003B40148019001BD0506030065
:1089B00003B40148019001BDF505030003B401486B
:1089C000019001BDED05030003B40148019001BD14
:1089D00089A6010003B40148019001BDF11A02000B
:1089E00003B40148019001BD7923020003B401489A
:1089F000019001BD7520020003B40148019001BD42
:108A00003920020003B40148019001BD4520020055
:108A100003B40148019001BD8120020003B4014864
:108A2000019001BD6920020003B40148019001BD1D
:108A30005120020003B40148019001BD5D200200F5
:108A400003B40148019001BD31E0020003B40148C4
:108A5000019001BD19E0020003B40148019001BD7D
:108A600025E0020003B40148019001BDB9DF020016
:108A700003B40148019001BDD1DF020003B40148F5
:108A8000019001BDF5DF020003B40148019001BD72
:108A9000DDDF020003B40148019001BD01E00200E6
:108AA00003B40148019001BDE9DF020003B40148AD
:108AB000019001BD0DE0020003B40148019001BD29
:108AC00049E0020003B40148019001BD3DE002000D
:108AD00003B40148019001BDADDF020003B40148B9
:108AE000019001BD5DE9030003B40148019001BD9F
:108AF00075E9030003B40148019001BD69E9030071
:108B000003B40148019001BD51E9030003B40148D9
:108B1000019001BD45E9030003B40148019001BD86
:108B200049E2030003B40148019001BD55E203008E
:108B300003B40148019001BD0559010003B4014887
:108B4000019001BD7927030003B40148019001BDE4
:108B5000A5BC020003B40148019001BD7D080100DD
:108B600003B40148019001BD6108010003B401484C
:108B7000019001BD4D10010003B40148019001BDF9
:108B8000E110010003B40148019001BDD952030076
:108B900003B40148019001BD3930030003B401481A
:108BA000019001BD2944030003B40148019001BDB7
:108BB000B105030003B40148019001BD99A703006A
:108BC00003B40148019001BDA530030003B401487E
:108BD000019001BD4946030003B40148019001BD65
:108BE0008931030003B40148019001BDED44030045
:108BF00003B40148019001BD0931030003B40148E9
:108C0000019001BDE132030003B40148019001BDB0
:108C1000A934030003B40148019001BD35320300BB
:108C200003B40148019001BD814E030003B4014823
:108C3000019001BD3549030003B40148019001BD15
:108C40006932030003B40148019001BDB13503004E
:108C500003B40148019001BDC331030003B40148CE
:108C6000019001BDDD30030003B40148019001BD56
:108C70008D35030003B40148019001BD593503004F
:108C800003B40148019001BD0936030003B4014853
:108C9000019001BDF50B030003B40148019001BD33
:108CA000410C030003B40148019001BDE10C030035
:108CB00003B40148019001BDF10C030003B4014865
:108CC000019001BD910C030003B40148019001BD66
:108CD000A30C030003B40148019001BD110D030072
:108CE00003B40148019001BDC15D030003B4014814
:108CF000019001BD3166030003B40148019001BD3C
:108D0000ED16030003B40148019001BD190F0300E3
:108D100003B40148019001BD8766030003B4014814
:108D2000019001BD5766030003B40148019001BDE5
:108D30004D17030003B40148019001BD7B66030099
:108D400003B40148019001BD6366030003B4014808
:108D5000019001BD1D10030003B40148019001BD45
:108D60001510030003B40148019001BDAF0F0300CB
:108D700003B40148019001BD2910030003B4014868
:108D8000019001BDD1A7030003B40148019001BDCA
:108D90004B66030003B40148019001BD6F660300F8
:108DA00003B40148019001BD57EF020003B401482C
:108DB000019001BDDDE0030003B40148019001BD55
:108DC000FD7A020003B40148019001BDCD520200BA
:108DD00003B40148019001BD0552020003B40148EB
:108DE000019001BD4DF7020003B40148019001BD9F
:108DF0006942010003B40148019001BD31EE020057
:108E000003B40148019001BDA117020003B4014859
:108E1000019001BDDD10020003B40148019001BDC5
:108E2000F115020003B40148019001BD4917020089
:108E300003B40148019001BD4913020003B4014885
:108E4000019001BD7115020003B40148019001BDFC
:108E50009D0F020003B40148019001BDE11A020018
:108E600003B40148019001BD1D18020003B401487C
:108E7000019001BD4D18020003B40148019001BDED
:108E80009112020003B40148019001BDF1110200EA
:108E900003B40148019001BD3512020003B401483A
:108EA000019001BDD513020003B40148019001BD3A
:108EB0006114020003B40148019001BD15140200C1
:108EC00003B40148019001BD1124020003B401481C
:108ED000019001BDE922020003B40148019001BDE7
:108EE0003D1E020003B40148019001BD751E020041
:108EF00003B40148019001BDC91D020003B401483B
:108F0000019001BD2178020003B40148019001BD28
:108F10008543020003B40148019001BDB12D020058
:108F200003B40148019001BD11F1020003B40148EE
:108F3000019001BDC961020003B40148019001BD67
:108F4000E9C0020003B40148019001BD5D52010077
:108F500003B40148019001BD5D58010003B401480C
:108F6000019001BDD953010003B40148019001BD36
:108F7000E955010003B40148019001BD195A0100EF
:108F800003B40148019001BD91B2010003B401484E
:108F9000019001BD4D11010003B40148019001BDD4
:108FA000E523030003B40148019001BD8D230300B4
:108FB00003B40148019001BD5D28030003B40148DA
:108FC000019001BDC923030003B40148019001BD14
:108FD000E1DD010003B40148019001BD417B0100C6
:108FE00003B40148019001BDE17C010003B40148D4
:108FF000019001BD3979010003B40148019001BD20
:109000007DDE010003B40148019001BD1BF902009F
:1090100003B40148019001BD1D3D03000FB410B51C
:1090200003A9044B044A029800F0E2F810BC08BC03
:1090300004B0184745580020E49600202021020C77
:1090400001D010211046020A01D010460839020949
:1090500001D01046091F820801D01046891E42081F
:1090600001D0881E7047081A70470000F0B51FB481
:1090700086B00998089A030D0021024314D0514884
:10908000514A1818504305141198012810981AD005
:10909000281A401C00264D4F4D490096019104901E
:1090A000002812DA444211E01198012449A3012852
:1090B00001D11098C1430698119A84600360C26080
:1090C00041600BB0F0BD4042E4E7044621050020BA
:1090D0003F4A001C51410391029012E0E00707D083
:1090E00032463B4601990098FAF7FEFE0191009046
:1090F00032463B4610461946FAF7F6FE06460F463C
:109100006410002CEAD10498039B0028029A099964
:10911000089806DAFAF7E8FE019B009AFAF7E4FEEF
:1091200005E0FAF749FF019B009AFAF745FF04466C
:109130000E460022284BFAF7D7FF03D80020C04381
:10914000014607E00022254B20463146FAF71AFE79
:10915000FAF7AAFF102409E0002C0ADB0A220023F8
:10916000FAF774FC079B30321A55641E02460A4314
:10917000F2D11122641C079B121B1C19119B012B9D
:1091800003D0012308430ED10AE0084304D0112084
:1091900010900020119077E71098151A6D1E0BE0C3
:1091A0001098824202DD00236D1C03E0824201DA46
:1091B00000236D1E002BEED0069811998260C160CD
:1091C00030C07EE701FCFFFF104D0000000014409E
:1091D0000000F03F300000000000F0430000E03FDE
:1091E00030380A2801D20120704700207047000063
:1091F000FFB597B00646002518E2252877D1002450
:109200002746FD49049400E00443761C327801208F
:10921000203A90400842F7D130782A280ED0022216
:10922000307801463039092916D804990A23594360
:10923000303940181443761C0490F1E7189802C89E
:1092400004911890002904DA0120400304434842A5
:10925000049002200443761C30782E2814D1042078
:1092600004437078761C2A2809D11898761C80C887
:10927000189009E00A214F43303FC719761C307817
:10928000014630390929F5D930786C2810D006DC30
:109290004C281AD068280ED06A2817D104E0742808
:1092A00013D07A2812D110E00120400504430CE0CD
:1092B0000121090501E0032109050C437178814270
:1092C00003D1012000052418761C761C30781190FB
:1092D00066280BD013DC58287DD009DC00287BD011
:1092E0004528F6D04628F4D047281AD1A5E118E041
:1092F000632835D0642870D0652812D19DE170288C
:109300006CD008DC6728F1D069287BD06E280DD09E
:109310006F2806D1BAE073282ED0752871D078282E
:1093200059D01A9A199990476D1C7EE16002400F3E
:10933000022809D003280DD00428189801680DD000
:109340000D60001D189070E11898EA1701680D6013
:109350004A60F6E7189801680D80F2E70D70F0E7B3
:1093600018986A4601781172001D189000205072FA
:1093700002A80090012005E0189802C8189000206B
:109380000091C04361070DD5002101E00199491CFE
:109390000191B94212DA8142F8DB009A515C00294E
:1093A000F4D10BE0002101E00199491C01918142B7
:1093B000FADB019A0099895C0029F5D1019904989A
:1093C0001A9B471A21463846199A00F097FA0199D4
:1093D000401945180BE04FE02CE113E04EE00098F7
:1093E00000990078491C00911A9A199990470198A0
:1093F000401E0190401CF2D1214638461A9B199A12
:1094000010E137E00A200021009001916002410F35
:10941000022907D0189A01CA1892C2179446032944
:1094200008D00AE01898C01DC108C90005C91891E4
:10943000944607E000B2C2179446042902D140B214
:10944000C1178C4600226146944506DA0A4600217F
:10945000404291418C462D2102E0210504D52B216B
:109460006A461173012103E0E10701D02021F7E7EB
:10947000029155E00A200AE0102008E01020009038
:109480000021042004430191082703E00820002163
:10949000019100906002410F022907D0189A01CA79
:1094A000189200229446032908D008E01898C01D9D
:1094B000C108C90005C91891944603E080B2042987
:1094C00000D1C0B200210291210729D5119970293C
:1094D00006D0009A1021019B4A401A4305D00EE0A5
:1094E00040216A461173012108E06146014306D01C
:1094F00030216A4611731199517302210291009A29
:109500000821019B4A401A430AD16146014301D117
:10951000610705D530216A46117301217F1E029132
:109520001199582904D035A10E910DA90D910DE086
:1095300037A1F9E76146019B009AFAF787FA0E9B7B
:109540008C469B5C0D9A521E0D921370614601432E
:10955000F0D10D9805A9081A20300190600703D5B5
:1095600001200004844300E001270198874201DDC7
:10957000381A00E00020019900904118029809185B
:109580000498401A0490E00306D421461A9B199AC5
:10959000049800F0B3F94519002706E003A81A9AC9
:1095A000C05D199990476D1C7F1C02988742F5DBBE
:1095B000E0030CD521461A9B199A049800F09EF9F5
:1095C000451904E01A9A3020199990476D1C0099AA
:1095D000481E00900029F5DC08E00D980D990078F0
:1095E000491C0D911A9A199990476D1C0199481EB2
:1095F00001900029F1DC63E10928010030313233A8
:1096000034353637383961626364656600000000BE
:1096100030313233343536373839414243444546A8
:109620000000000000F05AF94519761C3078002837
:1096300000D0E2E528461BB0F0BD600700D4062745
:109640001898C01DC108C90048680A680831C30FCE
:10965000DB071891190001D09CA108E0210501D574
:109660009BA104E0E10701D09AA100E09AA1430088
:1096700011985B08109165280CD006DC452809D0AC
:1096800046281DD0472841D141E0662818D06728D8
:109690003CD13CE00021112F01DB112000E0781CBF
:1096A0000191009008A911A8FFF7E0FC139905911A
:1096B0000021119A15927F1C12980197009150E099
:1096C0000120C00703900120019008A9009711A86C
:1096D000FFF7CCFC139A149905920022119B00927B
:1096E00012981593059A0192002901D0104602E0C4
:1096F000791C40180190381A01D5019804E04042C5
:10970000401E0090781C0190C01B029043E0012F86
:1097100000DA01270021112F01DD112000E0384679
:109720000191009008A911A8FFF7A0FC13990591D9
:10973000119A0021129815920091019721070CD4DB
:109740000599B94201DB019900E00191012904DD8D
:10975000159A491E515C302906D0B84201DA011D24
:1097600005DA0121029115E00199491EEDE7002873
:1097700005DC0099411800910199091A03E0019A4A
:10978000411C914200DD01910099401A401C029059
:109790000120C0070390200706D402990198814256
:1097A00002DB0020C043029000206946C87707AF63
:1097B000012103980337C907884224D00220119061
:1097C0002B201290039800280CDA404203902D20A1
:1097D000129007E00A210398FAF765FA30317F1EEC
:1097E000039039701199481E11900029F2DC0398FA
:1097F0000028EFD1791E1298087030782021084097
:109800004530BF1E387006A8C01BC01D03901098BD
:109810000078002800D00120019941180298C01753
:109820000918039809180498401A401E0490E00390
:1098300006D421461A9B199A049800F05FF845193E
:1098400010980078002803D01A9A199990476D1C37
:10985000E00324D521461A9B199A049800F04EF88B
:1098600045191CE00098002807DB009905988842FC
:1098700003DD1598405C199901E0199930201A9A76
:10988000904700986D1C401C00900298401E02906A
:10989000002804D11A9A2E20199990476D1C01991D
:1098A000481E01900029DDDC05E038781A9A7F1CFB
:1098B000199990476D1C0399481E03900029F4DC08
:1098C00021461A9B199A0498ACE600002D0000006E
:1098D0002B0000002000000000000000F8B5044646
:1098E00000251E461746880404D405E0394620208A
:1098F000B0476D1C641EF9D52846F8BDFFB5044677
:10990000002581B01E46C80301D5302700E020277E
:10991000880404D505E038460399B0476D1C641EE1
:10992000F9D5284605B0F0BD10B5044601E0FCF7B6
:109930009BFB2078641C03490028F8D10A20FCF71F
:1099400093FB10BDE496002008B50A460021009163
:1099500001466846FAF70FFA009808BDDDDDDDDD47
:10996000DCBBBBDDDDDDDDDDDDDDDDDD98888888B0
:109970008888888877777777778888888555555657
:1099800066666666666666666668888883333332AE
:1099900022222222222222222228888D3B9300206A
:1099A0000100000010C400204400000090C9002005
:1099B000000800002000000000000000000000007F
:1099C000289300200000000058C40020340000004C
:1099D00090C4002000050000A000A00000000000CE
:1099E0000000000000070000150900000000000052
:1099F0000000000000000000000000000000000067
:109A0000B54B0020094D00200000000055530020F8
:109A100065530020D953002055414D13BBCC0000A5
:109A20008D5200209952002051530020FE0065788D
:109A3000706572696D656E74616C00004669726D67
:109A400077617265205265766973696F6E000000F8
:109A50004861726477617265205265766973696FD7
:109A60006E0000004D616E7566616374757265729B
:109A7000204E616D650000004D6F64656C204E7571
:109A80006D6265720000000053657269616C204E62
:109A9000756D626572000000536F66747761726560
:109AA000205265766973696F6E005B486172644627
:109AB00061756C745F48616E646C65725D4375724C
:109AC00072656E74206D73703A2030782530385886
:109AD0000A004F63637572656420696E2074617358
:109AE0006B2E005573696E67207533324D73702E7F
:109AF000004F63637572656420696E20696E7465DA
:109B000072727570742E0044657620696E666F20DF
:109B10007365727669636520696E69742066616930
:109B20006C7572652E006C6C635461736B4D73675A
:109B300051756575654964204E554C4C006C6C63DD
:109B40005461736B4964204E554C4C006C6C635FE0
:109B50007461736B5F6D73675F7175657565006CBC
:109B60006C635F7461736B00626C65537461636BEB
:109B70005F6D73675F717565756500626C655374C1
:109B800061636B5461736B5F4D656D506F6F6C5F9C
:109B90006C6F6E6700626C65537461636B546173C4
:109BA0006B00626C65537461636B5461736B5F4DE2
:109BB000656D506F6F6C5F73686F7274005B4D53AF
:109BC000475F424C455F5048595F555044415445AA
:109BD0005F434F4D504C4554455F494E445D2048CE
:109BE000616E646C65203D20307825582C205458D7
:109BF0005F504859203D20307825582C2052585F1E
:109C0000504859203D20307825580A005B4D534775
:109C10005F424C455F454E435259505445445F4363
:109C200048414E4745445F494E445D2048616E645B
:109C30006C65203D20307825582C20456E63727964
:109C40007074696F6E5F456E61626C6564203D2063
:109C5000307825580A005B4D53475F424C455F45BD
:109C60004E435259505445445F524546524553481D
:109C70005F494E445D2048616E646C65203D203034
:109C80007825580A005B4D53475F424C455F4C4C6A
:109C90005F56455253494F4E5F494E445D204D61DA
:109CA0006E7566616374757265725F4E616D652075
:109CB0003D20307825582C2048616E646C65203D2D
:109CC00020307825582C2056657273696F6E203DC0
:109CD00020307825580A005B4D53475F424C455F62
:109CE000444953434F4E4E45435445445F494E44C7
:109CF0005D2048616E646C65203D20307825582CCD
:109D000020726561736F6E203D20307825580A00FF
:109D10005B4D53475F424C455F434F4E4E45435466
:109D2000494F4E5F5550444154455F434F4D504C51
:109D30004554455F494E445D20436F6E6E5F496EEA
:109D400074657276616C203D20307825582C204354
:109D50006F6E6E5F4C6174656E6379203D20307864
:109D600025582C205375706572766973696F6E5F24
:109D700054696D656F75203D20307825580A005B69
:109D80004D53475F424C455F434F4E4E454354450C
:109D9000445F494E445D48616E646C65203D2030EF
:109DA00078253034580A006170705F6D61696E000B
:109DB0005B25735D5B25645D203A205561727420DC
:109DC000496E6974204661696C65640D0A005561CD
:109DD000727420496E69742053756363657373668A
:109DE000756C0D0A005B25735D5B25645D203A2070
:109DF000575353204D6573736167652051756575C1
:109E00006520476574204661696C6564200A005BC3
:109E100025735D5B25645D203A20575353205365BD
:109E20006E64204661696C65640A005B25735D5B46
:109E300025645D203A20576569676874204D656127
:109E4000737572656D656E74203A20252E33662019
:109E50004B670A005B25735D5B25645D203A2057E4
:109E60006569676874204D6561737572656D656EAF
:109E700074203A20252E326620706F756E64730A46
:109E8000007773735F6578616D706C655F74696D81
:109E900065725F74696D656F75745F5541525400EA
:109EA00041707020575353204D736720517565756D
:109EB0006500756172745F726563765F63616C6C77
:109EC0006261636B006170705F77737300777373A7
:109ED0005F6578616D706C655F74696D65725F74E4
:109EE000696D656F757400004854333246363735F6
:109EF00078355F5753535F4150505F310000000089
:109F0000000000000000000000000000F9470020F1
:109F100095480020E1480020DD7C0020797D00206C
:109F2000957D0020010000000010010270B582B094
:109F300049F20405C2F202052978002000290190A7
:109F4000009000F07C8049F22400EFF31084C2F20C
:109F50000200EFF3108172B6006808B18047C0B10B
:109F60002878811E032918D201A800F079FB0198F6
:109F700001283ED16946002000F077FB009898B395
:109F80008020C4F20000D0F80011C90711D10126C9
:109F900023E084F3108802B070BD012843D14EF64F
:109FA0001050CEF20000016821F00401016030BFC2
:109FB00039E04FF20412C6F204020168D0F86801D9
:109FC0001268081A92B241F2004102FB00F0C0F29E
:109FD00027010026884238BF01266946012000F08B
:109FE00044FB06BB0098F0B101204FF4FA6100F089
:109FF00041FB6946012000F038FB009898B14FF012
:10A00000A04000F0F1F84EF61050CEF200000168CA
:10A0100041F0040101604FF0A04030BF00F0F0F8C3
:10A02000012000F02CFB49F22000C2F2020000687F
:10A0300018B12978022908BF804784F3108802B03C
:10A0400070BD000070B541F20001044640F480503C
:10A05000C5F2000188421CBF012070BD40F20075AE
:10A060000226C0F2010500BF300604BF002070BD0B
:10A070002046FF212A46013E00F006FB002818BFBB
:10A0800070BDF1E7B0B50C460546FFF7DBFF0028D1
:10A0900018BFB0BD2846214600F0FBFAB0BD00BF96
:10A0A000B0B50C460546FFF7CDFF002818BFB0BD80
:10A0B0002846214600F0F2FAB0BD00BFB0B50C460C
:10A0C0000546FFF7BFFF002818BFB0BD2846214650
:10A0D00000F0E9FAB0BD00BFB0B50C460546FFF789
:10A0E000B1FF002818BFB0BD2846214600F0E0FAB5
:10A0F000B0BD00BFB0B50C460546FFF7A3FF002872
:10A1000018BFB0BD2846214600F0D7FAB0BD00BF49
:10A1100010B50446FFF796FF002804BF204600F064
:10A12000D1FA10BDB0B50C460546FFF78BFF0028ED
:10A1300018BFB0BD2846214600F0C9FAB0BD00BF27
:10A140002DE9F04381B00D46044600F130406FF434
:10A15000805108424FF0010004D11DB12046FFF7A5
:10A1600071FF10B101B0BDE8F0834B2140F21F72C6
:10A17000C0F280312046C0F20F0200F085FA0028BC
:10A18000F0D100274FF0100841F28739102600BFA8
:10A19000A068C00614D5B0B22168002300220428AC
:10A1A00028BF0420DB00013221FA03F793B205F83F
:10A1B000017B9842A6F10106F4DC0027C4F8108068
:10A1C00001374F450CD8012000F086FA3004DFD16A
:10A1D000204641F2883100F084FA01B0BDE8F083F6
:10A1E000032001B0BDE8F08310B50446FFF72AFF55
:10A1F000002818BF10BD2046032100F077FA10BDDB
:10A2000010B50446FFF71EFF002804BF204600F0EB
:10A2100072FA10BDB0B582B0044641F200020D469C
:10A2200044F48051C5F2000200209142ADF80600CE
:10A2300007D10DF106012046FFF724FF20B102B03F
:10A24000B0BD012002B0B0BDBDF806004BF6837171
:10A25000084005F01F0140EA81000621ADF8060024
:10A2600020464FF4E06200F00FFA0028E7D1BDF875
:10A270000600012140F200726060C0F200512046E9
:10A28000C0F2010200F000FA0028D8D1204643F6BF
:10A29000982100F026FA02B0B0BD00BFF0B581B041
:10A2A0001C4615460E460746FFF7CCFE08B101B026
:10A2B000F0BD384631462A46234600F021FA01B067
:10A2C000F0BD00BFB0B50C460546FFF7BBFE002849
:10A2D00018BFB0BD2846214600F017FAB0BD00BF38
:10A2E000F0B583B01C4615460E460746FFF7AAFE9A
:10A2F00008B103B0F0BDDDE9080C314600903846E6
:10A300002A462346CDF804C000F004FA03B0F0BD9D
:10A31000F0B581B01C4615460E460746FFF792FE83
:10A3200008B101B0F0BDDDF818C0384631462A4604
:10A330002346CDF800C000F0F2F901B0F0BD00BF37
:10A340002DE9F0470C4641F20001054640F48050EB
:10A35000C5F2000188424FF001063DD1EFF3108AAB
:10A36000EFF3108072B640F6A000C0F6C8406866F1
:10A370002020C0F2C800E865052028662846032191
:10A380009846914600F0D0F90746284606214FF43A
:10A39000E06200F079F9A96D032C41F00101A96593
:10A3A000AE6684BF1020BDE8F08740EA070660B2C1
:10A3B00013A151F8202016A151F8201009FA02F03B
:10A3C00040F21772E8642846C0F2020200F05CF91D
:10A3D0008AF31088064303D03046BDE8F08700BFFB
:10A3E000286FC007FCD1A86D414620F00100A86588
:10A3F000284600F076F906463046BDE8F08700BFF3
:10A40000080000000C0000000F0000001000000019
:10A41000810000032000000352000003D800000365
:10A420002DE9F04F81B0164641F20002824640F419
:10A430008050C5F20002904242D1002E4FF0010B35
:10A440001CBF1D46002B3DD055FA81F08846B0F563
:10A45000807F4FF0010B35D8EFF310800090EFF3C1
:10A46000108072B60A9F40F6A000C0F6C840CAF835
:10A47000640040F24010C0F2C800CAF85C00052039
:10A48000CAF86000504606214FF4E06200F0FCF884
:10A49000DAF85810814641F00100032FCAF858003D
:10A4A000CAF868B012D0022F1AD01FBB40F2177042
:10A4B000CFF6FF70022100EB0542C0F240311BE0F5
:10A4C0004FF0010B584601B0BDE8F08F40F2177015
:10A4D000CFF6FF7000EB05423221C0F243310BE0B2
:10A4E00040F21770CFF6FF70A22100EB0542C0F2D8
:10A4F000423101E000210022042DAC4628BF4FF07C
:10A50000040CBCF1010F0FDB00240020002700BF6A
:10A5100016F8013BE4000137A340BCB21843A44540
:10A52000A5F10105F4DC00E00020CAF84C80CAF86F
:10A530000400504600F0A8F8290440EA090B2BD08B
:10A5400000274FF0020841F2873900BFCAF8108097
:10A55000DAF80800800714D4A8B2002300210022F2
:10A56000042828BF042000BF16F8014BDB0001328D
:10A570009C4093B221439842A5F10105F4DCCAF84E
:10A5800004104F4506D00120013700F0A5F828043B
:10A59000DCD101E04BF0030B009880F31088BBF195
:10A5A000000F8FD10B9D00BFDAF87000C007FBD100
:10A5B000DAF8580020F00100CAF85800DAF8A400D0
:10A5C000C0070AD041F28834013C0CD0012000F0D1
:10A5D00083F8DAF8A400C007F6D15046294600F007
:10A5E00080F883466EE74FF0030B6BE72DE9F04FE1
:10A5F00083B04FF0010A52B19CB244B10C9D0E469B
:10A6000029469046074600F08FF8824618B150461A
:10A6100003B0BDE8F08F04B3029700BFF0B2C0F5FD
:10A62000807B5C4538BFA3461FFA8BF7A94600958F
:10A6300002980D9D314642463B460195FFF7F0FEDC
:10A64000BAF1000FE3D116FA8BF618FA8BF8E41B77
:10A650004D46E3D14FF0000AD9E74FF0000AD6E7A4
:10A6600047F6692CC0F2000C60474CF23D3CC0F24A
:10A67000000C604745F6295CC0F2000C604747F2C9
:10A680001D3CC0F2000C604748F6456CC0F2000C5F
:10A69000604748F6813CC0F2000C604749F2992CB3
:10A6A000C0F2000C604748F6754CC0F2000C6047E1
:10A6B00048F60D5CC0F2000C604748F6F57CC0F22D
:10A6C000000C604748F63D1CC0F2000C604748F69D
:10A6D000751CC0F2000C604744F2817CC0F2000C93
:10A6E000604749F2990CC0F2000C604748F6790CBB
:10A6F000C0F2000C604748F6A55CC0F2000C604751
:10A7000048F6A10CC0F2000C604748F6010CC0F2FC
:10A71000000C604749F2D90CC0F2000C604748F6C3
:10A720009D2CC0F2000C604748F6C15CC0F2000CE2
:08A7300060470000000000007A
:040000051000215571
:00000001FF
