const unsigned char g_u8CpAppCode[21408] __attribute__((section(".cp.app.code")));
const unsigned char g_u8CpAppCode[21408] = 
{
  0x00, 0x00, 0x02, 0x20, 0xb1, 0x31, 0x00, 0x20, 0xb9, 0x31, 0x00, 0x20, 0xc9, 0x31, 0x00, 0x20, 
  0x00, 0x00, 0x00, 0x00, 0x00, 0x00, 0x00, 0x00, 0x00, 0x00, 0x00, 0x00, 0x00, 0x00, 0x00, 0x00, 
  0x00, 0x00, 0x00, 0x00, 0x00, 0x00, 0x00, 0x00, 0x00, 0x00, 0x00, 0x00, 0x19, 0x05, 0x01, 0x00, 
  0x00, 0x00, 0x00, 0x00, 0x00, 0x00, 0x00, 0x00, 0x9d, 0x05, 0x01, 0x00, 0xa9, 0x05, 0x01, 0x00, 
  0xd9, 0x31, 0x00, 0x20, 0xdb, 0x31, 0x00, 0x20, 0x61, 0x34, 0x00, 0x20, 0xdf, 0x31, 0x00, 0x20, 
  0xe1, 0x31, 0x00, 0x20, 0xe3, 0x31, 0x00, 0x20, 0xe5, 0x31, 0x00, 0x20, 0xe7, 0x31, 0x00, 0x20, 
  0xe9, 0x31, 0x00, 0x20, 0xeb, 0x31, 0x00, 0x20, 0xed, 0x31, 0x00, 0x20, 0xef, 0x31, 0x00, 0x20, 
  0xf1, 0x31, 0x00, 0x20, 0xf3, 0x31, 0x00, 0x20, 0xf5, 0x31, 0x00, 0x20, 0xf7, 0x31, 0x00, 0x20, 
  0xf9, 0x31, 0x00, 0x20, 0xfb, 0x31, 0x00, 0x20, 0xfd, 0x31, 0x00, 0x20, 0xff, 0x31, 0x00, 0x20, 
  0x01, 0x32, 0x00, 0x20, 0x03, 0x32, 0x00, 0x20, 0x05, 0x32, 0x00, 0x20, 0xa5, 0x34, 0x00, 0x20, 
  0x09, 0x32, 0x00, 0x20, 0x0b, 0x32, 0x00, 0x20, 0x0d, 0x32, 0x00, 0x20, 0x0f, 0x32, 0x00, 0x20, 
  0x11, 0x32, 0x00, 0x20, 0x13, 0x32, 0x00, 0x20, 0x15, 0x32, 0x00, 0x20, 0xc5, 0x34, 0x00, 0x20, 
  0x03, 0x48, 0x85, 0x46, 0x00, 0xf0, 0x06, 0xf8, 0x00, 0x48, 0x00, 0x47, 0xcd, 0x4f, 0x00, 0x20, 
  0x00, 0x00, 0x02, 0x20, 0x06, 0x4c, 0x01, 0x25, 0x06, 0x4e, 0x05, 0xe0, 0xe3, 0x68, 0x07, 0xcc, 
  0x2b, 0x43, 0x0c, 0x3c, 0x98, 0x47, 0x10, 0x34, 0xb4, 0x42, 0xf7, 0xd3, 0xff, 0xf7, 0xec, 0xff, 
  0x18, 0x31, 0x00, 0x20, 0x28, 0x31, 0x00, 0x20, 0x02, 0xe0, 0x08, 0xc8, 0x12, 0x1f, 0x08, 0xc1, 
  0x00, 0x2a, 0xfa, 0xd1, 0x70, 0x47, 0x70, 0x47, 0x00, 0x20, 0x01, 0xe0, 0x01, 0xc1, 0x12, 0x1f, 
  0x00, 0x2a, 0xfb, 0xd1, 0x70, 0x47, 0x00, 0x00, 0xa0, 0x83, 0x00, 0x20, 0xa0, 0x83, 0x00, 0x20, 
  0x74, 0x56, 0x00, 0x00, 0x08, 0x31, 0x00, 0x20, 0x70, 0xb5, 0x1d, 0x4e, 0x30, 0x78, 0x00, 0x28, 
  0x34, 0xd0, 0xef, 0xf3, 0x10, 0x85, 0xef, 0xf3, 0x10, 0x80, 0x72, 0xb6, 0x19, 0x48, 0x00, 0x68, 
  0x00, 0x28, 0x02, 0xd0, 0x80, 0x47, 0x00, 0x28, 0x13, 0xd0, 0x30, 0x78, 0x81, 0x1e, 0x03, 0x29, 
  0x12, 0xd2, 0x01, 0x24, 0x20, 0x46, 0x21, 0x46, 0x03, 0xf0, 0x36, 0xff, 0x12, 0x48, 0x01, 0x68, 
  0x04, 0x22, 0x0a, 0x43, 0x02, 0x60, 0x30, 0xbf, 0x00, 0x21, 0x20, 0x46, 0x03, 0xf0, 0x2c, 0xff, 
  0x0a, 0xe0, 0x85, 0xf3, 0x10, 0x88, 0x70, 0xbd, 0x01, 0x28, 0x05, 0xd1, 0x0a, 0x48, 0x01, 0x68, 
  0x04, 0x22, 0x91, 0x43, 0x01, 0x60, 0x30, 0xbf, 0x08, 0x48, 0x00, 0x68, 0x00, 0x28, 0x03, 0xd0, 
  0x31, 0x78, 0x02, 0x29, 0x00, 0xd1, 0x80, 0x47, 0x85, 0xf3, 0x10, 0x88, 0x70, 0xbd, 0xc0, 0x46, 
  0x90, 0xc2, 0x00, 0x20, 0x10, 0xda, 0x00, 0x20, 0x10, 0xed, 0x00, 0xe0, 0x0c, 0xda, 0x00, 0x20, 
  0x19, 0x48, 0x80, 0x47, 0x19, 0x48, 0x00, 0x47, 0x70, 0x46, 0xef, 0xf3, 0x08, 0x81, 0xef, 0xf3, 
  0x09, 0x82, 0x17, 0x4b, 0x98, 0x47, 0xfe, 0xe7, 0x70, 0x46, 0xef, 0xf3, 0x08, 0x81, 0xef, 0xf3, 
  0x09, 0x82, 0x14, 0x4b, 0x98, 0x47, 0xfe, 0xe7, 0xfe, 0xe7, 0xfe, 0xe7, 0xfe, 0xe7, 0xfe, 0xe7, 
  0xfe, 0xe7, 0xfe, 0xe7, 0xfe, 0xe7, 0xfe, 0xe7, 0xfe, 0xe7, 0xfe, 0xe7, 0xfe, 0xe7, 0xfe, 0xe7, 
  0xfe, 0xe7, 0xfe, 0xe7, 0xfe, 0xe7, 0xfe, 0xe7, 0xfe, 0xe7, 0xfe, 0xe7, 0xfe, 0xe7, 0xfe, 0xe7, 
  0xfe, 0xe7, 0xfe, 0xe7, 0xfe, 0xe7, 0xfe, 0xe7, 0xfe, 0xe7, 0xfe, 0xe7, 0xfe, 0xe7, 0xfe, 0xe7, 
  0xfe, 0xe7, 0xfe, 0xe7, 0xfe, 0xe7, 0xfe, 0xe7, 0xe9, 0x35, 0x00, 0x20, 0xc1, 0x30, 0x00, 0x20, 
  0x69, 0x34, 0x00, 0x20, 0x2d, 0x33, 0x00, 0x20, 0xf0, 0xb5, 0x1f, 0xb4, 0x06, 0x46, 0x00, 0x20, 
  0x82, 0xb0, 0x05, 0x46, 0x40, 0x24, 0x01, 0x91, 0x00, 0x90, 0x1b, 0xe0, 0x01, 0x99, 0x22, 0x46, 
  0x0f, 0x46, 0x30, 0x46, 0x00, 0xf0, 0x61, 0xf8, 0x04, 0x9a, 0x05, 0x9b, 0x80, 0x1a, 0x99, 0x41, 
  0x10, 0xd3, 0x10, 0x46, 0x19, 0x46, 0x22, 0x46, 0x00, 0xf0, 0x47, 0xf8, 0x36, 0x1a, 0x8f, 0x41, 
  0x01, 0x97, 0x22, 0x46, 0x01, 0x20, 0x00, 0x21, 0x00, 0x9f, 0x00, 0xf0, 0x3e, 0xf8, 0x38, 0x18, 
  0x4d, 0x41, 0x00, 0x90, 0x20, 0x46, 0x64, 0x1e, 0x00, 0x28, 0xdf, 0xdc, 0x01, 0x9b, 0x00, 0x98, 
  0x29, 0x46, 0x32, 0x46, 0x07, 0xb0, 0xf0, 0xbd, 0x03, 0x46, 0x0b, 0x43, 0x9b, 0x07, 0x03, 0xd0, 
  0x09, 0xe0, 0x08, 0xc9, 0x12, 0x1f, 0x08, 0xc0, 0x04, 0x2a, 0xfa, 0xd2, 0x03, 0xe0, 0x0b, 0x78, 
  0x03, 0x70, 0x40, 0x1c, 0x49, 0x1c, 0x52, 0x1e, 0xf9, 0xd2, 0x70, 0x47, 0x70, 0xb5, 0x04, 0x46, 
  0x00, 0x29, 0x03, 0xd0, 0x00, 0x20, 0x20, 0x22, 0x01, 0x23, 0x10, 0xe0, 0x00, 0x28, 0x01, 0xd0, 
  0x00, 0x20, 0xc0, 0x43, 0xc0, 0x46, 0xc0, 0x46, 0x0d, 0xe0, 0x25, 0x46, 0xd5, 0x40, 0x8d, 0x42, 
  0x05, 0xd3, 0x0d, 0x46, 0x95, 0x40, 0x64, 0x1b, 0x1d, 0x46, 0x95, 0x40, 0x40, 0x19, 0x15, 0x46, 
  0x52, 0x1e, 0x00, 0x2d, 0xf1, 0xdc, 0x21, 0x46, 0x70, 0xbd, 0x10, 0xb5, 0x20, 0x2a, 0x04, 0xdb, 
  0x01, 0x46, 0x20, 0x3a, 0x91, 0x40, 0x00, 0x20, 0x10, 0xbd, 0x91, 0x40, 0x20, 0x23, 0x9c, 0x1a, 
  0x03, 0x46, 0xe3, 0x40, 0x19, 0x43, 0x90, 0x40, 0x10, 0xbd, 0x10, 0xb5, 0x20, 0x2a, 0x04, 0xdb, 
  0x08, 0x46, 0x20, 0x3a, 0xd0, 0x40, 0x00, 0x21, 0x10, 0xbd, 0x0b, 0x46, 0xd3, 0x40, 0xd0, 0x40, 
  0x20, 0x24, 0xa2, 0x1a, 0x91, 0x40, 0x08, 0x43, 0x19, 0x46, 0x10, 0xbd, 0x15, 0x46, 0x0c, 0x46, 
  0x06, 0x46, 0x00, 0xf0, 0xb9, 0xf9, 0xef, 0xf3, 0x08, 0x81, 0x1d, 0x48, 0x04, 0xf0, 0x0c, 0xfb, 
  0x30, 0x07, 0x01, 0xd5, 0x1c, 0x48, 0x00, 0xe0, 0x1a, 0x48, 0x04, 0xf0, 0x57, 0xfd, 0x04, 0x20, 
  0x06, 0x40, 0x01, 0xd0, 0x1a, 0xa0, 0x00, 0xe0, 0x18, 0x48, 0x04, 0xf0, 0x4f, 0xfd, 0x1c, 0xa0, 
  0x04, 0xf0, 0x4c, 0xfd, 0x00, 0x2e, 0x00, 0xd0, 0x2c, 0x46, 0x21, 0x68, 0x1c, 0xa0, 0x04, 0xf0, 
  0xf3, 0xfa, 0x61, 0x68, 0x1e, 0xa0, 0x04, 0xf0, 0xef, 0xfa, 0xa1, 0x68, 0x20, 0xa0, 0x04, 0xf0, 
  0xeb, 0xfa, 0xe1, 0x68, 0x22, 0xa0, 0x04, 0xf0, 0xe7, 0xfa, 0x21, 0x69, 0x24, 0xa0, 0x04, 0xf0, 
  0xe3, 0xfa, 0x61, 0x69, 0x26, 0xa0, 0x04, 0xf0, 0xdf, 0xfa, 0xa1, 0x69, 0x28, 0xa0, 0x04, 0xf0, 
  0xdb, 0xfa, 0xe1, 0x69, 0x2a, 0xa0, 0x04, 0xf0, 0xd7, 0xfa, 0x00, 0xf0, 0x51, 0xf9, 0xfe, 0xe7, 
  0x12, 0x7f, 0x00, 0x20, 0x59, 0x7f, 0x00, 0x20, 0x3a, 0x7f, 0x00, 0x20, 0x4b, 0x7f, 0x00, 0x20, 
  0x55, 0x73, 0x69, 0x6e, 0x67, 0x20, 0x75, 0x33, 0x32, 0x50, 0x73, 0x70, 0x2e, 0x00, 0x00, 0x00, 
  0x53, 0x74, 0x61, 0x63, 0x6b, 0x20, 0x66, 0x72, 0x61, 0x6d, 0x65, 0x3a, 0x00, 0x00, 0x00, 0x00, 
  0x52, 0x30, 0x20, 0x20, 0x3a, 0x20, 0x30, 0x78, 0x25, 0x30, 0x38, 0x58, 0x0a, 0x00, 0x00, 0x00, 
  0x52, 0x31, 0x20, 0x20, 0x3a, 0x20, 0x30, 0x78, 0x25, 0x30, 0x38, 0x58, 0x0a, 0x00, 0x00, 0x00, 
  0x52, 0x32, 0x20, 0x20, 0x3a, 0x20, 0x30, 0x78, 0x25, 0x30, 0x38, 0x58, 0x0a, 0x00, 0x00, 0x00, 
  0x52, 0x33, 0x20, 0x20, 0x3a, 0x20, 0x30, 0x78, 0x25, 0x30, 0x38, 0x58, 0x0a, 0x00, 0x00, 0x00, 
  0x52, 0x31, 0x32, 0x20, 0x3a, 0x20, 0x30, 0x78, 0x25, 0x30, 0x38, 0x58, 0x0a, 0x00, 0x00, 0x00, 
  0x4c, 0x52, 0x20, 0x20, 0x3a, 0x20, 0x30, 0x78, 0x25, 0x30, 0x38, 0x58, 0x0a, 0x00, 0x00, 0x00, 
  0x50, 0x43, 0x20, 0x20, 0x3a, 0x20, 0x30, 0x78, 0x25, 0x30, 0x38, 0x58, 0x0a, 0x00, 0x00, 0x00, 
  0x78, 0x50, 0x53, 0x52, 0x3a, 0x20, 0x30, 0x78, 0x25, 0x30, 0x38, 0x58, 0x0a, 0x00, 0x00, 0x00, 
  0x80, 0xb5, 0x03, 0xf0, 0xb7, 0xfd, 0x80, 0xbd, 0x14, 0x46, 0x0d, 0x46, 0x06, 0x46, 0x00, 0xf0, 
  0x1b, 0xf9, 0x04, 0xa0, 0x31, 0x46, 0x2a, 0x46, 0x23, 0x46, 0x04, 0xf0, 0x6d, 0xfa, 0x00, 0xf0, 
  0xe7, 0xf8, 0xfe, 0xe7, 0x4e, 0x4d, 0x49, 0x5f, 0x48, 0x61, 0x6e, 0x64, 0x6c, 0x65, 0x72, 0x3a, 
  0x20, 0x25, 0x30, 0x38, 0x58, 0x2c, 0x20, 0x25, 0x30, 0x38, 0x58, 0x2c, 0x20, 0x25, 0x30, 0x38, 
  0x58, 0x0a, 0x00, 0x00, 0x10, 0xb5, 0x82, 0xb0, 0x01, 0xac, 0x20, 0x46, 0x03, 0xf0, 0x98, 0xfd, 
  0x01, 0x98, 0x03, 0xf0, 0x9b, 0xfd, 0x60, 0x78, 0x00, 0x06, 0x01, 0xd5, 0x01, 0xf0, 0x18, 0xfb, 
  0x02, 0xb0, 0x10, 0xbd, 0xf0, 0xb5, 0x85, 0xb0, 0x00, 0x25, 0x03, 0x95, 0x43, 0x4c, 0x04, 0xae, 
  0x20, 0x46, 0x31, 0x46, 0x03, 0xf0, 0x90, 0xfd, 0x30, 0x88, 0x08, 0x21, 0x01, 0x40, 0x01, 0x20, 
  0x01, 0x90, 0xc7, 0x07, 0x00, 0x29, 0x07, 0xd0, 0x20, 0x46, 0x03, 0xf0, 0x8b, 0xfd, 0x64, 0x20, 
  0x03, 0xf0, 0x8e, 0xfd, 0x3a, 0x48, 0x07, 0x60, 0x03, 0x21, 0x03, 0xaa, 0x20, 0x46, 0x03, 0xf0, 
  0x8d, 0xfd, 0x38, 0x48, 0x04, 0x68, 0x04, 0xe0, 0x30, 0x46, 0x03, 0xf0, 0xed, 0xfc, 0x34, 0x48, 
  0x07, 0x60, 0x00, 0x2c, 0x22, 0xd0, 0x26, 0x46, 0xa4, 0x6a, 0x30, 0x7d, 0x00, 0x28, 0xf3, 0xd1, 
  0x70, 0x7d, 0x00, 0x28, 0xf0, 0xd1, 0xb0, 0x7d, 0x02, 0x28, 0xf2, 0xd1, 0x02, 0xa9, 0x2b, 0x48, 
  0x03, 0xf0, 0x7a, 0xfd, 0xb1, 0x68, 0xf2, 0x68, 0x02, 0x98, 0x91, 0x42, 0x04, 0xd2, 0x88, 0x42, 
  0xe7, 0xd3, 0x90, 0x42, 0x04, 0xd3, 0xe4, 0xe7, 0x90, 0x42, 0x01, 0xd3, 0x88, 0x42, 0xe0, 0xd3, 
  0xf1, 0x69, 0x00, 0x29, 0xd8, 0xd0, 0x30, 0x6a, 0x88, 0x47, 0xd5, 0xe7, 0x21, 0x48, 0x01, 0x68, 
  0x00, 0x29, 0x23, 0xd0, 0x00, 0x20, 0x03, 0x9a, 0x05, 0x46, 0x03, 0xe0, 0x35, 0x46, 0x89, 0x6a, 
  0x00, 0x29, 0x1c, 0xd0, 0x8b, 0x7d, 0x02, 0x2b, 0xf9, 0xd1, 0x8b, 0x68, 0xc4, 0x07, 0x0a, 0xd0, 
  0xcc, 0x68, 0x95, 0x42, 0x0a, 0xd2, 0xab, 0x42, 0x1e, 0x46, 0x00, 0xd3, 0x2e, 0x46, 0xa3, 0x42, 
  0xec, 0xd3, 0x1e, 0x46, 0xea, 0xe7, 0x1d, 0x46, 0x01, 0x98, 0xe8, 0xe7, 0xab, 0x42, 0x1e, 0x46, 
  0x00, 0xd3, 0x2e, 0x46, 0xa3, 0x42, 0xe1, 0xd2, 0x2e, 0x46, 0xdf, 0xe7, 0x28, 0x46, 0x03, 0x99, 
  0x6a, 0x1a, 0x51, 0x42, 0x51, 0x41, 0xc0, 0x07, 0x08, 0x48, 0x03, 0xd0, 0x00, 0x29, 0x04, 0xd0, 
  0x05, 0xb0, 0xf0, 0xbd, 0x01, 0x99, 0x00, 0x29, 0xfa, 0xd1, 0x03, 0x21, 0x2a, 0x46, 0x03, 0xf0, 
  0x31, 0xfd, 0x03, 0x48, 0x07, 0x60, 0x05, 0xb0, 0xf0, 0xbd, 0xc0, 0x46, 0x00, 0x30, 0x05, 0x60, 
  0x00, 0xe2, 0x00, 0xe0, 0x30, 0xc3, 0x00, 0x20, 0x01, 0x48, 0x02, 0x49, 0x01, 0x60, 0x70, 0x47, 
  0x08, 0xed, 0x00, 0xe0, 0x00, 0x30, 0x00, 0x20, 0x70, 0xb5, 0x03, 0x24, 0x65, 0x07, 0x10, 0x24, 
  0xaa, 0x42, 0x05, 0xd0, 0x10, 0x4d, 0xaa, 0x42, 0x02, 0xd0, 0x41, 0x4d, 0xaa, 0x42, 0x19, 0xd1, 
  0x80, 0x25, 0x05, 0x43, 0x0d, 0x4e, 0xb5, 0x42, 0x14, 0xd1, 0x04, 0x9c, 0x1f, 0x4d, 0x2c, 0x60, 
  0x00, 0x2c, 0x04, 0xd0, 0x1f, 0x4c, 0x00, 0x25, 0x25, 0x80, 0x1d, 0x4c, 0x25, 0x80, 0x39, 0x4c, 
  0x20, 0x60, 0x36, 0x48, 0x02, 0x60, 0x38, 0x48, 0x01, 0x60, 0x39, 0x48, 0x03, 0x60, 0x00, 0xf0, 
  0x33, 0xf8, 0x04, 0x46, 0x20, 0x46, 0x70, 0xbd, 0x00, 0x08, 0x00, 0x60, 0x80, 0xb0, 0x04, 0x60, 
  0xf0, 0xb5, 0x81, 0xb0, 0x11, 0x4c, 0x20, 0x68, 0x00, 0x28, 0x05, 0xd0, 0x10, 0x4d, 0x28, 0x88, 
  0x10, 0x4e, 0x31, 0x88, 0x88, 0x42, 0x01, 0xd1, 0x01, 0xb0, 0xf0, 0xbd, 0x27, 0x4f, 0x04, 0xe0, 
  0x28, 0x80, 0x81, 0xb2, 0x32, 0x88, 0x91, 0x42, 0xf6, 0xd0, 0x80, 0xb2, 0x21, 0x68, 0x09, 0x68, 
  0x09, 0x5c, 0x38, 0x68, 0x03, 0xf0, 0xdc, 0xfc, 0x20, 0x68, 0x81, 0x88, 0x28, 0x88, 0x40, 0x1c, 
  0x82, 0xb2, 0x8a, 0x42, 0xec, 0xd3, 0x00, 0x20, 0xea, 0xe7, 0xc0, 0x46, 0x9c, 0xc2, 0x00, 0x20, 
  0x3c, 0xc3, 0x00, 0x20, 0x3a, 0xc3, 0x00, 0x20, 0xf0, 0xb5, 0x83, 0xb0, 0x17, 0x4d, 0x28, 0x68, 
  0x03, 0x21, 0x49, 0x07, 0x88, 0x42, 0x05, 0xd0, 0x15, 0x49, 0x88, 0x42, 0x05, 0xd1, 0x08, 0x24, 
  0x2c, 0x20, 0x04, 0xe0, 0x04, 0x24, 0x2b, 0x20, 0x01, 0xe0, 0x0c, 0x24, 0x2d, 0x20, 0x03, 0xf0, 
  0xbd, 0xfc, 0x10, 0x4e, 0x30, 0x68, 0x10, 0x4f, 0x39, 0x68, 0x22, 0x46, 0x03, 0xf0, 0xbc, 0xfc, 
  0x00, 0x28, 0x01, 0xd0, 0x03, 0xb0, 0xf0, 0xbd, 0x39, 0x68, 0x30, 0x68, 0x02, 0x22, 0x03, 0xf0, 
  0xb9, 0xfc, 0x00, 0x28, 0xf6, 0xd1, 0x09, 0x48, 0x02, 0x90, 0x09, 0x48, 0x00, 0x68, 0x01, 0x90, 
  0x28, 0x68, 0x01, 0xa9, 0x03, 0xf0, 0xb4, 0xfc, 0x03, 0xb0, 0xf0, 0xbd, 0xa4, 0xc2, 0x00, 0x20, 
  0x00, 0x04, 0x00, 0x60, 0xa0, 0xc2, 0x00, 0x20, 0x40, 0xc3, 0x00, 0x20, 0x21, 0x30, 0x01, 0x01, 
  0x44, 0xc3, 0x00, 0x20, 0x88, 0xb0, 0x21, 0x20, 0xc4, 0x00, 0x22, 0x46, 0x39, 0x32, 0x66, 0xa0, 
  0x75, 0x49, 0x04, 0xf0, 0x11, 0xf9, 0x75, 0xa0, 0x01, 0xaa, 0x11, 0x46, 0x68, 0xc8, 0x68, 0xc1, 
  0x68, 0xc8, 0x68, 0xc1, 0x05, 0x20, 0x10, 0x21, 0x03, 0xf0, 0x98, 0xfc, 0x75, 0x49, 0x08, 0x60, 
  0x00, 0x28, 0x02, 0xd1, 0x74, 0xa0, 0x04, 0xf0, 0x51, 0xfb, 0x01, 0xf0, 0x7b, 0xf9, 0x78, 0x48, 
  0x00, 0xf0, 0x9c, 0xff, 0x01, 0xf0, 0x52, 0xfa, 0x07, 0xa8, 0x03, 0x21, 0x01, 0xf0, 0x7c, 0xfa, 
  0x00, 0x28, 0x03, 0xd0, 0x73, 0x48, 0x74, 0x49, 0x22, 0x46, 0x3b, 0xe0, 0x22, 0x1d, 0x73, 0xa0, 
  0x71, 0x49, 0x04, 0xf0, 0xe9, 0xf8, 0x00, 0x26, 0x76, 0x4d, 0x07, 0xa8, 0x81, 0x5d, 0x28, 0x46, 
  0x04, 0xf0, 0xe2, 0xf8, 0x76, 0x1c, 0x03, 0x2e, 0xf7, 0xd1, 0x0a, 0x20, 0x04, 0xf0, 0x26, 0xfb, 
  0x01, 0xa8, 0x06, 0x21, 0x01, 0xf0, 0x53, 0xfa, 0x22, 0x46, 0x00, 0x28, 0x02, 0xd0, 0x0c, 0x32, 
  0x6d, 0x48, 0x1e, 0xe0, 0x10, 0x32, 0x6d, 0x48, 0x63, 0x49, 0x04, 0xf0, 0xcd, 0xf8, 0x00, 0x26, 
  0x68, 0x4d, 0x01, 0xa8, 0x81, 0x5d, 0x28, 0x46, 0x04, 0xf0, 0xc6, 0xf8, 0x76, 0x1c, 0x06, 0x2e, 
  0xf7, 0xd1, 0x0a, 0x20, 0x04, 0xf0, 0x0a, 0xfb, 0x01, 0xad, 0x28, 0x46, 0x03, 0xf0, 0x54, 0xfc, 
  0x06, 0x21, 0x28, 0x46, 0x01, 0xf0, 0x26, 0xfa, 0x00, 0x28, 0x42, 0xd0, 0x22, 0x46, 0x1a, 0x32, 
  0x5f, 0x48, 0x55, 0x49, 0x04, 0xf0, 0xb0, 0xf8, 0x00, 0xf0, 0x10, 0xfc, 0x5e, 0x48, 0x00, 0xf0, 
  0x35, 0xfa, 0x5e, 0x48, 0x5e, 0x49, 0x01, 0xf0, 0xeb, 0xf8, 0x03, 0xf0, 0xe9, 0xfa, 0x5d, 0x4d, 
  0x01, 0x21, 0x5d, 0x4a, 0x28, 0x46, 0x00, 0xf0, 0x35, 0xf9, 0x5c, 0x49, 0x00, 0x26, 0x28, 0x46, 
  0x32, 0x46, 0x00, 0xf0, 0xa7, 0xf9, 0x5a, 0x4f, 0x37, 0x4d, 0x05, 0xe0, 0x22, 0x46, 0x54, 0x32, 
  0x38, 0x46, 0x29, 0x46, 0x04, 0xf0, 0x90, 0xf8, 0x3a, 0x48, 0x00, 0x68, 0xf3, 0x43, 0x01, 0xa9, 
  0x32, 0x46, 0x03, 0xf0, 0x27, 0xfc, 0x00, 0x28, 0xf0, 0xd1, 0x01, 0xa8, 0x00, 0x78, 0x00, 0x28, 
  0xf2, 0xd1, 0x01, 0xa8, 0x40, 0x78, 0x02, 0x28, 0x06, 0xd0, 0x01, 0x28, 0xec, 0xd1, 0x01, 0xf0, 
  0x6b, 0xfa, 0x46, 0x49, 0x88, 0x80, 0xe7, 0xe7, 0x44, 0x48, 0x86, 0x80, 0x03, 0xf0, 0xb8, 0xfa, 
  0xe2, 0xe7, 0x01, 0xa8, 0x01, 0x78, 0x00, 0x29, 0x0e, 0xd1, 0x41, 0x78, 0x00, 0x29, 0x0b, 0xd1, 
  0x81, 0x78, 0x00, 0x29, 0x08, 0xd1, 0xc1, 0x78, 0x00, 0x29, 0x05, 0xd1, 0x01, 0x79, 0x00, 0x29, 
  0x02, 0xd1, 0x40, 0x79, 0x00, 0x28, 0xaf, 0xd0, 0x22, 0x46, 0x26, 0x32, 0x35, 0x48, 0x2a, 0x49, 
  0x04, 0xf0, 0x5a, 0xf8, 0x00, 0x26, 0x2f, 0x4d, 0x01, 0xa8, 0x81, 0x5d, 0x28, 0x46, 0x04, 0xf0, 
  0x53, 0xf8, 0x76, 0x1c, 0x06, 0x2e, 0xf7, 0xd1, 0x0a, 0x20, 0x04, 0xf0, 0x97, 0xfa, 0x01, 0xa8, 
  0x03, 0xf0, 0xe2, 0xfb, 0x98, 0xe7, 0xc0, 0x46, 0x5b, 0x25, 0x73, 0x5d, 0x5b, 0x25, 0x64, 0x5d, 
  0x20, 0x3a, 0x20, 0x2d, 0x2d, 0x2d, 0x2d, 0x2d, 0x2d, 0x2d, 0x2d, 0x2d, 0x2d, 0x2d, 0x2d, 0x2d, 
  0x2d, 0x2d, 0x48, 0x54, 0x53, 0x20, 0x50, 0x72, 0x6f, 0x66, 0x69, 0x6c, 0x65, 0x20, 0x45, 0x78, 
  0x61, 0x6d, 0x70, 0x6c, 0x65, 0x2d, 0x2d, 0x2d, 0x2d, 0x2d, 0x2d, 0x2d, 0x2d, 0x2d, 0x2d, 0x2d, 
  0x2d, 0x2d, 0x2d, 0x2d, 0x2d, 0x0a, 0x00, 0x00, 0x58, 0x83, 0x00, 0x20, 0x26, 0x83, 0x00, 0x20, 
  0x00, 0x00, 0x00, 0x00, 0x50, 0xad, 0x00, 0x20, 0x34, 0x00, 0x00, 0x00, 0x84, 0xad, 0x00, 0x20, 
  0x18, 0x01, 0x00, 0x00, 0xf4, 0xac, 0x00, 0x20, 0x63, 0x72, 0x65, 0x61, 0x74, 0x65, 0x20, 0x41, 
  0x70, 0x70, 0x4d, 0x73, 0x67, 0x49, 0x64, 0x20, 0x66, 0x61, 0x69, 0x6c, 0x65, 0x64, 0x00, 0x00, 
  0xa1, 0x41, 0x00, 0x20, 0x66, 0x82, 0x00, 0x20, 0x4a, 0x83, 0x00, 0x20, 0x5b, 0x25, 0x73, 0x5d, 
  0x5b, 0x25, 0x64, 0x5d, 0x20, 0x3a, 0x20, 0x44, 0x65, 0x76, 0x69, 0x63, 0x65, 0x20, 0x49, 0x44, 
  0x20, 0x3a, 0x20, 0x00, 0x1e, 0x83, 0x00, 0x20, 0xb4, 0x82, 0x00, 0x20, 0xe1, 0x82, 0x00, 0x20, 
  0x88, 0x82, 0x00, 0x20, 0x00, 0x83, 0x00, 0x20, 0xe5, 0x4c, 0x00, 0x20, 0x3c, 0xad, 0x00, 0x20, 
  0x41, 0x4d, 0x00, 0x20, 0x0c, 0xad, 0x00, 0x20, 0xd1, 0x4d, 0x00, 0x20, 0x88, 0x13, 0x00, 0x00, 
  0x18, 0x82, 0x00, 0x20, 0x10, 0xb5, 0x82, 0xb0, 0x28, 0x20, 0x03, 0xf0, 0x57, 0xfb, 0x0a, 0x20, 
  0x03, 0xf0, 0x54, 0xfb, 0x0b, 0x20, 0x03, 0xf0, 0x51, 0xfb, 0x0c, 0x20, 0x03, 0xf0, 0x4e, 0xfb, 
  0x0d, 0x20, 0x03, 0xf0, 0x4b, 0xfb, 0x0e, 0x20, 0x03, 0xf0, 0x48, 0xfb, 0x0f, 0x20, 0x03, 0xf0, 
  0x45, 0xfb, 0x10, 0x20, 0x03, 0xf0, 0x42, 0xfb, 0x35, 0x20, 0x03, 0xf0, 0x3f, 0xfb, 0x11, 0x20, 
  0x03, 0xf0, 0x3c, 0xfb, 0x12, 0x20, 0x03, 0xf0, 0x39, 0xfb, 0x00, 0x24, 0x20, 0x46, 0x21, 0x46, 
  0x22, 0x46, 0x03, 0xf0, 0x5d, 0xfb, 0x03, 0xf0, 0x61, 0xfb, 0x03, 0xf0, 0x65, 0xfb, 0x00, 0xf0, 
  0x83, 0xf8, 0x01, 0x20, 0x00, 0x03, 0x0d, 0x49, 0x88, 0x80, 0x00, 0x94, 0xe1, 0x20, 0x03, 0x03, 
  0x0b, 0x48, 0x02, 0x21, 0x0b, 0x4a, 0xff, 0xf7, 0xf7, 0xfd, 0x0b, 0xa0, 0x17, 0xa1, 0x1a, 0xa2, 
  0x03, 0xf0, 0xa2, 0xff, 0x01, 0xf0, 0x36, 0xf9, 0x01, 0xf0, 0x98, 0xfa, 0xff, 0xf7, 0x82, 0xfe, 
  0x03, 0xf0, 0x50, 0xfb, 0x03, 0xf0, 0x54, 0xfb, 0x02, 0xb0, 0x10, 0xbd, 0xa8, 0xc2, 0x00, 0x20, 
  0x80, 0xb0, 0x04, 0x60, 0x00, 0x08, 0x00, 0x60, 0x5b, 0x25, 0x73, 0x20, 0x54, 0x20, 0x25, 0x73, 
  0x5d, 0x62, 0x6c, 0x65, 0x20, 0x70, 0x65, 0x72, 0x69, 0x70, 0x68, 0x65, 0x72, 0x61, 0x6c, 0x20, 
  0x70, 0x72, 0x6f, 0x6a, 0x65, 0x63, 0x74, 0x28, 0x63, 0x70, 0x29, 0x20, 0x73, 0x74, 0x61, 0x72, 
  0x74, 0x20, 0x74, 0x6f, 0x20, 0x77, 0x6f, 0x72, 0x6b, 0x2e, 0x0a, 0x00, 0x41, 0x70, 0x72, 0x20, 
  0x32, 0x39, 0x20, 0x32, 0x30, 0x32, 0x34, 0x00, 0x31, 0x36, 0x3a, 0x31, 0x33, 0x3a, 0x31, 0x35, 
  0x00, 0x00, 0x00, 0x00, 0xb0, 0xb5, 0x03, 0x46, 0x10, 0x20, 0x00, 0x2b, 0x22, 0xd0, 0x01, 0x29, 
  0x20, 0xd8, 0xef, 0xf3, 0x10, 0x84, 0xef, 0xf3, 0x10, 0x85, 0x72, 0xb6, 0x9d, 0x7d, 0x00, 0x2d, 
  0x02, 0xd0, 0x84, 0xf3, 0x10, 0x88, 0xb0, 0xbd, 0x00, 0x20, 0x98, 0x62, 0xda, 0x61, 0x19, 0x76, 
  0x01, 0x21, 0x99, 0x75, 0x2d, 0x49, 0x0a, 0x68, 0x00, 0x2a, 0x02, 0xd1, 0x0b, 0x60, 0x00, 0x21, 
  0xd9, 0x62, 0x2b, 0x49, 0x0a, 0x68, 0x00, 0x2a, 0x01, 0xd0, 0x93, 0x62, 0xda, 0x62, 0x0b, 0x60, 
  0x84, 0xf3, 0x10, 0x88, 0xb0, 0xbd, 0xc0, 0x46, 0x01, 0x46, 0x10, 0x20, 0x00, 0x29, 0x09, 0xd0, 
  0x8a, 0x7d, 0x00, 0x2a, 0x06, 0xd0, 0x01, 0x22, 0x4a, 0x75, 0x00, 0x20, 0xc8, 0x75, 0xd1, 0x07, 
  0x36, 0x4a, 0x11, 0x60, 0x70, 0x47, 0xc0, 0x46, 0xf0, 0xb5, 0x81, 0xb0, 0x05, 0x20, 0x03, 0xf0, 
  0xa5, 0xfa, 0x29, 0x4d, 0x00, 0x24, 0x28, 0x46, 0x21, 0x46, 0x03, 0xf0, 0xe7, 0xfa, 0x01, 0x27, 
  0xf8, 0x07, 0x13, 0x49, 0x08, 0x60, 0xff, 0x26, 0x31, 0x06, 0x12, 0x4a, 0x13, 0x68, 0x8b, 0x43, 
  0x03, 0x21, 0x89, 0x07, 0x59, 0x18, 0x11, 0x60, 0x0f, 0x49, 0x08, 0x60, 0x1f, 0x21, 0x20, 0x46, 
  0x03, 0xf0, 0xda, 0xfa, 0x79, 0x02, 0x28, 0x46, 0x03, 0xf0, 0xdc, 0xfa, 0x08, 0x21, 0x28, 0x46, 
  0x03, 0xf0, 0xde, 0xfa, 0x28, 0x46, 0x31, 0x46, 0x03, 0xf0, 0xe0, 0xfa, 0x28, 0x46, 0x03, 0xf0, 
  0xe3, 0xfa, 0x06, 0x48, 0x04, 0x60, 0x06, 0x48, 0x04, 0x60, 0x20, 0x46, 0x01, 0xb0, 0xf0, 0xbd, 
  0x80, 0xe2, 0x00, 0xe0, 0x1c, 0xe4, 0x00, 0xe0, 0x00, 0xe1, 0x00, 0xe0, 0x30, 0xc3, 0x00, 0x20, 
  0x34, 0xc3, 0x00, 0x20, 0x10, 0xb5, 0x04, 0x46, 0x10, 0x20, 0x00, 0x2c, 0x13, 0xd0, 0xa3, 0x7d, 
  0x00, 0x2b, 0x10, 0xd0, 0x62, 0x62, 0x61, 0x60, 0x21, 0x46, 0x10, 0x31, 0x06, 0x48, 0x03, 0xf0, 
  0x4b, 0xfa, 0x02, 0x20, 0xe0, 0x75, 0xff, 0x20, 0x02, 0x30, 0xa0, 0x82, 0x01, 0x20, 0xc0, 0x07, 
  0x0a, 0x49, 0x08, 0x60, 0x00, 0x20, 0x10, 0xbd, 0x00, 0x30, 0x05, 0x60, 0x01, 0x46, 0x10, 0x20, 
  0x00, 0x29, 0x09, 0xd0, 0x8a, 0x7d, 0x00, 0x2a, 0x06, 0xd0, 0x01, 0x20, 0x48, 0x75, 0xc8, 0x75, 
  0xc0, 0x07, 0x02, 0x49, 0x08, 0x60, 0x00, 0x20, 0x70, 0x47, 0xc0, 0x46, 0x00, 0xe2, 0x00, 0xe0, 
  0x84, 0xb0, 0x10, 0x4c, 0x10, 0x4d, 0x04, 0xe0, 0x62, 0x1c, 0x81, 0xb2, 0x10, 0x46, 0x03, 0xf0, 
  0xa1, 0xfa, 0x28, 0x68, 0x00, 0x22, 0xd3, 0x43, 0x01, 0xa9, 0x03, 0xf0, 0x53, 0xfa, 0x00, 0x28, 
  0xf2, 0xd1, 0x01, 0xa8, 0x03, 0xf0, 0x9c, 0xfa, 0x02, 0x99, 0x00, 0x29, 0xf1, 0xd0, 0x03, 0x98, 
  0x00, 0x28, 0x02, 0xd0, 0x03, 0xf0, 0x9a, 0xfa, 0xeb, 0xe7, 0x20, 0x46, 0x03, 0xf0, 0x9c, 0xfa, 
  0xe7, 0xe7, 0xc0, 0x46, 0x02, 0x60, 0x00, 0x00, 0x1c, 0x84, 0x00, 0x20, 0x80, 0xb5, 0x0a, 0x46, 
  0x00, 0x21, 0xff, 0xf7, 0x2f, 0xff, 0x41, 0x42, 0x48, 0x41, 0x80, 0xbd, 0x80, 0xb5, 0xff, 0xf7, 
  0x53, 0xff, 0x41, 0x42, 0x48, 0x41, 0x80, 0xbd, 0x80, 0xb5, 0xff, 0xf7, 0x9b, 0xff, 0x41, 0x42, 
  0x48, 0x41, 0x80, 0xbd, 0x80, 0xb5, 0xff, 0xf7, 0xb1, 0xff, 0x41, 0x42, 0x48, 0x41, 0x80, 0xbd, 
  0x3e, 0x48, 0x00, 0x88, 0x42, 0x1a, 0x50, 0x42, 0x50, 0x41, 0x35, 0x4a, 0x12, 0x88, 0x8a, 0x42, 
  0x01, 0xd0, 0x40, 0x00, 0x70, 0x47, 0x01, 0x20, 0x70, 0x47, 0xc0, 0x46, 0xb0, 0xb5, 0x82, 0xb0, 
  0x00, 0x28, 0x2e, 0xd0, 0x2f, 0x49, 0x08, 0x60, 0x18, 0x49, 0x00, 0x25, 0x18, 0x4b, 0x28, 0x46, 
  0x2a, 0x46, 0x01, 0xf0, 0x47, 0xfc, 0x01, 0x24, 0x00, 0x28, 0x23, 0xd0, 0x00, 0x95, 0x01, 0x95, 
  0x89, 0x20, 0x43, 0x00, 0x13, 0x49, 0x28, 0x46, 0x2a, 0x46, 0x01, 0xf0, 0xcf, 0xfb, 0x24, 0x49, 
  0x08, 0x80, 0x00, 0x28, 0x16, 0xd0, 0x03, 0xf0, 0x55, 0xfa, 0x28, 0x49, 0x08, 0x80, 0x00, 0x28, 
  0x10, 0xd0, 0x0d, 0x48, 0x02, 0x21, 0x00, 0x25, 0x2a, 0x46, 0x2b, 0x46, 0x03, 0xf0, 0x50, 0xfa, 
  0x00, 0x28, 0x07, 0xd0, 0x01, 0xf0, 0xec, 0xfb, 0x21, 0x48, 0x01, 0x21, 0x01, 0x70, 0x2c, 0x46, 
  0x00, 0xe0, 0x10, 0x24, 0x20, 0x46, 0x02, 0xb0, 0xb0, 0xbd, 0xc0, 0x46, 0x0f, 0x18, 0x00, 0x00, 
  0x7c, 0x83, 0x00, 0x20, 0x19, 0x2a, 0x00, 0x00, 0x08, 0x29, 0x00, 0x00, 0xb0, 0xb5, 0x1d, 0x46, 
  0x0f, 0x48, 0x00, 0x88, 0x88, 0x42, 0x0b, 0xd1, 0x01, 0x24, 0x00, 0x2d, 0x14, 0xd0, 0x0d, 0x48, 
  0x00, 0x68, 0x80, 0x47, 0x64, 0x28, 0x00, 0xd3, 0x64, 0x20, 0x28, 0x70, 0x20, 0x46, 0xb0, 0xbd, 
  0x0e, 0x48, 0x00, 0x88, 0x88, 0x42, 0x09, 0xd1, 0x02, 0x24, 0x00, 0x2d, 0x04, 0xd0, 0x00, 0x20, 
  0x68, 0x70, 0x0b, 0x48, 0x00, 0x78, 0x28, 0x70, 0x20, 0x46, 0xb0, 0xbd, 0x00, 0x20, 0xb0, 0xbd, 
  0x04, 0xad, 0x00, 0x20, 0x00, 0xad, 0x00, 0x20, 0x04, 0x48, 0x00, 0x88, 0x88, 0x42, 0x03, 0xd1, 
  0x00, 0x98, 0x00, 0x78, 0x02, 0x49, 0x08, 0x70, 0x00, 0x20, 0x70, 0x47, 0x06, 0xad, 0x00, 0x20, 
  0x08, 0xad, 0x00, 0x20, 0xf0, 0xb5, 0x93, 0xb0, 0x7f, 0x48, 0x01, 0x21, 0x03, 0xf0, 0x06, 0xfa, 
  0x00, 0x26, 0x00, 0x28, 0x00, 0xd1, 0xdb, 0xe0, 0x7c, 0x48, 0x03, 0xf0, 0x05, 0xfa, 0x00, 0x28, 
  0x00, 0xd1, 0xd5, 0xe0, 0x7a, 0x48, 0x03, 0xf0, 0x05, 0xfa, 0x00, 0x28, 0x00, 0xd1, 0xcf, 0xe0, 
  0x78, 0x48, 0x01, 0x24, 0x21, 0x46, 0x03, 0xf0, 0x03, 0xfa, 0x00, 0x28, 0x00, 0xd1, 0xc7, 0xe0, 
  0x04, 0x20, 0x00, 0x90, 0x74, 0x48, 0x75, 0x4a, 0x10, 0x21, 0x0b, 0x46, 0x03, 0xf0, 0xfe, 0xf9, 
  0x00, 0x28, 0x00, 0xd1, 0xbc, 0xe0, 0x72, 0x48, 0x06, 0x21, 0x03, 0xf0, 0xfd, 0xf9, 0x00, 0x28, 
  0x00, 0xd1, 0xb5, 0xe0, 0x6f, 0x48, 0x02, 0x21, 0x03, 0xf0, 0xfc, 0xf9, 0x00, 0x28, 0x00, 0xd1, 
  0xae, 0xe0, 0x25, 0x02, 0x00, 0x20, 0x6c, 0x49, 0x6c, 0x4a, 0x13, 0x18, 0x59, 0x60, 0x1d, 0x81, 
  0x49, 0x19, 0x1c, 0x30, 0x70, 0x28, 0xf8, 0xd1, 0x00, 0x20, 0x69, 0x49, 0x69, 0x4a, 0x13, 0x18, 
  0x59, 0x60, 0x28, 0x26, 0x1e, 0x81, 0x28, 0x31, 0x1c, 0x30, 0x70, 0x28, 0xf7, 0xd1, 0x66, 0x48, 
  0x0d, 0x90, 0x65, 0xa0, 0x41, 0x68, 0x82, 0x68, 0xc0, 0x68, 0x10, 0x90, 0x0f, 0x92, 0x0e, 0x91, 
  0x0d, 0xa8, 0x03, 0xf0, 0xdd, 0xf9, 0x00, 0x28, 0x00, 0xd1, 0x86, 0xe0, 0x01, 0x94, 0x00, 0x20, 
  0x61, 0x4a, 0x62, 0x4b, 0x19, 0x18, 0xca, 0x60, 0x0d, 0x82, 0x41, 0x21, 0x89, 0x00, 0x52, 0x18, 
  0x30, 0x30, 0x60, 0x28, 0xf6, 0xd1, 0x03, 0x95, 0xbf, 0x20, 0xc5, 0x43, 0x5c, 0x4f, 0x28, 0x46, 
  0x5c, 0x4a, 0x14, 0x18, 0xcc, 0x22, 0xa7, 0x50, 0xd0, 0x23, 0xe6, 0x52, 0x2c, 0x37, 0x30, 0x30, 
  0xf6, 0xd1, 0x02, 0x92, 0x00, 0x24, 0x58, 0x4f, 0x58, 0x48, 0x00, 0x19, 0xc7, 0x60, 0x0a, 0x46, 
  0x03, 0x99, 0x01, 0x82, 0x11, 0x46, 0xbf, 0x18, 0x30, 0x34, 0x60, 0x2c, 0xf4, 0xd1, 0x54, 0x49, 
  0x54, 0x4c, 0x02, 0x9a, 0x60, 0x19, 0x81, 0x50, 0xc6, 0x52, 0x2c, 0x31, 0x30, 0x35, 0xf9, 0xd1, 
  0x51, 0xa1, 0x04, 0xa8, 0x02, 0x46, 0x78, 0xc9, 0x78, 0xc2, 0x78, 0xc9, 0x78, 0xc2, 0x03, 0xf0, 
  0xa5, 0xf9, 0x00, 0x28, 0x03, 0x9c, 0x4a, 0xd0, 0x00, 0x20, 0x53, 0x49, 0x53, 0x4a, 0x13, 0x18, 
  0x9c, 0x81, 0x99, 0x60, 0x09, 0x19, 0x20, 0x30, 0x40, 0x28, 0xf8, 0xd1, 0x4f, 0x48, 0x02, 0x22, 
  0x21, 0x46, 0x03, 0xf0, 0x99, 0xf9, 0x00, 0x28, 0x39, 0xd0, 0x00, 0x20, 0x4c, 0x49, 0x4d, 0x4a, 
  0x11, 0x50, 0x13, 0x18, 0x9c, 0x80, 0x09, 0x19, 0x10, 0x30, 0x20, 0x28, 0xf8, 0xd1, 0x49, 0x48, 
  0x02, 0x22, 0x21, 0x46, 0x03, 0xf0, 0x8e, 0xf9, 0x00, 0x26, 0x00, 0x28, 0x28, 0xd0, 0x46, 0x48, 
  0x0d, 0xaa, 0x11, 0x46, 0x38, 0xc8, 0x38, 0xc1, 0x38, 0xc8, 0x38, 0xc1, 0x40, 0x20, 0x08, 0x21, 
  0x03, 0xf0, 0xcc, 0xf8, 0x41, 0x49, 0x08, 0x60, 0x00, 0x28, 0x1c, 0xd0, 0x40, 0x48, 0x04, 0xaa, 
  0x11, 0x46, 0x38, 0xc8, 0x38, 0xc1, 0x38, 0xc8, 0x38, 0xc1, 0x38, 0xc8, 0x38, 0xc1, 0x3d, 0x48, 
  0x00, 0x26, 0x31, 0x46, 0x03, 0xf0, 0x74, 0xf9, 0x07, 0x46, 0x3b, 0x48, 0x07, 0x60, 0x00, 0x2f, 
  0x0d, 0xd0, 0x3a, 0x48, 0x03, 0xf0, 0x72, 0xf9, 0x0c, 0xe0, 0x00, 0x26, 0x00, 0xe0, 0x00, 0x26, 
  0x30, 0x46, 0x13, 0xb0, 0xf0, 0xbd, 0x38, 0x48, 0x03, 0xf0, 0x68, 0xff, 0xf8, 0xe7, 0x34, 0x48, 
  0x03, 0xf0, 0x64, 0xff, 0x01, 0x9c, 0x00, 0x2f, 0xf2, 0xd0, 0x03, 0xf0, 0x65, 0xf9, 0x03, 0x98, 
  0xf4, 0x30, 0x03, 0xf0, 0x67, 0xf9, 0x7d, 0x20, 0x40, 0x01, 0x2e, 0x49, 0x03, 0xf0, 0x68, 0xf9, 
  0x03, 0xf0, 0x6c, 0xf9, 0x26, 0x46, 0xe3, 0xe7, 0x58, 0x97, 0x00, 0x20, 0x28, 0x9a, 0x00, 0x20, 
  0xf0, 0x98, 0x00, 0x20, 0xc8, 0x92, 0x00, 0x20, 0xa0, 0x9c, 0x00, 0x20, 0xb0, 0x9c, 0x00, 0x20, 
  0xb0, 0x9e, 0x00, 0x20, 0x40, 0x9c, 0x00, 0x20, 0xe0, 0xa2, 0x00, 0x20, 0x10, 0x9b, 0x00, 0x20, 
  0xf0, 0xaa, 0x00, 0x20, 0xc0, 0x9c, 0x00, 0x20, 0x10, 0x9b, 0x00, 0x20, 0x00, 0x01, 0x04, 0x00, 
  0xc0, 0x9c, 0x00, 0x20, 0x28, 0x00, 0x04, 0x00, 0xe8, 0xa8, 0x00, 0x20, 0xe0, 0x9b, 0x00, 0x20, 
  0x40, 0xac, 0x00, 0x20, 0xf0, 0x9d, 0x00, 0x20, 0xe0, 0xa6, 0x00, 0x20, 0x80, 0x9b, 0x00, 0x20, 
  0x90, 0xab, 0x00, 0x20, 0x30, 0x9d, 0x00, 0x20, 0xe0, 0x9b, 0x00, 0x20, 0x00, 0x01, 0x02, 0x00, 
  0xf0, 0x9d, 0x00, 0x20, 0x28, 0x00, 0x04, 0x00, 0x80, 0x9b, 0x00, 0x20, 0x00, 0x01, 0x02, 0x00, 
  0x30, 0x9d, 0x00, 0x20, 0x28, 0x00, 0x04, 0x00, 0xe0, 0x9e, 0x00, 0x20, 0x88, 0x92, 0x00, 0x20, 
  0xe0, 0xa0, 0x00, 0x20, 0x38, 0x97, 0x00, 0x20, 0x40, 0x7e, 0x00, 0x20, 0x24, 0xaf, 0x00, 0x20, 
  0x1c, 0x7e, 0x00, 0x20, 0x81, 0x4f, 0x00, 0x20, 0xec, 0xae, 0x00, 0x20, 0x79, 0x6d, 0x00, 0x20, 
  0xa5, 0x7f, 0x00, 0x20, 0xac, 0x0d, 0x00, 0x00, 0x8e, 0x7f, 0x00, 0x20, 0x62, 0x48, 0x00, 0x88, 
  0x40, 0x1a, 0x41, 0x42, 0x41, 0x41, 0xc8, 0x00, 0x70, 0x47, 0xc0, 0x46, 0xf0, 0xb5, 0x83, 0xb0, 
  0x43, 0x49, 0x00, 0x25, 0x43, 0x4b, 0x28, 0x46, 0x2a, 0x46, 0x01, 0xf0, 0x73, 0xfa, 0x00, 0x28, 
  0x67, 0xd0, 0x00, 0x95, 0x01, 0x95, 0x81, 0x20, 0x43, 0x00, 0x3f, 0x4c, 0x28, 0x46, 0x21, 0x46, 
  0x2a, 0x46, 0x01, 0xf0, 0xfb, 0xf9, 0x00, 0x28, 0x60, 0xd0, 0x53, 0x49, 0x08, 0x80, 0x0d, 0x20, 
  0x01, 0x90, 0x3a, 0x48, 0x00, 0x90, 0x61, 0x1c, 0x00, 0x20, 0x02, 0x23, 0x02, 0x46, 0x01, 0xf0, 
  0xed, 0xf9, 0x00, 0x28, 0x57, 0xd0, 0x0e, 0x26, 0x01, 0x96, 0x35, 0x48, 0x00, 0x90, 0xa1, 0x1c, 
  0x00, 0x25, 0x02, 0x23, 0x28, 0x46, 0x2a, 0x46, 0x01, 0xf0, 0xe0, 0xf9, 0x00, 0x28, 0x4f, 0xd0, 
  0x12, 0x27, 0x01, 0x97, 0x2f, 0x48, 0x00, 0x90, 0xe1, 0x1c, 0x02, 0x96, 0x02, 0x26, 0x28, 0x46, 
  0x2a, 0x46, 0x33, 0x46, 0x01, 0xf0, 0xd2, 0xf9, 0x01, 0x97, 0x2b, 0x48, 0x00, 0x90, 0x21, 0x1d, 
  0x28, 0x46, 0x2a, 0x46, 0x33, 0x46, 0x01, 0xf0, 0xc9, 0xf9, 0x01, 0x97, 0x27, 0x48, 0x00, 0x90, 
  0x61, 0x1d, 0x28, 0x46, 0x2a, 0x46, 0x33, 0x46, 0x01, 0xf0, 0xc0, 0xf9, 0x01, 0x97, 0x24, 0x48, 
  0x00, 0x90, 0xa1, 0x1d, 0x28, 0x46, 0x2a, 0x46, 0x33, 0x46, 0x01, 0xf0, 0xb7, 0xf9, 0x02, 0x98, 
  0x01, 0x90, 0x20, 0x48, 0x00, 0x90, 0xe1, 0x1d, 0x28, 0x46, 0x2a, 0x46, 0x33, 0x46, 0x01, 0xf0, 
  0xad, 0xf9, 0x07, 0x20, 0x01, 0x90, 0x1c, 0x48, 0x00, 0x90, 0x2d, 0x34, 0x28, 0x46, 0x21, 0x46, 
  0x2a, 0x46, 0x33, 0x46, 0x01, 0xf0, 0xa2, 0xf9, 0x01, 0xf0, 0xd2, 0xf9, 0x03, 0xf0, 0x9c, 0xf8, 
  0x12, 0xe0, 0x16, 0x48, 0x03, 0xf0, 0x7a, 0xfe, 0x01, 0x25, 0x0d, 0xe0, 0x13, 0x48, 0x03, 0xf0, 
  0x75, 0xfe, 0x01, 0x25, 0x08, 0xe0, 0x11, 0x48, 0x03, 0xf0, 0x70, 0xfe, 0x01, 0x25, 0x03, 0xe0, 
  0x0e, 0x48, 0x03, 0xf0, 0x6b, 0xfe, 0x01, 0x25, 0x28, 0x46, 0x03, 0xb0, 0xf0, 0xbd, 0xc0, 0x46, 
  0x0a, 0x18, 0x00, 0x00, 0x68, 0x7e, 0x00, 0x20, 0x23, 0x2a, 0x00, 0x00, 0xe0, 0x7e, 0x00, 0x20, 
  0xf0, 0x7e, 0x00, 0x20, 0xa4, 0x7e, 0x00, 0x20, 0xb8, 0x7e, 0x00, 0x20, 0x00, 0x7f, 0x00, 0x20, 
  0xcc, 0x7e, 0x00, 0x20, 0x94, 0x7e, 0x00, 0x20, 0x95, 0x83, 0x00, 0x20, 0x6f, 0x7f, 0x00, 0x20, 
  0x10, 0xb5, 0x0d, 0x48, 0x00, 0x88, 0x88, 0x42, 0x14, 0xd1, 0x08, 0x20, 0x00, 0x2b, 0x10, 0xd0, 
  0x0a, 0x49, 0x0a, 0x68, 0x49, 0x68, 0x19, 0x71, 0x1a, 0x70, 0x0c, 0x0e, 0xdc, 0x71, 0x0c, 0x0c, 
  0x9c, 0x71, 0x09, 0x0a, 0x59, 0x71, 0x11, 0x0e, 0xd9, 0x70, 0x11, 0x0c, 0x99, 0x70, 0x11, 0x0a, 
  0x59, 0x70, 0x10, 0xbd, 0x00, 0x20, 0x10, 0xbd, 0x3e, 0xc3, 0x00, 0x20, 0x78, 0xd9, 0x00, 0x20, 
  0xb0, 0xb5, 0x84, 0xb0, 0x13, 0x46, 0x0c, 0x46, 0xef, 0xf3, 0x05, 0x85, 0x69, 0x46, 0x48, 0x70, 
  0x00, 0x22, 0x0a, 0x70, 0x02, 0x94, 0x01, 0x93, 0x00, 0x2d, 0x01, 0xd0, 0x13, 0x46, 0x00, 0xe0, 
  0xd3, 0x43, 0x09, 0x48, 0x00, 0x68, 0x03, 0xf0, 0x3d, 0xf8, 0x00, 0x28, 0x0a, 0xd0, 0x03, 0x46, 
  0x06, 0x48, 0x07, 0x49, 0x8a, 0x22, 0x03, 0xf0, 0xbf, 0xfb, 0x06, 0xa0, 0x0f, 0xa1, 0x9b, 0x22, 
  0x03, 0xf0, 0xba, 0xfb, 0x04, 0xb0, 0xb0, 0xbd, 0xf4, 0xac, 0x00, 0x20, 0x42, 0x82, 0x00, 0x20, 
  0x38, 0x83, 0x00, 0x20, 0x5b, 0x25, 0x73, 0x5d, 0x5b, 0x25, 0x64, 0x5d, 0x20, 0x3a, 0x20, 0x53, 
  0x65, 0x6e, 0x64, 0x20, 0x42, 0x6c, 0x65, 0x20, 0x4d, 0x65, 0x73, 0x73, 0x61, 0x67, 0x65, 0x20, 
  0x46, 0x61, 0x69, 0x6c, 0x65, 0x64, 0x0d, 0x0a, 0x00, 0x00, 0x00, 0x00, 0x62, 0x6c, 0x65, 0x5f, 
  0x65, 0x76, 0x65, 0x6e, 0x74, 0x5f, 0x63, 0x61, 0x6c, 0x6c, 0x62, 0x61, 0x63, 0x6b, 0x00, 0x00, 
  0xb0, 0xb5, 0x82, 0xb0, 0x40, 0x1e, 0x62, 0x28, 0x00, 0xd9, 0xab, 0xe1, 0x0c, 0x46, 0x4d, 0x1c, 
  0x40, 0x00, 0xc0, 0x46, 0x78, 0x44, 0x80, 0x88, 0x40, 0x00, 0x87, 0x44, 0x62, 0x00, 0x76, 0x00, 
  0x8c, 0x00, 0xa0, 0x00, 0xc5, 0x00, 0xd0, 0x00, 0xe1, 0x00, 0xf5, 0x00, 0x11, 0x01, 0x21, 0x01, 
  0xa3, 0x01, 0xa3, 0x01, 0xa3, 0x01, 0xa3, 0x01, 0xa3, 0x01, 0xa3, 0x01, 0xa3, 0x01, 0xa3, 0x01, 
  0xa3, 0x01, 0xa3, 0x01, 0xa3, 0x01, 0xa3, 0x01, 0xa3, 0x01, 0xa3, 0x01, 0xa3, 0x01, 0xa3, 0x01, 
  0xa3, 0x01, 0xa3, 0x01, 0xa3, 0x01, 0xa3, 0x01, 0xa3, 0x01, 0x39, 0x01, 0x3c, 0x01, 0x47, 0x01, 
  0x55, 0x01, 0xa3, 0x01, 0x58, 0x01, 0x5e, 0x01, 0x62, 0x01, 0xa3, 0x01, 0xa3, 0x01, 0xa3, 0x01, 
  0xa3, 0x01, 0xa3, 0x01, 0xa3, 0x01, 0xa3, 0x01, 0xa3, 0x01, 0xa3, 0x01, 0xa3, 0x01, 0xa3, 0x01, 
  0xa3, 0x01, 0xa3, 0x01, 0xa3, 0x01, 0xa3, 0x01, 0xa3, 0x01, 0xa3, 0x01, 0xa3, 0x01, 0xa3, 0x01, 
  0xa3, 0x01, 0xa3, 0x01, 0xa3, 0x01, 0xa3, 0x01, 0xa3, 0x01, 0x6f, 0x01, 0xa3, 0x01, 0xa3, 0x01, 
  0x78, 0x01, 0x7b, 0x01, 0x7e, 0x01, 0x81, 0x01, 0x84, 0x01, 0x87, 0x01, 0x8a, 0x01, 0x8d, 0x01, 
  0x90, 0x01, 0xa3, 0x01, 0x93, 0x01, 0xa3, 0x01, 0xa3, 0x01, 0xa3, 0x01, 0xa3, 0x01, 0xa3, 0x01, 
  0xa3, 0x01, 0xa3, 0x01, 0xa3, 0x01, 0xa3, 0x01, 0xa3, 0x01, 0xa3, 0x01, 0x96, 0x01, 0xa3, 0x01, 
  0xa3, 0x01, 0xa3, 0x01, 0xa3, 0x01, 0xa3, 0x01, 0xa3, 0x01, 0xa3, 0x01, 0xa3, 0x01, 0x99, 0x01, 
  0x9f, 0x01, 0xa0, 0x78, 0xe1, 0x78, 0x09, 0x02, 0x09, 0x18, 0xdf, 0x48, 0x03, 0xf0, 0x1c, 0xfb, 
  0xa0, 0x78, 0xe1, 0x78, 0x09, 0x02, 0x08, 0x18, 0xd9, 0x49, 0x08, 0x80, 0xe0, 0x48, 0x03, 0x68, 
  0x00, 0x2b, 0x00, 0xd1, 0x2e, 0xe1, 0x01, 0x20, 0x10, 0xe0, 0x28, 0x78, 0x69, 0x78, 0x09, 0x02, 
  0x09, 0x18, 0xe2, 0x78, 0xd3, 0x48, 0x03, 0xf0, 0x07, 0xfb, 0xd1, 0x48, 0x00, 0x21, 0x01, 0x80, 
  0xd7, 0x48, 0x03, 0x68, 0x00, 0x2b, 0x00, 0xd1, 0x1c, 0xe1, 0x02, 0x20, 0x00, 0x21, 0x0a, 0x46, 
  0x98, 0x47, 0x02, 0xb0, 0xb0, 0xbd, 0x20, 0x79, 0x61, 0x79, 0x09, 0x02, 0x09, 0x18, 0xe3, 0x78, 
  0x2a, 0x78, 0xbf, 0x48, 0x02, 0xf0, 0x6c, 0xff, 0x20, 0x79, 0x61, 0x79, 0x09, 0x02, 0x09, 0x18, 
  0x28, 0x78, 0x6a, 0x78, 0x12, 0x02, 0x12, 0x18, 0xe3, 0x78, 0xba, 0x48, 0x50, 0xe0, 0x20, 0x79, 
  0x61, 0x79, 0x09, 0x02, 0x09, 0x18, 0xa9, 0x48, 0x02, 0xf0, 0xc4, 0xfe, 0x21, 0x1d, 0xa8, 0x48, 
  0x08, 0x22, 0x02, 0xf0, 0x5b, 0xff, 0x20, 0x79, 0x61, 0x79, 0x09, 0x02, 0x08, 0x18, 0xa1, 0x79, 
  0xe2, 0x79, 0x12, 0x02, 0x51, 0x18, 0x09, 0x04, 0x0a, 0x18, 0x20, 0x7a, 0x61, 0x7a, 0x09, 0x02, 
  0x08, 0x18, 0xa1, 0x7a, 0xe3, 0x7a, 0x1b, 0x02, 0x59, 0x18, 0x09, 0x04, 0x0b, 0x18, 0x9d, 0xa0, 
  0x03, 0xf0, 0xc2, 0xfa, 0x02, 0xb0, 0xb0, 0xbd, 0x23, 0x89, 0xe2, 0x88, 0xa1, 0x88, 0x95, 0x48, 
  0x02, 0xf0, 0x42, 0xff, 0x23, 0x89, 0xe2, 0x88, 0xa1, 0x88, 0x93, 0x48, 0x20, 0xe0, 0x28, 0x78, 
  0x69, 0x78, 0x09, 0x02, 0x09, 0x18, 0xa8, 0x78, 0xea, 0x78, 0x12, 0x02, 0x12, 0x18, 0xa8, 0x79, 
  0xeb, 0x79, 0x1b, 0x02, 0x1b, 0x18, 0x8a, 0x48, 0x02, 0xf0, 0x2e, 0xff, 0x02, 0xb0, 0xb0, 0xbd, 
  0xa0, 0x78, 0xe1, 0x78, 0x09, 0x02, 0x09, 0x18, 0x63, 0x79, 0x22, 0x79, 0x82, 0x48, 0x02, 0xf0, 
  0x17, 0xff, 0xa0, 0x78, 0xe1, 0x78, 0x09, 0x02, 0x09, 0x18, 0x63, 0x79, 0x22, 0x79, 0x7f, 0x48, 
  0x03, 0xf0, 0x92, 0xfa, 0x02, 0xb0, 0xb0, 0xbd, 0xe2, 0x78, 0x29, 0x78, 0x90, 0x48, 0x02, 0xf0, 
  0x19, 0xff, 0x28, 0x78, 0x69, 0x78, 0x09, 0x02, 0x09, 0x18, 0xe2, 0x78, 0x8d, 0x48, 0x03, 0xf0, 
  0x83, 0xfa, 0x8d, 0x48, 0x01, 0x90, 0x8d, 0x48, 0x00, 0x90, 0x8d, 0x4c, 0x20, 0x88, 0x69, 0x46, 
  0x02, 0xf0, 0x0e, 0xff, 0x20, 0x88, 0xc8, 0x21, 0x02, 0xf0, 0x10, 0xff, 0x02, 0xb0, 0xb0, 0xbd, 
  0x28, 0x78, 0x69, 0x78, 0x09, 0x02, 0x09, 0x18, 0x7f, 0x48, 0x02, 0xf0, 0x53, 0xfe, 0x28, 0x78, 
  0x69, 0x78, 0x09, 0x02, 0x09, 0x18, 0x7d, 0x48, 0x03, 0xf0, 0x66, 0xfa, 0x02, 0xb0, 0xb0, 0xbd, 
  0x20, 0x78, 0x61, 0x78, 0x09, 0x02, 0x09, 0x18, 0xa0, 0x78, 0xe2, 0x78, 0x12, 0x02, 0x12, 0x18, 
  0x52, 0x48, 0x02, 0xf0, 0xf9, 0xfe, 0x20, 0x78, 0x61, 0x78, 0x09, 0x02, 0x09, 0x18, 0xa0, 0x78, 
  0xe2, 0x78, 0x12, 0x02, 0x12, 0x18, 0x4e, 0xa0, 0x03, 0xf0, 0x4e, 0xfa, 0x02, 0xb0, 0xb0, 0xbd, 
  0x21, 0x88, 0x48, 0x48, 0x5e, 0xe0, 0xa0, 0x1c, 0x00, 0x21, 0x02, 0xf0, 0xeb, 0xfe, 0x01, 0x46, 
  0x20, 0x78, 0x62, 0x78, 0x12, 0x02, 0x12, 0x18, 0x41, 0x48, 0x09, 0xe0, 0xa0, 0x1c, 0x00, 0x21, 
  0x02, 0xf0, 0xe0, 0xfe, 0x01, 0x46, 0x20, 0x78, 0x62, 0x78, 0x12, 0x02, 0x12, 0x18, 0x3b, 0x48, 
  0x02, 0xf0, 0xde, 0xfe, 0x02, 0xb0, 0xb0, 0xbd, 0x21, 0x88, 0x37, 0x48, 0x42, 0xe0, 0x20, 0x78, 
  0x61, 0x78, 0x09, 0x02, 0x09, 0x18, 0x33, 0x48, 0x3c, 0xe0, 0xa2, 0x78, 0x21, 0x78, 0x30, 0x48, 
  0x11, 0xe0, 0x20, 0x78, 0x61, 0x78, 0x09, 0x02, 0x09, 0x18, 0xa0, 0x7a, 0xe2, 0x7a, 0x12, 0x02, 
  0x12, 0x18, 0x2a, 0x48, 0x02, 0xf0, 0xb8, 0xfe, 0x02, 0xb0, 0xb0, 0xbd, 0x21, 0x78, 0xe0, 0x78, 
  0x40, 0x42, 0xc2, 0xb2, 0x24, 0x48, 0x02, 0xf0, 0x9d, 0xfe, 0x02, 0xb0, 0xb0, 0xbd, 0x21, 0x78, 
  0x1e, 0x48, 0x1f, 0xe0, 0x21, 0x78, 0x1c, 0x48, 0x1c, 0xe0, 0x21, 0x78, 0x19, 0x48, 0x19, 0xe0, 
  0x21, 0x78, 0x17, 0x48, 0x16, 0xe0, 0x21, 0x78, 0x14, 0x48, 0x13, 0xe0, 0x21, 0x78, 0x12, 0x48, 
  0x10, 0xe0, 0x21, 0x78, 0x0f, 0x48, 0x0d, 0xe0, 0x21, 0x78, 0x0d, 0x48, 0x0a, 0xe0, 0x21, 0x78, 
  0x0a, 0x48, 0x07, 0xe0, 0x21, 0x78, 0x08, 0x48, 0x04, 0xe0, 0x21, 0x78, 0x10, 0x48, 0x01, 0xe0, 
  0x21, 0x78, 0x10, 0x48, 0x02, 0xf0, 0xce, 0xfd, 0x02, 0xb0, 0xb0, 0xbd, 0x21, 0x78, 0x16, 0x48, 
  0x02, 0xf0, 0xc8, 0xfd, 0x02, 0xb0, 0xb0, 0xbd, 0x2b, 0xa0, 0x00, 0x00, 0x2a, 0xa0, 0x00, 0x00, 
  0x29, 0xa0, 0x00, 0x00, 0x28, 0xa0, 0x00, 0x00, 0x27, 0xa0, 0x00, 0x00, 0x26, 0xa0, 0x00, 0x00, 
  0x25, 0xa0, 0x00, 0x00, 0x24, 0xa0, 0x00, 0x00, 0x23, 0xa0, 0x00, 0x00, 0x22, 0xa0, 0x00, 0x00, 
  0x2c, 0xa0, 0x00, 0x00, 0x33, 0xa0, 0x00, 0x00, 0x21, 0xa0, 0x00, 0x00, 0x16, 0xa0, 0x00, 0x00, 
  0x15, 0xa0, 0x00, 0x00, 0x14, 0xa0, 0x00, 0x00, 0x13, 0xa0, 0x00, 0x00, 0x12, 0xa0, 0x00, 0x00, 
  0x11, 0xa0, 0x00, 0x00, 0x10, 0xa0, 0x00, 0x00, 0x34, 0xa0, 0x00, 0x00, 0x0f, 0xa0, 0x00, 0x00, 
  0x5b, 0x4d, 0x53, 0x47, 0x5f, 0x42, 0x4c, 0x45, 0x5f, 0x4d, 0x54, 0x55, 0x5f, 0x45, 0x58, 0x43, 
  0x48, 0x41, 0x4e, 0x47, 0x45, 0x44, 0x5f, 0x49, 0x4e, 0x44, 0x5d, 0x20, 0x48, 0x61, 0x6e, 0x64, 
  0x6c, 0x65, 0x20, 0x3d, 0x20, 0x30, 0x78, 0x25, 0x58, 0x2c, 0x20, 0x6d, 0x74, 0x75, 0x20, 0x3d, 
  0x20, 0x25, 0x64, 0x0a, 0x00, 0x00, 0x00, 0x00, 0x0e, 0xa0, 0x00, 0x00, 0x25, 0x80, 0x00, 0x20, 
  0x0d, 0xa0, 0x00, 0x00, 0x0c, 0xa0, 0x00, 0x00, 0x78, 0x81, 0x00, 0x20, 0x0a, 0xa0, 0x00, 0x00, 
  0x0b, 0xa0, 0x00, 0x00, 0x5b, 0x4d, 0x53, 0x47, 0x5f, 0x42, 0x4c, 0x45, 0x5f, 0x4c, 0x4c, 0x5f, 
  0x46, 0x45, 0x41, 0x54, 0x52, 0x55, 0x45, 0x5f, 0x49, 0x4e, 0x44, 0x5d, 0x20, 0x48, 0x61, 0x6e, 
  0x64, 0x6c, 0x65, 0x20, 0x3d, 0x20, 0x30, 0x78, 0x25, 0x4c, 0x58, 0x0a, 0x00, 0x00, 0x00, 0x00, 
  0x09, 0xa0, 0x00, 0x00, 0xed, 0x80, 0x00, 0x20, 0x08, 0xa0, 0x00, 0x00, 0xbe, 0x80, 0x00, 0x20, 
  0x07, 0xa0, 0x00, 0x00, 0x74, 0x80, 0x00, 0x20, 0x63, 0x00, 0x58, 0x02, 0x06, 0x00, 0x09, 0x00, 
  0x4c, 0xad, 0x00, 0x20, 0x3f, 0x81, 0x00, 0x20, 0xe7, 0x81, 0x00, 0x20, 0x10, 0xb5, 0x04, 0x46, 
  0x02, 0x48, 0x02, 0xf0, 0x0b, 0xfe, 0x02, 0x48, 0x04, 0x60, 0x10, 0xbd, 0x31, 0x42, 0x00, 0x20, 
  0x20, 0x92, 0x00, 0x20, 0x2f, 0x48, 0x00, 0x88, 0x41, 0x1a, 0x48, 0x42, 0x48, 0x41, 0x70, 0x47, 
  0x2c, 0x48, 0x00, 0x88, 0x88, 0x42, 0x05, 0xd1, 0x01, 0x20, 0x00, 0x2b, 0x01, 0xd0, 0x00, 0x21, 
  0x19, 0x70, 0x70, 0x47, 0x00, 0x20, 0x70, 0x47, 0xf0, 0xb5, 0x83, 0xb0, 0x14, 0x46, 0x0d, 0x46, 
  0x01, 0x46, 0x20, 0x2d, 0x00, 0xd3, 0x20, 0x25, 0x1f, 0x4f, 0x38, 0x46, 0x2a, 0x46, 0xfe, 0xf7, 
  0xcb, 0xfd, 0x20, 0x0a, 0x1d, 0x4e, 0x70, 0x70, 0x34, 0x70, 0x03, 0x20, 0xc1, 0x02, 0x00, 0x20, 
  0x1b, 0x4b, 0x02, 0x46, 0x00, 0xf0, 0x06, 0xff, 0x01, 0x24, 0x00, 0x28, 0x28, 0xd0, 0x00, 0x97, 
  0x01, 0x95, 0x15, 0x20, 0x45, 0x02, 0x00, 0x20, 0x02, 0x27, 0x29, 0x46, 0x02, 0x46, 0x3b, 0x46, 
  0x00, 0xf0, 0x8c, 0xfe, 0x00, 0x28, 0x1b, 0xd0, 0x00, 0x96, 0x01, 0x97, 0x69, 0x1c, 0x00, 0x26, 
  0x30, 0x46, 0x32, 0x46, 0x3b, 0x46, 0x00, 0xf0, 0x81, 0xfe, 0x00, 0x28, 0x10, 0xd0, 0x00, 0x96, 
  0x01, 0x96, 0xa6, 0x35, 0x81, 0x20, 0x43, 0x00, 0x30, 0x46, 0x29, 0x46, 0x32, 0x46, 0x00, 0xf0, 
  0x75, 0xfe, 0x00, 0x28, 0x04, 0xd0, 0x07, 0x49, 0x08, 0x80, 0x00, 0xf0, 0xa1, 0xfe, 0x34, 0x46, 
  0x20, 0x46, 0x03, 0xb0, 0xf0, 0xbd, 0xc0, 0x46, 0x70, 0xc2, 0x00, 0x20, 0x6c, 0xc2, 0x00, 0x20, 
  0x88, 0x7e, 0x00, 0x20, 0x38, 0xc3, 0x00, 0x20, 0x00, 0x20, 0x70, 0x47, 0x25, 0x48, 0x00, 0x88, 
  0x40, 0x1a, 0x41, 0x42, 0x41, 0x41, 0x48, 0x00, 0x70, 0x47, 0xc0, 0x46, 0x21, 0x49, 0x09, 0x88, 
  0x81, 0x42, 0x08, 0xd1, 0x02, 0x20, 0x00, 0x2b, 0x04, 0xd0, 0x00, 0x21, 0x59, 0x70, 0x1e, 0x49, 
  0x09, 0x78, 0x19, 0x70, 0x70, 0x47, 0x00, 0x20, 0x70, 0x47, 0xc0, 0x46, 0xb0, 0xb5, 0x82, 0xb0, 
  0x10, 0x49, 0x00, 0x24, 0x10, 0x4b, 0x20, 0x46, 0x22, 0x46, 0x00, 0xf0, 0xab, 0xfe, 0x01, 0x25, 
  0x00, 0x28, 0x13, 0xd0, 0x00, 0x94, 0x01, 0x94, 0x11, 0x20, 0x03, 0x01, 0x0b, 0x49, 0x20, 0x46, 
  0x22, 0x46, 0x00, 0xf0, 0x33, 0xfe, 0x00, 0x28, 0x08, 0xd0, 0x02, 0xf0, 0xbb, 0xfc, 0x00, 0x28, 
  0x04, 0xd0, 0x0c, 0x49, 0x08, 0x80, 0x00, 0xf0, 0x5b, 0xfe, 0x25, 0x46, 0x28, 0x46, 0x02, 0xb0, 
  0xb0, 0xbd, 0xc0, 0x46, 0x01, 0x18, 0x00, 0x00, 0x74, 0x7e, 0x00, 0x20, 0x05, 0x2a, 0x00, 0x00, 
  0x04, 0x48, 0x00, 0x88, 0x88, 0x42, 0x03, 0xd1, 0x00, 0x98, 0x00, 0x78, 0x02, 0x49, 0x08, 0x70, 
  0x00, 0x20, 0x70, 0x47, 0x28, 0xbc, 0x00, 0x20, 0xb0, 0xcc, 0x00, 0x20, 0xf0, 0xb5, 0x97, 0xb0, 
  0x01, 0x24, 0xa1, 0x02, 0x44, 0x48, 0x45, 0x4a, 0x10, 0x25, 0x2b, 0x46, 0x00, 0xf0, 0xd0, 0xfe, 
  0x43, 0xa0, 0x0b, 0xa9, 0x4c, 0xc8, 0x4c, 0xc1, 0x4c, 0xc8, 0x4c, 0xc1, 0x46, 0xa0, 0x02, 0xaa, 
  0x11, 0x46, 0xc8, 0xc8, 0xc8, 0xc1, 0xc8, 0xc8, 0xc8, 0xc1, 0x24, 0x21, 0x28, 0x46, 0x02, 0xf0, 
  0x3b, 0xfd, 0x47, 0x49, 0x08, 0x60, 0x00, 0x28, 0x12, 0xd0, 0x46, 0xa0, 0x11, 0xaa, 0x11, 0x46, 
  0x68, 0xc8, 0x68, 0xc1, 0x68, 0xc8, 0x68, 0xc1, 0x08, 0x20, 0x80, 0x21, 0x02, 0xf0, 0x2c, 0xfd, 
  0x46, 0x49, 0x08, 0x60, 0x00, 0x28, 0x07, 0xd1, 0x03, 0x20, 0x40, 0x03, 0x40, 0x1c, 0x01, 0xe0, 
  0x03, 0x20, 0x40, 0x03, 0x02, 0xf0, 0x60, 0xfc, 0x40, 0x20, 0x0c, 0x21, 0x0b, 0xaa, 0x02, 0xf0, 
  0xf5, 0xfb, 0x3f, 0x49, 0x08, 0x60, 0x00, 0x28, 0x18, 0xd0, 0x3e, 0xa0, 0x02, 0xaa, 0x11, 0x46, 
  0x68, 0xc8, 0x68, 0xc1, 0x68, 0xc8, 0x68, 0xc1, 0x68, 0xc8, 0x68, 0xc1, 0x42, 0x48, 0x00, 0x21, 
  0x02, 0xf0, 0x9e, 0xfc, 0x05, 0x46, 0x41, 0x48, 0x05, 0x60, 0x00, 0x2d, 0x0a, 0xd0, 0x80, 0x20, 
  0x02, 0xf0, 0x08, 0xfd, 0x3e, 0x48, 0x02, 0xf0, 0x0b, 0xfd, 0x08, 0xe0, 0x00, 0x25, 0x00, 0x2d, 
  0x2e, 0xd0, 0x08, 0xe0, 0x03, 0x20, 0x40, 0x03, 0x09, 0x30, 0x02, 0xf0, 0x35, 0xfc, 0x68, 0x1e, 
  0x85, 0x41, 0x00, 0x2d, 0x24, 0xd0, 0x26, 0x02, 0x00, 0x96, 0x10, 0x21, 0x28, 0x22, 0x08, 0x23, 
  0x20, 0x46, 0x02, 0xf0, 0xfb, 0xfc, 0x68, 0x36, 0x32, 0x48, 0x31, 0x46, 0x02, 0xf0, 0xfc, 0xfc, 
  0x33, 0x20, 0x81, 0x01, 0x30, 0x48, 0x02, 0xf0, 0xfd, 0xfc, 0x30, 0x48, 0x02, 0x21, 0x30, 0x22, 
  0x02, 0xf0, 0xfe, 0xfc, 0x02, 0xf0, 0x02, 0xfd, 0x2d, 0x48, 0x02, 0xf0, 0x05, 0xfd, 0x2d, 0x48, 
  0x02, 0xf0, 0x08, 0xfd, 0x2c, 0x48, 0x02, 0xf0, 0x0b, 0xfd, 0x2c, 0x48, 0x02, 0xf0, 0x0e, 0xfd, 
  0x28, 0x46, 0x17, 0xb0, 0xf0, 0xbd, 0xc0, 0x46, 0xb0, 0xc8, 0x00, 0x20, 0xb0, 0xc2, 0x00, 0x20, 
  0xd0, 0x7f, 0x00, 0x20, 0x00, 0x00, 0x00, 0x00, 0xe8, 0x83, 0x00, 0x20, 0x34, 0x00, 0x00, 0x00, 
  0x20, 0x84, 0x00, 0x20, 0x00, 0x06, 0x00, 0x00, 0x0a, 0x80, 0x00, 0x20, 0x00, 0x00, 0x00, 0x00, 
  0x80, 0xd9, 0x00, 0x20, 0x24, 0x00, 0x00, 0x00, 0x2c, 0xc0, 0x00, 0x20, 0x40, 0x02, 0x00, 0x00, 
  0x98, 0xc2, 0x00, 0x20, 0xe3, 0x7f, 0x00, 0x20, 0x00, 0x00, 0x00, 0x00, 0xa4, 0xd9, 0x00, 0x20, 
  0x24, 0x00, 0x00, 0x00, 0x2c, 0xbc, 0x00, 0x20, 0x00, 0x04, 0x00, 0x00, 0x94, 0xc2, 0x00, 0x20, 
  0x1c, 0x84, 0x00, 0x20, 0xfd, 0x7f, 0x00, 0x20, 0x01, 0x00, 0x00, 0x00, 0xa0, 0x83, 0x00, 0x20, 
  0x44, 0x00, 0x00, 0x00, 0x20, 0x8a, 0x00, 0x20, 0x00, 0x08, 0x00, 0x00, 0x20, 0x00, 0x00, 0x00, 
  0x00, 0x00, 0x00, 0x00, 0x00, 0x00, 0x00, 0x00, 0xd1, 0x3b, 0x00, 0x20, 0xe4, 0x83, 0x00, 0x20, 
  0x95, 0x6c, 0x00, 0x20, 0x48, 0xc7, 0x00, 0x20, 0xb8, 0xcc, 0x00, 0x20, 0x28, 0x92, 0x00, 0x20, 
  0x1d, 0x3c, 0x00, 0x20, 0x39, 0x3c, 0x00, 0x20, 0x45, 0x3c, 0x00, 0x20, 0x2d, 0x3c, 0x00, 0x20, 
  0x70, 0xb5, 0x82, 0xb0, 0x01, 0x24, 0x00, 0x28, 0x24, 0xd0, 0x14, 0x4a, 0x11, 0x60, 0x14, 0x4e, 
  0x30, 0x60, 0x14, 0x49, 0x01, 0x60, 0x14, 0x49, 0x00, 0x25, 0x14, 0x4b, 0x28, 0x46, 0x2a, 0x46, 
  0x00, 0xf0, 0x88, 0xfd, 0x31, 0x68, 0xc8, 0x80, 0x00, 0x95, 0x01, 0x95, 0x09, 0x20, 0x43, 0x01, 
  0x0f, 0x49, 0x28, 0x46, 0x2a, 0x46, 0x00, 0xf0, 0x11, 0xfd, 0x00, 0x28, 0x0a, 0xd0, 0x31, 0x68, 
  0x08, 0x81, 0x02, 0xf0, 0x97, 0xfb, 0x00, 0x28, 0x04, 0xd0, 0x31, 0x68, 0x48, 0x81, 0x00, 0xf0, 
  0x37, 0xfd, 0x2c, 0x46, 0x20, 0x46, 0x02, 0xb0, 0x70, 0xbd, 0xc0, 0x46, 0x24, 0x92, 0x00, 0x20, 
  0xf8, 0xac, 0x00, 0x20, 0x11, 0x4f, 0x00, 0x20, 0x09, 0x18, 0x00, 0x00, 0x88, 0x83, 0x00, 0x20, 
  0x1c, 0x2a, 0x00, 0x00, 0x10, 0xb5, 0x01, 0xf0, 0xc9, 0xff, 0x00, 0x24, 0x02, 0x21, 0x20, 0x46, 
  0x02, 0xf0, 0x42, 0xfb, 0x12, 0x48, 0x04, 0x22, 0x02, 0x60, 0xff, 0x20, 0x00, 0x04, 0x11, 0x49, 
  0x0b, 0x68, 0x83, 0x43, 0x0b, 0x60, 0x10, 0x48, 0x02, 0x60, 0x0f, 0x20, 0x03, 0x21, 0x07, 0x23, 
  0x02, 0xf0, 0x6a, 0xfc, 0x00, 0xf0, 0x38, 0xf8, 0xff, 0xf7, 0x64, 0xf9, 0x00, 0x28, 0x07, 0xd0, 
  0xff, 0xf7, 0xc4, 0xfe, 0x00, 0x28, 0x05, 0xd0, 0x00, 0xf0, 0x80, 0xfc, 0x20, 0x46, 0x10, 0xbd, 
  0x06, 0xa0, 0x00, 0xe0, 0x0c, 0xa0, 0x03, 0xf0, 0xa9, 0xf9, 0x01, 0x20, 0x10, 0xbd, 0xc0, 0x46, 
  0x80, 0xe2, 0x00, 0xe0, 0x00, 0xe4, 0x00, 0xe0, 0x00, 0xe1, 0x00, 0xe0, 0x62, 0x6c, 0x65, 0x5f, 
  0x63, 0x6f, 0x6e, 0x74, 0x72, 0x6f, 0x6c, 0x6c, 0x65, 0x72, 0x5f, 0x69, 0x6e, 0x69, 0x74, 0x20, 
  0x65, 0x72, 0x72, 0x6f, 0x72, 0x2e, 0x00, 0x00, 0x62, 0x6c, 0x65, 0x5f, 0x68, 0x6f, 0x73, 0x74, 
  0x5f, 0x69, 0x6e, 0x69, 0x74, 0x20, 0x65, 0x72, 0x72, 0x6f, 0x72, 0x2e, 0x00, 0x00, 0x00, 0x00, 
  0x80, 0xb5, 0x02, 0xf0, 0x37, 0xfc, 0x80, 0xbd, 0x10, 0xb5, 0x2b, 0x48, 0x02, 0xf0, 0x38, 0xfc, 
  0x2a, 0x48, 0x02, 0xf0, 0x3b, 0xfc, 0x2a, 0x48, 0x02, 0xf0, 0x3e, 0xfc, 0x29, 0x48, 0x02, 0xf0, 
  0x41, 0xfc, 0x29, 0x48, 0x02, 0xf0, 0x44, 0xfc, 0x28, 0x48, 0x02, 0xf0, 0x47, 0xfc, 0x28, 0x48, 
  0x02, 0xf0, 0x4a, 0xfc, 0x27, 0x48, 0x02, 0xf0, 0x4d, 0xfc, 0x27, 0x48, 0x02, 0xf0, 0x50, 0xfc, 
  0x26, 0x48, 0x02, 0xf0, 0x53, 0xfc, 0x26, 0x48, 0x02, 0xf0, 0x56, 0xfc, 0x25, 0x48, 0x02, 0xf0, 
  0x59, 0xfc, 0x25, 0x48, 0x02, 0xf0, 0x5c, 0xfc, 0x24, 0x48, 0x02, 0xf0, 0x5f, 0xfc, 0x24, 0x48, 
  0x02, 0xf0, 0x62, 0xfc, 0x23, 0x48, 0x02, 0xf0, 0x65, 0xfc, 0x23, 0x48, 0x02, 0xf0, 0x68, 0xfc, 
  0x22, 0x48, 0x02, 0xf0, 0x6b, 0xfc, 0x22, 0x48, 0x02, 0xf0, 0x6e, 0xfc, 0x21, 0x48, 0x02, 0xf0, 
  0x71, 0xfc, 0x21, 0x48, 0x02, 0xf0, 0x74, 0xfc, 0x20, 0x48, 0x02, 0xf0, 0x77, 0xfc, 0x20, 0x48, 
  0x02, 0xf0, 0x7a, 0xfc, 0x1f, 0x48, 0x02, 0xf0, 0x7d, 0xfc, 0x1f, 0x48, 0x02, 0xf0, 0x80, 0xfc, 
  0x00, 0x20, 0xc4, 0x43, 0x20, 0x46, 0x21, 0x46, 0x02, 0xf0, 0x80, 0xfc, 0x20, 0x46, 0x21, 0x46, 
  0x02, 0xf0, 0x82, 0xfc, 0x10, 0xbd, 0xc0, 0x46, 0xd3, 0xbc, 0x02, 0x00, 0xb3, 0xbc, 0x02, 0x00, 
  0xbb, 0xbc, 0x02, 0x00, 0xcb, 0xbc, 0x02, 0x00, 0xc3, 0xbc, 0x02, 0x00, 0xb9, 0x55, 0x01, 0x00, 
  0x69, 0x56, 0x01, 0x00, 0x61, 0x27, 0x02, 0x00, 0x01, 0x27, 0x02, 0x00, 0x15, 0x27, 0x02, 0x00, 
  0x71, 0x0b, 0x02, 0x00, 0x5d, 0x24, 0x02, 0x00, 0x31, 0x26, 0x02, 0x00, 0x9d, 0x25, 0x02, 0x00, 
  0x8d, 0x26, 0x02, 0x00, 0xf9, 0x25, 0x02, 0x00, 0xc5, 0x26, 0x02, 0x00, 0x7d, 0x27, 0x02, 0x00, 
  0x75, 0x27, 0x02, 0x00, 0x7d, 0x0b, 0x02, 0x00, 0xd9, 0xe9, 0x03, 0x00, 0x01, 0xe8, 0x03, 0x00, 
  0x3d, 0xe7, 0x03, 0x00, 0xc5, 0xea, 0x03, 0x00, 0x9d, 0xea, 0x03, 0x00, 0x80, 0xb5, 0x02, 0x20, 
  0x02, 0xf0, 0x50, 0xfc, 0x05, 0x48, 0x02, 0xf0, 0x37, 0xfa, 0xff, 0xf7, 0xc7, 0xfd, 0x04, 0x48, 
  0x12, 0x21, 0x00, 0x22, 0xff, 0xf7, 0x58, 0xfd, 0x80, 0xbd, 0xc0, 0x46, 0x80, 0x7e, 0x00, 0x20, 
  0x60, 0x83, 0x00, 0x20, 0x80, 0xb5, 0x03, 0x46, 0x10, 0x20, 0x00, 0x2b, 0x06, 0xd0, 0x06, 0x29, 
  0x04, 0xd3, 0x34, 0x20, 0x06, 0x22, 0x19, 0x46, 0x02, 0xf0, 0x3a, 0xfc, 0x80, 0xbd, 0x80, 0xb5, 
  0x03, 0x46, 0x10, 0x20, 0x00, 0x2b, 0x06, 0xd0, 0x06, 0x29, 0x04, 0xd3, 0x09, 0x20, 0x06, 0x22, 
  0x19, 0x46, 0x02, 0xf0, 0x2d, 0xfc, 0x80, 0xbd, 0x80, 0xb5, 0x03, 0x46, 0x10, 0x20, 0x00, 0x2b, 
  0x06, 0xd0, 0x03, 0x29, 0x04, 0xd3, 0x31, 0x20, 0x03, 0x22, 0x19, 0x46, 0x02, 0xf0, 0x20, 0xfc, 
  0x80, 0xbd, 0x00, 0x00, 0x03, 0x48, 0x04, 0x49, 0x01, 0x60, 0x04, 0x48, 0x04, 0x49, 0x01, 0x60, 
  0x70, 0x47, 0xc0, 0x46, 0x30, 0x0b, 0x00, 0x20, 0x69, 0x6e, 0x00, 0x20, 0x2c, 0x0b, 0x00, 0x20, 
  0x1d, 0x50, 0x00, 0x20, 0x10, 0xb5, 0x04, 0x46, 0x0b, 0x48, 0x01, 0x68, 0x00, 0x29, 0x0c, 0xd0, 
  0x0a, 0x48, 0x02, 0x88, 0x0b, 0x68, 0x9c, 0x54, 0x8b, 0x88, 0x51, 0x1c, 0x8a, 0xb2, 0x9a, 0x42, 
  0x00, 0xd3, 0x00, 0x21, 0x01, 0x80, 0x20, 0x46, 0x10, 0xbd, 0x05, 0x48, 0x00, 0x68, 0xe1, 0xb2, 
  0x02, 0xf0, 0xb6, 0xf9, 0x20, 0x46, 0x10, 0xbd, 0x9c, 0xc2, 0x00, 0x20, 0x3a, 0xc3, 0x00, 0x20, 
  0xa4, 0xc2, 0x00, 0x20, 0x10, 0xb5, 0x04, 0xa0, 0x0e, 0xa1, 0xfa, 0x22, 0x42, 0x24, 0x23, 0x46, 
  0x02, 0xf0, 0x32, 0xfe, 0x20, 0x46, 0x10, 0xbd, 0x5b, 0x25, 0x73, 0x5d, 0x5b, 0x25, 0x64, 0x5d, 
  0x20, 0x3a, 0x20, 0x43, 0x75, 0x72, 0x72, 0x65, 0x6e, 0x74, 0x20, 0x42, 0x61, 0x74, 0x74, 0x65, 
  0x72, 0x79, 0x20, 0x4c, 0x65, 0x76, 0x65, 0x6c, 0x20, 0x3a, 0x20, 0x25, 0x75, 0x25, 0x25, 0x0d, 
  0x0a, 0x00, 0x00, 0x00, 0x67, 0x65, 0x74, 0x5f, 0x62, 0x61, 0x74, 0x74, 0x65, 0x72, 0x79, 0x5f, 
  0x6c, 0x65, 0x76, 0x65, 0x6c, 0x00, 0x00, 0x00, 0x90, 0x48, 0x00, 0x88, 0x70, 0x47, 0xc0, 0x46, 
  0x10, 0xb5, 0x84, 0xb0, 0x0b, 0x46, 0xef, 0xf3, 0x05, 0x84, 0x69, 0x46, 0x48, 0x70, 0x01, 0x20, 
  0x08, 0x70, 0x02, 0x93, 0x01, 0x92, 0x00, 0x22, 0x00, 0x2c, 0x01, 0xd0, 0x13, 0x46, 0x00, 0xe0, 
  0xd3, 0x43, 0x09, 0x48, 0x00, 0x68, 0x02, 0xf0, 0x6d, 0xfa, 0x00, 0x28, 0x0a, 0xd0, 0x03, 0x46, 
  0x06, 0x48, 0x07, 0x49, 0x8a, 0x22, 0x02, 0xf0, 0xef, 0xfd, 0x06, 0xa0, 0x0f, 0xa1, 0xab, 0x22, 
  0x02, 0xf0, 0xea, 0xfd, 0x04, 0xb0, 0x10, 0xbd, 0xf4, 0xac, 0x00, 0x20, 0x42, 0x82, 0x00, 0x20, 
  0x38, 0x83, 0x00, 0x20, 0x5b, 0x25, 0x73, 0x5d, 0x5b, 0x25, 0x64, 0x5d, 0x20, 0x3a, 0x20, 0x53, 
  0x65, 0x6e, 0x64, 0x20, 0x48, 0x74, 0x73, 0x20, 0x4d, 0x65, 0x73, 0x73, 0x61, 0x67, 0x65, 0x20, 
  0x46, 0x61, 0x69, 0x6c, 0x65, 0x64, 0x0d, 0x0a, 0x00, 0x00, 0x00, 0x00, 0x68, 0x74, 0x73, 0x5f, 
  0x65, 0x76, 0x65, 0x6e, 0x74, 0x5f, 0x63, 0x61, 0x6c, 0x6c, 0x62, 0x61, 0x63, 0x6b, 0x00, 0x00, 
  0x10, 0xb5, 0x86, 0xb0, 0x00, 0xf0, 0xcc, 0xf8, 0x00, 0x28, 0x14, 0xd0, 0x00, 0x20, 0x01, 0x90, 
  0x01, 0xac, 0x05, 0x21, 0x21, 0x70, 0x05, 0x90, 0x04, 0x90, 0x03, 0x90, 0x02, 0x90, 0x02, 0xf0, 
  0x6d, 0xfb, 0x02, 0x21, 0x21, 0x74, 0xff, 0x21, 0xfe, 0xf7, 0x58, 0xfa, 0x02, 0x91, 0x03, 0x48, 
  0x21, 0x46, 0x00, 0xf0, 0x0d, 0xf8, 0x06, 0xb0, 0x10, 0xbd, 0xc0, 0x46, 0x3c, 0xad, 0x00, 0x20, 
  0x4c, 0x48, 0x00, 0x68, 0x40, 0x89, 0x40, 0x1a, 0x41, 0x42, 0x41, 0x41, 0x48, 0x00, 0x70, 0x47, 
  0xf0, 0xb5, 0x87, 0xb0, 0x06, 0x46, 0x00, 0x24, 0x06, 0x94, 0x05, 0x94, 0x04, 0x94, 0x03, 0x94, 
  0x02, 0x94, 0x20, 0x48, 0x00, 0x78, 0x00, 0x28, 0x39, 0xd0, 0x0f, 0x46, 0x0d, 0x78, 0x02, 0xa8, 
  0x05, 0x70, 0x4a, 0x68, 0x01, 0x21, 0x01, 0x91, 0x02, 0xf0, 0x46, 0xfb, 0xa8, 0x07, 0x03, 0xd4, 
  0x05, 0x23, 0x68, 0x07, 0x12, 0xd4, 0x15, 0xe0, 0x38, 0x89, 0x02, 0xa9, 0x48, 0x71, 0xba, 0x7a, 
  0xca, 0x71, 0xfa, 0x7a, 0x0a, 0x72, 0x3a, 0x7b, 0x4a, 0x72, 0x7a, 0x7b, 0x8a, 0x72, 0xba, 0x7b, 
  0xca, 0x72, 0x00, 0x0a, 0x88, 0x71, 0x0c, 0x23, 0x68, 0x07, 0x03, 0xd5, 0x38, 0x7c, 0x02, 0xa9, 
  0xc8, 0x54, 0x5b, 0x1c, 0xb0, 0x88, 0x00, 0x28, 0x0d, 0xd0, 0x0b, 0x49, 0x09, 0x68, 0x09, 0x89, 
  0x02, 0xaa, 0x02, 0xf0, 0x27, 0xfb, 0x00, 0x28, 0x09, 0xd0, 0x01, 0x46, 0x07, 0xa0, 0x02, 0xf0, 
  0x5b, 0xfd, 0x01, 0x9c, 0x03, 0xe0, 0x0b, 0xa0, 0x02, 0xf0, 0x56, 0xfd, 0x01, 0x9c, 0x20, 0x46, 
  0x07, 0xb0, 0xf0, 0xbd, 0x94, 0x83, 0x00, 0x20, 0xf8, 0xac, 0x00, 0x20, 0x48, 0x54, 0x53, 0x20, 
  0x69, 0x6e, 0x64, 0x69, 0x63, 0x61, 0x74, 0x65, 0x20, 0x45, 0x72, 0x72, 0x6f, 0x72, 0x3d, 0x25, 
  0x64, 0x0a, 0x00, 0x00, 0x48, 0x54, 0x53, 0x20, 0x42, 0x6c, 0x65, 0x20, 0x43, 0x6f, 0x6e, 0x6e, 
  0x65, 0x63, 0x74, 0x65, 0x64, 0x20, 0x48, 0x61, 0x6e, 0x64, 0x6c, 0x65, 0x20, 0x45, 0x72, 0x72, 
  0x6f, 0x72, 0x00, 0x00, 0x13, 0x48, 0x00, 0x68, 0x40, 0x89, 0x88, 0x42, 0x06, 0xd1, 0x00, 0x20, 
  0x58, 0x70, 0x11, 0x48, 0x00, 0x78, 0x18, 0x70, 0x02, 0x20, 0x70, 0x47, 0x00, 0x20, 0x70, 0x47, 
  0x80, 0xb5, 0x04, 0x49, 0x0b, 0x68, 0x00, 0x2b, 0x03, 0xd0, 0x0a, 0x49, 0x09, 0x68, 0x10, 0x22, 
  0x98, 0x47, 0x80, 0xbd, 0x24, 0x92, 0x00, 0x20, 0x06, 0x48, 0x00, 0x68, 0x40, 0x89, 0x88, 0x42, 
  0x05, 0xd1, 0x00, 0x98, 0x00, 0x78, 0x03, 0x21, 0x01, 0x40, 0x03, 0x48, 0x01, 0x70, 0x00, 0x20, 
  0x70, 0x47, 0xc0, 0x46, 0xf8, 0xac, 0x00, 0x20, 0x94, 0x83, 0x00, 0x20, 0x01, 0x48, 0x02, 0x49, 
  0x01, 0x60, 0x70, 0x47, 0x28, 0x0b, 0x00, 0x20, 0x5d, 0x4f, 0x00, 0x20, 0x80, 0xb5, 0xfe, 0xf7, 
  0x77, 0xfb, 0x7d, 0x20, 0x80, 0x00, 0x02, 0xf0, 0x53, 0xf8, 0xfe, 0xf7, 0xdd, 0xf8, 0x80, 0xbd, 
  0x02, 0x48, 0x00, 0x88, 0x41, 0x1e, 0x88, 0x41, 0x70, 0x47, 0xc0, 0x46, 0x4c, 0xad, 0x00, 0x20, 
  0x82, 0xb0, 0x0a, 0x4d, 0x0a, 0xa4, 0x03, 0xe0, 0x01, 0x46, 0x20, 0x46, 0x02, 0xf0, 0xe4, 0xfc, 
  0x28, 0x68, 0x00, 0x22, 0xd3, 0x43, 0x69, 0x46, 0x02, 0xf0, 0x7c, 0xf8, 0x00, 0x28, 0xf3, 0xd1, 
  0x01, 0x99, 0x00, 0x98, 0x02, 0xf0, 0xa4, 0xfa, 0xf2, 0xe7, 0xc0, 0x46, 0x24, 0xaf, 0x00, 0x20, 
  0x6c, 0x6c, 0x63, 0x5f, 0x74, 0x61, 0x73, 0x6b, 0x20, 0x67, 0x65, 0x74, 0x20, 0x6d, 0x73, 0x67, 
  0x20, 0x66, 0x61, 0x69, 0x6c, 0x65, 0x64, 0x3a, 0x25, 0x75, 0x0a, 0x00, 0x8a, 0xb0, 0x09, 0xa0, 
  0x01, 0xac, 0x21, 0x46, 0x2c, 0xc8, 0x2c, 0xc1, 0x2c, 0xc8, 0x2c, 0xc1, 0x2c, 0xc8, 0x2c, 0xc1, 
  0x02, 0xf0, 0x8c, 0xfa, 0x0c, 0x48, 0x00, 0x21, 0x22, 0x46, 0x02, 0xf0, 0x01, 0xf9, 0x02, 0xf0, 
  0x8b, 0xfa, 0xfe, 0xe7, 0x0f, 0x82, 0x00, 0x20, 0x01, 0x00, 0x00, 0x00, 0xc8, 0xd9, 0x00, 0x20, 
  0x44, 0x00, 0x00, 0x00, 0x48, 0xc3, 0x00, 0x20, 0x00, 0x04, 0x00, 0x00, 0x18, 0x00, 0x00, 0x00, 
  0x00, 0x00, 0x00, 0x00, 0x00, 0x00, 0x00, 0x00, 0x95, 0x39, 0x00, 0x20, 0x0c, 0x46, 0x05, 0x46, 
  0xfe, 0xf7, 0x42, 0xfb, 0x06, 0xa0, 0x02, 0xf0, 0xe9, 0xfe, 0x09, 0xa0, 0x29, 0x46, 0x02, 0xf0, 
  0x93, 0xfc, 0x0c, 0xa0, 0x21, 0x46, 0x02, 0xf0, 0x8f, 0xfc, 0xfe, 0xf7, 0x09, 0xfb, 0xfe, 0xe7, 
  0x6f, 0x73, 0x20, 0x65, 0x72, 0x72, 0x20, 0x6f, 0x63, 0x63, 0x75, 0x72, 0x73, 0x00, 0x00, 0x00, 
  0x63, 0x6f, 0x64, 0x65, 0x20, 0x20, 0x20, 0x20, 0x20, 0x3a, 0x20, 0x30, 0x78, 0x25, 0x30, 0x38, 
  0x58, 0x0a, 0x00, 0x00, 0x6f, 0x62, 0x6a, 0x65, 0x63, 0x74, 0x5f, 0x69, 0x64, 0x3a, 0x20, 0x30, 
  0x78, 0x25, 0x30, 0x38, 0x58, 0x0a, 0x00, 0x00, 0xf0, 0xb5, 0x83, 0xb0, 0x1c, 0x46, 0x16, 0x46, 
  0x0f, 0x46, 0x02, 0x90, 0x09, 0x89, 0x13, 0x48, 0x08, 0x9d, 0x2a, 0x46, 0x02, 0xf0, 0x04, 0xf9, 
  0xf8, 0x88, 0xc0, 0x05, 0x13, 0xd4, 0x02, 0x94, 0x3c, 0x8a, 0x0e, 0x48, 0x40, 0x1c, 0x21, 0x46, 
  0x32, 0x46, 0x02, 0xf0, 0xf9, 0xf8, 0xa0, 0x1b, 0x81, 0xb2, 0xa9, 0x42, 0x00, 0xd8, 0x05, 0x46, 
  0xaa, 0xb2, 0x78, 0x69, 0x81, 0x19, 0x02, 0x98, 0xfe, 0xf7, 0xe6, 0xf8, 0x07, 0xe0, 0x39, 0x89, 
  0x00, 0x95, 0x02, 0x98, 0x32, 0x46, 0x23, 0x46, 0x00, 0xf0, 0xd4, 0xfd, 0x05, 0x46, 0xa8, 0xb2, 
  0x03, 0xb0, 0xf0, 0xbd, 0x15, 0x51, 0x00, 0x00, 0xf0, 0xb5, 0x85, 0xb0, 0x1d, 0x46, 0x16, 0x46, 
  0x0f, 0x46, 0x01, 0x21, 0x01, 0x70, 0x14, 0x78, 0x38, 0x46, 0x02, 0xf0, 0x13, 0xfa, 0x00, 0x28, 
  0x00, 0xd1, 0x6e, 0xe0, 0x00, 0x97, 0x01, 0x95, 0x07, 0x46, 0xc8, 0x37, 0x9d, 0x49, 0x05, 0x46, 
  0x48, 0x1c, 0x21, 0x46, 0x02, 0xf0, 0x0e, 0xf8, 0xd8, 0x35, 0x02, 0x95, 0x60, 0x1e, 0x51, 0x28, 
  0x00, 0xd9, 0xd9, 0xe0, 0x40, 0x00, 0xc0, 0x46, 0x78, 0x44, 0x80, 0x88, 0x40, 0x00, 0x87, 0x44, 
  0x51, 0x00, 0x5d, 0x00, 0x6f, 0x00, 0x95, 0x00, 0x9a, 0x00, 0xa1, 0x00, 0xa7, 0x00, 0xae, 0x00, 
  0xb4, 0x00, 0xbb, 0x00, 0xc0, 0x00, 0xc7, 0x00, 0xcc, 0x00, 0xd3, 0x00, 0xd3, 0x00, 0xd9, 0x00, 
  0xdf, 0x00, 0xe6, 0x00, 0xec, 0x00, 0xd3, 0x00, 0xd3, 0x00, 0xf3, 0x00, 0xf9, 0x00, 0x00, 0x01, 
  0x05, 0x01, 0xd3, 0x00, 0x0c, 0x01, 0xd3, 0x00, 0x13, 0x01, 0x1a, 0x01, 0xd3, 0x00, 0xd3, 0x00, 
  0xd3, 0x00, 0xd3, 0x00, 0xd3, 0x00, 0xd3, 0x00, 0xd3, 0x00, 0xd3, 0x00, 0xd3, 0x00, 0xd3, 0x00, 
  0xd3, 0x00, 0xd3, 0x00, 0xd3, 0x00, 0xd3, 0x00, 0xd3, 0x00, 0xd3, 0x00, 0xd3, 0x00, 0xd3, 0x00, 
  0xd3, 0x00, 0xd3, 0x00, 0xd3, 0x00, 0xd3, 0x00, 0xd3, 0x00, 0xd3, 0x00, 0xd3, 0x00, 0xd3, 0x00, 
  0xd3, 0x00, 0xd3, 0x00, 0xd3, 0x00, 0xd3, 0x00, 0xd3, 0x00, 0xd3, 0x00, 0xd3, 0x00, 0xd3, 0x00, 
  0xd3, 0x00, 0xd3, 0x00, 0xd3, 0x00, 0xd3, 0x00, 0xd3, 0x00, 0xd3, 0x00, 0xd3, 0x00, 0xd3, 0x00, 
  0xd3, 0x00, 0xd3, 0x00, 0xd3, 0x00, 0xd3, 0x00, 0xd3, 0x00, 0xd3, 0x00, 0xd3, 0x00, 0xd3, 0x00, 
  0xd3, 0x00, 0x1e, 0x01, 0x02, 0x9c, 0x20, 0x46, 0x31, 0x46, 0x01, 0x9a, 0x02, 0xf0, 0xa8, 0xf9, 
  0xcb, 0xe0, 0x68, 0x48, 0x01, 0xf0, 0xb8, 0xff, 0x05, 0xb0, 0xf0, 0xbd, 0x38, 0x46, 0x31, 0x46, 
  0x02, 0xf0, 0xa4, 0xf9, 0x00, 0x28, 0x02, 0x9c, 0x00, 0xd0, 0xbe, 0xe0, 0x04, 0xa9, 0x00, 0x98, 
  0x08, 0x80, 0x38, 0x88, 0x48, 0x80, 0x0a, 0x20, 0x04, 0x22, 0x02, 0xf0, 0x9d, 0xf9, 0xb4, 0xe0, 
  0x01, 0x21, 0x30, 0x46, 0x02, 0xf0, 0x9e, 0xf9, 0x7a, 0x88, 0x90, 0x42, 0x01, 0x46, 0x00, 0xd3, 
  0x11, 0x46, 0x3a, 0x88, 0x91, 0x42, 0x02, 0xd2, 0x17, 0x29, 0x00, 0xd3, 0x39, 0x80, 0x3a, 0x78, 
  0x54, 0x49, 0x8b, 0x1c, 0xc1, 0xb2, 0x18, 0x46, 0x02, 0xf0, 0x24, 0xf8, 0x02, 0x20, 0xb8, 0x71, 
  0x39, 0x88, 0x00, 0x9c, 0x20, 0x46, 0x02, 0xf0, 0x8b, 0xf9, 0x03, 0xa9, 0x0c, 0x80, 0x38, 0x88, 
  0x48, 0x80, 0x0a, 0x20, 0x04, 0x22, 0x02, 0xf0, 0x77, 0xf9, 0x8d, 0xe0, 0x38, 0x46, 0x31, 0x46, 
  0x02, 0xf0, 0x84, 0xf9, 0x88, 0xe0, 0x02, 0x9c, 0x20, 0x46, 0x31, 0x46, 0x01, 0x9a, 0x02, 0xf0, 
  0x83, 0xf9, 0x82, 0xe0, 0x38, 0x46, 0x31, 0x46, 0x01, 0x9a, 0x02, 0xf0, 0x83, 0xf9, 0x7b, 0xe0, 
  0x02, 0x9c, 0x20, 0x46, 0x31, 0x46, 0x01, 0x9a, 0x02, 0xf0, 0x82, 0xf9, 0x75, 0xe0, 0x38, 0x46, 
  0x31, 0x46, 0x01, 0x9a, 0x00, 0xf0, 0xdc, 0xfa, 0x6e, 0xe0, 0x02, 0x9c, 0x20, 0x46, 0x31, 0x46, 
  0x01, 0x9a, 0x02, 0xf0, 0x7b, 0xf9, 0x68, 0xe0, 0x38, 0x46, 0x31, 0x46, 0x00, 0xf0, 0xc6, 0xfb, 
  0x62, 0xe0, 0x02, 0x9c, 0x20, 0x46, 0x31, 0x46, 0x01, 0x9a, 0x02, 0xf0, 0x75, 0xf9, 0x5c, 0xe0, 
  0x38, 0x46, 0x31, 0x46, 0x00, 0xf0, 0x56, 0xfa, 0x56, 0xe0, 0x02, 0x9c, 0x20, 0x46, 0x31, 0x46, 
  0x01, 0x9a, 0x02, 0xf0, 0x6f, 0xf9, 0x50, 0xe0, 0x06, 0x22, 0x38, 0x46, 0x21, 0x46, 0x02, 0xf0, 
  0x6f, 0xf9, 0x49, 0xe0, 0x38, 0x46, 0x31, 0x46, 0x01, 0x9a, 0x02, 0xf0, 0x6f, 0xf9, 0x43, 0xe0, 
  0x02, 0x9c, 0x20, 0x46, 0x31, 0x46, 0x01, 0x9a, 0x02, 0xf0, 0x6e, 0xf9, 0x3d, 0xe0, 0x38, 0x46, 
  0x31, 0x46, 0x01, 0x9a, 0x00, 0xf0, 0x32, 0xfc, 0x36, 0xe0, 0x02, 0x9c, 0x20, 0x46, 0x31, 0x46, 
  0x01, 0x9a, 0x02, 0xf0, 0x67, 0xf9, 0x30, 0xe0, 0x38, 0x46, 0x31, 0x46, 0x01, 0x9a, 0x00, 0xf0, 
  0xc1, 0xf9, 0x29, 0xe0, 0x02, 0x9c, 0x20, 0x46, 0x31, 0x46, 0x01, 0x9a, 0x02, 0xf0, 0x60, 0xf9, 
  0x23, 0xe0, 0x38, 0x46, 0x31, 0x46, 0x00, 0xf0, 0x83, 0xf9, 0x1d, 0xe0, 0x02, 0x9c, 0x20, 0x46, 
  0x31, 0x46, 0x01, 0x9a, 0x02, 0xf0, 0x5a, 0xf9, 0x17, 0xe0, 0x02, 0x9c, 0x20, 0x46, 0x31, 0x46, 
  0x01, 0x9a, 0x02, 0xf0, 0x59, 0xf9, 0x10, 0xe0, 0x02, 0x9c, 0x20, 0x46, 0x31, 0x46, 0x01, 0x9a, 
  0x02, 0xf0, 0x58, 0xf9, 0x09, 0xe0, 0x38, 0x46, 0x00, 0xf0, 0xc4, 0xfb, 0x04, 0xe0, 0x38, 0x46, 
  0x31, 0x46, 0x01, 0x9a, 0x00, 0xf0, 0xcd, 0xfb, 0x02, 0x9c, 0x20, 0x46, 0x02, 0xf0, 0x50, 0xf9, 
  0x05, 0xb0, 0xf0, 0xbd, 0x14, 0x52, 0x00, 0x00, 0x01, 0x48, 0x02, 0x49, 0x41, 0x60, 0x70, 0x47, 
  0xbc, 0x0a, 0x00, 0x20, 0xd9, 0x50, 0x00, 0x20, 0x10, 0xb5, 0x0c, 0x46, 0xc9, 0x88, 0xc9, 0x05, 
  0x03, 0xd5, 0x21, 0x89, 0x00, 0xf0, 0x56, 0xfc, 0x20, 0x82, 0x10, 0xbd, 0x80, 0xb5, 0x10, 0x48, 
  0x02, 0xf0, 0x28, 0xf8, 0x0f, 0x48, 0x02, 0xf0, 0x2b, 0xf8, 0x0f, 0x48, 0x02, 0xf0, 0x2e, 0xf8, 
  0x0e, 0x48, 0x02, 0xf0, 0x31, 0xf8, 0x0e, 0x48, 0x02, 0xf0, 0x34, 0xf8, 0x01, 0xf0, 0x18, 0xfa, 
  0x01, 0xf0, 0x48, 0xf8, 0x01, 0xf0, 0x30, 0xf8, 0x00, 0xf0, 0x9a, 0xfc, 0x01, 0xf0, 0x32, 0xf8, 
  0x01, 0xf0, 0x10, 0xf8, 0x00, 0xf0, 0x9a, 0xfc, 0xff, 0xf7, 0xce, 0xff, 0x80, 0xbd, 0xc0, 0x46, 
  0x09, 0x68, 0x00, 0x20, 0xd5, 0x68, 0x00, 0x20, 0x41, 0x68, 0x00, 0x20, 0x31, 0x69, 0x00, 0x20, 
  0x9d, 0x68, 0x00, 0x20, 0xb0, 0xb5, 0x01, 0x46, 0x8b, 0x4a, 0x10, 0x88, 0x00, 0x28, 0x10, 0xd0, 
  0x13, 0x88, 0x8a, 0x4a, 0x14, 0x68, 0x00, 0x22, 0x04, 0xe0, 0x08, 0x34, 0x52, 0x1c, 0x9a, 0x42, 
  0x18, 0x46, 0x08, 0xd2, 0x25, 0x88, 0x8d, 0x42, 0xf7, 0xd8, 0x65, 0x88, 0x8d, 0x42, 0xf4, 0xd3, 
  0x02, 0xe0, 0x00, 0x22, 0x00, 0xe0, 0x18, 0x46, 0xd1, 0x00, 0x80, 0x4b, 0x1b, 0x68, 0x59, 0x18, 
  0x49, 0x68, 0x00, 0x29, 0x00, 0xd0, 0x10, 0x46, 0xb0, 0xbd, 0xc0, 0x46, 0xf0, 0xb5, 0x81, 0xb0, 
  0x1c, 0x46, 0x17, 0x46, 0x0d, 0x46, 0x15, 0x49, 0x07, 0x9b, 0x06, 0x9a, 0x00, 0x28, 0x0d, 0xd0, 
  0x0d, 0x46, 0x00, 0x2f, 0x1b, 0xd0, 0x38, 0x46, 0x21, 0x46, 0x02, 0xf0, 0xdf, 0xf8, 0x06, 0x46, 
  0x68, 0x1c, 0x10, 0x22, 0x39, 0x46, 0x01, 0xf0, 0xf9, 0xfe, 0x0a, 0xe0, 0x28, 0x46, 0x0f, 0x46, 
  0x21, 0x46, 0x02, 0xf0, 0xd9, 0xf8, 0x06, 0x46, 0xb8, 0x1c, 0x29, 0x46, 0x01, 0xf0, 0x52, 0xfe, 
  0x3d, 0x46, 0xe8, 0x1c, 0x31, 0x46, 0x22, 0x46, 0x01, 0xf0, 0x06, 0xff, 0x03, 0xe0, 0x28, 0x46, 
  0x01, 0xf0, 0x5a, 0xfe, 0x00, 0x26, 0x30, 0x46, 0x01, 0xb0, 0xf0, 0xbd, 0xa5, 0x52, 0x00, 0x00, 
  0xf0, 0xb5, 0x81, 0xb0, 0x60, 0x48, 0x01, 0x88, 0x00, 0x29, 0x12, 0xd0, 0x02, 0x88, 0x5f, 0x48, 
  0x03, 0x68, 0x00, 0x20, 0x04, 0xe0, 0x08, 0x33, 0x40, 0x1c, 0x90, 0x42, 0x11, 0x46, 0x06, 0xd2, 
  0x5c, 0x88, 0x00, 0x2c, 0xf7, 0xd1, 0x1c, 0x88, 0x00, 0x2c, 0xf4, 0xd0, 0x02, 0xe0, 0x11, 0x46, 
  0x00, 0xe0, 0x00, 0x20, 0x0e, 0x4c, 0x88, 0x42, 0x06, 0xd1, 0x81, 0xb2, 0x20, 0x46, 0x01, 0xf0, 
  0x21, 0xfe, 0x00, 0x20, 0x01, 0xb0, 0xf0, 0xbd, 0xc6, 0x00, 0x02, 0xf0, 0xa3, 0xf8, 0x05, 0x46, 
  0x4e, 0x4f, 0x38, 0x68, 0x80, 0x19, 0x45, 0x80, 0x02, 0xf0, 0xa2, 0xf8, 0x02, 0x46, 0x60, 0x1c, 
  0x29, 0x46, 0x01, 0xf0, 0xc9, 0xfe, 0x38, 0x68, 0x80, 0x19, 0x40, 0x88, 0x01, 0xb0, 0xf0, 0xbd, 
  0xa3, 0x52, 0x00, 0x00, 0xf0, 0xb5, 0x83, 0xb0, 0x01, 0x92, 0x0e, 0x46, 0x42, 0x4d, 0x29, 0x88, 
  0x00, 0x24, 0x00, 0x29, 0x02, 0x93, 0x0f, 0xd0, 0x40, 0x4a, 0x12, 0x68, 0x17, 0x88, 0x00, 0x2f, 
  0x0a, 0xd0, 0x29, 0x88, 0x08, 0x32, 0x01, 0x23, 0x1c, 0x46, 0x8b, 0x42, 0x04, 0xd2, 0x63, 0x1c, 
  0x17, 0x88, 0x08, 0x32, 0x00, 0x2f, 0xf7, 0xd1, 0x8c, 0x42, 0x05, 0xd1, 0xa1, 0xb2, 0x1f, 0x48, 
  0x01, 0xf0, 0xe8, 0xfd, 0x00, 0x27, 0x35, 0xe0, 0x1c, 0x4d, 0x00, 0x28, 0x13, 0xd0, 0x2e, 0x46, 
  0x01, 0x9d, 0x00, 0x2d, 0x2a, 0xd0, 0x05, 0x20, 0xc1, 0x02, 0x28, 0x46, 0x02, 0xf0, 0x6e, 0xf8, 
  0x07, 0x46, 0xb0, 0x1c, 0x10, 0x22, 0x29, 0x46, 0x35, 0x46, 0x01, 0xf0, 0x6f, 0xfe, 0x00, 0x2f, 
  0x0d, 0xd1, 0x00, 0x27, 0x1e, 0xe0, 0x05, 0x20, 0xc1, 0x02, 0x30, 0x46, 0x02, 0xf0, 0x64, 0xf8, 
  0x07, 0x46, 0xe8, 0x1c, 0x31, 0x46, 0x01, 0xf0, 0xc5, 0xfd, 0x00, 0x2f, 0xf1, 0xd0, 0xe0, 0x00, 
  0x22, 0x49, 0x09, 0x68, 0x0f, 0x52, 0x08, 0x18, 0x02, 0x99, 0x41, 0x60, 0x00, 0x21, 0x41, 0x80, 
  0x28, 0x1d, 0xa2, 0xb2, 0x39, 0x46, 0x01, 0xf0, 0x6f, 0xfe, 0x03, 0xe0, 0x70, 0x1c, 0x01, 0xf0, 
  0xc3, 0xfd, 0x00, 0x27, 0x38, 0x46, 0x03, 0xb0, 0xf0, 0xbd, 0xc0, 0x46, 0x99, 0x52, 0x00, 0x00, 
  0xf0, 0xb5, 0x81, 0xb0, 0x13, 0x4d, 0x00, 0x28, 0x1f, 0xd0, 0x00, 0x2a, 0x1d, 0xd0, 0x0c, 0x46, 
  0x00, 0x29, 0x1a, 0xd0, 0x00, 0x2b, 0x18, 0xd0, 0x0f, 0x49, 0x0b, 0x80, 0x0f, 0x49, 0x0a, 0x60, 
  0x00, 0x21, 0x0f, 0x46, 0x0e, 0x46, 0xff, 0x00, 0xd1, 0x51, 0x76, 0x1c, 0xf7, 0xb2, 0x9f, 0x42, 
  0xf9, 0xd3, 0x00, 0x22, 0x00, 0x92, 0x21, 0x46, 0x13, 0x46, 0x02, 0xf0, 0x2b, 0xf8, 0x68, 0x1c, 
  0x21, 0x46, 0x01, 0xf0, 0x87, 0xfd, 0x01, 0xb0, 0xf0, 0xbd, 0x28, 0x46, 0x01, 0xf0, 0x94, 0xfd, 
  0x01, 0xb0, 0xf0, 0xbd, 0x97, 0x52, 0x00, 0x00, 0xf0, 0xac, 0x00, 0x20, 0xfc, 0xac, 0x00, 0x20, 
  0x70, 0xb5, 0x82, 0xb0, 0x0e, 0x46, 0x04, 0x46, 0x10, 0x20, 0x02, 0xf0, 0x19, 0xf8, 0x00, 0x28, 
  0x0a, 0xd0, 0x05, 0x46, 0x61, 0x89, 0xa0, 0x88, 0x72, 0x78, 0x00, 0x23, 0x00, 0x93, 0x01, 0x93, 
  0x01, 0x2a, 0x06, 0xd0, 0x03, 0x22, 0x05, 0xe0, 0x0d, 0x48, 0x01, 0xf0, 0x75, 0xfd, 0x02, 0xb0, 
  0x70, 0xbd, 0x02, 0x22, 0x00, 0xf0, 0x26, 0xfb, 0x01, 0x06, 0x07, 0xd0, 0xc3, 0xb2, 0x18, 0x21, 
  0x00, 0x22, 0x28, 0x46, 0x02, 0xf0, 0x02, 0xf8, 0x02, 0x46, 0x02, 0xe0, 0x19, 0x20, 0x28, 0x70, 
  0x01, 0x22, 0xa0, 0x88, 0x29, 0x46, 0x01, 0xf0, 0xff, 0xff, 0x02, 0xb0, 0x70, 0xbd, 0xc0, 0x46, 
  0x23, 0x51, 0x00, 0x00, 0xf0, 0xb5, 0x8b, 0xb0, 0x04, 0x92, 0x0c, 0x46, 0x05, 0x46, 0x01, 0x21, 
  0x20, 0x46, 0x01, 0xf0, 0x4f, 0xff, 0x07, 0x46, 0x03, 0x21, 0x20, 0x46, 0x01, 0xf0, 0x4a, 0xff, 
  0x03, 0x90, 0x2e, 0x46, 0x28, 0x88, 0x00, 0x1d, 0x80, 0xb2, 0x01, 0xf0, 0xd9, 0xff, 0x00, 0x28, 
  0x13, 0xd0, 0x05, 0x46, 0x05, 0xa8, 0x39, 0x46, 0x01, 0xf0, 0xe4, 0xff, 0x00, 0x28, 0x11, 0xd0, 
  0x05, 0xa8, 0xc0, 0x88, 0x01, 0x07, 0x01, 0xd5, 0xc0, 0x05, 0x12, 0xd4, 0x16, 0x21, 0x28, 0x46, 
  0x3a, 0x46, 0x01, 0xf0, 0xdd, 0xff, 0x02, 0x46, 0x28, 0xe0, 0x1d, 0x48, 0x01, 0xf0, 0x2c, 0xfd, 
  0x0b, 0xb0, 0xf0, 0xbd, 0x16, 0x21, 0x28, 0x46, 0x3a, 0x46, 0x01, 0xf0, 0xd7, 0xff, 0x02, 0x46, 
  0x1c, 0xe0, 0x05, 0xa9, 0x30, 0x46, 0x01, 0xf0, 0xd7, 0xff, 0x00, 0x28, 0x01, 0xd0, 0x03, 0x46, 
  0x0e, 0xe0, 0xb0, 0x88, 0x04, 0x99, 0x49, 0x1f, 0x89, 0xb2, 0x62, 0x1d, 0x00, 0x92, 0x01, 0x91, 
  0x01, 0x22, 0x39, 0x46, 0x03, 0x9b, 0x00, 0xf0, 0xc5, 0xfa, 0x01, 0x06, 0x0c, 0xd0, 0xc3, 0xb2, 
  0x16, 0x21, 0x28, 0x46, 0x3a, 0x46, 0x01, 0xf0, 0xa1, 0xff, 0x02, 0x46, 0xb0, 0x88, 0x29, 0x46, 
  0x01, 0xf0, 0xa2, 0xff, 0x0b, 0xb0, 0xf0, 0xbd, 0x28, 0x46, 0x21, 0x46, 0x04, 0x9c, 0x22, 0x46, 
  0xfd, 0xf7, 0x9a, 0xfd, 0x17, 0x20, 0x28, 0x70, 0x77, 0x81, 0x22, 0x46, 0xee, 0xe7, 0xc0, 0x46, 
  0x22, 0x51, 0x00, 0x00, 0xf0, 0xb5, 0x89, 0xb0, 0x0d, 0x46, 0x04, 0x46, 0x01, 0x21, 0x28, 0x46, 
  0x01, 0xf0, 0xe8, 0xfe, 0x06, 0x46, 0x03, 0x21, 0x28, 0x46, 0x01, 0xf0, 0xe3, 0xfe, 0x02, 0x90, 
  0x03, 0xa8, 0x31, 0x46, 0x01, 0xf0, 0x86, 0xff, 0x07, 0x46, 0x20, 0x88, 0x00, 0x1d, 0x80, 0xb2, 
  0x01, 0xf0, 0x6e, 0xff, 0x00, 0x28, 0x0c, 0xd0, 0x05, 0x46, 0x00, 0x2f, 0x0e, 0xd0, 0x03, 0xa8, 
  0xc0, 0x88, 0x80, 0x07, 0x10, 0xd4, 0x0c, 0x21, 0x28, 0x46, 0x32, 0x46, 0x01, 0xf0, 0x8a, 0xff, 
  0x3b, 0xe0, 0x22, 0x48, 0x01, 0xf0, 0xc8, 0xfc, 0x09, 0xb0, 0xf0, 0xbd, 0x0c, 0x21, 0x28, 0x46, 
  0x32, 0x46, 0x01, 0xf0, 0x73, 0xff, 0x30, 0xe0, 0x03, 0xa9, 0x20, 0x46, 0x01, 0xf0, 0x74, 0xff, 
  0x00, 0x28, 0x06, 0xd0, 0x03, 0x46, 0x0c, 0x21, 0x28, 0x46, 0x32, 0x46, 0x01, 0xf0, 0x4e, 0xff, 
  0x23, 0xe0, 0xa0, 0x88, 0x03, 0xaf, 0x39, 0x46, 0xff, 0xf7, 0xce, 0xfd, 0x38, 0x8a, 0x02, 0x9a, 
  0x82, 0x42, 0x05, 0xd9, 0x0c, 0x21, 0x28, 0x46, 0x32, 0x46, 0x01, 0xf0, 0x69, 0xff, 0x14, 0xe0, 
  0x80, 0x1a, 0x41, 0x1c, 0x20, 0x88, 0x81, 0x42, 0x03, 0xdd, 0x10, 0x18, 0x40, 0x1e, 0x03, 0xa9, 
  0x08, 0x82, 0x07, 0x98, 0x80, 0x1a, 0x81, 0xb2, 0xa0, 0x88, 0x00, 0x91, 0x6b, 0x1c, 0x03, 0xa9, 
  0xff, 0xf7, 0x2a, 0xfc, 0x0d, 0x21, 0x29, 0x70, 0x40, 0x1c, 0xa1, 0x88, 0x82, 0xb2, 0x08, 0x46, 
  0x29, 0x46, 0x01, 0xf0, 0x29, 0xff, 0x09, 0xb0, 0xf0, 0xbd, 0xc0, 0x46, 0x1f, 0x51, 0x00, 0x00, 
  0xf0, 0xb5, 0x91, 0xb0, 0x14, 0x46, 0x0e, 0x46, 0x07, 0x46, 0x01, 0x21, 0x30, 0x46, 0x09, 0x91, 
  0x01, 0xf0, 0x78, 0xfe, 0x05, 0x46, 0x03, 0x21, 0x30, 0x46, 0x01, 0xf0, 0x73, 0xfe, 0x02, 0x46, 
  0x71, 0x48, 0x0a, 0x95, 0x29, 0x46, 0x05, 0x46, 0x08, 0x92, 0x01, 0xf0, 0x15, 0xfd, 0x72, 0x79, 
  0x68, 0x1c, 0x21, 0x46, 0x01, 0xf0, 0x10, 0xfd, 0x07, 0x97, 0x38, 0x88, 0x00, 0x1d, 0x80, 0xb2, 
  0x01, 0xf0, 0xf6, 0xfe, 0x00, 0x28, 0x04, 0xd0, 0x07, 0x46, 0x08, 0x2c, 0x06, 0xd3, 0x10, 0x20, 
  0x05, 0xe0, 0xa8, 0x1c, 0x01, 0xf0, 0x58, 0xfc, 0x11, 0xb0, 0xf0, 0xbd, 0x02, 0x20, 0x06, 0x90, 
  0x0a, 0x9a, 0x08, 0x99, 0x50, 0x1e, 0x80, 0xb2, 0x88, 0x42, 0x0a, 0xd2, 0x70, 0x1d, 0x05, 0x90, 
  0x0b, 0xa8, 0x01, 0xf0, 0x13, 0xff, 0x00, 0x26, 0x03, 0x96, 0x02, 0x96, 0x09, 0x98, 0x04, 0x90, 
  0x0f, 0xe0, 0x08, 0x21, 0x38, 0x46, 0x01, 0xf0, 0xf1, 0xfe, 0x9e, 0xe0, 0x0b, 0xa9, 0x07, 0x9c, 
  0x20, 0x46, 0x01, 0xf0, 0xf1, 0xfe, 0x00, 0x28, 0x34, 0xd0, 0x03, 0x90, 0x09, 0x9c, 0x00, 0x2c, 
  0x75, 0xd1, 0x0b, 0xa8, 0x01, 0xf0, 0x00, 0xff, 0x00, 0x28, 0x70, 0xd0, 0x0b, 0xac, 0x20, 0x46, 
  0x01, 0xf0, 0x00, 0xff, 0x22, 0x89, 0xa1, 0x88, 0xe8, 0x1c, 0x01, 0xf0, 0xcd, 0xfc, 0x0e, 0x98, 
  0x01, 0x78, 0x40, 0x78, 0x00, 0x02, 0x40, 0x18, 0x82, 0xb2, 0xe1, 0x88, 0x28, 0x1d, 0x01, 0xf0, 
  0xc3, 0xfc, 0x20, 0x89, 0x00, 0x28, 0xe1, 0xd0, 0x00, 0x24, 0x0a, 0x99, 0x88, 0x42, 0xde, 0xd3, 
  0x08, 0x99, 0x88, 0x42, 0xda, 0xd8, 0x0b, 0xa8, 0x05, 0x99, 0x06, 0x9a, 0x01, 0xf0, 0xe8, 0xfe, 
  0x00, 0x28, 0xd4, 0xd0, 0x0b, 0xa8, 0xc0, 0x88, 0x80, 0x07, 0xc7, 0xd4, 0x30, 0x04, 0xce, 0xd1, 
  0x0d, 0x9e, 0xcc, 0xe7, 0xa0, 0x88, 0x0b, 0xa9, 0xff, 0xf7, 0x1e, 0xfd, 0x0f, 0x98, 0x80, 0x1c, 
  0x04, 0x99, 0x89, 0xb2, 0x00, 0x22, 0x03, 0x92, 0x02, 0x29, 0x04, 0xd3, 0x82, 0xb2, 0x02, 0x9b, 
  0x9b, 0xb2, 0x93, 0x42, 0xba, 0xd1, 0x01, 0x29, 0x03, 0xd1, 0x78, 0x70, 0x04, 0x9b, 0x5b, 0x1c, 
  0x01, 0xe0, 0x04, 0x9b, 0x02, 0x98, 0x02, 0x90, 0x80, 0xb2, 0x99, 0xb2, 0x0a, 0x18, 0x20, 0x88, 
  0x82, 0x42, 0x04, 0x93, 0x06, 0xd9, 0x02, 0x29, 0xa8, 0xd8, 0x00, 0x1f, 0x0b, 0xaa, 0x10, 0x82, 
  0x80, 0x1c, 0x78, 0x70, 0x0b, 0xac, 0x22, 0x89, 0x38, 0x46, 0x01, 0xf0, 0xb7, 0xfe, 0x07, 0x98, 
  0x80, 0x88, 0x21, 0x8a, 0x00, 0x91, 0x04, 0x99, 0x89, 0x1c, 0x04, 0x91, 0x89, 0xb2, 0x7b, 0x18, 
  0x00, 0x22, 0x03, 0x92, 0x21, 0x46, 0xff, 0xf7, 0x5f, 0xfb, 0x04, 0x46, 0x68, 0x1d, 0x21, 0x46, 
  0x01, 0xf0, 0xb0, 0xfb, 0x04, 0x98, 0x20, 0x18, 0x04, 0x90, 0x03, 0x9c, 0x87, 0xe7, 0x04, 0x99, 
  0x88, 0xb2, 0x02, 0x28, 0x02, 0xd3, 0x09, 0x20, 0x38, 0x70, 0x17, 0xe0, 0x03, 0x99, 0x08, 0x06, 
  0x06, 0xd0, 0xcb, 0xb2, 0x08, 0x21, 0x38, 0x46, 0x0a, 0x9a, 0x01, 0xf0, 0x47, 0xfe, 0x0c, 0xe0, 
  0x30, 0x04, 0x05, 0xd0, 0xb2, 0xb2, 0x08, 0x21, 0x38, 0x46, 0x01, 0xf0, 0x63, 0xfe, 0x04, 0xe0, 
  0x08, 0x21, 0x38, 0x46, 0x0a, 0x9a, 0x01, 0xf0, 0x87, 0xfe, 0x01, 0x46, 0xa8, 0x1d, 0x8c, 0xb2, 
  0x21, 0x46, 0x01, 0xf0, 0x87, 0xfb, 0x07, 0x98, 0x80, 0x88, 0x39, 0x46, 0x22, 0x46, 0x01, 0xf0, 
  0x33, 0xfe, 0x11, 0xb0, 0xf0, 0xbd, 0xc0, 0x46, 0x17, 0x51, 0x00, 0x00, 0xf0, 0xb5, 0x87, 0xb0, 
  0x0a, 0x46, 0x04, 0x46, 0x01, 0x21, 0x10, 0x46, 0x01, 0xf0, 0x84, 0xfd, 0x06, 0x46, 0x01, 0xa8, 
  0x31, 0x46, 0x01, 0xf0, 0x27, 0xfe, 0x07, 0x46, 0x20, 0x88, 0x00, 0x1d, 0x80, 0xb2, 0x01, 0xf0, 
  0x0f, 0xfe, 0x00, 0x28, 0x0c, 0xd0, 0x05, 0x46, 0x00, 0x2f, 0x0e, 0xd0, 0x01, 0xa8, 0xc0, 0x88, 
  0x80, 0x07, 0x10, 0xd4, 0x0a, 0x21, 0x28, 0x46, 0x32, 0x46, 0x01, 0xf0, 0x2b, 0xfe, 0x2e, 0xe0, 
  0x1b, 0x48, 0x01, 0xf0, 0x69, 0xfb, 0x07, 0xb0, 0xf0, 0xbd, 0x0a, 0x21, 0x28, 0x46, 0x32, 0x46, 
  0x01, 0xf0, 0x14, 0xfe, 0x23, 0xe0, 0x01, 0xa9, 0x20, 0x46, 0x01, 0xf0, 0x15, 0xfe, 0x00, 0x28, 
  0x06, 0xd0, 0x03, 0x46, 0x0a, 0x21, 0x28, 0x46, 0x32, 0x46, 0x01, 0xf0, 0xef, 0xfd, 0x16, 0xe0, 
  0xa0, 0x88, 0x01, 0xae, 0x31, 0x46, 0xff, 0xf7, 0x6f, 0xfc, 0x20, 0x88, 0x31, 0x8a, 0x81, 0x42, 
  0x02, 0xd3, 0x40, 0x1e, 0x01, 0xa9, 0x08, 0x82, 0xa0, 0x88, 0x01, 0xa9, 0x0a, 0x8a, 0x00, 0x92, 
  0x6b, 0x1c, 0x00, 0x22, 0xff, 0xf7, 0xd8, 0xfa, 0x0b, 0x21, 0x29, 0x70, 0x40, 0x1c, 0xa1, 0x88, 
  0x82, 0xb2, 0x08, 0x46, 0x29, 0x46, 0x01, 0xf0, 0xd7, 0xfd, 0x07, 0xb0, 0xf0, 0xbd, 0xc0, 0x46, 
  0x1e, 0x51, 0x00, 0x00, 0x80, 0xb5, 0x82, 0xb0, 0x01, 0x89, 0x00, 0x29, 0x07, 0xd0, 0x00, 0x23, 
  0x03, 0x81, 0x80, 0x88, 0x00, 0x93, 0x01, 0x93, 0x04, 0x22, 0x00, 0xf0, 0xdb, 0xf8, 0x02, 0xb0, 
  0x80, 0xbd, 0xf0, 0xb5, 0x89, 0xb0, 0x15, 0x46, 0x0c, 0x46, 0x07, 0x46, 0x01, 0x21, 0x20, 0x46, 
  0x01, 0xf0, 0x18, 0xfd, 0x06, 0x46, 0x03, 0xa8, 0x31, 0x46, 0x01, 0xf0, 0xbb, 0xfd, 0x00, 0x28, 
  0x0c, 0xd0, 0x41, 0x20, 0x80, 0x00, 0x03, 0xa9, 0xc9, 0x88, 0x01, 0x40, 0x81, 0x42, 0x05, 0xd1, 
  0x03, 0xa9, 0x38, 0x46, 0x01, 0xf0, 0xc0, 0xfd, 0x00, 0x28, 0x01, 0xd0, 0x09, 0xb0, 0xf0, 0xbd, 
  0xb8, 0x88, 0xe9, 0x1e, 0x89, 0xb2, 0xe2, 0x1c, 0x00, 0x92, 0x01, 0x91, 0x00, 0x22, 0x31, 0x46, 
  0x13, 0x46, 0x00, 0xf0, 0xaf, 0xf8, 0x09, 0xb0, 0xf0, 0xbd, 0x00, 0x00, 0xf0, 0xb5, 0x8b, 0xb0, 
  0x03, 0x92, 0x0c, 0x46, 0x07, 0x46, 0x01, 0x26, 0x08, 0x46, 0x31, 0x46, 0x01, 0xf0, 0xea, 0xfc, 
  0x01, 0x46, 0x05, 0xa8, 0x04, 0x91, 0x01, 0xf0, 0x8d, 0xfd, 0x05, 0x46, 0x10, 0x20, 0x01, 0xf0, 
  0x77, 0xfd, 0x00, 0x28, 0x0c, 0xd0, 0x00, 0x2d, 0x0f, 0xd0, 0x05, 0xa9, 0xca, 0x88, 0x11, 0x07, 
  0x3d, 0x46, 0x13, 0xd4, 0x12, 0x21, 0x04, 0x46, 0x04, 0x9a, 0x01, 0xf0, 0x81, 0xfd, 0x1a, 0xe0, 
  0x27, 0x48, 0x01, 0xf0, 0xd1, 0xfa, 0x0b, 0xb0, 0xf0, 0xbd, 0x12, 0x21, 0x04, 0x46, 0x04, 0x9a, 
  0x01, 0xf0, 0x7c, 0xfd, 0x21, 0x46, 0x06, 0x46, 0x3d, 0x46, 0x0e, 0xe0, 0x05, 0xa9, 0xd2, 0x05, 
  0x11, 0xd4, 0x09, 0x8a, 0xc9, 0x1c, 0x03, 0x9b, 0x99, 0x42, 0x0c, 0xd2, 0x12, 0x21, 0x04, 0x46, 
  0x04, 0x9a, 0x01, 0xf0, 0xa7, 0xfd, 0x21, 0x46, 0x06, 0x46, 0xa8, 0x88, 0x32, 0x46, 0x01, 0xf0, 
  0x53, 0xfd, 0x0b, 0xb0, 0xf0, 0xbd, 0x00, 0x2a, 0xd4, 0xd5, 0x07, 0x46, 0x05, 0xa9, 0x28, 0x46, 
  0x01, 0xf0, 0x62, 0xfd, 0x00, 0x28, 0x05, 0xd0, 0x03, 0x46, 0x12, 0x21, 0x3c, 0x46, 0x38, 0x46, 
  0x04, 0x9a, 0x13, 0xe0, 0xa8, 0x88, 0x03, 0x99, 0xc9, 0x1e, 0x89, 0xb2, 0xe2, 0x1c, 0x00, 0x92, 
  0x01, 0x91, 0x00, 0x22, 0x04, 0x9c, 0x21, 0x46, 0x13, 0x46, 0x00, 0xf0, 0x4b, 0xf8, 0x01, 0x06, 
  0x09, 0xd0, 0xc3, 0xb2, 0x12, 0x21, 0x22, 0x46, 0x3c, 0x46, 0x38, 0x46, 0x01, 0xf0, 0x26, 0xfd, 
  0x39, 0x46, 0x06, 0x46, 0xd1, 0xe7, 0x13, 0x20, 0x39, 0x46, 0x38, 0x70, 0xcd, 0xe7, 0xc0, 0x46, 
  0x21, 0x51, 0x00, 0x00, 0xb0, 0xb5, 0x0c, 0x46, 0x05, 0x46, 0x08, 0x46, 0xff, 0xf7, 0xd2, 0xfb, 
  0x01, 0x46, 0x29, 0x48, 0x02, 0x88, 0x00, 0x20, 0x91, 0x42, 0x0a, 0xd0, 0xc9, 0x00, 0x27, 0x4a, 
  0x12, 0x68, 0x51, 0x18, 0x49, 0x68, 0x0a, 0x68, 0x00, 0x2a, 0x02, 0xd0, 0x28, 0x46, 0x21, 0x46, 
  0x90, 0x47, 0xb0, 0xbd, 0xf0, 0xb5, 0x81, 0xb0, 0x1c, 0x46, 0x15, 0x46, 0x0e, 0x46, 0x07, 0x46, 
  0x08, 0x46, 0xff, 0xf7, 0xb7, 0xfb, 0x01, 0x46, 0x1b, 0x48, 0x02, 0x88, 0x00, 0x20, 0x91, 0x42, 
  0x0e, 0xd0, 0x23, 0x46, 0xc9, 0x00, 0x19, 0x4a, 0x12, 0x68, 0x51, 0x18, 0x49, 0x68, 0x4c, 0x68, 
  0x00, 0x2c, 0x05, 0xd0, 0x06, 0x98, 0x00, 0x90, 0x38, 0x46, 0x31, 0x46, 0x2a, 0x46, 0xa0, 0x47, 
  0x01, 0xb0, 0xf0, 0xbd, 0xf0, 0xb5, 0x83, 0xb0, 0x1c, 0x46, 0x15, 0x46, 0x0e, 0x46, 0x07, 0x46, 
  0x08, 0x46, 0xff, 0xf7, 0x97, 0xfb, 0x01, 0x46, 0x0b, 0x48, 0x02, 0x88, 0x00, 0x20, 0x91, 0x42, 
  0x10, 0xd0, 0x23, 0x46, 0xc9, 0x00, 0x09, 0x4a, 0x12, 0x68, 0x51, 0x18, 0x49, 0x68, 0x8c, 0x68, 
  0x00, 0x2c, 0x07, 0xd0, 0x09, 0x98, 0x08, 0x99, 0x00, 0x91, 0x01, 0x90, 0x38, 0x46, 0x31, 0x46, 
  0x2a, 0x46, 0xa0, 0x47, 0x03, 0xb0, 0xf0, 0xbd, 0xf0, 0xac, 0x00, 0x20, 0xfc, 0xac, 0x00, 0x20, 
  0x08, 0x48, 0x01, 0x49, 0xc1, 0x64, 0x70, 0x47, 0x31, 0x61, 0x00, 0x20, 0x09, 0x20, 0x40, 0x01, 
  0x04, 0x49, 0x05, 0x4a, 0x0a, 0x50, 0xe2, 0x48, 0x00, 0x21, 0x04, 0x4a, 0x02, 0x60, 0x41, 0x60, 
  0x70, 0x47, 0xc0, 0x46, 0x50, 0x0b, 0x00, 0x20, 0x6d, 0x69, 0x00, 0x20, 0xed, 0x49, 0x00, 0x00, 
  0xf0, 0xb5, 0x87, 0xb0, 0x05, 0x46, 0xd8, 0x48, 0x2e, 0x18, 0x45, 0x20, 0x00, 0x01, 0x28, 0x18, 
  0x02, 0x90, 0xf8, 0x48, 0x2b, 0x5c, 0x03, 0x91, 0x49, 0x7b, 0x97, 0x68, 0xd0, 0x68, 0x2c, 0x46, 
  0x50, 0x34, 0x02, 0x78, 0x00, 0x2b, 0x45, 0xd0, 0x00, 0x29, 0x65, 0xd0, 0x09, 0x2a, 0x00, 0xd0, 
  0xb1, 0xe0, 0xff, 0x21, 0x09, 0x02, 0x0f, 0x40, 0x09, 0x21, 0x09, 0x02, 0x8f, 0x42, 0x00, 0xd0, 
  0xfc, 0xe0, 0x02, 0x7a, 0x04, 0xa9, 0x0a, 0x72, 0x02, 0x79, 0x43, 0x79, 0x1b, 0x02, 0x9a, 0x18, 
  0x83, 0x79, 0xc5, 0x79, 0x2d, 0x02, 0xeb, 0x18, 0x1b, 0x04, 0x9a, 0x18, 0x05, 0x92, 0x02, 0x78, 
  0x43, 0x78, 0x1b, 0x02, 0x9a, 0x18, 0x83, 0x78, 0xc0, 0x78, 0x00, 0x02, 0xc0, 0x18, 0x00, 0x04, 
  0x80, 0x18, 0x04, 0x90, 0x48, 0x1c, 0x01, 0xf0, 0xc3, 0xfc, 0x07, 0x46, 0x0d, 0x46, 0x01, 0x20, 
  0x30, 0x70, 0x00, 0x26, 0x03, 0x9a, 0x96, 0x72, 0x10, 0x20, 0x81, 0x43, 0xb9, 0x48, 0x2f, 0x30, 
  0x38, 0x40, 0x02, 0x9b, 0x03, 0xc3, 0x51, 0x7b, 0xb4, 0x48, 0x40, 0x1c, 0x01, 0xf0, 0xaa, 0xf9, 
  0xb6, 0x4a, 0x3a, 0x40, 0x51, 0x20, 0x85, 0x43, 0x21, 0x88, 0x30, 0x46, 0x2b, 0x46, 0x01, 0xf0, 
  0xad, 0xfc, 0x55, 0xe1, 0x00, 0x29, 0x70, 0xd0, 0x09, 0x2a, 0x00, 0xd1, 0xca, 0xe0, 0x07, 0x2a, 
  0x00, 0xd0, 0x08, 0xe1, 0xff, 0x23, 0x1b, 0x02, 0x1f, 0x40, 0x01, 0x26, 0x73, 0x02, 0x9f, 0x42, 
  0x00, 0xd0, 0x15, 0xe1, 0x40, 0x78, 0x0e, 0x28, 0x00, 0xd0, 0x41, 0xe1, 0x00, 0x26, 0x03, 0x98, 
  0x86, 0x72, 0xa2, 0x48, 0x40, 0x1d, 0x01, 0xf0, 0x85, 0xf9, 0x21, 0x88, 0x1a, 0x20, 0x32, 0x46, 
  0x33, 0x46, 0x01, 0xf0, 0x8b, 0xfc, 0x33, 0xe1, 0x0e, 0x2a, 0x00, 0xd0, 0x9c, 0xe0, 0xff, 0x21, 
  0x09, 0x02, 0x39, 0x40, 0x09, 0x23, 0x1b, 0x02, 0x99, 0x42, 0x00, 0xd0, 0xe7, 0xe0, 0x02, 0x7a, 
  0x04, 0xa9, 0x0a, 0x72, 0x02, 0x79, 0x43, 0x79, 0x1b, 0x02, 0x9a, 0x18, 0x83, 0x79, 0xc4, 0x79, 
  0x24, 0x02, 0xe3, 0x18, 0x1b, 0x04, 0x9a, 0x18, 0x05, 0x92, 0x02, 0x78, 0x43, 0x78, 0x1b, 0x02, 
  0x9a, 0x18, 0x83, 0x78, 0xc0, 0x78, 0x00, 0x02, 0xc0, 0x18, 0x00, 0x04, 0x80, 0x18, 0x04, 0x90, 
  0x48, 0x1c, 0x01, 0xf0, 0x5d, 0xfc, 0x01, 0x91, 0x89, 0x4a, 0x0a, 0xca, 0x89, 0x4a, 0x00, 0x90, 
  0x08, 0x40, 0x11, 0x40, 0x2f, 0x24, 0x04, 0x40, 0x0a, 0x19, 0x10, 0x27, 0xbb, 0x43, 0x28, 0x46, 
  0x01, 0xf0, 0x5a, 0xfc, 0x00, 0x28, 0x00, 0xd1, 0xf7, 0xe0, 0x02, 0x46, 0xf8, 0x43, 0x01, 0x21, 
  0x31, 0x70, 0x81, 0x49, 0x91, 0x61, 0x03, 0x99, 0xd1, 0x61, 0x01, 0x9b, 0x03, 0x40, 0x00, 0x98, 
  0x7c, 0x4e, 0x30, 0x40, 0x04, 0x43, 0x02, 0x98, 0x04, 0x60, 0x43, 0x60, 0x28, 0x46, 0x01, 0xf0, 
  0x49, 0xfc, 0x00, 0x26, 0xe4, 0xe0, 0x01, 0x26, 0xe2, 0xe0, 0x08, 0x2a, 0x00, 0xd0, 0x9c, 0xe0, 
  0xff, 0x21, 0x09, 0x02, 0x39, 0x40, 0x09, 0x23, 0x1b, 0x02, 0x99, 0x42, 0x00, 0xd0, 0xc1, 0xe0, 
  0x02, 0x7a, 0x04, 0xa9, 0x0a, 0x72, 0x02, 0x79, 0x43, 0x79, 0x1b, 0x02, 0x9a, 0x18, 0x83, 0x79, 
  0xc4, 0x79, 0x24, 0x02, 0xe3, 0x18, 0x1b, 0x04, 0x9a, 0x18, 0x05, 0x92, 0x02, 0x78, 0x43, 0x78, 
  0x1b, 0x02, 0x9a, 0x18, 0x83, 0x78, 0xc0, 0x78, 0x00, 0x02, 0xc0, 0x18, 0x00, 0x04, 0x80, 0x18, 
  0x04, 0x90, 0x48, 0x1c, 0x01, 0xf0, 0x0c, 0xfc, 0x01, 0x91, 0x61, 0x4a, 0x0a, 0xca, 0x61, 0x4a, 
  0x00, 0x90, 0x08, 0x40, 0x11, 0x40, 0x2f, 0x24, 0x04, 0x40, 0x0a, 0x19, 0x10, 0x27, 0xbb, 0x43, 
  0x28, 0x46, 0x01, 0xf0, 0x09, 0xfc, 0x00, 0x28, 0x00, 0xd1, 0xa8, 0xe0, 0x02, 0x46, 0xf8, 0x43, 
  0x01, 0x21, 0x31, 0x70, 0x58, 0x49, 0x91, 0x61, 0x03, 0x99, 0xd1, 0x61, 0x01, 0x9b, 0x03, 0x40, 
  0x00, 0x98, 0x54, 0x4e, 0x30, 0x40, 0x04, 0x43, 0x02, 0x98, 0x04, 0x60, 0x43, 0x60, 0x28, 0x46, 
  0x01, 0xf0, 0xf8, 0xfb, 0x00, 0x26, 0x93, 0xe0, 0x01, 0x26, 0x91, 0xe0, 0x28, 0x46, 0x03, 0x9c, 
  0x21, 0x46, 0x01, 0xf0, 0xf5, 0xfb, 0x00, 0x26, 0xa6, 0x72, 0x61, 0x7b, 0x47, 0x48, 0x01, 0xf0, 
  0xd1, 0xf8, 0x85, 0xe0, 0xff, 0x21, 0x09, 0x02, 0x0f, 0x40, 0x09, 0x21, 0x09, 0x02, 0x43, 0x4b, 
  0x8f, 0x42, 0x5a, 0xd1, 0x02, 0x7a, 0x04, 0xa9, 0x0a, 0x72, 0x02, 0x79, 0x43, 0x79, 0x1b, 0x02, 
  0x9a, 0x18, 0x83, 0x79, 0xc5, 0x79, 0x2d, 0x02, 0xeb, 0x18, 0x1b, 0x04, 0x9a, 0x18, 0x05, 0x92, 
  0x02, 0x78, 0x43, 0x78, 0x1b, 0x02, 0x9a, 0x18, 0x83, 0x78, 0xc0, 0x78, 0x00, 0x02, 0xc0, 0x18, 
  0x00, 0x04, 0x80, 0x18, 0x04, 0x90, 0x48, 0x1c, 0x01, 0xf0, 0xb2, 0xfb, 0x07, 0x46, 0x0d, 0x46, 
  0x01, 0x20, 0x30, 0x70, 0x00, 0x26, 0x03, 0x9a, 0x96, 0x72, 0x10, 0x20, 0x81, 0x43, 0x31, 0x48, 
  0x2f, 0x30, 0x38, 0x40, 0x02, 0x9b, 0x03, 0xc3, 0x51, 0x7b, 0x2c, 0x48, 0xc0, 0x1d, 0x01, 0xf0, 
  0x99, 0xf8, 0x2e, 0x4a, 0x3a, 0x40, 0x51, 0x20, 0x85, 0x43, 0x21, 0x88, 0x30, 0x46, 0x2b, 0x46, 
  0x01, 0xf0, 0x9c, 0xfb, 0x44, 0xe0, 0x01, 0x26, 0x42, 0xe0, 0x01, 0x26, 0x40, 0xe0, 0x28, 0x46, 
  0x03, 0x9d, 0x29, 0x46, 0x01, 0xf0, 0xa4, 0xfb, 0x20, 0x4c, 0xa0, 0x1c, 0x39, 0x46, 0x01, 0xf0, 
  0xa5, 0xfb, 0x00, 0x26, 0xae, 0x72, 0x69, 0x7b, 0xe0, 0x1c, 0x01, 0xf0, 0x7b, 0xf8, 0x2f, 0xe0, 
  0x28, 0x46, 0x03, 0x9c, 0x21, 0x46, 0x01, 0xf0, 0x93, 0xfb, 0x00, 0x26, 0xa6, 0x72, 0x61, 0x7b, 
  0x16, 0x48, 0x00, 0x1d, 0x01, 0xf0, 0x6e, 0xf8, 0x22, 0xe0, 0x28, 0x46, 0x03, 0x9c, 0x21, 0x46, 
  0x1d, 0x46, 0x01, 0xf0, 0x85, 0xfb, 0x00, 0x26, 0xa6, 0x72, 0x61, 0x7b, 0xa8, 0x1d, 0x01, 0xf0, 
  0x61, 0xf8, 0x15, 0xe0, 0x28, 0x46, 0x03, 0x9c, 0x21, 0x46, 0x01, 0xf0, 0x79, 0xfb, 0x0b, 0x4d, 
  0x28, 0x46, 0x08, 0x30, 0x39, 0x46, 0x01, 0xf0, 0x79, 0xfb, 0x00, 0x26, 0xa6, 0x72, 0x61, 0x7b, 
  0x09, 0x35, 0x28, 0x46, 0x01, 0xf0, 0x4e, 0xf8, 0x02, 0xe0, 0x02, 0x26, 0x00, 0xe0, 0x02, 0x26, 
  0x30, 0x46, 0x07, 0xb0, 0xf0, 0xbd, 0xc0, 0x46, 0x49, 0x04, 0x00, 0x00, 0xce, 0x36, 0x00, 0x00, 
  0xa0, 0xae, 0x00, 0x20, 0x00, 0xcf, 0x87, 0xf7, 0xa9, 0x80, 0x02, 0x00, 0x2f, 0xcf, 0x87, 0xf7, 
  0x70, 0xb5, 0x00, 0x28, 0x10, 0xd0, 0x0d, 0x46, 0x00, 0x29, 0x0d, 0xd0, 0x00, 0x2a, 0x0b, 0xd0, 
  0xd1, 0x68, 0x09, 0x78, 0x00, 0x24, 0x0e, 0x29, 0x0f, 0xd0, 0x08, 0x29, 0x27, 0xd1, 0x15, 0x49, 
  0x40, 0x5c, 0x00, 0x28, 0x23, 0xd1, 0x0c, 0xe0, 0x16, 0x20, 0x49, 0x21, 0x00, 0x24, 0x22, 0x46, 
  0x23, 0x46, 0x01, 0xf0, 0x49, 0xfb, 0x20, 0x46, 0x70, 0xbd, 0x0e, 0x49, 0x40, 0x5c, 0x00, 0x28, 
  0x15, 0xd0, 0x01, 0x24, 0x2c, 0x73, 0x00, 0x26, 0xee, 0x72, 0xff, 0x20, 0x04, 0x30, 0x28, 0x81, 
  0x30, 0x46, 0x01, 0xf0, 0x3f, 0xfb, 0x03, 0xc5, 0x07, 0x48, 0xee, 0x80, 0x6e, 0x71, 0x6e, 0x61, 
  0xae, 0x61, 0xe8, 0x61, 0xac, 0x70, 0x05, 0x48, 0x31, 0x46, 0x01, 0xf0, 0x03, 0xf8, 0x20, 0x46, 
  0x70, 0xbd, 0xc0, 0x46, 0x51, 0x03, 0x00, 0x00, 0x31, 0x5d, 0x00, 0x20, 0xcd, 0x36, 0x00, 0x00, 
  0x10, 0xb5, 0x04, 0x46, 0x00, 0xf0, 0x26, 0xfd, 0x00, 0x28, 0x02, 0xd0, 0x0c, 0x21, 0x01, 0x20, 
  0x06, 0xe0, 0x00, 0xf0, 0xf9, 0xfc, 0x00, 0x28, 0x01, 0xd1, 0x01, 0x46, 0x00, 0xe0, 0x0c, 0x21, 
  0x20, 0x70, 0x08, 0x46, 0x10, 0xbd, 0x00, 0x00, 0x10, 0xb5, 0x0a, 0x46, 0x00, 0x29, 0x11, 0xd0, 
  0x04, 0x46, 0x90, 0x6b, 0x00, 0x28, 0x0d, 0xd0, 0x10, 0x7c, 0x07, 0x28, 0x11, 0xd0, 0x06, 0x28, 
  0x16, 0xd0, 0x05, 0x28, 0x1d, 0xd1, 0x10, 0x48, 0x00, 0x68, 0xd0, 0x60, 0x10, 0x46, 0x00, 0xf0, 
  0x23, 0xfd, 0x13, 0xe0, 0x85, 0x20, 0xc1, 0x00, 0x1c, 0x20, 0x00, 0x23, 0x01, 0xf0, 0xf4, 0xfa, 
  0x10, 0xbd, 0x09, 0x48, 0x00, 0x68, 0xd0, 0x60, 0x10, 0x46, 0x00, 0xf0, 0x19, 0xfd, 0x05, 0xe0, 
  0x05, 0x48, 0x00, 0x68, 0xd0, 0x60, 0x10, 0x46, 0x00, 0xf0, 0x18, 0xfd, 0x01, 0x20, 0x20, 0x70, 
  0x10, 0xbd, 0x00, 0x20, 0x20, 0x70, 0x10, 0xbd, 0x50, 0x08, 0x00, 0x20, 0xb0, 0xb5, 0x0d, 0x46, 
  0x00, 0x29, 0x0f, 0xd0, 0x04, 0x46, 0xa8, 0x6b, 0x00, 0x28, 0x0b, 0xd0, 0x28, 0x7c, 0x07, 0x28, 
  0x0f, 0xd0, 0x06, 0x28, 0x12, 0xd0, 0x05, 0x28, 0x17, 0xd1, 0x28, 0x46, 0x11, 0x46, 0x00, 0xf0, 
  0xf4, 0xfc, 0x0f, 0xe0, 0x1c, 0x20, 0x0a, 0x49, 0x00, 0x23, 0x2a, 0x46, 0x01, 0xf0, 0xc4, 0xfa, 
  0xb0, 0xbd, 0x28, 0x46, 0x11, 0x46, 0x00, 0xf0, 0xee, 0xfc, 0x03, 0xe0, 0x28, 0x46, 0x11, 0x46, 
  0x00, 0xf0, 0xf6, 0xfc, 0x01, 0x20, 0x20, 0x70, 0xb0, 0xbd, 0x00, 0x20, 0x20, 0x70, 0xb0, 0xbd, 
  0x8d, 0x04, 0x00, 0x00, 0x10, 0xb5, 0x0a, 0x46, 0x00, 0x29, 0x18, 0xd0, 0x04, 0x46, 0x90, 0x6b, 
  0x00, 0x28, 0x14, 0xd0, 0x10, 0x7c, 0x07, 0x28, 0x17, 0xd0, 0x06, 0x28, 0x23, 0xd0, 0x05, 0x28, 
  0x31, 0xd1, 0x40, 0x48, 0x01, 0x78, 0xd0, 0x68, 0x48, 0x43, 0x18, 0x49, 0x09, 0x68, 0x88, 0x42, 
  0x00, 0xd8, 0x01, 0x46, 0xd1, 0x60, 0x10, 0x46, 0x00, 0xf0, 0xc0, 0xfc, 0x20, 0xe0, 0x1c, 0x20, 
  0x13, 0x49, 0x00, 0x23, 0x01, 0xf0, 0x90, 0xfa, 0x10, 0xbd, 0x36, 0x48, 0x01, 0x78, 0xd0, 0x68, 
  0x48, 0x43, 0x0e, 0x49, 0x09, 0x68, 0x88, 0x42, 0x00, 0xd8, 0x01, 0x46, 0xd1, 0x60, 0x10, 0x46, 
  0x00, 0xf0, 0xb2, 0xfc, 0x0c, 0xe0, 0x2f, 0x48, 0x01, 0x78, 0xd0, 0x68, 0x48, 0x43, 0x07, 0x49, 
  0x09, 0x68, 0x88, 0x42, 0x00, 0xd8, 0x01, 0x46, 0xd1, 0x60, 0x10, 0x46, 0x00, 0xf0, 0xcf, 0xfc, 
  0x01, 0x20, 0x20, 0x70, 0x10, 0xbd, 0x00, 0x20, 0x20, 0x70, 0x10, 0xbd, 0x54, 0x08, 0x00, 0x20, 
  0x53, 0x04, 0x00, 0x00, 0xb0, 0xb5, 0x0d, 0x46, 0x00, 0x29, 0x19, 0xd0, 0x04, 0x46, 0xa8, 0x6b, 
  0x00, 0x28, 0x15, 0xd0, 0x28, 0x7c, 0x07, 0x28, 0x19, 0xd0, 0x06, 0x28, 0x26, 0xd0, 0x05, 0x28, 
  0x35, 0xd1, 0xe8, 0x68, 0x1b, 0x49, 0x09, 0x78, 0xfc, 0xf7, 0xf0, 0xff, 0x1a, 0x49, 0x09, 0x68, 
  0x88, 0x42, 0x00, 0xd3, 0x01, 0x46, 0xe9, 0x60, 0x28, 0x46, 0x00, 0xf0, 0x78, 0xfc, 0x23, 0xe0, 
  0x1c, 0x20, 0x16, 0x49, 0x00, 0x23, 0x2a, 0x46, 0x01, 0xf0, 0x46, 0xfa, 0xb0, 0xbd, 0xe8, 0x68, 
  0x10, 0x49, 0x09, 0x78, 0xfc, 0xf7, 0xda, 0xff, 0x0f, 0x49, 0x09, 0x68, 0x88, 0x42, 0x00, 0xd3, 
  0x01, 0x46, 0xe9, 0x60, 0x28, 0x46, 0x00, 0xf0, 0x68, 0xfc, 0x0d, 0xe0, 0xe8, 0x68, 0x09, 0x49, 
  0x09, 0x78, 0xfc, 0xf7, 0xcb, 0xff, 0x08, 0x49, 0x09, 0x68, 0x88, 0x42, 0x00, 0xd3, 0x01, 0x46, 
  0xe9, 0x60, 0x28, 0x46, 0x00, 0xf0, 0x96, 0xfc, 0x01, 0x20, 0x20, 0x70, 0xb0, 0xbd, 0x00, 0x20, 
  0x20, 0x70, 0xb0, 0xbd, 0x5c, 0x08, 0x00, 0x20, 0x58, 0x08, 0x00, 0x20, 0xb5, 0x04, 0x00, 0x00, 
  0xb0, 0xb5, 0x04, 0x46, 0x01, 0x25, 0x00, 0xf0, 0x85, 0xfb, 0x00, 0x28, 0x01, 0xd0, 0x28, 0x46, 
  0x08, 0xe0, 0x00, 0xf0, 0x17, 0xfc, 0x00, 0x28, 0x01, 0xd0, 0x01, 0x20, 0x02, 0xe0, 0x00, 0xf0, 
  0xeb, 0xfb, 0x05, 0x46, 0x20, 0x70, 0x28, 0x46, 0xb0, 0xbd, 0x70, 0xb5, 0x04, 0x46, 0x0c, 0x26, 
  0x01, 0x25, 0x00, 0xf0, 0xa3, 0xfb, 0x00, 0x28, 0x0b, 0xd1, 0x00, 0xf0, 0x10, 0xfc, 0x00, 0x28, 
  0x07, 0xd1, 0x00, 0xf0, 0xe6, 0xfb, 0x05, 0x46, 0x00, 0x28, 0x01, 0xd1, 0x2e, 0x46, 0x00, 0xe0, 
  0x0c, 0x26, 0x25, 0x70, 0x30, 0x46, 0x70, 0xbd, 0x70, 0xb5, 0x04, 0x46, 0x0c, 0x26, 0x01, 0x25, 
  0x00, 0xf0, 0x8c, 0xfb, 0x00, 0x28, 0x0b, 0xd1, 0x00, 0xf0, 0xf9, 0xfb, 0x00, 0x28, 0x07, 0xd1, 
  0x00, 0xf0, 0xcf, 0xfb, 0x05, 0x46, 0x00, 0x28, 0x01, 0xd1, 0x2e, 0x46, 0x00, 0xe0, 0x0c, 0x26, 
  0x25, 0x70, 0x30, 0x46, 0x70, 0xbd, 0x10, 0xb5, 0x04, 0x46, 0x00, 0xf0, 0x77, 0xfb, 0x00, 0x28, 
  0x03, 0xd1, 0x00, 0xf0, 0xe4, 0xfb, 0x00, 0x28, 0x03, 0xd0, 0x00, 0x20, 0x20, 0x70, 0x0c, 0x20, 
  0x10, 0xbd, 0x00, 0xf0, 0xb6, 0xfb, 0x00, 0x21, 0x21, 0x70, 0x00, 0x28, 0x00, 0xd0, 0x0c, 0x20, 
  0x10, 0xbd, 0x00, 0x00, 0x15, 0x20, 0x00, 0x01, 0x12, 0x49, 0x07, 0x4a, 0x0a, 0x50, 0x53, 0x20, 
  0x80, 0x00, 0x06, 0x4a, 0x0a, 0x50, 0x29, 0x20, 0xc0, 0x00, 0x05, 0x4a, 0x0a, 0x50, 0x51, 0x20, 
  0x80, 0x00, 0x04, 0x4a, 0x0a, 0x50, 0x70, 0x47, 0xa5, 0x62, 0x00, 0x20, 0xbd, 0x61, 0x00, 0x20, 
  0x15, 0x62, 0x00, 0x20, 0x59, 0x61, 0x00, 0x20, 0x06, 0x48, 0x01, 0x49, 0x01, 0x66, 0x70, 0x47, 
  0x41, 0x63, 0x00, 0x20, 0x03, 0x48, 0x04, 0x49, 0x04, 0x4a, 0x05, 0x4b, 0x83, 0x63, 0xc2, 0x63, 
  0x01, 0x64, 0x70, 0x47, 0x50, 0x0b, 0x00, 0x20, 0xc7, 0x63, 0x00, 0x20, 0x6b, 0x63, 0x00, 0x20, 
  0x99, 0x63, 0x00, 0x20, 0x70, 0x47, 0x00, 0x00, 0xb0, 0xb5, 0x84, 0xb0, 0x00, 0x28, 0x08, 0xd0, 
  0x04, 0x46, 0x81, 0x68, 0x02, 0x20, 0x01, 0xf0, 0x93, 0xf9, 0x00, 0x28, 0x04, 0xd0, 0x04, 0xb0, 
  0xb0, 0xbd, 0x04, 0x20, 0x04, 0xb0, 0xb0, 0xbd, 0xe3, 0x89, 0xa2, 0x89, 0x60, 0x7c, 0x01, 0x46, 
  0x01, 0xf0, 0x8c, 0xf9, 0x00, 0x28, 0xf2, 0xd1, 0x62, 0x69, 0xa3, 0x69, 0x21, 0x7c, 0x60, 0x7c, 
  0x01, 0x25, 0x00, 0x95, 0x01, 0x90, 0x02, 0x90, 0x00, 0x25, 0x28, 0x46, 0x01, 0xf0, 0x84, 0xf9, 
  0x00, 0x28, 0xe4, 0xd1, 0x20, 0x6a, 0x01, 0xf0, 0x85, 0xf9, 0x00, 0x28, 0xdf, 0xd1, 0xa1, 0x8b, 
  0x60, 0x6a, 0x01, 0xf0, 0x85, 0xf9, 0x00, 0x28, 0xd9, 0xd1, 0x06, 0x48, 0x05, 0x70, 0x62, 0x7c, 
  0x03, 0xcc, 0x01, 0xf0, 0x83, 0xf9, 0x00, 0x28, 0xd1, 0xd1, 0x01, 0xf0, 0x85, 0xf9, 0x28, 0x46, 
  0x04, 0xb0, 0xb0, 0xbd, 0x0c, 0x0d, 0x00, 0x20, 0x70, 0xb5, 0x01, 0x26, 0x06, 0x70, 0x27, 0x48, 
  0x00, 0x78, 0x00, 0x24, 0x00, 0x28, 0x01, 0xd0, 0x20, 0x46, 0x70, 0xbd, 0xef, 0xf3, 0x10, 0x85, 
  0xef, 0xf3, 0x10, 0x80, 0x72, 0xb6, 0x01, 0xf0, 0x75, 0xf9, 0x00, 0x28, 0x0c, 0xd0, 0x34, 0x4c, 
  0x20, 0x78, 0x00, 0x28, 0x04, 0xd1, 0x1f, 0x48, 0x01, 0xf0, 0x72, 0xf9, 0x01, 0x20, 0x20, 0x70, 
  0x85, 0xf3, 0x10, 0x88, 0x01, 0x20, 0x70, 0xbd, 0x2f, 0x49, 0x08, 0x46, 0x68, 0x38, 0x00, 0x68, 
  0x2b, 0x4a, 0x12, 0x78, 0x00, 0x2a, 0x1d, 0xd0, 0x30, 0x40, 0x1b, 0xd0, 0x05, 0x22, 0x08, 0x68, 
  0x0b, 0x68, 0x98, 0x42, 0x04, 0xd0, 0x53, 0x1e, 0x12, 0x06, 0x1a, 0x46, 0xf7, 0xd1, 0xff, 0x22, 
  0x11, 0x06, 0x13, 0xd0, 0x23, 0x49, 0x09, 0x68, 0x81, 0x42, 0x13, 0xd9, 0x0c, 0x4a, 0x12, 0x88, 
  0x85, 0xf3, 0x10, 0x88, 0x08, 0x1a, 0x51, 0x09, 0x88, 0x42, 0x00, 0xd8, 0x00, 0x26, 0x34, 0x46, 
  0x20, 0x46, 0x70, 0xbd, 0x85, 0xf3, 0x10, 0x88, 0x20, 0x46, 0x70, 0xbd, 0x85, 0xf3, 0x10, 0x88, 
  0x20, 0x46, 0x70, 0xbd, 0x85, 0xf3, 0x10, 0x88, 0x20, 0x46, 0x70, 0xbd, 0x5f, 0x09, 0x00, 0x20, 
  0x22, 0x08, 0x00, 0x20, 0xff, 0xff, 0xff, 0x1f, 0xb0, 0xb5, 0x01, 0x21, 0x01, 0x70, 0xef, 0xf3, 
  0x10, 0x84, 0xef, 0xf3, 0x10, 0x80, 0x72, 0xb6, 0x0d, 0x4d, 0x28, 0x78, 0x00, 0x28, 0x13, 0xd0, 
  0x0c, 0x48, 0x00, 0x68, 0x0c, 0x49, 0x09, 0x68, 0x81, 0x42, 0x05, 0xd2, 0x49, 0x1d, 0x81, 0x42, 
  0x04, 0xd2, 0x01, 0xf0, 0x23, 0xf9, 0x05, 0xe0, 0x64, 0x20, 0x01, 0xe0, 0x4b, 0x20, 0x80, 0x00, 
  0x00, 0xf0, 0x26, 0xfd, 0x00, 0x20, 0x28, 0x70, 0x84, 0xf3, 0x10, 0x88, 0xb0, 0xbd, 0xc0, 0x46, 
  0x5b, 0x09, 0x00, 0x20, 0x80, 0x00, 0x00, 0x40, 0xe8, 0x01, 0x00, 0x40, 0xb0, 0xb5, 0x84, 0xb0, 
  0x00, 0x28, 0x08, 0xd0, 0x04, 0x46, 0x81, 0x68, 0x04, 0x20, 0x01, 0xf0, 0xd1, 0xf8, 0x00, 0x28, 
  0x04, 0xd0, 0x04, 0xb0, 0xb0, 0xbd, 0x04, 0x20, 0x04, 0xb0, 0xb0, 0xbd, 0xe3, 0x89, 0xa2, 0x89, 
  0x60, 0x7c, 0x01, 0x46, 0x01, 0xf0, 0xca, 0xf8, 0x00, 0x28, 0xf2, 0xd1, 0x62, 0x69, 0xa3, 0x69, 
  0x21, 0x7c, 0x60, 0x7c, 0x01, 0x25, 0x00, 0x95, 0x01, 0x90, 0x02, 0x90, 0x00, 0x25, 0x28, 0x46, 
  0x01, 0xf0, 0xc2, 0xf8, 0x00, 0x28, 0xe4, 0xd1, 0x20, 0x6a, 0x01, 0xf0, 0xc3, 0xf8, 0x00, 0x28, 
  0xdf, 0xd1, 0xa1, 0x8b, 0x60, 0x6a, 0x01, 0xf0, 0xc3, 0xf8, 0x00, 0x28, 0xd9, 0xd1, 0x03, 0xcc, 
  0x62, 0x7a, 0x01, 0xf0, 0xe1, 0xf8, 0x00, 0x28, 0xd3, 0xd1, 0x03, 0x48, 0x05, 0x70, 0x01, 0xf0, 
  0xe1, 0xf8, 0x28, 0x46, 0x04, 0xb0, 0xb0, 0xbd, 0x9c, 0x0d, 0x00, 0x20, 0x70, 0xb5, 0x84, 0xb0, 
  0x00, 0x28, 0x08, 0xd0, 0x04, 0x46, 0x81, 0x68, 0x06, 0x20, 0x01, 0xf0, 0x91, 0xf8, 0x00, 0x28, 
  0x04, 0xd0, 0x04, 0xb0, 0x70, 0xbd, 0x04, 0x20, 0x04, 0xb0, 0x70, 0xbd, 0xe3, 0x89, 0xa2, 0x89, 
  0xa1, 0x7c, 0x60, 0x7c, 0x01, 0xf0, 0x8a, 0xf8, 0x00, 0x28, 0xf2, 0xd1, 0x62, 0x69, 0xa3, 0x69, 
  0x21, 0x7c, 0x60, 0x7c, 0xa5, 0x7c, 0x01, 0x26, 0x00, 0x96, 0x01, 0x90, 0x02, 0x95, 0x00, 0x25, 
  0x28, 0x46, 0x01, 0xf0, 0x81, 0xf8, 0x00, 0x28, 0xe3, 0xd1, 0x20, 0x6a, 0x01, 0xf0, 0x82, 0xf8, 
  0x00, 0x28, 0xde, 0xd1, 0xa1, 0x8b, 0x60, 0x6a, 0x01, 0xf0, 0x82, 0xf8, 0x00, 0x28, 0xd8, 0xd1, 
  0x03, 0xcc, 0x62, 0x7a, 0x01, 0xf0, 0x82, 0xf8, 0x00, 0x28, 0xd2, 0xd1, 0x03, 0x48, 0x05, 0x70, 
  0x01, 0xf0, 0xa6, 0xf8, 0x28, 0x46, 0x04, 0xb0, 0x70, 0xbd, 0xc0, 0x46, 0x9d, 0x0d, 0x00, 0x20, 
  0xb0, 0xb5, 0x84, 0xb0, 0x00, 0x28, 0x08, 0xd0, 0x04, 0x46, 0x81, 0x68, 0x03, 0x20, 0x01, 0xf0, 
  0x4f, 0xf8, 0x00, 0x28, 0x04, 0xd0, 0x04, 0xb0, 0xb0, 0xbd, 0x04, 0x20, 0x04, 0xb0, 0xb0, 0xbd, 
  0xe3, 0x89, 0xa2, 0x89, 0x60, 0x7c, 0x01, 0x46, 0x01, 0xf0, 0x48, 0xf8, 0x00, 0x28, 0xf2, 0xd1, 
  0x62, 0x69, 0xa3, 0x69, 0x21, 0x7c, 0x60, 0x7c, 0x01, 0x25, 0x00, 0x95, 0x01, 0x90, 0x02, 0x90, 
  0x00, 0x25, 0x28, 0x46, 0x01, 0xf0, 0x40, 0xf8, 0x00, 0x28, 0xe4, 0xd1, 0x20, 0x6a, 0x01, 0xf0, 
  0x41, 0xf8, 0x00, 0x28, 0xdf, 0xd1, 0xa1, 0x8b, 0x60, 0x6a, 0x01, 0xf0, 0x41, 0xf8, 0x00, 0x28, 
  0xd9, 0xd1, 0x03, 0xcc, 0x62, 0x7a, 0x01, 0xf0, 0x5f, 0xf8, 0x00, 0x28, 0xd3, 0xd1, 0x03, 0x48, 
  0x05, 0x70, 0x01, 0xf0, 0x6b, 0xf8, 0x28, 0x46, 0x04, 0xb0, 0xb0, 0xbd, 0xbc, 0x0d, 0x00, 0x20, 
  0x70, 0xb5, 0x84, 0xb0, 0x00, 0x28, 0x08, 0xd0, 0x04, 0x46, 0x81, 0x68, 0x05, 0x20, 0x01, 0xf0, 
  0x0f, 0xf8, 0x00, 0x28, 0x04, 0xd0, 0x04, 0xb0, 0x70, 0xbd, 0x04, 0x20, 0x04, 0xb0, 0x70, 0xbd, 
  0x63, 0x8a, 0x22, 0x8a, 0xa1, 0x7d, 0x60, 0x7d, 0x01, 0xf0, 0x08, 0xf8, 0x00, 0x28, 0xf2, 0xd1, 
  0xa1, 0x7d, 0xe0, 0x68, 0x01, 0xf0, 0x50, 0xf8, 0x00, 0x28, 0xec, 0xd1, 0xa2, 0x69, 0xe3, 0x69, 
  0x21, 0x7d, 0x60, 0x7d, 0xa5, 0x7d, 0x01, 0x26, 0x00, 0x96, 0x01, 0x90, 0x02, 0x95, 0x00, 0x25, 
  0x28, 0x46, 0x00, 0xf0, 0xf9, 0xff, 0x00, 0x28, 0xdd, 0xd1, 0x60, 0x6a, 0x00, 0xf0, 0xfa, 0xff, 
  0x00, 0x28, 0xd8, 0xd1, 0x21, 0x8c, 0xa0, 0x6a, 0x00, 0xf0, 0xfa, 0xff, 0x00, 0x28, 0xd2, 0xd1, 
  0x03, 0xcc, 0xa2, 0x7b, 0x01, 0xf0, 0x18, 0xf8, 0x00, 0x28, 0xcc, 0xd1, 0x03, 0x48, 0x05, 0x70, 
  0x01, 0xf0, 0x30, 0xf8, 0x28, 0x46, 0x04, 0xb0, 0x70, 0xbd, 0xc0, 0x46, 0xbd, 0x0d, 0x00, 0x20, 
  0x02, 0x48, 0x03, 0x49, 0x81, 0x64, 0x03, 0x49, 0x41, 0x65, 0x70, 0x47, 0x20, 0x0d, 0x00, 0x20, 
  0x89, 0x65, 0x00, 0x20, 0xd9, 0x64, 0x00, 0x20, 0x70, 0xb5, 0x05, 0x46, 0x55, 0x4e, 0x30, 0x68, 
  0x00, 0x28, 0x01, 0xd0, 0x01, 0x20, 0x70, 0xbd, 0x01, 0xf0, 0x1a, 0xf8, 0x28, 0x46, 0xff, 0xf7, 
  0x1b, 0xfe, 0x04, 0x46, 0x00, 0x28, 0x01, 0xd0, 0x20, 0x46, 0x70, 0xbd, 0x03, 0x48, 0x30, 0x60, 
  0x03, 0xcd, 0x01, 0xf0, 0x13, 0xf8, 0x20, 0x46, 0x70, 0xbd, 0xc0, 0x46, 0x84, 0x27, 0x02, 0x00, 
  0xf0, 0xb5, 0x81, 0xb0, 0x04, 0x46, 0x47, 0x4f, 0x38, 0x68, 0x00, 0x28, 0x01, 0xd0, 0x01, 0x26, 
  0x1e, 0xe0, 0x00, 0xf0, 0xfd, 0xff, 0x03, 0xcc, 0x63, 0x7a, 0x00, 0x25, 0x2a, 0x46, 0x08, 0x3c, 
  0x01, 0xf0, 0x02, 0xf8, 0x03, 0xc4, 0x20, 0x68, 0x62, 0x7a, 0x29, 0x46, 0x08, 0x3c, 0x01, 0xf0, 
  0x01, 0xf8, 0xa0, 0x60, 0x20, 0x46, 0xff, 0xf7, 0xb1, 0xfe, 0x06, 0x46, 0x28, 0x46, 0x00, 0xf0, 
  0xff, 0xff, 0x00, 0x2e, 0x04, 0xd1, 0x04, 0x48, 0x38, 0x60, 0x03, 0xcc, 0x00, 0xf0, 0xe6, 0xff, 
  0x30, 0x46, 0x01, 0xb0, 0xf0, 0xbd, 0xc0, 0x46, 0xd4, 0x27, 0x02, 0x00, 0x70, 0xb5, 0x05, 0x46, 
  0x30, 0x4e, 0x30, 0x68, 0x00, 0x28, 0x01, 0xd0, 0x01, 0x20, 0x70, 0xbd, 0x00, 0xf0, 0xd0, 0xff, 
  0x28, 0x46, 0xff, 0xf7, 0xd3, 0xfe, 0x04, 0x46, 0x00, 0x28, 0x01, 0xd0, 0x20, 0x46, 0x70, 0xbd, 
  0x03, 0x48, 0x30, 0x60, 0x03, 0xcd, 0x00, 0xf0, 0xc9, 0xff, 0x20, 0x46, 0x70, 0xbd, 0xc0, 0x46, 
  0xe4, 0x27, 0x02, 0x00, 0xf0, 0xb5, 0x81, 0xb0, 0x04, 0x46, 0x22, 0x4f, 0x38, 0x68, 0x00, 0x28, 
  0x01, 0xd0, 0x01, 0x26, 0x1e, 0xe0, 0x00, 0xf0, 0xb3, 0xff, 0x03, 0xcc, 0x63, 0x7a, 0x00, 0x25, 
  0x2a, 0x46, 0x08, 0x3c, 0x00, 0xf0, 0xb8, 0xff, 0x03, 0xc4, 0x20, 0x68, 0x62, 0x7a, 0x29, 0x46, 
  0x08, 0x3c, 0x00, 0xf0, 0xb7, 0xff, 0xa0, 0x60, 0x20, 0x46, 0xff, 0xf7, 0xe9, 0xfe, 0x06, 0x46, 
  0x28, 0x46, 0x00, 0xf0, 0xb5, 0xff, 0x00, 0x2e, 0x04, 0xd1, 0x04, 0x48, 0x38, 0x60, 0x03, 0xcc, 
  0x00, 0xf0, 0x9c, 0xff, 0x30, 0x46, 0x01, 0xb0, 0xf0, 0xbd, 0xc0, 0x46, 0xf4, 0x27, 0x02, 0x00, 
  0x70, 0xb5, 0x05, 0x46, 0x0b, 0x4e, 0x30, 0x68, 0x00, 0x28, 0x01, 0xd0, 0x01, 0x20, 0x70, 0xbd, 
  0x00, 0xf0, 0x86, 0xff, 0x28, 0x46, 0xff, 0xf7, 0x0b, 0xff, 0x04, 0x46, 0x00, 0x28, 0x01, 0xd0, 
  0x20, 0x46, 0x70, 0xbd, 0x04, 0x48, 0x30, 0x60, 0x03, 0xcd, 0x00, 0xf0, 0x7f, 0xff, 0x20, 0x46, 
  0x70, 0xbd, 0xc0, 0x46, 0xc0, 0x0d, 0x00, 0x20, 0x04, 0x28, 0x02, 0x00, 0xb0, 0xb5, 0x01, 0x23, 
  0x03, 0x70, 0xd0, 0x68, 0x04, 0x78, 0x00, 0x20, 0x16, 0x2c, 0x35, 0xd8, 0x71, 0x23, 0xdb, 0x00, 
  0xcb, 0x18, 0xc0, 0x46, 0x7c, 0x44, 0x24, 0x79, 0x64, 0x00, 0xa7, 0x44, 0x15, 0x1a, 0x2d, 0x0b, 
  0x2d, 0x2d, 0x2d, 0x2d, 0x10, 0x2d, 0x0b, 0x2d, 0x1f, 0x2d, 0x10, 0x2d, 0x2d, 0x2d, 0x2d, 0x2d, 
  0x24, 0x2d, 0x29, 0x00, 0x08, 0x46, 0x19, 0x46, 0x00, 0xf0, 0x70, 0xff, 0xb0, 0xbd, 0x08, 0x46, 
  0x19, 0x46, 0xff, 0xf7, 0x7d, 0xfb, 0xb0, 0xbd, 0x08, 0x46, 0x19, 0x46, 0x00, 0xf0, 0x6c, 0xff, 
  0xb0, 0xbd, 0x08, 0x46, 0x19, 0x46, 0x00, 0xf0, 0x6d, 0xff, 0xb0, 0xbd, 0x08, 0x46, 0x19, 0x46, 
  0x00, 0xf0, 0x6e, 0xff, 0xb0, 0xbd, 0x08, 0x46, 0x19, 0x46, 0x00, 0xf0, 0x6f, 0xff, 0xb0, 0xbd, 
  0x08, 0x46, 0x19, 0x46, 0x00, 0xf0, 0x70, 0xff, 0xb0, 0xbd, 0x00, 0x00, 0x80, 0xb5, 0x00, 0xf0, 
  0x71, 0xff, 0x00, 0xf0, 0x75, 0xff, 0x00, 0xf0, 0x79, 0xff, 0x00, 0x28, 0x00, 0xd0, 0x80, 0xbd, 
  0x00, 0xf0, 0x7a, 0xff, 0x05, 0x48, 0x00, 0xf0, 0x7d, 0xff, 0x02, 0x20, 0x00, 0xf0, 0x52, 0xfd, 
  0x0b, 0x20, 0x00, 0xf0, 0x7d, 0xff, 0x00, 0x20, 0x80, 0xbd, 0xc0, 0x46, 0x20, 0xf5, 0x01, 0x00, 
  0x08, 0x49, 0x09, 0x68, 0x0a, 0x4a, 0x12, 0x78, 0x82, 0x42, 0x03, 0xd8, 0x00, 0x20, 0x00, 0x29, 
  0x07, 0xd1, 0x05, 0xe0, 0x35, 0x22, 0xd2, 0x00, 0x42, 0x43, 0x88, 0x18, 0x00, 0x29, 0x00, 0xd1, 
  0x08, 0x46, 0x70, 0x47, 0x18, 0x9a, 0x00, 0x20, 0x01, 0x48, 0x00, 0x78, 0x70, 0x47, 0xc0, 0x46, 
  0xf2, 0xac, 0x00, 0x20, 0xf0, 0xb5, 0x81, 0xb0, 0xff, 0xf7, 0xf6, 0xff, 0x00, 0x28, 0x27, 0xd0, 
  0x04, 0x46, 0x00, 0x25, 0x01, 0x26, 0xe8, 0xb2, 0xff, 0xf7, 0xda, 0xff, 0x00, 0x28, 0x0f, 0xd0, 
  0x99, 0x30, 0x01, 0x78, 0x00, 0x29, 0x07, 0xd0, 0x40, 0x78, 0x00, 0x28, 0x04, 0xd0, 0x00, 0x20, 
  0x37, 0x46, 0x00, 0x28, 0x0f, 0xd1, 0x14, 0xe0, 0x30, 0x46, 0x00, 0x28, 0x0b, 0xd1, 0x10, 0xe0, 
  0x91, 0x20, 0x01, 0x01, 0x1e, 0x20, 0x2a, 0x46, 0x23, 0x46, 0x00, 0xf0, 0x6d, 0xfe, 0x00, 0x27, 
  0x38, 0x46, 0x00, 0x28, 0x05, 0xd0, 0x6d, 0x1c, 0xac, 0x42, 0xdc, 0xd1, 0x00, 0x27, 0x00, 0xe0, 
  0x00, 0x27, 0x01, 0x20, 0x38, 0x40, 0x01, 0xb0, 0xf0, 0xbd, 0x00, 0x00, 0xf0, 0xb5, 0x81, 0xb0, 
  0xff, 0xf7, 0xc2, 0xff, 0x00, 0x28, 0x28, 0xd0, 0x04, 0x46, 0x00, 0x25, 0x01, 0x26, 0xe8, 0xb2, 
  0xff, 0xf7, 0xa6, 0xff, 0x00, 0x28, 0x0d, 0xd0, 0x8d, 0x30, 0x01, 0x7b, 0x00, 0x29, 0x05, 0xd0, 
  0x41, 0x7b, 0x00, 0x29, 0x02, 0xd0, 0x00, 0x78, 0x00, 0x28, 0x11, 0xd0, 0x30, 0x46, 0x00, 0x28, 
  0x0a, 0xd1, 0x15, 0xe0, 0x1e, 0x20, 0x0c, 0x49, 0x2a, 0x46, 0x23, 0x46, 0x00, 0xf0, 0x3c, 0xfe, 
  0x00, 0x27, 0x38, 0x46, 0x00, 0x28, 0x0b, 0xd0, 0x6d, 0x1c, 0xac, 0x42, 0xdf, 0xd1, 0x06, 0xe0, 
  0x00, 0x20, 0x37, 0x46, 0x00, 0x28, 0xf7, 0xd1, 0x02, 0xe0, 0x00, 0x27, 0x00, 0xe0, 0x00, 0x27, 
  0x01, 0x20, 0x38, 0x40, 0x01, 0xb0, 0xf0, 0xbd, 0x26, 0x09, 0x00, 0x00, 0x01, 0x48, 0x00, 0x68, 
  0x70, 0x47, 0xc0, 0x46, 0x1c, 0x9a, 0x00, 0x20, 0x80, 0xb5, 0xff, 0xf7, 0xf7, 0xff, 0x00, 0x28, 
  0x05, 0xd0, 0x33, 0x21, 0xc9, 0x00, 0x40, 0x5c, 0x41, 0x1e, 0x88, 0x41, 0x80, 0xbd, 0x00, 0x20, 
  0x80, 0xbd, 0x80, 0xb5, 0xff, 0xf7, 0xea, 0xff, 0x01, 0x46, 0x00, 0x20, 0x00, 0x29, 0x0a, 0xd0, 
  0x33, 0x22, 0xd2, 0x00, 0x8a, 0x18, 0x12, 0x78, 0x00, 0x2a, 0x04, 0xd0, 0x91, 0x31, 0x08, 0x78, 
  0x41, 0x1e, 0x48, 0x42, 0x48, 0x41, 0x80, 0xbd, 0x01, 0x48, 0x00, 0x68, 0x70, 0x47, 0xc0, 0x46, 
  0x20, 0x9a, 0x00, 0x20, 0x80, 0xb5, 0xff, 0xf7, 0xf7, 0xff, 0x00, 0x28, 0x05, 0xd0, 0x47, 0x21, 
  0x89, 0x00, 0x40, 0x5c, 0x41, 0x1e, 0x88, 0x41, 0x80, 0xbd, 0x00, 0x20, 0x80, 0xbd, 0x80, 0xb5, 
  0xff, 0xf7, 0xea, 0xff, 0x01, 0x46, 0x00, 0x20, 0x00, 0x29, 0x0c, 0xd0, 0x47, 0x22, 0x92, 0x00, 
  0x8a, 0x18, 0x12, 0x78, 0x00, 0x2a, 0x06, 0xd0, 0xa5, 0x31, 0x09, 0x78, 0x02, 0x22, 0x0a, 0x43, 
  0x03, 0x2a, 0x00, 0xd1, 0x01, 0x20, 0x80, 0xbd, 0x70, 0x47, 0x70, 0x47, 0x70, 0x47, 0x70, 0x47, 
  0x17, 0x21, 0x81, 0x74, 0x70, 0x47, 0x70, 0x47, 0x70, 0x47, 0x70, 0x47, 0xff, 0x21, 0x74, 0x31, 
  0x82, 0x6b, 0x64, 0x23, 0x53, 0x54, 0x83, 0x74, 0x50, 0x18, 0x19, 0x21, 0x41, 0x70, 0x70, 0x47, 
  0x70, 0xb5, 0x0a, 0x46, 0x04, 0x46, 0xff, 0x21, 0x08, 0x46, 0x20, 0x30, 0xa3, 0x6b, 0x1e, 0x18, 
  0xb9, 0x20, 0x40, 0x00, 0x1d, 0x18, 0x18, 0x5c, 0x00, 0x28, 0x07, 0xd0, 0xff, 0x2a, 0x00, 0xd8, 
  0xd1, 0xb2, 0x68, 0x78, 0x1a, 0x22, 0x00, 0xf0, 0x36, 0xf8, 0x68, 0x70, 0x30, 0x78, 0x00, 0x28, 
  0x01, 0xd0, 0x01, 0x20, 0x00, 0xe0, 0x02, 0x20, 0x28, 0x5c, 0xa0, 0x74, 0x70, 0xbd, 0xb0, 0xb5, 
  0x04, 0x46, 0xff, 0x20, 0xa1, 0x6b, 0x02, 0x46, 0x20, 0x32, 0x8a, 0x5c, 0x00, 0x2a, 0x08, 0xd0, 
  0x74, 0x30, 0x0d, 0x18, 0x28, 0x78, 0x01, 0x21, 0x1a, 0x22, 0x00, 0xf0, 0x1c, 0xf8, 0x28, 0x70, 
  0xa0, 0x74, 0xb0, 0xbd, 0xb0, 0xb5, 0x04, 0x46, 0xff, 0x20, 0xa1, 0x6b, 0x02, 0x46, 0x20, 0x32, 
  0x8a, 0x5c, 0x00, 0x2a, 0x08, 0xd0, 0x74, 0x30, 0x0d, 0x18, 0x28, 0x78, 0x32, 0x21, 0x64, 0x22, 
  0x00, 0xf0, 0x03, 0xf8, 0x28, 0x70, 0xa0, 0x74, 0xb0, 0xbd, 0x40, 0x18, 0x90, 0x42, 0x00, 0xd8, 
  0x02, 0x46, 0xd0, 0xb2, 0x70, 0x47, 0x53, 0x18, 0x83, 0x42, 0x00, 0xd2, 0x42, 0x1a, 0xd0, 0xb2, 
  0x70, 0x47, 0x00, 0x00, 0xf0, 0xb5, 0x85, 0xb0, 0x16, 0x46, 0x05, 0x46, 0xef, 0xf3, 0x05, 0x80, 
  0x02, 0xaa, 0x95, 0x70, 0x11, 0x80, 0xd6, 0x70, 0x00, 0x24, 0x03, 0x94, 0x00, 0x28, 0x00, 0xd1, 
  0xe4, 0x43, 0x00, 0x2e, 0x2d, 0xd0, 0x24, 0x2e, 0x18, 0xd8, 0x01, 0x93, 0x2c, 0x48, 0x00, 0x90, 
  0x00, 0x68, 0x00, 0x21, 0x00, 0xf0, 0x2a, 0xfe, 0x03, 0x90, 0x00, 0x28, 0x09, 0xd1, 0x27, 0x48, 
  0x00, 0x90, 0x00, 0x68, 0x00, 0x27, 0x39, 0x46, 0x00, 0xf0, 0x20, 0xfe, 0x03, 0x90, 0x00, 0x28, 
  0x3b, 0xd0, 0x00, 0x98, 0x00, 0x68, 0x04, 0x90, 0x03, 0x98, 0x0e, 0xe0, 0x80, 0x2e, 0x28, 0xd8, 
  0x01, 0x93, 0x1e, 0x48, 0x00, 0x68, 0x00, 0x27, 0x39, 0x46, 0x00, 0xf0, 0x0f, 0xfe, 0x03, 0x90, 
  0x00, 0x28, 0x25, 0xd0, 0x19, 0x49, 0x09, 0x68, 0x04, 0x91, 0x01, 0x99, 0x32, 0x46, 0xfc, 0xf7, 
  0xbb, 0xfa, 0x15, 0x4e, 0xf0, 0x1c, 0x29, 0x46, 0x00, 0xf0, 0x04, 0xfa, 0x15, 0x48, 0x00, 0x68, 
  0x02, 0xa9, 0x00, 0x25, 0x2a, 0x46, 0x23, 0x46, 0x00, 0xf0, 0x8c, 0xfa, 0x47, 0x42, 0x47, 0x41, 
  0x00, 0x28, 0x15, 0xd0, 0x32, 0x1d, 0x81, 0xb2, 0x10, 0x46, 0x00, 0xf0, 0xf3, 0xf9, 0x2f, 0x46, 
  0x0e, 0xe0, 0x09, 0x48, 0x80, 0x1c, 0x31, 0x46, 0x00, 0xf0, 0xec, 0xf9, 0x00, 0x27, 0x07, 0xe0, 
  0x05, 0x48, 0x40, 0x1c, 0x00, 0xf0, 0xf8, 0xf9, 0x02, 0xe0, 0x03, 0x48, 0x00, 0xf0, 0xf4, 0xf9, 
  0x38, 0x46, 0x05, 0xb0, 0xf0, 0xbd, 0xc0, 0x46, 0x04, 0x60, 0x00, 0x00, 0x94, 0xc2, 0x00, 0x20, 
  0x98, 0xc2, 0x00, 0x20, 0x1c, 0x84, 0x00, 0x20, 0x10, 0xb5, 0x82, 0xb0, 0x01, 0x91, 0x00, 0x90, 
  0x00, 0x22, 0xef, 0xf3, 0x05, 0x80, 0x00, 0x28, 0x01, 0xd0, 0x13, 0x46, 0x00, 0xe0, 0xd3, 0x43, 
  0x07, 0x48, 0x00, 0x68, 0x69, 0x46, 0x00, 0xf0, 0x55, 0xfa, 0x04, 0x46, 0x00, 0x28, 0x03, 0xd0, 
  0x04, 0xa0, 0x21, 0x46, 0x00, 0xf0, 0xd8, 0xfd, 0x60, 0x42, 0x60, 0x41, 0x02, 0xb0, 0x10, 0xbd, 
  0x24, 0xaf, 0x00, 0x20, 0x62, 0x6c, 0x65, 0x5f, 0x74, 0x61, 0x73, 0x6b, 0x5f, 0x73, 0x65, 0x6e, 
  0x64, 0x5f, 0x6d, 0x73, 0x67, 0x5f, 0x74, 0x6f, 0x5f, 0x6c, 0x6c, 0x63, 0x5f, 0x74, 0x61, 0x73, 
  0x6b, 0x20, 0x66, 0x61, 0x69, 0x6c, 0x65, 0x64, 0x3a, 0x25, 0x75, 0x0a, 0x00, 0x00, 0x00, 0x00, 
  0x70, 0xb5, 0x8c, 0xb0, 0x17, 0x48, 0x08, 0xa9, 0x0a, 0x46, 0x38, 0xc8, 0x38, 0xc2, 0x03, 0x88, 
  0x13, 0x80, 0x80, 0x78, 0x90, 0x70, 0x00, 0x24, 0x20, 0x46, 0x00, 0xf0, 0x95, 0xfd, 0x06, 0xa9, 
  0x18, 0x20, 0x88, 0x71, 0x10, 0x48, 0x88, 0x80, 0x10, 0x48, 0x06, 0x90, 0x07, 0x22, 0x20, 0x46, 
  0x00, 0xf0, 0x90, 0xfd, 0x0e, 0xa0, 0x01, 0xad, 0x29, 0x46, 0x0c, 0xc8, 0x0c, 0xc1, 0x4c, 0xc8, 
  0x4c, 0xc1, 0xa8, 0x1c, 0x0f, 0x49, 0x12, 0x22, 0xfc, 0xf7, 0x2e, 0xfa, 0x14, 0x22, 0x20, 0x46, 
  0x29, 0x46, 0x00, 0xf0, 0x85, 0xfd, 0x01, 0x21, 0x20, 0x46, 0x00, 0xf0, 0x87, 0xfd, 0x0c, 0xb0, 
  0x70, 0xbd, 0xc0, 0x46, 0x58, 0x7e, 0x00, 0x20, 0x02, 0x09, 0x00, 0x00, 0x02, 0x01, 0x06, 0x03, 
  0x13, 0x09, 0x00, 0x00, 0x00, 0x00, 0x00, 0x00, 0x00, 0x00, 0x00, 0x00, 0x00, 0x00, 0x00, 0x00, 
  0x00, 0x00, 0x00, 0x00, 0x60, 0x83, 0x00, 0x20, 0x1c, 0x46, 0x15, 0x46, 0x0e, 0x46, 0x07, 0x46, 
  0xfc, 0xf7, 0x1a, 0xfc, 0x07, 0xa0, 0x00, 0xf0, 0xc1, 0xff, 0x0b, 0xa0, 0x39, 0x46, 0x32, 0x46, 
  0x00, 0xf0, 0x6a, 0xfd, 0x10, 0xa0, 0x29, 0x46, 0x22, 0x46, 0x00, 0xf0, 0x65, 0xfd, 0xfc, 0xf7, 
  0xdf, 0xfb, 0xfe, 0xe7, 0x73, 0x79, 0x73, 0x74, 0x65, 0x6d, 0x20, 0x65, 0x72, 0x72, 0x6f, 0x72, 
  0x20, 0x6f, 0x63, 0x63, 0x75, 0x72, 0x73, 0x00, 0x75, 0x31, 0x36, 0x45, 0x72, 0x72, 0x4d, 0x6f, 
  0x64, 0x75, 0x6c, 0x65, 0x3a, 0x25, 0x75, 0x20, 0x75, 0x31, 0x36, 0x45, 0x72, 0x72, 0x4c, 0x69, 
  0x6e, 0x65, 0x3a, 0x25, 0x75, 0x0a, 0x00, 0x00, 0x75, 0x33, 0x32, 0x45, 0x72, 0x72, 0x49, 0x6e, 
  0x66, 0x6f, 0x31, 0x3a, 0x25, 0x75, 0x20, 0x75, 0x33, 0x32, 0x45, 0x72, 0x72, 0x49, 0x6e, 0x66, 
  0x6f, 0x32, 0x3a, 0x25, 0x75, 0x0a, 0x00, 0x00, 0xb0, 0xb5, 0x82, 0xb0, 0x04, 0x46, 0x40, 0x7d, 
  0x21, 0x7d, 0x00, 0x29, 0x0c, 0xd0, 0xef, 0xf3, 0x10, 0x81, 0xef, 0xf3, 0x10, 0x82, 0x72, 0xb6, 
  0x00, 0x22, 0x22, 0x75, 0x62, 0x68, 0x22, 0x60, 0x62, 0x6a, 0x22, 0x62, 0x81, 0xf3, 0x10, 0x88, 
  0x00, 0x28, 0x0a, 0xd0, 0xef, 0xf3, 0x10, 0x81, 0xef, 0xf3, 0x10, 0x82, 0x72, 0xb6, 0x00, 0x22, 
  0x62, 0x75, 0xe2, 0x7d, 0xa2, 0x75, 0x81, 0xf3, 0x10, 0x88, 0xa1, 0x7d, 0x02, 0x29, 0x1d, 0xd0, 
  0x00, 0x29, 0x41, 0xd1, 0xef, 0xf3, 0x10, 0x80, 0xef, 0xf3, 0x10, 0x81, 0x72, 0xb6, 0xe1, 0x6a, 
  0x00, 0x29, 0x01, 0xd0, 0xa2, 0x6a, 0x8a, 0x62, 0x1d, 0x4a, 0x13, 0x68, 0xa3, 0x42, 0x01, 0xd1, 
  0xa3, 0x6a, 0x13, 0x60, 0x1b, 0x4a, 0x13, 0x68, 0xa3, 0x42, 0x00, 0xd1, 0x11, 0x60, 0x80, 0xf3, 
  0x10, 0x88, 0x00, 0x20, 0xa0, 0x62, 0xe0, 0x62, 0x02, 0xb0, 0xb0, 0xbd, 0x00, 0x28, 0x0c, 0xd0, 
  0x25, 0x69, 0xe5, 0x60, 0x7d, 0x20, 0xc1, 0x00, 0x20, 0x68, 0xc0, 0x03, 0xfc, 0xf7, 0x96, 0xf9, 
  0x40, 0x19, 0xa0, 0x60, 0x01, 0x95, 0x02, 0xb0, 0xb0, 0xbd, 0x20, 0x7e, 0x01, 0x28, 0x11, 0xd1, 
  0x00, 0x20, 0x01, 0x90, 0x09, 0x48, 0x01, 0xa9, 0x00, 0xf0, 0x46, 0xf8, 0x01, 0x9d, 0xe5, 0x60, 
  0x7d, 0x20, 0xc1, 0x00, 0x20, 0x68, 0xc0, 0x03, 0xfc, 0xf7, 0x80, 0xf9, 0x40, 0x19, 0xa0, 0x60, 
  0x02, 0xb0, 0xb0, 0xbd, 0x01, 0x20, 0xa0, 0x75, 0x02, 0xb0, 0xb0, 0xbd, 0x00, 0x30, 0x05, 0x60, 
  0x30, 0xc3, 0x00, 0x20, 0x34, 0xc3, 0x00, 0x20, 0x03, 0xb4, 0x01, 0x48, 0x01, 0x90, 0x01, 0xbd, 
  0x39, 0xc4, 0x01, 0x00, 0x03, 0xb4, 0x01, 0x48, 0x01, 0x90, 0x01, 0xbd, 0x61, 0x0e, 0x02, 0x00, 
  0x03, 0xb4, 0x01, 0x48, 0x01, 0x90, 0x01, 0xbd, 0x45, 0xa3, 0x01, 0x00, 0x03, 0xb4, 0x01, 0x48, 
  0x01, 0x90, 0x01, 0xbd, 0xad, 0xa0, 0x01, 0x00, 0x03, 0xb4, 0x01, 0x48, 0x01, 0x90, 0x01, 0xbd, 
  0x65, 0xbf, 0x01, 0x00, 0x03, 0xb4, 0x01, 0x48, 0x01, 0x90, 0x01, 0xbd, 0xbd, 0xbd, 0x01, 0x00, 
  0x03, 0xb4, 0x01, 0x48, 0x01, 0x90, 0x01, 0xbd, 0x51, 0xf8, 0x02, 0x00, 0x03, 0xb4, 0x01, 0x48, 
  0x01, 0x90, 0x01, 0xbd, 0x1d, 0xbf, 0x01, 0x00, 0x03, 0xb4, 0x01, 0x48, 0x01, 0x90, 0x01, 0xbd, 
  0x45, 0xbf, 0x01, 0x00, 0x03, 0xb4, 0x01, 0x48, 0x01, 0x90, 0x01, 0xbd, 0xcd, 0xbf, 0x01, 0x00, 
  0x03, 0xb4, 0x01, 0x48, 0x01, 0x90, 0x01, 0xbd, 0x79, 0xdc, 0x01, 0x00, 0x03, 0xb4, 0x01, 0x48, 
  0x01, 0x90, 0x01, 0xbd, 0x55, 0x72, 0x01, 0x00, 0x03, 0xb4, 0x01, 0x48, 0x01, 0x90, 0x01, 0xbd, 
  0x85, 0x8e, 0x01, 0x00, 0x03, 0xb4, 0x01, 0x48, 0x01, 0x90, 0x01, 0xbd, 0x05, 0x8f, 0x01, 0x00, 
  0x03, 0xb4, 0x01, 0x48, 0x01, 0x90, 0x01, 0xbd, 0x89, 0xdb, 0x01, 0x00, 0x03, 0xb4, 0x01, 0x48, 
  0x01, 0x90, 0x01, 0xbd, 0x01, 0x14, 0x01, 0x00, 0x03, 0xb4, 0x01, 0x48, 0x01, 0x90, 0x01, 0xbd, 
  0x79, 0x27, 0x03, 0x00, 0x03, 0xb4, 0x01, 0x48, 0x01, 0x90, 0x01, 0xbd, 0xf9, 0x12, 0x01, 0x00, 
  0x03, 0xb4, 0x01, 0x48, 0x01, 0x90, 0x01, 0xbd, 0xad, 0xc3, 0x01, 0x00, 0x03, 0xb4, 0x01, 0x48, 
  0x01, 0x90, 0x01, 0xbd, 0x43, 0xd7, 0x01, 0x00, 0x03, 0xb4, 0x01, 0x48, 0x01, 0x90, 0x01, 0xbd, 
  0x41, 0xf9, 0x02, 0x00, 0x03, 0xb4, 0x01, 0x48, 0x01, 0x90, 0x01, 0xbd, 0x09, 0x22, 0x01, 0x00, 
  0x03, 0xb4, 0x01, 0x48, 0x01, 0x90, 0x01, 0xbd, 0xd1, 0x23, 0x01, 0x00, 0x03, 0xb4, 0x01, 0x48, 
  0x01, 0x90, 0x01, 0xbd, 0x79, 0xc0, 0x01, 0x00, 0x03, 0xb4, 0x01, 0x48, 0x01, 0x90, 0x01, 0xbd, 
  0x89, 0xc2, 0x01, 0x00, 0x03, 0xb4, 0x01, 0x48, 0x01, 0x90, 0x01, 0xbd, 0xbd, 0xbe, 0x01, 0x00, 
  0x03, 0xb4, 0x01, 0x48, 0x01, 0x90, 0x01, 0xbd, 0x81, 0xbe, 0x01, 0x00, 0x03, 0xb4, 0x01, 0x48, 
  0x01, 0x90, 0x01, 0xbd, 0xf9, 0xbd, 0x01, 0x00, 0x03, 0xb4, 0x01, 0x48, 0x01, 0x90, 0x01, 0xbd, 
  0xd9, 0xc0, 0x01, 0x00, 0x03, 0xb4, 0x01, 0x48, 0x01, 0x90, 0x01, 0xbd, 0xfd, 0xf6, 0x02, 0x00, 
  0x03, 0xb4, 0x01, 0x48, 0x01, 0x90, 0x01, 0xbd, 0xb9, 0xa0, 0x03, 0x00, 0x03, 0xb4, 0x01, 0x48, 
  0x01, 0x90, 0x01, 0xbd, 0xa5, 0x11, 0x01, 0x00, 0x03, 0xb4, 0x01, 0x48, 0x01, 0x90, 0x01, 0xbd, 
  0xe9, 0xf6, 0x02, 0x00, 0x03, 0xb4, 0x01, 0x48, 0x01, 0x90, 0x01, 0xbd, 0x51, 0x3a, 0x03, 0x00, 
  0x03, 0xb4, 0x01, 0x48, 0x01, 0x90, 0x01, 0xbd, 0x31, 0x3a, 0x03, 0x00, 0x03, 0xb4, 0x01, 0x48, 
  0x01, 0x90, 0x01, 0xbd, 0x35, 0x94, 0x02, 0x00, 0x03, 0xb4, 0x01, 0x48, 0x01, 0x90, 0x01, 0xbd, 
  0x25, 0xaa, 0x02, 0x00, 0x03, 0xb4, 0x01, 0x48, 0x01, 0x90, 0x01, 0xbd, 0x49, 0xa0, 0x02, 0x00, 
  0x03, 0xb4, 0x01, 0x48, 0x01, 0x90, 0x01, 0xbd, 0xcd, 0x39, 0x02, 0x00, 0x03, 0xb4, 0x01, 0x48, 
  0x01, 0x90, 0x01, 0xbd, 0x7d, 0xdc, 0x02, 0x00, 0x03, 0xb4, 0x01, 0x48, 0x01, 0x90, 0x01, 0xbd, 
  0x11, 0xf4, 0x02, 0x00, 0x03, 0xb4, 0x01, 0x48, 0x01, 0x90, 0x01, 0xbd, 0x15, 0xd0, 0x02, 0x00, 
  0x03, 0xb4, 0x01, 0x48, 0x01, 0x90, 0x01, 0xbd, 0x19, 0x2c, 0x02, 0x00, 0x03, 0xb4, 0x01, 0x48, 
  0x01, 0x90, 0x01, 0xbd, 0x19, 0x59, 0x02, 0x00, 0x03, 0xb4, 0x01, 0x48, 0x01, 0x90, 0x01, 0xbd, 
  0x51, 0x29, 0x02, 0x00, 0x03, 0xb4, 0x01, 0x48, 0x01, 0x90, 0x01, 0xbd, 0x29, 0x82, 0x02, 0x00, 
  0x03, 0xb4, 0x01, 0x48, 0x01, 0x90, 0x01, 0xbd, 0x1d, 0x23, 0x01, 0x00, 0x03, 0xb4, 0x01, 0x48, 
  0x01, 0x90, 0x01, 0xbd, 0xc5, 0xdf, 0x02, 0x00, 0x03, 0xb4, 0x01, 0x48, 0x01, 0x90, 0x01, 0xbd, 
  0x61, 0x18, 0x02, 0x00, 0x03, 0xb4, 0x01, 0x48, 0x01, 0x90, 0x01, 0xbd, 0x2d, 0x20, 0x02, 0x00, 
  0x03, 0xb4, 0x01, 0x48, 0x01, 0x90, 0x01, 0xbd, 0xfd, 0x23, 0x02, 0x00, 0x03, 0xb4, 0x01, 0x48, 
  0x01, 0x90, 0x01, 0xbd, 0x69, 0x82, 0x02, 0x00, 0x03, 0xb4, 0x01, 0x48, 0x01, 0x90, 0x01, 0xbd, 
  0xb1, 0x3c, 0x03, 0x00, 0x03, 0xb4, 0x01, 0x48, 0x01, 0x90, 0x01, 0xbd, 0x35, 0x14, 0x01, 0x00, 
  0x03, 0xb4, 0x01, 0x48, 0x01, 0x90, 0x01, 0xbd, 0x39, 0xf7, 0x02, 0x00, 0x03, 0xb4, 0x01, 0x48, 
  0x01, 0x90, 0x01, 0xbd, 0xd9, 0xf7, 0x02, 0x00, 0x03, 0xb4, 0x01, 0x48, 0x01, 0x90, 0x01, 0xbd, 
  0x25, 0xf7, 0x02, 0x00, 0x03, 0xb4, 0x01, 0x48, 0x01, 0x90, 0x01, 0xbd, 0xc5, 0xf7, 0x02, 0x00, 
  0x03, 0xb4, 0x01, 0x48, 0x01, 0x90, 0x01, 0xbd, 0xbb, 0x1e, 0x03, 0x00, 0x03, 0xb4, 0x01, 0x48, 
  0x01, 0x90, 0x01, 0xbd, 0xed, 0x2b, 0x03, 0x00, 0x03, 0xb4, 0x01, 0x48, 0x01, 0x90, 0x01, 0xbd, 
  0x11, 0xf7, 0x02, 0x00, 0x03, 0xb4, 0x01, 0x48, 0x01, 0x90, 0x01, 0xbd, 0x03, 0xf9, 0x02, 0x00, 
  0x03, 0xb4, 0x01, 0x48, 0x01, 0x90, 0x01, 0xbd, 0x61, 0xf7, 0x02, 0x00, 0x03, 0xb4, 0x01, 0x48, 
  0x01, 0x90, 0x01, 0xbd, 0xd5, 0x05, 0x03, 0x00, 0x03, 0xb4, 0x01, 0x48, 0x01, 0x90, 0x01, 0xbd, 
  0x9d, 0x12, 0x01, 0x00, 0x03, 0xb4, 0x01, 0x48, 0x01, 0x90, 0x01, 0xbd, 0x51, 0xec, 0x03, 0x00, 
  0x03, 0xb4, 0x01, 0x48, 0x01, 0x90, 0x01, 0xbd, 0xe1, 0x05, 0x03, 0x00, 0x03, 0xb4, 0x01, 0x48, 
  0x01, 0x90, 0x01, 0xbd, 0x6d, 0x18, 0x03, 0x00, 0x03, 0xb4, 0x01, 0x48, 0x01, 0x90, 0x01, 0xbd, 
  0xb9, 0x5a, 0x03, 0x00, 0x03, 0xb4, 0x01, 0x48, 0x01, 0x90, 0x01, 0xbd, 0xdd, 0x59, 0x03, 0x00, 
  0x03, 0xb4, 0x01, 0x48, 0x01, 0x90, 0x01, 0xbd, 0x85, 0x18, 0x03, 0x00, 0x03, 0xb4, 0x01, 0x48, 
  0x01, 0x90, 0x01, 0xbd, 0xaf, 0x28, 0x03, 0x00, 0x03, 0xb4, 0x01, 0x48, 0x01, 0x90, 0x01, 0xbd, 
  0xfd, 0x05, 0x03, 0x00, 0x03, 0xb4, 0x01, 0x48, 0x01, 0x90, 0x01, 0xbd, 0x05, 0x06, 0x03, 0x00, 
  0x03, 0xb4, 0x01, 0x48, 0x01, 0x90, 0x01, 0xbd, 0xf5, 0x05, 0x03, 0x00, 0x03, 0xb4, 0x01, 0x48, 
  0x01, 0x90, 0x01, 0xbd, 0xed, 0x05, 0x03, 0x00, 0x03, 0xb4, 0x01, 0x48, 0x01, 0x90, 0x01, 0xbd, 
  0x89, 0xa6, 0x01, 0x00, 0x03, 0xb4, 0x01, 0x48, 0x01, 0x90, 0x01, 0xbd, 0x79, 0x23, 0x02, 0x00, 
  0x03, 0xb4, 0x01, 0x48, 0x01, 0x90, 0x01, 0xbd, 0x75, 0x20, 0x02, 0x00, 0x03, 0xb4, 0x01, 0x48, 
  0x01, 0x90, 0x01, 0xbd, 0x39, 0x20, 0x02, 0x00, 0x03, 0xb4, 0x01, 0x48, 0x01, 0x90, 0x01, 0xbd, 
  0x45, 0x20, 0x02, 0x00, 0x03, 0xb4, 0x01, 0x48, 0x01, 0x90, 0x01, 0xbd, 0x81, 0x20, 0x02, 0x00, 
  0x03, 0xb4, 0x01, 0x48, 0x01, 0x90, 0x01, 0xbd, 0x69, 0x20, 0x02, 0x00, 0x03, 0xb4, 0x01, 0x48, 
  0x01, 0x90, 0x01, 0xbd, 0x51, 0x20, 0x02, 0x00, 0x03, 0xb4, 0x01, 0x48, 0x01, 0x90, 0x01, 0xbd, 
  0x5d, 0x20, 0x02, 0x00, 0x03, 0xb4, 0x01, 0x48, 0x01, 0x90, 0x01, 0xbd, 0x31, 0xe0, 0x02, 0x00, 
  0x03, 0xb4, 0x01, 0x48, 0x01, 0x90, 0x01, 0xbd, 0x19, 0xe0, 0x02, 0x00, 0x03, 0xb4, 0x01, 0x48, 
  0x01, 0x90, 0x01, 0xbd, 0x25, 0xe0, 0x02, 0x00, 0x03, 0xb4, 0x01, 0x48, 0x01, 0x90, 0x01, 0xbd, 
  0xb9, 0xdf, 0x02, 0x00, 0x03, 0xb4, 0x01, 0x48, 0x01, 0x90, 0x01, 0xbd, 0xd1, 0xdf, 0x02, 0x00, 
  0x03, 0xb4, 0x01, 0x48, 0x01, 0x90, 0x01, 0xbd, 0xf5, 0xdf, 0x02, 0x00, 0x03, 0xb4, 0x01, 0x48, 
  0x01, 0x90, 0x01, 0xbd, 0xdd, 0xdf, 0x02, 0x00, 0x03, 0xb4, 0x01, 0x48, 0x01, 0x90, 0x01, 0xbd, 
  0x01, 0xe0, 0x02, 0x00, 0x03, 0xb4, 0x01, 0x48, 0x01, 0x90, 0x01, 0xbd, 0xe9, 0xdf, 0x02, 0x00, 
  0x03, 0xb4, 0x01, 0x48, 0x01, 0x90, 0x01, 0xbd, 0x0d, 0xe0, 0x02, 0x00, 0x03, 0xb4, 0x01, 0x48, 
  0x01, 0x90, 0x01, 0xbd, 0x49, 0xe0, 0x02, 0x00, 0x03, 0xb4, 0x01, 0x48, 0x01, 0x90, 0x01, 0xbd, 
  0x3d, 0xe0, 0x02, 0x00, 0x03, 0xb4, 0x01, 0x48, 0x01, 0x90, 0x01, 0xbd, 0xad, 0xdf, 0x02, 0x00, 
  0x03, 0xb4, 0x01, 0x48, 0x01, 0x90, 0x01, 0xbd, 0x5d, 0xe9, 0x03, 0x00, 0x03, 0xb4, 0x01, 0x48, 
  0x01, 0x90, 0x01, 0xbd, 0x75, 0xe9, 0x03, 0x00, 0x03, 0xb4, 0x01, 0x48, 0x01, 0x90, 0x01, 0xbd, 
  0x69, 0xe9, 0x03, 0x00, 0x03, 0xb4, 0x01, 0x48, 0x01, 0x90, 0x01, 0xbd, 0x51, 0xe9, 0x03, 0x00, 
  0x03, 0xb4, 0x01, 0x48, 0x01, 0x90, 0x01, 0xbd, 0x45, 0xe9, 0x03, 0x00, 0x03, 0xb4, 0x01, 0x48, 
  0x01, 0x90, 0x01, 0xbd, 0x49, 0xe2, 0x03, 0x00, 0x03, 0xb4, 0x01, 0x48, 0x01, 0x90, 0x01, 0xbd, 
  0x55, 0xe2, 0x03, 0x00, 0x03, 0xb4, 0x01, 0x48, 0x01, 0x90, 0x01, 0xbd, 0x05, 0x59, 0x01, 0x00, 
  0x03, 0xb4, 0x01, 0x48, 0x01, 0x90, 0x01, 0xbd, 0xf5, 0x7e, 0x01, 0x00, 0x03, 0xb4, 0x01, 0x48, 
  0x01, 0x90, 0x01, 0xbd, 0xb5, 0xf8, 0x02, 0x00, 0x03, 0xb4, 0x01, 0x48, 0x01, 0x90, 0x01, 0xbd, 
  0x25, 0xf9, 0x02, 0x00, 0x03, 0xb4, 0x01, 0x48, 0x01, 0x90, 0x01, 0xbd, 0x1d, 0x3d, 0x03, 0x00, 
  0x03, 0xb4, 0x01, 0x48, 0x01, 0x90, 0x01, 0xbd, 0xa5, 0xbc, 0x02, 0x00, 0x03, 0xb4, 0x01, 0x48, 
  0x01, 0x90, 0x01, 0xbd, 0x4d, 0x10, 0x01, 0x00, 0x03, 0xb4, 0x01, 0x48, 0x01, 0x90, 0x01, 0xbd, 
  0xe1, 0x10, 0x01, 0x00, 0x03, 0xb4, 0x01, 0x48, 0x01, 0x90, 0x01, 0xbd, 0xd9, 0x52, 0x03, 0x00, 
  0x03, 0xb4, 0x01, 0x48, 0x01, 0x90, 0x01, 0xbd, 0x39, 0x30, 0x03, 0x00, 0x03, 0xb4, 0x01, 0x48, 
  0x01, 0x90, 0x01, 0xbd, 0x29, 0x44, 0x03, 0x00, 0x03, 0xb4, 0x01, 0x48, 0x01, 0x90, 0x01, 0xbd, 
  0xb1, 0x05, 0x03, 0x00, 0x03, 0xb4, 0x01, 0x48, 0x01, 0x90, 0x01, 0xbd, 0x99, 0xa7, 0x03, 0x00, 
  0x03, 0xb4, 0x01, 0x48, 0x01, 0x90, 0x01, 0xbd, 0xa5, 0x30, 0x03, 0x00, 0x03, 0xb4, 0x01, 0x48, 
  0x01, 0x90, 0x01, 0xbd, 0x49, 0x46, 0x03, 0x00, 0x03, 0xb4, 0x01, 0x48, 0x01, 0x90, 0x01, 0xbd, 
  0x89, 0x31, 0x03, 0x00, 0x03, 0xb4, 0x01, 0x48, 0x01, 0x90, 0x01, 0xbd, 0xed, 0x44, 0x03, 0x00, 
  0x03, 0xb4, 0x01, 0x48, 0x01, 0x90, 0x01, 0xbd, 0x09, 0x31, 0x03, 0x00, 0x03, 0xb4, 0x01, 0x48, 
  0x01, 0x90, 0x01, 0xbd, 0xe1, 0x32, 0x03, 0x00, 0x03, 0xb4, 0x01, 0x48, 0x01, 0x90, 0x01, 0xbd, 
  0xa9, 0x34, 0x03, 0x00, 0x03, 0xb4, 0x01, 0x48, 0x01, 0x90, 0x01, 0xbd, 0x35, 0x32, 0x03, 0x00, 
  0x03, 0xb4, 0x01, 0x48, 0x01, 0x90, 0x01, 0xbd, 0x81, 0x4e, 0x03, 0x00, 0x03, 0xb4, 0x01, 0x48, 
  0x01, 0x90, 0x01, 0xbd, 0x35, 0x49, 0x03, 0x00, 0x03, 0xb4, 0x01, 0x48, 0x01, 0x90, 0x01, 0xbd, 
  0x69, 0x32, 0x03, 0x00, 0x03, 0xb4, 0x01, 0x48, 0x01, 0x90, 0x01, 0xbd, 0xb1, 0x35, 0x03, 0x00, 
  0x03, 0xb4, 0x01, 0x48, 0x01, 0x90, 0x01, 0xbd, 0xc3, 0x31, 0x03, 0x00, 0x03, 0xb4, 0x01, 0x48, 
  0x01, 0x90, 0x01, 0xbd, 0xdd, 0x30, 0x03, 0x00, 0x03, 0xb4, 0x01, 0x48, 0x01, 0x90, 0x01, 0xbd, 
  0x8d, 0x35, 0x03, 0x00, 0x03, 0xb4, 0x01, 0x48, 0x01, 0x90, 0x01, 0xbd, 0x59, 0x35, 0x03, 0x00, 
  0x03, 0xb4, 0x01, 0x48, 0x01, 0x90, 0x01, 0xbd, 0x09, 0x36, 0x03, 0x00, 0x03, 0xb4, 0x01, 0x48, 
  0x01, 0x90, 0x01, 0xbd, 0xf5, 0x0b, 0x03, 0x00, 0x03, 0xb4, 0x01, 0x48, 0x01, 0x90, 0x01, 0xbd, 
  0x41, 0x0c, 0x03, 0x00, 0x03, 0xb4, 0x01, 0x48, 0x01, 0x90, 0x01, 0xbd, 0xe1, 0x0c, 0x03, 0x00, 
  0x03, 0xb4, 0x01, 0x48, 0x01, 0x90, 0x01, 0xbd, 0xf1, 0x0c, 0x03, 0x00, 0x03, 0xb4, 0x01, 0x48, 
  0x01, 0x90, 0x01, 0xbd, 0x91, 0x0c, 0x03, 0x00, 0x03, 0xb4, 0x01, 0x48, 0x01, 0x90, 0x01, 0xbd, 
  0xa3, 0x0c, 0x03, 0x00, 0x03, 0xb4, 0x01, 0x48, 0x01, 0x90, 0x01, 0xbd, 0x11, 0x0d, 0x03, 0x00, 
  0x03, 0xb4, 0x01, 0x48, 0x01, 0x90, 0x01, 0xbd, 0xc1, 0x5d, 0x03, 0x00, 0x03, 0xb4, 0x01, 0x48, 
  0x01, 0x90, 0x01, 0xbd, 0x31, 0x66, 0x03, 0x00, 0x03, 0xb4, 0x01, 0x48, 0x01, 0x90, 0x01, 0xbd, 
  0xed, 0x16, 0x03, 0x00, 0x03, 0xb4, 0x01, 0x48, 0x01, 0x90, 0x01, 0xbd, 0x19, 0x0f, 0x03, 0x00, 
  0x03, 0xb4, 0x01, 0x48, 0x01, 0x90, 0x01, 0xbd, 0x87, 0x66, 0x03, 0x00, 0x03, 0xb4, 0x01, 0x48, 
  0x01, 0x90, 0x01, 0xbd, 0x57, 0x66, 0x03, 0x00, 0x03, 0xb4, 0x01, 0x48, 0x01, 0x90, 0x01, 0xbd, 
  0x4d, 0x17, 0x03, 0x00, 0x03, 0xb4, 0x01, 0x48, 0x01, 0x90, 0x01, 0xbd, 0x7b, 0x66, 0x03, 0x00, 
  0x03, 0xb4, 0x01, 0x48, 0x01, 0x90, 0x01, 0xbd, 0x63, 0x66, 0x03, 0x00, 0x03, 0xb4, 0x01, 0x48, 
  0x01, 0x90, 0x01, 0xbd, 0x1d, 0x10, 0x03, 0x00, 0x03, 0xb4, 0x01, 0x48, 0x01, 0x90, 0x01, 0xbd, 
  0x15, 0x10, 0x03, 0x00, 0x03, 0xb4, 0x01, 0x48, 0x01, 0x90, 0x01, 0xbd, 0xaf, 0x0f, 0x03, 0x00, 
  0x03, 0xb4, 0x01, 0x48, 0x01, 0x90, 0x01, 0xbd, 0x29, 0x10, 0x03, 0x00, 0x03, 0xb4, 0x01, 0x48, 
  0x01, 0x90, 0x01, 0xbd, 0xd1, 0xa7, 0x03, 0x00, 0x03, 0xb4, 0x01, 0x48, 0x01, 0x90, 0x01, 0xbd, 
  0x4b, 0x66, 0x03, 0x00, 0x03, 0xb4, 0x01, 0x48, 0x01, 0x90, 0x01, 0xbd, 0x6f, 0x66, 0x03, 0x00, 
  0x03, 0xb4, 0x01, 0x48, 0x01, 0x90, 0x01, 0xbd, 0x57, 0xef, 0x02, 0x00, 0x03, 0xb4, 0x01, 0x48, 
  0x01, 0x90, 0x01, 0xbd, 0xdd, 0xe0, 0x03, 0x00, 0x03, 0xb4, 0x01, 0x48, 0x01, 0x90, 0x01, 0xbd, 
  0xfd, 0x7a, 0x02, 0x00, 0x03, 0xb4, 0x01, 0x48, 0x01, 0x90, 0x01, 0xbd, 0xcd, 0x52, 0x02, 0x00, 
  0x03, 0xb4, 0x01, 0x48, 0x01, 0x90, 0x01, 0xbd, 0x05, 0x52, 0x02, 0x00, 0x03, 0xb4, 0x01, 0x48, 
  0x01, 0x90, 0x01, 0xbd, 0x4d, 0xf7, 0x02, 0x00, 0x03, 0xb4, 0x01, 0x48, 0x01, 0x90, 0x01, 0xbd, 
  0x69, 0x42, 0x01, 0x00, 0x03, 0xb4, 0x01, 0x48, 0x01, 0x90, 0x01, 0xbd, 0x31, 0xee, 0x02, 0x00, 
  0x03, 0xb4, 0x01, 0x48, 0x01, 0x90, 0x01, 0xbd, 0xa1, 0x17, 0x02, 0x00, 0x03, 0xb4, 0x01, 0x48, 
  0x01, 0x90, 0x01, 0xbd, 0xdd, 0x10, 0x02, 0x00, 0x03, 0xb4, 0x01, 0x48, 0x01, 0x90, 0x01, 0xbd, 
  0xf1, 0x15, 0x02, 0x00, 0x03, 0xb4, 0x01, 0x48, 0x01, 0x90, 0x01, 0xbd, 0x49, 0x17, 0x02, 0x00, 
  0x03, 0xb4, 0x01, 0x48, 0x01, 0x90, 0x01, 0xbd, 0x49, 0x13, 0x02, 0x00, 0x03, 0xb4, 0x01, 0x48, 
  0x01, 0x90, 0x01, 0xbd, 0x71, 0x15, 0x02, 0x00, 0x03, 0xb4, 0x01, 0x48, 0x01, 0x90, 0x01, 0xbd, 
  0x9d, 0x0f, 0x02, 0x00, 0x03, 0xb4, 0x01, 0x48, 0x01, 0x90, 0x01, 0xbd, 0xe1, 0x1a, 0x02, 0x00, 
  0x03, 0xb4, 0x01, 0x48, 0x01, 0x90, 0x01, 0xbd, 0x1d, 0x18, 0x02, 0x00, 0x03, 0xb4, 0x01, 0x48, 
  0x01, 0x90, 0x01, 0xbd, 0x4d, 0x18, 0x02, 0x00, 0x03, 0xb4, 0x01, 0x48, 0x01, 0x90, 0x01, 0xbd, 
  0x91, 0x12, 0x02, 0x00, 0x03, 0xb4, 0x01, 0x48, 0x01, 0x90, 0x01, 0xbd, 0xf1, 0x11, 0x02, 0x00, 
  0x03, 0xb4, 0x01, 0x48, 0x01, 0x90, 0x01, 0xbd, 0x35, 0x12, 0x02, 0x00, 0x03, 0xb4, 0x01, 0x48, 
  0x01, 0x90, 0x01, 0xbd, 0xd5, 0x13, 0x02, 0x00, 0x03, 0xb4, 0x01, 0x48, 0x01, 0x90, 0x01, 0xbd, 
  0x61, 0x14, 0x02, 0x00, 0x03, 0xb4, 0x01, 0x48, 0x01, 0x90, 0x01, 0xbd, 0x15, 0x14, 0x02, 0x00, 
  0x03, 0xb4, 0x01, 0x48, 0x01, 0x90, 0x01, 0xbd, 0x11, 0x24, 0x02, 0x00, 0x03, 0xb4, 0x01, 0x48, 
  0x01, 0x90, 0x01, 0xbd, 0xe9, 0x22, 0x02, 0x00, 0x03, 0xb4, 0x01, 0x48, 0x01, 0x90, 0x01, 0xbd, 
  0x3d, 0x1e, 0x02, 0x00, 0x03, 0xb4, 0x01, 0x48, 0x01, 0x90, 0x01, 0xbd, 0x75, 0x1e, 0x02, 0x00, 
  0x03, 0xb4, 0x01, 0x48, 0x01, 0x90, 0x01, 0xbd, 0xc9, 0x1d, 0x02, 0x00, 0x03, 0xb4, 0x01, 0x48, 
  0x01, 0x90, 0x01, 0xbd, 0x21, 0x78, 0x02, 0x00, 0x03, 0xb4, 0x01, 0x48, 0x01, 0x90, 0x01, 0xbd, 
  0x85, 0x43, 0x02, 0x00, 0x03, 0xb4, 0x01, 0x48, 0x01, 0x90, 0x01, 0xbd, 0xb1, 0x2d, 0x02, 0x00, 
  0x03, 0xb4, 0x01, 0x48, 0x01, 0x90, 0x01, 0xbd, 0x11, 0xf1, 0x02, 0x00, 0x03, 0xb4, 0x01, 0x48, 
  0x01, 0x90, 0x01, 0xbd, 0xc9, 0x61, 0x02, 0x00, 0x03, 0xb4, 0x01, 0x48, 0x01, 0x90, 0x01, 0xbd, 
  0xe9, 0xc0, 0x02, 0x00, 0x03, 0xb4, 0x01, 0x48, 0x01, 0x90, 0x01, 0xbd, 0x5d, 0x52, 0x01, 0x00, 
  0x03, 0xb4, 0x01, 0x48, 0x01, 0x90, 0x01, 0xbd, 0x5d, 0x58, 0x01, 0x00, 0x03, 0xb4, 0x01, 0x48, 
  0x01, 0x90, 0x01, 0xbd, 0xd9, 0x53, 0x01, 0x00, 0x03, 0xb4, 0x01, 0x48, 0x01, 0x90, 0x01, 0xbd, 
  0xe9, 0x55, 0x01, 0x00, 0x03, 0xb4, 0x01, 0x48, 0x01, 0x90, 0x01, 0xbd, 0x19, 0x5a, 0x01, 0x00, 
  0x03, 0xb4, 0x01, 0x48, 0x01, 0x90, 0x01, 0xbd, 0x91, 0xb2, 0x01, 0x00, 0x03, 0xb4, 0x01, 0x48, 
  0x01, 0x90, 0x01, 0xbd, 0x4d, 0x11, 0x01, 0x00, 0x03, 0xb4, 0x01, 0x48, 0x01, 0x90, 0x01, 0xbd, 
  0xe5, 0x23, 0x03, 0x00, 0x03, 0xb4, 0x01, 0x48, 0x01, 0x90, 0x01, 0xbd, 0x8d, 0x23, 0x03, 0x00, 
  0x03, 0xb4, 0x01, 0x48, 0x01, 0x90, 0x01, 0xbd, 0x5d, 0x28, 0x03, 0x00, 0x03, 0xb4, 0x01, 0x48, 
  0x01, 0x90, 0x01, 0xbd, 0xc9, 0x23, 0x03, 0x00, 0x0f, 0xb4, 0x10, 0xb5, 0x03, 0xa9, 0x04, 0x4b, 
  0x04, 0x4a, 0x02, 0x98, 0x00, 0xf0, 0x08, 0xf8, 0x10, 0xbc, 0x08, 0xbc, 0x04, 0xb0, 0x18, 0x47, 
  0xa5, 0x4c, 0x00, 0x20, 0x78, 0x83, 0x00, 0x20, 0xff, 0xb5, 0x91, 0xb0, 0x0f, 0x46, 0x05, 0x46, 
  0x00, 0x26, 0x06, 0xe0, 0x25, 0x28, 0x0a, 0xd0, 0x14, 0x9a, 0x13, 0x99, 0x90, 0x47, 0x6d, 0x1c, 
  0x76, 0x1c, 0x28, 0x78, 0x00, 0x28, 0xf5, 0xd1, 0x30, 0x46, 0x15, 0xb0, 0xf0, 0xbd, 0x00, 0x24, 
  0x00, 0x94, 0x01, 0x21, 0xf3, 0x4a, 0x02, 0x94, 0x00, 0xe0, 0x04, 0x43, 0x6d, 0x1c, 0x2b, 0x78, 
  0x08, 0x46, 0x20, 0x3b, 0x98, 0x40, 0x10, 0x42, 0xf7, 0xd1, 0x28, 0x78, 0x2a, 0x28, 0x0e, 0xd0, 
  0x02, 0x21, 0x28, 0x78, 0x02, 0x46, 0x30, 0x3a, 0x09, 0x2a, 0x15, 0xd8, 0x00, 0x9a, 0x0a, 0x23, 
  0x5a, 0x43, 0x30, 0x3a, 0x80, 0x18, 0x0c, 0x43, 0x6d, 0x1c, 0x00, 0x90, 0xf1, 0xe7, 0x01, 0xcf, 
  0x00, 0x90, 0x00, 0x28, 0x05, 0xda, 0x01, 0x20, 0x40, 0x03, 0x04, 0x43, 0x00, 0x98, 0x40, 0x42, 
  0x00, 0x90, 0x02, 0x20, 0x04, 0x43, 0x6d, 0x1c, 0x28, 0x78, 0x2e, 0x28, 0x15, 0xd1, 0x04, 0x20, 
  0x04, 0x43, 0x68, 0x78, 0x6d, 0x1c, 0x2a, 0x28, 0x0a, 0xd1, 0x01, 0xcf, 0x6d, 0x1c, 0x02, 0x90, 
  0x0b, 0xe0, 0x02, 0x99, 0x0a, 0x22, 0x51, 0x43, 0x30, 0x39, 0x40, 0x18, 0x6d, 0x1c, 0x02, 0x90, 
  0x28, 0x78, 0x01, 0x46, 0x30, 0x39, 0x09, 0x29, 0xf3, 0xd9, 0x28, 0x78, 0x6c, 0x28, 0x10, 0xd0, 
  0x06, 0xdc, 0x4c, 0x28, 0x1a, 0xd0, 0x68, 0x28, 0x0e, 0xd0, 0x6a, 0x28, 0x17, 0xd1, 0x04, 0xe0, 
  0x74, 0x28, 0x13, 0xd0, 0x7a, 0x28, 0x12, 0xd1, 0x10, 0xe0, 0x01, 0x20, 0x40, 0x05, 0x04, 0x43, 
  0x0c, 0xe0, 0x01, 0x21, 0x09, 0x05, 0x01, 0xe0, 0x03, 0x21, 0x09, 0x05, 0x0c, 0x43, 0x69, 0x78, 
  0x81, 0x42, 0x03, 0xd1, 0x01, 0x20, 0x00, 0x05, 0x24, 0x18, 0x6d, 0x1c, 0x6d, 0x1c, 0x28, 0x78, 
  0x03, 0x90, 0x6e, 0x28, 0x1e, 0xd0, 0x0c, 0xdc, 0x63, 0x28, 0x31, 0xd0, 0x04, 0xdc, 0x00, 0x28, 
  0x8a, 0xd0, 0x58, 0x28, 0x11, 0xd1, 0xb2, 0xe0, 0x64, 0x28, 0x7b, 0xd0, 0x69, 0x28, 0x0c, 0xd1, 
  0x78, 0xe0, 0x73, 0x28, 0x2d, 0xd0, 0x04, 0xdc, 0x6f, 0x28, 0x70, 0xd0, 0x70, 0x28, 0x04, 0xd1, 
  0xa7, 0xe0, 0x75, 0x28, 0x6c, 0xd0, 0x78, 0x28, 0x6b, 0xd0, 0x14, 0x9a, 0x13, 0x99, 0x90, 0x47, 
  0x76, 0x1c, 0x62, 0xe0, 0x60, 0x02, 0x40, 0x0f, 0x02, 0x28, 0x07, 0xd0, 0x03, 0x28, 0x0a, 0xd0, 
  0x04, 0x28, 0x38, 0x68, 0x0a, 0xd0, 0x06, 0x60, 0x3f, 0x1d, 0x56, 0xe0, 0x38, 0x68, 0xf1, 0x17, 
  0x06, 0x60, 0x41, 0x60, 0xf8, 0xe7, 0x38, 0x68, 0x06, 0x80, 0xf5, 0xe7, 0x06, 0x70, 0xf3, 0xe7, 
  0x38, 0x78, 0x69, 0x46, 0x08, 0x74, 0x00, 0x20, 0x48, 0x74, 0x04, 0xa8, 0x03, 0x90, 0x01, 0x20, 
  0x03, 0xe0, 0x38, 0x68, 0x03, 0x90, 0x00, 0x20, 0xc0, 0x43, 0x3f, 0x1d, 0x61, 0x07, 0x0f, 0xd5, 
  0x00, 0x21, 0x01, 0xe0, 0x01, 0x99, 0x49, 0x1c, 0x02, 0x9a, 0x01, 0x91, 0x91, 0x42, 0x13, 0xda, 
  0x81, 0x42, 0xf7, 0xdb, 0x01, 0x9a, 0x03, 0x99, 0x89, 0x5c, 0x00, 0x29, 0xf2, 0xd1, 0x0b, 0xe0, 
  0x00, 0x21, 0x01, 0xe0, 0x01, 0x99, 0x49, 0x1c, 0x01, 0x91, 0x81, 0x42, 0xfa, 0xdb, 0x01, 0x9a, 
  0x03, 0x99, 0x89, 0x5c, 0x00, 0x29, 0xf5, 0xd1, 0x01, 0x99, 0x00, 0x98, 0x13, 0x9a, 0x40, 0x1a, 
  0x00, 0x90, 0x21, 0x46, 0x14, 0x9b, 0x00, 0xf0, 0x3b, 0xf9, 0x01, 0x99, 0x80, 0x19, 0x46, 0x18, 
  0x07, 0xe0, 0x03, 0x98, 0x03, 0x99, 0x00, 0x78, 0x49, 0x1c, 0x03, 0x91, 0x14, 0x9a, 0x13, 0x99, 
  0x90, 0x47, 0x01, 0x98, 0x40, 0x1e, 0x01, 0x90, 0x40, 0x1c, 0xf2, 0xd1, 0x21, 0x46, 0x14, 0x9b, 
  0x13, 0x9a, 0x00, 0x98, 0x00, 0xf0, 0x14, 0xf9, 0x86, 0x19, 0x6d, 0x1c, 0x09, 0xe7, 0x41, 0xe0, 
  0x33, 0xe0, 0x34, 0xe0, 0x0a, 0x20, 0x00, 0x21, 0x04, 0x90, 0x05, 0x91, 0x60, 0x02, 0x41, 0x0f, 
  0x02, 0x29, 0x05, 0xd0, 0x01, 0xcf, 0xc2, 0x17, 0x94, 0x46, 0x03, 0x29, 0x05, 0xd0, 0x07, 0xe0, 
  0xff, 0x1d, 0xff, 0x08, 0xff, 0x00, 0x03, 0xcf, 0x06, 0xe0, 0x00, 0xb2, 0xc2, 0x17, 0x94, 0x46, 
  0x04, 0x29, 0x02, 0xd1, 0x40, 0xb2, 0xc1, 0x17, 0x8c, 0x46, 0x00, 0x22, 0x61, 0x46, 0x94, 0x45, 
  0x06, 0xda, 0x0a, 0x46, 0x00, 0x21, 0x40, 0x42, 0x91, 0x41, 0x8c, 0x46, 0x2d, 0x21, 0x02, 0xe0, 
  0x21, 0x05, 0x04, 0xd5, 0x2b, 0x21, 0x6a, 0x46, 0x11, 0x76, 0x01, 0x21, 0x03, 0xe0, 0xe1, 0x07, 
  0x01, 0xd0, 0x20, 0x21, 0xf7, 0xe7, 0x01, 0x91, 0x54, 0xe0, 0x0a, 0x20, 0x0b, 0xe0, 0x10, 0x20, 
  0x09, 0xe0, 0x10, 0x20, 0x04, 0x90, 0x00, 0x21, 0x04, 0x20, 0x04, 0x43, 0x08, 0x20, 0x05, 0x91, 
  0x02, 0x90, 0x03, 0xe0, 0x08, 0x20, 0x00, 0x21, 0x05, 0x91, 0x04, 0x90, 0x60, 0x02, 0x41, 0x0f, 
  0x02, 0x29, 0x05, 0xd0, 0x01, 0xcf, 0x00, 0x22, 0x94, 0x46, 0x03, 0x29, 0x06, 0xd0, 0x06, 0xe0, 
  0xff, 0x1d, 0xff, 0x08, 0xff, 0x00, 0x03, 0xcf, 0x8c, 0x46, 0x03, 0xe0, 0x80, 0xb2, 0x04, 0x29, 
  0x00, 0xd1, 0xc0, 0xb2, 0x00, 0x21, 0x01, 0x91, 0x21, 0x07, 0x2b, 0xd5, 0x03, 0x99, 0x70, 0x29, 
  0x06, 0xd0, 0x04, 0x9a, 0x10, 0x21, 0x05, 0x9b, 0x4a, 0x40, 0x1a, 0x43, 0x05, 0xd0, 0x0e, 0xe0, 
  0x40, 0x21, 0x6a, 0x46, 0x11, 0x76, 0x01, 0x21, 0x08, 0xe0, 0x61, 0x46, 0x01, 0x43, 0x06, 0xd0, 
  0x30, 0x21, 0x6a, 0x46, 0x11, 0x76, 0x03, 0x99, 0x51, 0x76, 0x02, 0x21, 0x01, 0x91, 0x04, 0x9a, 
  0x08, 0x21, 0x05, 0x9b, 0x4a, 0x40, 0x1a, 0x43, 0x0c, 0xd1, 0x61, 0x46, 0x01, 0x43, 0x01, 0xd1, 
  0x61, 0x07, 0x07, 0xd5, 0x30, 0x21, 0x6a, 0x46, 0x11, 0x76, 0x01, 0x21, 0x01, 0x91, 0x02, 0x99, 
  0x49, 0x1e, 0x02, 0x91, 0x03, 0x99, 0x58, 0x29, 0x04, 0xd0, 0x37, 0xa1, 0x03, 0x91, 0x0f, 0xa9, 
  0x0f, 0x91, 0x0d, 0xe0, 0x39, 0xa1, 0xf9, 0xe7, 0x61, 0x46, 0x05, 0x9b, 0x04, 0x9a, 0xfb, 0xf7, 
  0xbb, 0xfa, 0x03, 0x9b, 0x8c, 0x46, 0x9b, 0x5c, 0x0f, 0x9a, 0x52, 0x1e, 0x0f, 0x92, 0x13, 0x70, 
  0x61, 0x46, 0x01, 0x43, 0xf0, 0xd1, 0x0f, 0x98, 0x07, 0xa9, 0x08, 0x1a, 0x20, 0x30, 0x03, 0x90, 
  0x60, 0x07, 0x04, 0xd5, 0x01, 0x20, 0x00, 0x04, 0x84, 0x43, 0x02, 0x98, 0x01, 0xe0, 0x01, 0x20, 
  0x02, 0x90, 0x03, 0x99, 0x88, 0x42, 0x01, 0xdd, 0x40, 0x1a, 0x00, 0xe0, 0x00, 0x20, 0x41, 0x18, 
  0x02, 0x90, 0x01, 0x98, 0x09, 0x18, 0x00, 0x98, 0x40, 0x1a, 0x00, 0x90, 0xe0, 0x03, 0x06, 0xd4, 
  0x21, 0x46, 0x14, 0x9b, 0x13, 0x9a, 0x00, 0x98, 0x00, 0xf0, 0x5a, 0xf8, 0x86, 0x19, 0x00, 0x20, 
  0x04, 0x90, 0x08, 0xe0, 0x06, 0xa9, 0x08, 0x5c, 0x14, 0x9a, 0x13, 0x99, 0x90, 0x47, 0x04, 0x98, 
  0x40, 0x1c, 0x76, 0x1c, 0x04, 0x90, 0x01, 0x99, 0x88, 0x42, 0xf3, 0xdb, 0xe0, 0x03, 0x0c, 0xd5, 
  0x21, 0x46, 0x14, 0x9b, 0x13, 0x9a, 0x00, 0x98, 0x00, 0xf0, 0x42, 0xf8, 0x86, 0x19, 0x04, 0xe0, 
  0x14, 0x9a, 0x30, 0x20, 0x13, 0x99, 0x90, 0x47, 0x76, 0x1c, 0x02, 0x99, 0x48, 0x1e, 0x02, 0x90, 
  0x00, 0x29, 0xf5, 0xdc, 0x08, 0xe0, 0x0f, 0x98, 0x0f, 0x99, 0x00, 0x78, 0x49, 0x1c, 0x0f, 0x91, 
  0x14, 0x9a, 0x13, 0x99, 0x90, 0x47, 0x76, 0x1c, 0x03, 0x99, 0x48, 0x1e, 0x03, 0x90, 0x00, 0x29, 
  0xf1, 0xdc, 0xfb, 0xe6, 0x09, 0x28, 0x01, 0x00, 0x30, 0x31, 0x32, 0x33, 0x34, 0x35, 0x36, 0x37, 
  0x38, 0x39, 0x61, 0x62, 0x63, 0x64, 0x65, 0x66, 0x00, 0x00, 0x00, 0x00, 0x30, 0x31, 0x32, 0x33, 
  0x34, 0x35, 0x36, 0x37, 0x38, 0x39, 0x41, 0x42, 0x43, 0x44, 0x45, 0x46, 0x00, 0x00, 0x00, 0x00, 
  0xf8, 0xb5, 0x04, 0x46, 0x00, 0x25, 0x1e, 0x46, 0x17, 0x46, 0x88, 0x04, 0x04, 0xd4, 0x05, 0xe0, 
  0x39, 0x46, 0x20, 0x20, 0xb0, 0x47, 0x6d, 0x1c, 0x64, 0x1e, 0xf9, 0xd5, 0x28, 0x46, 0xf8, 0xbd, 
  0xff, 0xb5, 0x04, 0x46, 0x00, 0x25, 0x81, 0xb0, 0x1e, 0x46, 0xc8, 0x03, 0x01, 0xd5, 0x30, 0x27, 
  0x00, 0xe0, 0x20, 0x27, 0x88, 0x04, 0x04, 0xd5, 0x05, 0xe0, 0x38, 0x46, 0x03, 0x99, 0xb0, 0x47, 
  0x6d, 0x1c, 0x64, 0x1e, 0xf9, 0xd5, 0x28, 0x46, 0x05, 0xb0, 0xf0, 0xbd, 0x10, 0xb5, 0x02, 0x49, 
  0xfc, 0xf7, 0x58, 0xff, 0x10, 0xbd, 0x00, 0x00, 0x78, 0x83, 0x00, 0x20, 0x10, 0xb5, 0x04, 0x46, 
  0x01, 0xe0, 0xfc, 0xf7, 0x4f, 0xff, 0x20, 0x78, 0x64, 0x1c, 0x03, 0x49, 0x00, 0x28, 0xf8, 0xd1, 
  0x0a, 0x20, 0xfc, 0xf7, 0x47, 0xff, 0x10, 0xbd, 0x78, 0x83, 0x00, 0x20, 0xc7, 0x7f, 0x00, 0x20, 
  0x01, 0x00, 0x00, 0x00, 0xa8, 0xae, 0x00, 0x20, 0x44, 0x00, 0x00, 0x00, 0x28, 0xb4, 0x00, 0x20, 
  0x00, 0x08, 0x00, 0x00, 0x20, 0x00, 0x00, 0x00, 0x00, 0x00, 0x00, 0x00, 0x00, 0x00, 0x00, 0x00, 
  0xb4, 0x7f, 0x00, 0x20, 0x00, 0x00, 0x00, 0x00, 0xf0, 0xae, 0x00, 0x20, 0x34, 0x00, 0x00, 0x00, 
  0x28, 0xaf, 0x00, 0x20, 0x00, 0x05, 0x00, 0x00, 0xa0, 0x00, 0xa0, 0x00, 0x00, 0x00, 0x00, 0x00, 
  0x00, 0x00, 0x00, 0x00, 0x00, 0x07, 0x00, 0x00, 0x0d, 0x40, 0x00, 0x20, 0x61, 0x41, 0x00, 0x20, 
  0x00, 0x00, 0x00, 0x00, 0x7d, 0x47, 0x00, 0x20, 0x8d, 0x47, 0x00, 0x20, 0x01, 0x48, 0x00, 0x20, 
  0x55, 0x40, 0x4d, 0x03, 0xbb, 0xcc, 0x00, 0x00, 0xb5, 0x46, 0x00, 0x20, 0xc1, 0x46, 0x00, 0x20, 
  0x79, 0x47, 0x00, 0x20, 0xfe, 0x00, 0x65, 0x78, 0x70, 0x65, 0x72, 0x69, 0x6d, 0x65, 0x6e, 0x74, 
  0x61, 0x6c, 0x00, 0x00, 0x46, 0x69, 0x72, 0x6d, 0x77, 0x61, 0x72, 0x65, 0x20, 0x52, 0x65, 0x76, 
  0x69, 0x73, 0x69, 0x6f, 0x6e, 0x00, 0x00, 0x00, 0x48, 0x61, 0x72, 0x64, 0x77, 0x61, 0x72, 0x65, 
  0x20, 0x52, 0x65, 0x76, 0x69, 0x73, 0x69, 0x6f, 0x6e, 0x00, 0x00, 0x00, 0x4d, 0x61, 0x6e, 0x75, 
  0x66, 0x61, 0x63, 0x74, 0x75, 0x72, 0x65, 0x72, 0x20, 0x4e, 0x61, 0x6d, 0x65, 0x00, 0x00, 0x00, 
  0x4d, 0x6f, 0x64, 0x65, 0x6c, 0x20, 0x4e, 0x75, 0x6d, 0x62, 0x65, 0x72, 0x00, 0x00, 0x00, 0x00, 
  0x53, 0x65, 0x72, 0x69, 0x61, 0x6c, 0x20, 0x4e, 0x75, 0x6d, 0x62, 0x65, 0x72, 0x00, 0x00, 0x00, 
  0x53, 0x6f, 0x66, 0x74, 0x77, 0x61, 0x72, 0x65, 0x20, 0x52, 0x65, 0x76, 0x69, 0x73, 0x69, 0x6f, 
  0x6e, 0x00, 0x5b, 0x48, 0x61, 0x72, 0x64, 0x46, 0x61, 0x75, 0x6c, 0x74, 0x5f, 0x48, 0x61, 0x6e, 
  0x64, 0x6c, 0x65, 0x72, 0x5d, 0x43, 0x75, 0x72, 0x72, 0x65, 0x6e, 0x74, 0x20, 0x6d, 0x73, 0x70, 
  0x3a, 0x20, 0x30, 0x78, 0x25, 0x30, 0x38, 0x58, 0x0a, 0x00, 0x4f, 0x63, 0x63, 0x75, 0x72, 0x65, 
  0x64, 0x20, 0x69, 0x6e, 0x20, 0x74, 0x61, 0x73, 0x6b, 0x2e, 0x00, 0x55, 0x73, 0x69, 0x6e, 0x67, 
  0x20, 0x75, 0x33, 0x32, 0x4d, 0x73, 0x70, 0x2e, 0x00, 0x4f, 0x63, 0x63, 0x75, 0x72, 0x65, 0x64, 
  0x20, 0x69, 0x6e, 0x20, 0x69, 0x6e, 0x74, 0x65, 0x72, 0x72, 0x75, 0x70, 0x74, 0x2e, 0x00, 0x44, 
  0x65, 0x76, 0x20, 0x69, 0x6e, 0x66, 0x6f, 0x20, 0x73, 0x65, 0x72, 0x76, 0x69, 0x63, 0x65, 0x20, 
  0x69, 0x6e, 0x69, 0x74, 0x20, 0x66, 0x61, 0x69, 0x6c, 0x75, 0x72, 0x65, 0x2e, 0x00, 0x6c, 0x6c, 
  0x63, 0x54, 0x61, 0x73, 0x6b, 0x4d, 0x73, 0x67, 0x51, 0x75, 0x65, 0x75, 0x65, 0x49, 0x64, 0x20, 
  0x4e, 0x55, 0x4c, 0x4c, 0x00, 0x6c, 0x6c, 0x63, 0x54, 0x61, 0x73, 0x6b, 0x49, 0x64, 0x20, 0x4e, 
  0x55, 0x4c, 0x4c, 0x00, 0x6c, 0x6c, 0x63, 0x5f, 0x74, 0x61, 0x73, 0x6b, 0x5f, 0x6d, 0x73, 0x67, 
  0x5f, 0x71, 0x75, 0x65, 0x75, 0x65, 0x00, 0x6c, 0x6c, 0x63, 0x5f, 0x74, 0x61, 0x73, 0x6b, 0x00, 
  0x62, 0x6c, 0x65, 0x53, 0x74, 0x61, 0x63, 0x6b, 0x5f, 0x6d, 0x73, 0x67, 0x5f, 0x71, 0x75, 0x65, 
  0x75, 0x65, 0x00, 0x62, 0x6c, 0x65, 0x53, 0x74, 0x61, 0x63, 0x6b, 0x54, 0x61, 0x73, 0x6b, 0x5f, 
  0x4d, 0x65, 0x6d, 0x50, 0x6f, 0x6f, 0x6c, 0x5f, 0x6c, 0x6f, 0x6e, 0x67, 0x00, 0x62, 0x6c, 0x65, 
  0x53, 0x74, 0x61, 0x63, 0x6b, 0x54, 0x61, 0x73, 0x6b, 0x00, 0x62, 0x6c, 0x65, 0x53, 0x74, 0x61, 
  0x63, 0x6b, 0x54, 0x61, 0x73, 0x6b, 0x5f, 0x4d, 0x65, 0x6d, 0x50, 0x6f, 0x6f, 0x6c, 0x5f, 0x73, 
  0x68, 0x6f, 0x72, 0x74, 0x00, 0x5b, 0x4d, 0x53, 0x47, 0x5f, 0x42, 0x4c, 0x45, 0x5f, 0x50, 0x48, 
  0x59, 0x5f, 0x55, 0x50, 0x44, 0x41, 0x54, 0x45, 0x5f, 0x43, 0x4f, 0x4d, 0x50, 0x4c, 0x45, 0x54, 
  0x45, 0x5f, 0x49, 0x4e, 0x44, 0x5d, 0x20, 0x48, 0x61, 0x6e, 0x64, 0x6c, 0x65, 0x20, 0x3d, 0x20, 
  0x30, 0x78, 0x25, 0x58, 0x2c, 0x20, 0x54, 0x58, 0x5f, 0x50, 0x48, 0x59, 0x20, 0x3d, 0x20, 0x30, 
  0x78, 0x25, 0x58, 0x2c, 0x20, 0x52, 0x58, 0x5f, 0x50, 0x48, 0x59, 0x20, 0x3d, 0x20, 0x30, 0x78, 
  0x25, 0x58, 0x0a, 0x00, 0x5b, 0x4d, 0x53, 0x47, 0x5f, 0x42, 0x4c, 0x45, 0x5f, 0x45, 0x4e, 0x43, 
  0x52, 0x59, 0x50, 0x54, 0x45, 0x44, 0x5f, 0x43, 0x48, 0x41, 0x4e, 0x47, 0x45, 0x44, 0x5f, 0x49, 
  0x4e, 0x44, 0x5d, 0x20, 0x48, 0x61, 0x6e, 0x64, 0x6c, 0x65, 0x20, 0x3d, 0x20, 0x30, 0x78, 0x25, 
  0x58, 0x2c, 0x20, 0x45, 0x6e, 0x63, 0x72, 0x79, 0x70, 0x74, 0x69, 0x6f, 0x6e, 0x5f, 0x45, 0x6e, 
  0x61, 0x62, 0x6c, 0x65, 0x64, 0x20, 0x3d, 0x20, 0x30, 0x78, 0x25, 0x58, 0x0a, 0x00, 0x5b, 0x4d, 
  0x53, 0x47, 0x5f, 0x42, 0x4c, 0x45, 0x5f, 0x45, 0x4e, 0x43, 0x52, 0x59, 0x50, 0x54, 0x45, 0x44, 
  0x5f, 0x52, 0x45, 0x46, 0x52, 0x45, 0x53, 0x48, 0x5f, 0x49, 0x4e, 0x44, 0x5d, 0x20, 0x48, 0x61, 
  0x6e, 0x64, 0x6c, 0x65, 0x20, 0x3d, 0x20, 0x30, 0x78, 0x25, 0x58, 0x0a, 0x00, 0x5b, 0x4d, 0x53, 
  0x47, 0x5f, 0x42, 0x4c, 0x45, 0x5f, 0x4c, 0x4c, 0x5f, 0x56, 0x45, 0x52, 0x53, 0x49, 0x4f, 0x4e, 
  0x5f, 0x49, 0x4e, 0x44, 0x5d, 0x20, 0x4d, 0x61, 0x6e, 0x75, 0x66, 0x61, 0x63, 0x74, 0x75, 0x72, 
  0x65, 0x72, 0x5f, 0x4e, 0x61, 0x6d, 0x65, 0x20, 0x3d, 0x20, 0x30, 0x78, 0x25, 0x58, 0x2c, 0x20, 
  0x48, 0x61, 0x6e, 0x64, 0x6c, 0x65, 0x20, 0x3d, 0x20, 0x30, 0x78, 0x25, 0x58, 0x2c, 0x20, 0x56, 
  0x65, 0x72, 0x73, 0x69, 0x6f, 0x6e, 0x20, 0x3d, 0x20, 0x30, 0x78, 0x25, 0x58, 0x0a, 0x00, 0x5b, 
  0x4d, 0x53, 0x47, 0x5f, 0x42, 0x4c, 0x45, 0x5f, 0x44, 0x49, 0x53, 0x43, 0x4f, 0x4e, 0x4e, 0x45, 
  0x43, 0x54, 0x45, 0x44, 0x5f, 0x49, 0x4e, 0x44, 0x5d, 0x20, 0x48, 0x61, 0x6e, 0x64, 0x6c, 0x65, 
  0x20, 0x3d, 0x20, 0x30, 0x78, 0x25, 0x58, 0x2c, 0x20, 0x72, 0x65, 0x61, 0x73, 0x6f, 0x6e, 0x20, 
  0x3d, 0x20, 0x30, 0x78, 0x25, 0x58, 0x0a, 0x00, 0x5b, 0x4d, 0x53, 0x47, 0x5f, 0x42, 0x4c, 0x45, 
  0x5f, 0x43, 0x4f, 0x4e, 0x4e, 0x45, 0x43, 0x54, 0x49, 0x4f, 0x4e, 0x5f, 0x55, 0x50, 0x44, 0x41, 
  0x54, 0x45, 0x5f, 0x43, 0x4f, 0x4d, 0x50, 0x4c, 0x45, 0x54, 0x45, 0x5f, 0x49, 0x4e, 0x44, 0x5d, 
  0x20, 0x43, 0x6f, 0x6e, 0x6e, 0x5f, 0x49, 0x6e, 0x74, 0x65, 0x72, 0x76, 0x61, 0x6c, 0x20, 0x3d, 
  0x20, 0x30, 0x78, 0x25, 0x58, 0x2c, 0x20, 0x43, 0x6f, 0x6e, 0x6e, 0x5f, 0x4c, 0x61, 0x74, 0x65, 
  0x6e, 0x63, 0x79, 0x20, 0x3d, 0x20, 0x30, 0x78, 0x25, 0x58, 0x2c, 0x20, 0x53, 0x75, 0x70, 0x65, 
  0x72, 0x76, 0x69, 0x73, 0x69, 0x6f, 0x6e, 0x5f, 0x54, 0x69, 0x6d, 0x65, 0x6f, 0x75, 0x20, 0x3d, 
  0x20, 0x30, 0x78, 0x25, 0x58, 0x0a, 0x00, 0x5b, 0x4d, 0x53, 0x47, 0x5f, 0x42, 0x4c, 0x45, 0x5f, 
  0x43, 0x4f, 0x4e, 0x4e, 0x45, 0x43, 0x54, 0x45, 0x44, 0x5f, 0x49, 0x4e, 0x44, 0x5d, 0x48, 0x61, 
  0x6e, 0x64, 0x6c, 0x65, 0x20, 0x3d, 0x20, 0x30, 0x78, 0x25, 0x30, 0x34, 0x58, 0x0a, 0x00, 0x61, 
  0x70, 0x70, 0x5f, 0x6d, 0x61, 0x69, 0x6e, 0x00, 0x5b, 0x25, 0x73, 0x5d, 0x5b, 0x25, 0x64, 0x5d, 
  0x20, 0x3a, 0x20, 0x48, 0x54, 0x53, 0x20, 0x4d, 0x65, 0x73, 0x73, 0x61, 0x67, 0x65, 0x20, 0x51, 
  0x75, 0x65, 0x75, 0x65, 0x20, 0x47, 0x65, 0x74, 0x20, 0x46, 0x61, 0x69, 0x6c, 0x65, 0x64, 0x20, 
  0x0a, 0x00, 0x5b, 0x25, 0x73, 0x5d, 0x5b, 0x25, 0x64, 0x5d, 0x20, 0x3a, 0x20, 0x53, 0x65, 0x6e, 
  0x64, 0x20, 0x4d, 0x65, 0x73, 0x73, 0x61, 0x67, 0x65, 0x20, 0x46, 0x61, 0x69, 0x6c, 0x65, 0x64, 
  0x3a, 0x20, 0x25, 0x64, 0x0a, 0x00, 0x5b, 0x25, 0x73, 0x5d, 0x5b, 0x25, 0x64, 0x5d, 0x20, 0x3a, 
  0x20, 0x52, 0x65, 0x61, 0x64, 0x20, 0x44, 0x65, 0x76, 0x69, 0x63, 0x65, 0x20, 0x49, 0x44, 0x20, 
  0x46, 0x61, 0x69, 0x6c, 0x65, 0x64, 0x0a, 0x00, 0x5b, 0x25, 0x73, 0x5d, 0x5b, 0x25, 0x64, 0x5d, 
  0x20, 0x3a, 0x20, 0x52, 0x65, 0x61, 0x64, 0x20, 0x43, 0x75, 0x73, 0x74, 0x6f, 0x6d, 0x20, 0x42, 
  0x6c, 0x65, 0x20, 0x44, 0x65, 0x76, 0x20, 0x41, 0x64, 0x64, 0x72, 0x20, 0x46, 0x61, 0x69, 0x6c, 
  0x65, 0x64, 0x0a, 0x00, 0x5b, 0x25, 0x73, 0x5d, 0x5b, 0x25, 0x64, 0x5d, 0x20, 0x3a, 0x20, 0x52, 
  0x65, 0x61, 0x64, 0x20, 0x44, 0x65, 0x66, 0x61, 0x75, 0x6c, 0x74, 0x20, 0x42, 0x6c, 0x65, 0x20, 
  0x44, 0x65, 0x76, 0x20, 0x41, 0x64, 0x64, 0x72, 0x20, 0x46, 0x61, 0x69, 0x6c, 0x65, 0x64, 0x0a, 
  0x00, 0x5b, 0x25, 0x73, 0x5d, 0x5b, 0x25, 0x64, 0x5d, 0x20, 0x3a, 0x20, 0x44, 0x65, 0x66, 0x61, 
  0x75, 0x6c, 0x65, 0x20, 0x42, 0x6c, 0x65, 0x20, 0x41, 0x64, 0x64, 0x72, 0x20, 0x3a, 0x20, 0x00, 
  0x5b, 0x25, 0x73, 0x5d, 0x5b, 0x25, 0x64, 0x5d, 0x20, 0x3a, 0x20, 0x63, 0x75, 0x73, 0x74, 0x6f, 
  0x6d, 0x20, 0x42, 0x6c, 0x65, 0x20, 0x41, 0x64, 0x64, 0x72, 0x20, 0x3a, 0x20, 0x00, 0x30, 0x78, 
  0x25, 0x30, 0x32, 0x58, 0x20, 0x00, 0x41, 0x70, 0x70, 0x20, 0x48, 0x54, 0x53, 0x20, 0x4d, 0x73, 
  0x67, 0x20, 0x51, 0x75, 0x65, 0x75, 0x65, 0x00, 0x73, 0x65, 0x6e, 0x64, 0x5f, 0x6d, 0x73, 0x67, 
  0x5f, 0x61, 0x70, 0x70, 0x5f, 0x74, 0x61, 0x73, 0x6b, 0x00, 0x72, 0x65, 0x61, 0x64, 0x5f, 0x64, 
  0x65, 0x76, 0x5f, 0x69, 0x6e, 0x66, 0x6f, 0x00, 0x61, 0x70, 0x70, 0x5f, 0x68, 0x74, 0x73, 0x00, 
  0x48, 0x54, 0x33, 0x32, 0x46, 0x36, 0x37, 0x35, 0x78, 0x35, 0x5f, 0x48, 0x54, 0x53, 0x5f, 0x41, 
  0x50, 0x50, 0x00, 0x00, 0x00, 0x00, 0x00, 0x00, 0x00, 0x00, 0x00, 0x00, 0x51, 0x3c, 0x00, 0x20, 
  0xed, 0x3c, 0x00, 0x20, 0x39, 0x3d, 0x00, 0x20, 0x11, 0x4e, 0x00, 0x20, 0xf5, 0x4e, 0x00, 0x20, 
  0x29, 0x4f, 0x00, 0x20, 0x02, 0x01, 0x00, 0x00, 0x00, 0x00, 0x10, 0x01, 0x00, 0x00, 0x00, 0x00, 

};
