const unsigned char g_u8CpAppCode[18968] __attribute__((section(".cp.app.code")));
const unsigned char g_u8CpAppCode[18968] = 
{
  0x00, 0x10, 0x01, 0x20, 0x29, 0x31, 0x00, 0x20, 0x31, 0x31, 0x00, 0x20, 0x41, 0x31, 0x00, 0x20, 
  0x00, 0x00, 0x00, 0x00, 0x00, 0x00, 0x00, 0x00, 0x00, 0x00, 0x00, 0x00, 0x00, 0x00, 0x00, 0x00, 
  0x00, 0x00, 0x00, 0x00, 0x00, 0x00, 0x00, 0x00, 0x00, 0x00, 0x00, 0x00, 0x19, 0x05, 0x01, 0x00, 
  0x00, 0x00, 0x00, 0x00, 0x00, 0x00, 0x00, 0x00, 0x9d, 0x05, 0x01, 0x00, 0xa9, 0x05, 0x01, 0x00, 
  0x51, 0x31, 0x00, 0x20, 0x53, 0x31, 0x00, 0x20, 0xc9, 0x33, 0x00, 0x20, 0x57, 0x31, 0x00, 0x20, 
  0x59, 0x31, 0x00, 0x20, 0x5b, 0x31, 0x00, 0x20, 0x5d, 0x31, 0x00, 0x20, 0x5f, 0x31, 0x00, 0x20, 
  0x61, 0x31, 0x00, 0x20, 0x63, 0x31, 0x00, 0x20, 0x65, 0x31, 0x00, 0x20, 0x67, 0x31, 0x00, 0x20, 
  0x69, 0x31, 0x00, 0x20, 0x6b, 0x31, 0x00, 0x20, 0x6d, 0x31, 0x00, 0x20, 0x6f, 0x31, 0x00, 0x20, 
  0x71, 0x31, 0x00, 0x20, 0x73, 0x31, 0x00, 0x20, 0x75, 0x31, 0x00, 0x20, 0x77, 0x31, 0x00, 0x20, 
  0x79, 0x31, 0x00, 0x20, 0x7b, 0x31, 0x00, 0x20, 0x7d, 0x31, 0x00, 0x20, 0x0d, 0x34, 0x00, 0x20, 
  0x81, 0x31, 0x00, 0x20, 0x83, 0x31, 0x00, 0x20, 0x85, 0x31, 0x00, 0x20, 0x87, 0x31, 0x00, 0x20, 
  0x89, 0x31, 0x00, 0x20, 0x8b, 0x31, 0x00, 0x20, 0x8d, 0x31, 0x00, 0x20, 0x2d, 0x34, 0x00, 0x20, 
  0x03, 0x48, 0x85, 0x46, 0x00, 0xf0, 0x06, 0xf8, 0x00, 0x48, 0x00, 0x47, 0x15, 0x49, 0x00, 0x20, 
  0x00, 0x10, 0x01, 0x20, 0x06, 0x4c, 0x01, 0x25, 0x06, 0x4e, 0x05, 0xe0, 0xe3, 0x68, 0x07, 0xcc, 
  0x2b, 0x43, 0x0c, 0x3c, 0x98, 0x47, 0x10, 0x34, 0xb4, 0x42, 0xf7, 0xd3, 0xff, 0xf7, 0xec, 0xff, 
  0x18, 0x31, 0x00, 0x20, 0x28, 0x31, 0x00, 0x20, 0x02, 0xe0, 0x08, 0xc8, 0x12, 0x1f, 0x08, 0xc1, 
  0x00, 0x2a, 0xfa, 0xd1, 0x70, 0x47, 0x70, 0x47, 0x00, 0x20, 0x01, 0xe0, 0x01, 0xc1, 0x12, 0x1f, 
  0x00, 0x2a, 0xfb, 0xd1, 0x70, 0x47, 0x00, 0x00, 0x18, 0x7a, 0x00, 0x20, 0x18, 0x7a, 0x00, 0x20, 
  0x4c, 0x64, 0x00, 0x00, 0x08, 0x31, 0x00, 0x20, 0x19, 0x48, 0x80, 0x47, 0x19, 0x48, 0x00, 0x47, 
  0x70, 0x46, 0xef, 0xf3, 0x08, 0x81, 0xef, 0xf3, 0x09, 0x82, 0x17, 0x4b, 0x98, 0x47, 0xfe, 0xe7, 
  0x70, 0x46, 0xef, 0xf3, 0x08, 0x81, 0xef, 0xf3, 0x09, 0x82, 0x14, 0x4b, 0x98, 0x47, 0xfe, 0xe7, 
  0xfe, 0xe7, 0xfe, 0xe7, 0xfe, 0xe7, 0xfe, 0xe7, 0xfe, 0xe7, 0xfe, 0xe7, 0xfe, 0xe7, 0xfe, 0xe7, 
  0xfe, 0xe7, 0xfe, 0xe7, 0xfe, 0xe7, 0xfe, 0xe7, 0xfe, 0xe7, 0xfe, 0xe7, 0xfe, 0xe7, 0xfe, 0xe7, 
  0xfe, 0xe7, 0xfe, 0xe7, 0xfe, 0xe7, 0xfe, 0xe7, 0xfe, 0xe7, 0xfe, 0xe7, 0xfe, 0xe7, 0xfe, 0xe7, 
  0xfe, 0xe7, 0xfe, 0xe7, 0xfe, 0xe7, 0xfe, 0xe7, 0xfe, 0xe7, 0xfe, 0xe7, 0xfe, 0xe7, 0xfe, 0xe7, 
  0x2d, 0x35, 0x00, 0x20, 0xc1, 0x30, 0x00, 0x20, 0xd1, 0x33, 0x00, 0x20, 0x95, 0x32, 0x00, 0x20, 
  0x30, 0xb5, 0x0b, 0x46, 0x01, 0x46, 0x00, 0x20, 0x20, 0x22, 0x01, 0x24, 0x09, 0xe0, 0x0d, 0x46, 
  0xd5, 0x40, 0x9d, 0x42, 0x05, 0xd3, 0x1d, 0x46, 0x95, 0x40, 0x49, 0x1b, 0x25, 0x46, 0x95, 0x40, 
  0x40, 0x19, 0x15, 0x46, 0x52, 0x1e, 0x00, 0x2d, 0xf1, 0xdc, 0x30, 0xbd, 0xf0, 0xb5, 0x1f, 0xb4, 
  0x06, 0x46, 0x00, 0x20, 0x82, 0xb0, 0x05, 0x46, 0x40, 0x24, 0x01, 0x91, 0x00, 0x90, 0x1b, 0xe0, 
  0x01, 0x99, 0x22, 0x46, 0x0f, 0x46, 0x30, 0x46, 0x00, 0xf0, 0x42, 0xf8, 0x04, 0x9a, 0x05, 0x9b, 
  0x80, 0x1a, 0x99, 0x41, 0x10, 0xd3, 0x10, 0x46, 0x19, 0x46, 0x22, 0x46, 0x00, 0xf0, 0x28, 0xf8, 
  0x36, 0x1a, 0x8f, 0x41, 0x01, 0x97, 0x22, 0x46, 0x01, 0x20, 0x00, 0x21, 0x00, 0x9f, 0x00, 0xf0, 
  0x1f, 0xf8, 0x38, 0x18, 0x4d, 0x41, 0x00, 0x90, 0x20, 0x46, 0x64, 0x1e, 0x00, 0x28, 0xdf, 0xdc, 
  0x01, 0x9b, 0x00, 0x98, 0x29, 0x46, 0x32, 0x46, 0x07, 0xb0, 0xf0, 0xbd, 0x03, 0x46, 0x0b, 0x43, 
  0x9b, 0x07, 0x03, 0xd0, 0x09, 0xe0, 0x08, 0xc9, 0x12, 0x1f, 0x08, 0xc0, 0x04, 0x2a, 0xfa, 0xd2, 
  0x03, 0xe0, 0x0b, 0x78, 0x03, 0x70, 0x40, 0x1c, 0x49, 0x1c, 0x52, 0x1e, 0xf9, 0xd2, 0x70, 0x47, 
  0x10, 0xb5, 0x20, 0x2a, 0x04, 0xdb, 0x01, 0x46, 0x20, 0x3a, 0x91, 0x40, 0x00, 0x20, 0x10, 0xbd, 
  0x91, 0x40, 0x20, 0x23, 0x9c, 0x1a, 0x03, 0x46, 0xe3, 0x40, 0x19, 0x43, 0x90, 0x40, 0x10, 0xbd, 
  0x10, 0xb5, 0x20, 0x2a, 0x04, 0xdb, 0x08, 0x46, 0x20, 0x3a, 0xd0, 0x40, 0x00, 0x21, 0x10, 0xbd, 
  0x0b, 0x46, 0xd3, 0x40, 0xd0, 0x40, 0x20, 0x24, 0xa2, 0x1a, 0x91, 0x40, 0x08, 0x43, 0x19, 0x46, 
  0x10, 0xbd, 0x00, 0x00, 0x15, 0x46, 0x0c, 0x46, 0x06, 0x46, 0x00, 0xf0, 0x1f, 0xfa, 0xef, 0xf3, 
  0x08, 0x81, 0x1d, 0x48, 0x03, 0xf0, 0x54, 0xff, 0x30, 0x07, 0x01, 0xd5, 0x1c, 0x48, 0x00, 0xe0, 
  0x1a, 0x48, 0x04, 0xf0, 0x9f, 0xf9, 0x04, 0x20, 0x06, 0x40, 0x01, 0xd0, 0x1a, 0xa0, 0x00, 0xe0, 
  0x18, 0x48, 0x04, 0xf0, 0x97, 0xf9, 0x1c, 0xa0, 0x04, 0xf0, 0x94, 0xf9, 0x00, 0x2e, 0x00, 0xd0, 
  0x2c, 0x46, 0x21, 0x68, 0x1c, 0xa0, 0x03, 0xf0, 0x3b, 0xff, 0x61, 0x68, 0x1e, 0xa0, 0x03, 0xf0, 
  0x37, 0xff, 0xa1, 0x68, 0x20, 0xa0, 0x03, 0xf0, 0x33, 0xff, 0xe1, 0x68, 0x22, 0xa0, 0x03, 0xf0, 
  0x2f, 0xff, 0x21, 0x69, 0x24, 0xa0, 0x03, 0xf0, 0x2b, 0xff, 0x61, 0x69, 0x26, 0xa0, 0x03, 0xf0, 
  0x27, 0xff, 0xa1, 0x69, 0x28, 0xa0, 0x03, 0xf0, 0x23, 0xff, 0xe1, 0x69, 0x2a, 0xa0, 0x03, 0xf0, 
  0x1f, 0xff, 0x00, 0xf0, 0xb7, 0xf9, 0xfe, 0xe7, 0x10, 0x77, 0x00, 0x20, 0x57, 0x77, 0x00, 0x20, 
  0x38, 0x77, 0x00, 0x20, 0x49, 0x77, 0x00, 0x20, 0x55, 0x73, 0x69, 0x6e, 0x67, 0x20, 0x75, 0x33, 
  0x32, 0x50, 0x73, 0x70, 0x2e, 0x00, 0x00, 0x00, 0x53, 0x74, 0x61, 0x63, 0x6b, 0x20, 0x66, 0x72, 
  0x61, 0x6d, 0x65, 0x3a, 0x00, 0x00, 0x00, 0x00, 0x52, 0x30, 0x20, 0x20, 0x3a, 0x20, 0x30, 0x78, 
  0x25, 0x30, 0x38, 0x58, 0x0a, 0x00, 0x00, 0x00, 0x52, 0x31, 0x20, 0x20, 0x3a, 0x20, 0x30, 0x78, 
  0x25, 0x30, 0x38, 0x58, 0x0a, 0x00, 0x00, 0x00, 0x52, 0x32, 0x20, 0x20, 0x3a, 0x20, 0x30, 0x78, 
  0x25, 0x30, 0x38, 0x58, 0x0a, 0x00, 0x00, 0x00, 0x52, 0x33, 0x20, 0x20, 0x3a, 0x20, 0x30, 0x78, 
  0x25, 0x30, 0x38, 0x58, 0x0a, 0x00, 0x00, 0x00, 0x52, 0x31, 0x32, 0x20, 0x3a, 0x20, 0x30, 0x78, 
  0x25, 0x30, 0x38, 0x58, 0x0a, 0x00, 0x00, 0x00, 0x4c, 0x52, 0x20, 0x20, 0x3a, 0x20, 0x30, 0x78, 
  0x25, 0x30, 0x38, 0x58, 0x0a, 0x00, 0x00, 0x00, 0x50, 0x43, 0x20, 0x20, 0x3a, 0x20, 0x30, 0x78, 
  0x25, 0x30, 0x38, 0x58, 0x0a, 0x00, 0x00, 0x00, 0x78, 0x50, 0x53, 0x52, 0x3a, 0x20, 0x30, 0x78, 
  0x25, 0x30, 0x38, 0x58, 0x0a, 0x00, 0x00, 0x00, 0x80, 0xb5, 0x03, 0xf0, 0x23, 0xfa, 0x80, 0xbd, 
  0x14, 0x46, 0x0d, 0x46, 0x06, 0x46, 0x00, 0xf0, 0x81, 0xf9, 0x04, 0xa0, 0x31, 0x46, 0x2a, 0x46, 
  0x23, 0x46, 0x03, 0xf0, 0xb5, 0xfe, 0x00, 0xf0, 0x4d, 0xf9, 0xfe, 0xe7, 0x4e, 0x4d, 0x49, 0x5f, 
  0x48, 0x61, 0x6e, 0x64, 0x6c, 0x65, 0x72, 0x3a, 0x20, 0x25, 0x30, 0x38, 0x58, 0x2c, 0x20, 0x25, 
  0x30, 0x38, 0x58, 0x2c, 0x20, 0x25, 0x30, 0x38, 0x58, 0x0a, 0x00, 0x00, 0x10, 0xb5, 0x82, 0xb0, 
  0x01, 0xac, 0x20, 0x46, 0x03, 0xf0, 0x04, 0xfa, 0x01, 0x98, 0x03, 0xf0, 0x07, 0xfa, 0x60, 0x78, 
  0x00, 0x06, 0x01, 0xd5, 0x01, 0xf0, 0x0e, 0xf8, 0x02, 0xb0, 0x10, 0xbd, 0xf0, 0xb5, 0x83, 0xb0, 
  0x00, 0x25, 0x01, 0x95, 0x3c, 0x4c, 0x02, 0xae, 0x20, 0x46, 0x31, 0x46, 0x03, 0xf0, 0xfc, 0xf9, 
  0x30, 0x88, 0x08, 0x21, 0x01, 0x40, 0x07, 0xd0, 0x20, 0x46, 0x03, 0xf0, 0xfb, 0xf9, 0x64, 0x20, 
  0x03, 0xf0, 0xfe, 0xf9, 0x03, 0xf0, 0xda, 0xf9, 0x03, 0x21, 0x01, 0xaa, 0x20, 0x46, 0x03, 0xf0, 
  0xfd, 0xf9, 0xdd, 0x4f, 0x3c, 0x68, 0x04, 0xe0, 0x30, 0x46, 0x03, 0xf0, 0x6b, 0xf9, 0x03, 0xf0, 
  0xcd, 0xf9, 0x00, 0x2c, 0x22, 0xd0, 0x26, 0x46, 0xa4, 0x6a, 0x30, 0x7d, 0x00, 0x28, 0xf3, 0xd1, 
  0x70, 0x7d, 0x00, 0x28, 0xf0, 0xd1, 0xb0, 0x7d, 0x02, 0x28, 0xf2, 0xd1, 0x69, 0x46, 0x26, 0x48, 
  0x03, 0xf0, 0xea, 0xf9, 0xb1, 0x68, 0xf2, 0x68, 0x00, 0x98, 0x91, 0x42, 0x04, 0xd2, 0x88, 0x42, 
  0xe7, 0xd3, 0x90, 0x42, 0x04, 0xd3, 0xe4, 0xe7, 0x90, 0x42, 0x01, 0xd3, 0x88, 0x42, 0xe0, 0xd3, 
  0xf1, 0x69, 0x00, 0x29, 0xd8, 0xd0, 0x30, 0x6a, 0x88, 0x47, 0xd5, 0xe7, 0x39, 0x68, 0x00, 0x29, 
  0x22, 0xd0, 0x00, 0x26, 0x01, 0x9a, 0x35, 0x46, 0xe1, 0x48, 0x03, 0xe0, 0x25, 0x46, 0x89, 0x6a, 
  0x00, 0x29, 0x1b, 0xd0, 0x8b, 0x7d, 0x02, 0x2b, 0xf9, 0xd1, 0x8b, 0x68, 0xf4, 0x07, 0x08, 0xd0, 
  0xcc, 0x68, 0x95, 0x42, 0x08, 0xd2, 0xa3, 0x42, 0x04, 0xd2, 0xab, 0x42, 0x02, 0xd3, 0x2b, 0x46, 
  0x00, 0xe0, 0x01, 0x26, 0x1d, 0x46, 0xea, 0xe7, 0xa3, 0x42, 0x2c, 0x46, 0x00, 0xd3, 0x1c, 0x46, 
  0xab, 0x42, 0xe3, 0xd3, 0x2c, 0x46, 0xe1, 0xe7, 0x2e, 0x46, 0xe0, 0x48, 0x01, 0x99, 0x8d, 0x42, 
  0x07, 0xd0, 0xf1, 0x07, 0x05, 0xd0, 0x03, 0x21, 0x2a, 0x46, 0x03, 0xf0, 0xab, 0xf9, 0x03, 0xf0, 
  0x75, 0xf9, 0x03, 0xb0, 0xf0, 0xbd, 0xc0, 0x46, 0x00, 0x30, 0x05, 0x60, 0x01, 0x48, 0x02, 0x49, 
  0x01, 0x60, 0x70, 0x47, 0x08, 0xed, 0x00, 0xe0, 0x00, 0x30, 0x00, 0x20, 0x01, 0x20, 0xc0, 0x07, 
  0x06, 0x49, 0x08, 0x60, 0x70, 0x47, 0xc0, 0x46, 0x04, 0x48, 0x04, 0x21, 0x01, 0x60, 0x70, 0x47, 
  0x01, 0x20, 0xc0, 0x05, 0x01, 0x49, 0x08, 0x60, 0x70, 0x47, 0xc0, 0x46, 0x80, 0xe2, 0x00, 0xe0, 
  0x01, 0x20, 0xc0, 0x07, 0x06, 0x49, 0x08, 0x60, 0x70, 0x47, 0xc0, 0x46, 0x04, 0x48, 0x04, 0x21, 
  0x01, 0x60, 0x70, 0x47, 0x01, 0x20, 0xc0, 0x05, 0x01, 0x49, 0x08, 0x60, 0x70, 0x47, 0xc0, 0x46, 
  0x00, 0xe1, 0x00, 0xe0, 0x01, 0x20, 0xc0, 0x07, 0x01, 0x49, 0x08, 0x60, 0x70, 0x47, 0xc0, 0x46, 
  0x00, 0xe2, 0x00, 0xe0, 0xff, 0x20, 0x00, 0x06, 0x03, 0x49, 0x0a, 0x68, 0x82, 0x43, 0x03, 0x20, 
  0x80, 0x07, 0x10, 0x18, 0x08, 0x60, 0x70, 0x47, 0x1c, 0xe4, 0x00, 0xe0, 0xff, 0x20, 0x00, 0x04, 
  0x02, 0x49, 0x0a, 0x68, 0x82, 0x43, 0x0a, 0x60, 0x70, 0x47, 0xc0, 0x46, 0x00, 0xe4, 0x00, 0xe0, 
  0xff, 0x20, 0x00, 0x06, 0x02, 0x49, 0x0a, 0x68, 0x82, 0x43, 0x0a, 0x60, 0x70, 0x47, 0xc0, 0x46, 
  0x14, 0xe4, 0x00, 0xe0, 0x70, 0xb5, 0x5d, 0x4d, 0x29, 0x68, 0x5b, 0x4e, 0x30, 0x68, 0x00, 0x24, 
  0x22, 0x46, 0x03, 0xf0, 0x4d, 0xf9, 0x30, 0x68, 0x29, 0x68, 0x22, 0x46, 0x03, 0xf0, 0x4e, 0xf9, 
  0x53, 0x48, 0x01, 0x68, 0x53, 0x48, 0x81, 0x42, 0x01, 0xd0, 0x2d, 0x20, 0x00, 0xe0, 0x2c, 0x20, 
  0x03, 0x22, 0x52, 0x07, 0x91, 0x42, 0x00, 0xd1, 0x2b, 0x20, 0x03, 0xf0, 0x45, 0xf9, 0x70, 0xbd, 
  0x70, 0xb5, 0x03, 0x24, 0x65, 0x07, 0x10, 0x24, 0xaa, 0x42, 0x05, 0xd0, 0x10, 0x4d, 0xaa, 0x42, 
  0x02, 0xd0, 0x48, 0x4d, 0xaa, 0x42, 0x19, 0xd1, 0x80, 0x25, 0x05, 0x43, 0x0d, 0x4e, 0xb5, 0x42, 
  0x14, 0xd1, 0x04, 0x9c, 0x26, 0x4d, 0x2c, 0x60, 0x00, 0x2c, 0x04, 0xd0, 0x26, 0x4c, 0x00, 0x25, 
  0x25, 0x80, 0x24, 0x4c, 0x25, 0x80, 0x40, 0x4c, 0x20, 0x60, 0x3d, 0x48, 0x02, 0x60, 0x3f, 0x48, 
  0x01, 0x60, 0x40, 0x48, 0x03, 0x60, 0x00, 0xf0, 0x41, 0xf8, 0x04, 0x46, 0x20, 0x46, 0x70, 0xbd, 
  0x00, 0x08, 0x00, 0x60, 0x80, 0xb0, 0x04, 0x60, 0x1b, 0x48, 0x00, 0x88, 0x19, 0x49, 0x09, 0x88, 
  0x08, 0x1a, 0x41, 0x42, 0x41, 0x41, 0x16, 0x48, 0x02, 0x68, 0x50, 0x42, 0x50, 0x41, 0x08, 0x43, 
  0x70, 0x47, 0xc0, 0x46, 0xf0, 0xb5, 0x81, 0xb0, 0x11, 0x4c, 0x20, 0x68, 0x00, 0x28, 0x05, 0xd0, 
  0x10, 0x4d, 0x28, 0x88, 0x10, 0x4e, 0x31, 0x88, 0x88, 0x42, 0x01, 0xd1, 0x01, 0xb0, 0xf0, 0xbd, 
  0x27, 0x4f, 0x04, 0xe0, 0x28, 0x80, 0x81, 0xb2, 0x32, 0x88, 0x91, 0x42, 0xf6, 0xd0, 0x80, 0xb2, 
  0x21, 0x68, 0x09, 0x68, 0x09, 0x5c, 0x38, 0x68, 0x03, 0xf0, 0xf4, 0xf8, 0x20, 0x68, 0x81, 0x88, 
  0x28, 0x88, 0x40, 0x1c, 0x82, 0xb2, 0x8a, 0x42, 0xec, 0xd3, 0x00, 0x20, 0xea, 0xe7, 0xc0, 0x46, 
  0x9c, 0xb5, 0x00, 0x20, 0x9e, 0xb6, 0x00, 0x20, 0x9c, 0xb6, 0x00, 0x20, 0xf0, 0xb5, 0x83, 0xb0, 
  0x17, 0x4d, 0x28, 0x68, 0x03, 0x21, 0x49, 0x07, 0x88, 0x42, 0x05, 0xd0, 0x15, 0x49, 0x88, 0x42, 
  0x05, 0xd1, 0x08, 0x24, 0x2c, 0x20, 0x04, 0xe0, 0x04, 0x24, 0x2b, 0x20, 0x01, 0xe0, 0x0c, 0x24, 
  0x2d, 0x20, 0x03, 0xf0, 0xd5, 0xf8, 0x10, 0x4e, 0x30, 0x68, 0x10, 0x4f, 0x39, 0x68, 0x22, 0x46, 
  0x03, 0xf0, 0xd4, 0xf8, 0x00, 0x28, 0x01, 0xd0, 0x03, 0xb0, 0xf0, 0xbd, 0x39, 0x68, 0x30, 0x68, 
  0x02, 0x22, 0x03, 0xf0, 0xb3, 0xf8, 0x00, 0x28, 0xf6, 0xd1, 0x09, 0x48, 0x02, 0x90, 0x09, 0x48, 
  0x00, 0x68, 0x01, 0x90, 0x28, 0x68, 0x01, 0xa9, 0x03, 0xf0, 0xc6, 0xf8, 0x03, 0xb0, 0xf0, 0xbd, 
  0xa4, 0xb5, 0x00, 0x20, 0x00, 0x04, 0x00, 0x60, 0xa0, 0xb5, 0x00, 0x20, 0xa0, 0xb6, 0x00, 0x20, 
  0x21, 0x30, 0x01, 0x01, 0xa4, 0xb6, 0x00, 0x20, 0x80, 0xb5, 0x02, 0xf0, 0x6d, 0xff, 0x02, 0xf0, 
  0x1f, 0xfd, 0x00, 0xf0, 0x27, 0xfe, 0x00, 0xf0, 0xd3, 0xfd, 0x00, 0xf0, 0x57, 0xf9, 0x00, 0xf0, 
  0xbf, 0xf9, 0x01, 0xf0, 0x67, 0xf8, 0x02, 0xf0, 0xc3, 0xff, 0x03, 0xf0, 0xab, 0xf8, 0x03, 0xf0, 
  0xaf, 0xf8, 0x80, 0xbd, 0xb0, 0xb5, 0x03, 0x46, 0x10, 0x20, 0x00, 0x2b, 0x22, 0xd0, 0x01, 0x29, 
  0x20, 0xd8, 0xef, 0xf3, 0x10, 0x84, 0xef, 0xf3, 0x10, 0x85, 0x72, 0xb6, 0x9d, 0x7d, 0x00, 0x2d, 
  0x02, 0xd0, 0x84, 0xf3, 0x10, 0x88, 0xb0, 0xbd, 0x00, 0x20, 0x98, 0x62, 0xda, 0x61, 0x19, 0x76, 
  0x01, 0x21, 0x99, 0x75, 0x27, 0x49, 0x0a, 0x68, 0x00, 0x2a, 0x02, 0xd1, 0x0b, 0x60, 0x00, 0x21, 
  0xd9, 0x62, 0x25, 0x49, 0x0a, 0x68, 0x00, 0x2a, 0x01, 0xd0, 0x93, 0x62, 0xda, 0x62, 0x0b, 0x60, 
  0x84, 0xf3, 0x10, 0x88, 0xb0, 0xbd, 0xc0, 0x46, 0x94, 0xb6, 0x00, 0x20, 0x10, 0xb5, 0x10, 0x24, 
  0x00, 0x28, 0x08, 0xd0, 0x81, 0x7d, 0x00, 0x29, 0x05, 0xd0, 0x01, 0x21, 0x41, 0x75, 0x00, 0x24, 
  0xc4, 0x75, 0x03, 0xf0, 0x0b, 0xf8, 0x20, 0x46, 0x10, 0xbd, 0x00, 0x00, 0xb0, 0xb5, 0x05, 0x20, 
  0x03, 0xf0, 0x56, 0xf8, 0x21, 0x4d, 0x00, 0x24, 0x28, 0x46, 0x21, 0x46, 0x03, 0xf0, 0x6e, 0xf8, 
  0xff, 0xf7, 0x94, 0xfe, 0xff, 0xf7, 0xbe, 0xfe, 0xff, 0xf7, 0xa2, 0xfe, 0x1f, 0x21, 0x20, 0x46, 
  0x03, 0xf0, 0x6a, 0xf8, 0x01, 0x20, 0x41, 0x02, 0x28, 0x46, 0x03, 0xf0, 0x6b, 0xf8, 0x08, 0x21, 
  0x28, 0x46, 0x03, 0xf0, 0x6d, 0xf8, 0xff, 0x21, 0x28, 0x46, 0x03, 0xf0, 0x6f, 0xf8, 0x28, 0x46, 
  0x03, 0xf0, 0x72, 0xf8, 0x03, 0x48, 0x04, 0x60, 0x03, 0x48, 0x04, 0x60, 0x20, 0x46, 0xb0, 0xbd, 
  0x00, 0x30, 0x05, 0x60, 0x94, 0xb6, 0x00, 0x20, 0x98, 0xb6, 0x00, 0x20, 0x10, 0xb5, 0x04, 0x46, 
  0x10, 0x20, 0x00, 0x2c, 0x11, 0xd0, 0xa3, 0x7d, 0x00, 0x2b, 0x0e, 0xd0, 0x62, 0x62, 0x61, 0x60, 
  0x21, 0x46, 0x10, 0x31, 0x05, 0x48, 0x02, 0xf0, 0xf7, 0xff, 0x02, 0x20, 0xe0, 0x75, 0xff, 0x20, 
  0x02, 0x30, 0xa0, 0x82, 0x02, 0xf0, 0xc2, 0xff, 0x00, 0x20, 0x10, 0xbd, 0x00, 0x30, 0x05, 0x60, 
  0x80, 0xb5, 0x01, 0x46, 0x10, 0x20, 0x00, 0x29, 0x08, 0xd0, 0x8a, 0x7d, 0x00, 0x2a, 0x05, 0xd0, 
  0x01, 0x20, 0x48, 0x75, 0xc8, 0x75, 0x02, 0xf0, 0xb1, 0xff, 0x00, 0x20, 0x80, 0xbd, 0x00, 0x00, 
  0xb0, 0xb5, 0x90, 0xb0, 0x19, 0x48, 0x0a, 0xac, 0x21, 0x46, 0x2c, 0xc8, 0x2c, 0xc1, 0x2c, 0xc8, 
  0x2c, 0xc1, 0x00, 0xf0, 0x5d, 0xf8, 0x40, 0x20, 0x0c, 0x21, 0x22, 0x46, 0x03, 0xf0, 0x32, 0xf8, 
  0x2a, 0x49, 0x08, 0x60, 0x00, 0x28, 0x19, 0xd0, 0x11, 0x48, 0x01, 0xaa, 0x11, 0x46, 0x38, 0xc8, 
  0x38, 0xc1, 0x38, 0xc8, 0x38, 0xc1, 0x38, 0xc8, 0x38, 0xc1, 0x0e, 0x48, 0x00, 0x24, 0x21, 0x46, 
  0x03, 0xf0, 0x26, 0xf8, 0x0c, 0x49, 0x08, 0x60, 0x00, 0x28, 0x09, 0xd0, 0x80, 0x20, 0x03, 0xf0, 
  0x25, 0xf8, 0x0a, 0x48, 0x03, 0xf0, 0x28, 0xf8, 0x01, 0x24, 0x04, 0xe0, 0x00, 0x24, 0x02, 0xe0, 
  0x07, 0x48, 0x03, 0xf0, 0x27, 0xf8, 0x20, 0x46, 0x10, 0xb0, 0xb0, 0xbd, 0x14, 0x76, 0x00, 0x20, 
  0x2c, 0x76, 0x00, 0x20, 0x35, 0x39, 0x00, 0x20, 0x5c, 0x7a, 0x00, 0x20, 0xed, 0x64, 0x00, 0x20, 
  0x09, 0x60, 0x00, 0x00, 0x84, 0xb0, 0x10, 0x4c, 0x10, 0x4d, 0x04, 0xe0, 0x62, 0x1c, 0x81, 0xb2, 
  0x10, 0x46, 0x03, 0xf0, 0x15, 0xf8, 0x28, 0x68, 0x00, 0x22, 0xd3, 0x43, 0x01, 0xa9, 0x03, 0xf0, 
  0x15, 0xf8, 0x00, 0x28, 0xf2, 0xd1, 0x01, 0xa8, 0x03, 0xf0, 0x16, 0xf8, 0x02, 0x99, 0x00, 0x29, 
  0xf1, 0xd0, 0x03, 0x98, 0x00, 0x28, 0x02, 0xd0, 0x03, 0xf0, 0x14, 0xf8, 0xeb, 0xe7, 0x20, 0x46, 
  0x02, 0xf0, 0xf8, 0xff, 0xe7, 0xe7, 0xc0, 0x46, 0x02, 0x60, 0x00, 0x00, 0x94, 0x7a, 0x00, 0x20, 
  0xb0, 0xb5, 0x8c, 0xb0, 0x14, 0x48, 0x06, 0xaa, 0x11, 0x46, 0x38, 0xc8, 0x38, 0xc1, 0x38, 0xc8, 
  0x38, 0xc1, 0x10, 0x20, 0x24, 0x21, 0x03, 0xf0, 0x03, 0xf8, 0x10, 0x49, 0x08, 0x60, 0x00, 0x28, 
  0x10, 0xd0, 0x0f, 0x48, 0x6a, 0x46, 0x11, 0x46, 0x38, 0xc8, 0x38, 0xc1, 0x38, 0xc8, 0x38, 0xc1, 
  0x08, 0x20, 0x80, 0x21, 0x02, 0xf0, 0xf4, 0xff, 0x0a, 0x49, 0x08, 0x60, 0x00, 0x28, 0x04, 0xd0, 
  0x0c, 0xb0, 0xb0, 0xbd, 0x03, 0x20, 0x40, 0x03, 0x02, 0xe0, 0x03, 0x20, 0x40, 0x03, 0x40, 0x1c, 
  0x02, 0xf0, 0xc8, 0xff, 0x0c, 0xb0, 0xb0, 0xbd, 0x68, 0x76, 0x00, 0x20, 0x98, 0xb5, 0x00, 0x20, 
  0x50, 0x76, 0x00, 0x20, 0x94, 0xb5, 0x00, 0x20, 0x80, 0xb5, 0x0a, 0x46, 0x00, 0x21, 0xff, 0xf7, 
  0xc9, 0xfe, 0x41, 0x42, 0x48, 0x41, 0x80, 0xbd, 0x80, 0xb5, 0xff, 0xf7, 0xef, 0xfe, 0x41, 0x42, 
  0x48, 0x41, 0x80, 0xbd, 0x80, 0xb5, 0xff, 0xf7, 0x29, 0xff, 0x41, 0x42, 0x48, 0x41, 0x80, 0xbd, 
  0x80, 0xb5, 0xff, 0xf7, 0x3d, 0xff, 0x41, 0x42, 0x48, 0x41, 0x80, 0xbd, 0x80, 0xb5, 0x82, 0xb0, 
  0xa0, 0x20, 0x01, 0x90, 0x05, 0x48, 0x00, 0x90, 0x68, 0x46, 0x02, 0xf0, 0xbf, 0xff, 0x01, 0x20, 
  0x00, 0x21, 0x02, 0xf0, 0xc1, 0xff, 0x02, 0xb0, 0x80, 0xbd, 0xc0, 0x46, 0x01, 0x07, 0x40, 0x01, 
  0xf0, 0xb5, 0x83, 0xb0, 0x02, 0x93, 0x15, 0x46, 0x0c, 0x46, 0x06, 0x46, 0x00, 0x92, 0x1a, 0xa0, 
  0x08, 0x9f, 0x39, 0x46, 0x32, 0x46, 0x23, 0x46, 0x03, 0xf0, 0x7a, 0xfb, 0x13, 0x2c, 0x28, 0xd8, 
  0x7c, 0x44, 0x24, 0x79, 0x64, 0x00, 0xa7, 0x44, 0x09, 0x24, 0x24, 0x24, 0x0e, 0x24, 0x14, 0x24, 
  0x1a, 0x24, 0x24, 0x24, 0x24, 0x24, 0x24, 0x24, 0x24, 0x24, 0x24, 0x20, 0x02, 0x98, 0x39, 0x46, 
  0x00, 0xf0, 0x0c, 0xf9, 0x15, 0xe0, 0x30, 0x46, 0x29, 0x46, 0x02, 0x9a, 0x00, 0xf0, 0x7c, 0xf8, 
  0x0f, 0xe0, 0x30, 0x46, 0x29, 0x46, 0x02, 0x9a, 0x00, 0xf0, 0x32, 0xf8, 0x09, 0xe0, 0x30, 0x46, 
  0x29, 0x46, 0x02, 0x9a, 0x00, 0xf0, 0x9a, 0xf8, 0x03, 0xe0, 0x30, 0x46, 0x39, 0x46, 0x00, 0xf0, 
  0xd1, 0xf8, 0x00, 0x20, 0x03, 0xb0, 0xf0, 0xbd, 0x5b, 0x43, 0x6c, 0x69, 0x65, 0x6e, 0x74, 0x5d, 
  0x5b, 0x25, 0x64, 0x5d, 0x63, 0x6f, 0x6e, 0x6e, 0x48, 0x61, 0x6e, 0x64, 0x6c, 0x65, 0x3a, 0x20, 
  0x25, 0x64, 0x2c, 0x20, 0x6f, 0x70, 0x43, 0x6f, 0x64, 0x65, 0x3a, 0x20, 0x25, 0x64, 0x2c, 0x20, 
  0x65, 0x72, 0x72, 0x43, 0x6f, 0x64, 0x65, 0x3a, 0x20, 0x25, 0x30, 0x34, 0x58, 0x0a, 0x00, 0x00, 
  0x80, 0xb5, 0x02, 0x48, 0x02, 0xf0, 0x66, 0xff, 0x80, 0xbd, 0xc0, 0x46, 0x41, 0x3a, 0x00, 0x20, 
  0x10, 0xb5, 0x14, 0x46, 0x0a, 0x04, 0x10, 0xd4, 0x00, 0x2c, 0x11, 0xd0, 0xc8, 0xb2, 0x00, 0x28, 
  0x0e, 0xd1, 0x20, 0x89, 0x0c, 0x49, 0x88, 0x42, 0x0b, 0xd0, 0x0c, 0x49, 0x88, 0x42, 0x07, 0xd1, 
  0x12, 0xa0, 0x03, 0xf0, 0x67, 0xfd, 0x5c, 0x48, 0x07, 0xe0, 0x06, 0x49, 0x02, 0xf0, 0x50, 0xff, 
  0x10, 0xbd, 0x07, 0xa0, 0x03, 0xf0, 0x5e, 0xfd, 0x02, 0x48, 0x1a, 0x22, 0x21, 0x46, 0xff, 0xf7, 
  0x75, 0xfb, 0x10, 0xbd, 0x78, 0xb6, 0x00, 0x20, 0xf2, 0xff, 0x00, 0x00, 0xf1, 0xff, 0x00, 0x00, 
  0x46, 0x69, 0x6e, 0x64, 0x20, 0x63, 0x68, 0x61, 0x72, 0x61, 0x63, 0x74, 0x65, 0x72, 0x69, 0x73, 
  0x74, 0x69, 0x63, 0x3a, 0x20, 0x30, 0x78, 0x46, 0x46, 0x46, 0x32, 0x00, 0x46, 0x69, 0x6e, 0x64, 
  0x20, 0x63, 0x68, 0x61, 0x72, 0x61, 0x63, 0x74, 0x65, 0x72, 0x69, 0x73, 0x74, 0x69, 0x63, 0x3a, 
  0x20, 0x30, 0x78, 0x46, 0x46, 0x46, 0x31, 0x00, 0x10, 0xb5, 0x14, 0x46, 0x0a, 0x04, 0x11, 0xd4, 
  0x00, 0x2c, 0x12, 0xd0, 0xc8, 0xb2, 0x00, 0x28, 0x0f, 0xd1, 0xa0, 0x88, 0x08, 0x49, 0x88, 0x42, 
  0x0b, 0xd1, 0x08, 0xa0, 0x03, 0xf0, 0x26, 0xfd, 0x04, 0x48, 0x16, 0x22, 0x21, 0x46, 0xff, 0xf7, 
  0x3d, 0xfb, 0x10, 0xbd, 0x01, 0x49, 0x02, 0xf0, 0x11, 0xff, 0x10, 0xbd, 0x60, 0xb6, 0x00, 0x20, 
  0xf0, 0xff, 0x00, 0x00, 0x46, 0x69, 0x6e, 0x64, 0x20, 0x73, 0x65, 0x72, 0x76, 0x69, 0x63, 0x65, 
  0x3a, 0x20, 0x30, 0x78, 0x46, 0x46, 0x46, 0x30, 0x00, 0x00, 0x00, 0x00, 0x70, 0xb5, 0x82, 0xb0, 
  0x04, 0x46, 0x08, 0x04, 0x18, 0xd4, 0x00, 0x2a, 0x26, 0xd0, 0xc8, 0xb2, 0x00, 0x28, 0x23, 0xd1, 
  0x50, 0x88, 0x17, 0x49, 0x88, 0x42, 0x1f, 0xd1, 0x38, 0x49, 0x10, 0x88, 0x0b, 0x88, 0x98, 0x42, 
  0x1a, 0xd3, 0x89, 0x88, 0x88, 0x42, 0x17, 0xd8, 0x0c, 0x48, 0x14, 0x23, 0x11, 0x46, 0x1a, 0x46, 
  0xff, 0xf7, 0x0c, 0xfb, 0x02, 0xb0, 0x70, 0xbd, 0x08, 0x48, 0x05, 0x88, 0x01, 0xae, 0x00, 0x20, 
  0x70, 0x70, 0x01, 0x20, 0x30, 0x70, 0x06, 0xa0, 0x03, 0xf0, 0xe4, 0xfc, 0x02, 0x22, 0x20, 0x46, 
  0x29, 0x46, 0x33, 0x46, 0x02, 0xf0, 0xd8, 0xfe, 0x02, 0xb0, 0x70, 0xbd, 0x30, 0xb6, 0x00, 0x20, 
  0x45, 0x6e, 0x61, 0x62, 0x6c, 0x65, 0x20, 0x6e, 0x6f, 0x74, 0x69, 0x66, 0x79, 0x2e, 0x00, 0x00, 
  0x02, 0x29, 0x00, 0x00, 0x10, 0xb5, 0x82, 0xb0, 0x04, 0x46, 0x08, 0xa0, 0x03, 0xf0, 0x78, 0xfa, 
  0x6b, 0x46, 0x90, 0x20, 0x18, 0x71, 0x0b, 0x48, 0x00, 0x90, 0x0b, 0x48, 0x41, 0x88, 0x05, 0x22, 
  0x20, 0x46, 0x02, 0xf0, 0xbf, 0xfe, 0x02, 0xb0, 0x10, 0xbd, 0xc0, 0x46, 0x5b, 0x25, 0x64, 0x5d, 
  0x42, 0x4c, 0x45, 0x20, 0x63, 0x6c, 0x69, 0x65, 0x6e, 0x74, 0x20, 0x64, 0x6f, 0x6e, 0x65, 0x2e, 
  0x0a, 0x00, 0x00, 0x00, 0x12, 0x34, 0x56, 0x78, 0x44, 0xb6, 0x00, 0x20, 0x70, 0xb5, 0x0d, 0x46, 
  0x04, 0x46, 0x00, 0x78, 0x61, 0x78, 0x09, 0x02, 0x08, 0x18, 0x0c, 0x49, 0x49, 0x88, 0x88, 0x42, 
  0x13, 0xd1, 0x0b, 0xa0, 0x29, 0x46, 0x03, 0xf0, 0x4b, 0xfa, 0x03, 0x2d, 0x0a, 0xd3, 0xad, 0x1e, 
  0xa6, 0x1c, 0x0b, 0xa4, 0x31, 0x78, 0x20, 0x46, 0x03, 0xf0, 0x42, 0xfa, 0x6d, 0x1e, 0x76, 0x1c, 
  0x00, 0x2d, 0xf7, 0xd1, 0x0a, 0x20, 0x03, 0xf0, 0x85, 0xfc, 0x70, 0xbd, 0x78, 0xb6, 0x00, 0x20, 
  0x5b, 0x42, 0x4c, 0x45, 0x5f, 0x52, 0x58, 0x5d, 0x5b, 0x25, 0x64, 0x5d, 0x3a, 0x20, 0x00, 0x00, 
  0x25, 0x30, 0x32, 0x58, 0x20, 0x00, 0x00, 0x00, 0x10, 0xb5, 0x00, 0x24, 0x00, 0xf0, 0x30, 0xfc, 
  0x00, 0x28, 0x10, 0xd0, 0x00, 0xf0, 0x16, 0xfd, 0x00, 0x28, 0x0c, 0xd0, 0x02, 0xf0, 0x78, 0xfe, 
  0x7d, 0x24, 0xa0, 0x00, 0x02, 0xf0, 0x7a, 0xfe, 0x60, 0x01, 0x04, 0x49, 0x02, 0xf0, 0x7c, 0xfe, 
  0x02, 0xf0, 0x80, 0xfe, 0x01, 0x24, 0x20, 0x46, 0x10, 0xbd, 0xc0, 0x46, 0xac, 0x0d, 0x00, 0x00, 
  0xf0, 0xb5, 0x89, 0xb0, 0x00, 0x28, 0x60, 0xd0, 0x0c, 0x46, 0x01, 0x29, 0x5d, 0xd9, 0x05, 0x46, 
  0x40, 0x78, 0x00, 0x28, 0x5b, 0xd0, 0x02, 0x21, 0x0a, 0x46, 0xd2, 0xb2, 0x53, 0x19, 0x1b, 0x7a, 
  0x0a, 0x33, 0x9a, 0x18, 0x59, 0x18, 0xc9, 0xb2, 0x40, 0x1e, 0xf6, 0xd1, 0xa1, 0x42, 0x50, 0xd1, 
  0x03, 0x2c, 0x48, 0xd3, 0x02, 0x26, 0x04, 0x94, 0xa8, 0x19, 0x01, 0x7a, 0x07, 0x91, 0x34, 0x46, 
  0x09, 0x34, 0x61, 0x18, 0x69, 0x56, 0x08, 0x91, 0xaa, 0x5d, 0x05, 0x92, 0x41, 0x78, 0x06, 0x91, 
  0x2f, 0x4f, 0x79, 0x70, 0x3a, 0x70, 0x81, 0x1c, 0xb8, 0x1c, 0x06, 0x22, 0xff, 0xf7, 0x4e, 0xfa, 
  0x07, 0x9a, 0x7a, 0x72, 0x08, 0x98, 0x38, 0x72, 0x29, 0x19, 0x38, 0x46, 0x0a, 0x30, 0xff, 0xf7, 
  0x45, 0xfa, 0x28, 0x48, 0x03, 0xf0, 0x26, 0xfc, 0x27, 0x48, 0x05, 0x99, 0x03, 0xf0, 0xd0, 0xf9, 
  0x26, 0x48, 0x06, 0x99, 0x03, 0xf0, 0xcc, 0xf9, 0xb8, 0x78, 0x06, 0x90, 0xfa, 0x78, 0x3b, 0x79, 
  0x78, 0x79, 0xbc, 0x79, 0x29, 0x46, 0xfd, 0x79, 0x00, 0x90, 0x01, 0x94, 0x04, 0x9c, 0x02, 0x95, 
  0x0d, 0x46, 0x1f, 0xa0, 0x06, 0x99, 0x03, 0xf0, 0xbb, 0xf9, 0x29, 0xa0, 0x08, 0x99, 0x03, 0xf0, 
  0xb7, 0xf9, 0x2b, 0xa0, 0x07, 0x9f, 0x39, 0x46, 0x03, 0xf0, 0xb2, 0xf9, 0xf0, 0x19, 0x0a, 0x30, 
  0xc6, 0xb2, 0xa6, 0x42, 0xb8, 0xd3, 0x09, 0xb0, 0xf0, 0xbd, 0x2a, 0x48, 0x02, 0xe0, 0x28, 0x48, 
  0x00, 0xe0, 0x02, 0xa0, 0x03, 0xf0, 0xf6, 0xfb, 0x09, 0xb0, 0xf0, 0xbd, 0x5b, 0x75, 0x38, 0x50, 
  0x61, 0x72, 0x61, 0x6d, 0x65, 0x74, 0x65, 0x72, 0x73, 0x43, 0x75, 0x72, 0x72, 0x65, 0x6e, 0x74, 
  0x4c, 0x65, 0x6e, 0x67, 0x74, 0x68, 0x20, 0x21, 0x3d, 0x20, 0x75, 0x33, 0x32, 0x42, 0x75, 0x66, 
  0x53, 0x69, 0x7a, 0x65, 0x5d, 0x20, 0x69, 0x73, 0x20, 0x45, 0x72, 0x72, 0x6f, 0x72, 0x00, 0x00, 
  0x64, 0xdd, 0x00, 0x20, 0xbb, 0x79, 0x00, 0x20, 0x46, 0x79, 0x00, 0x20, 0x35, 0x79, 0x00, 0x20, 
  0x41, 0x64, 0x64, 0x72, 0x65, 0x73, 0x73, 0x3a, 0x20, 0x20, 0x20, 0x25, 0x30, 0x32, 0x58, 0x3a, 
  0x20, 0x25, 0x30, 0x32, 0x58, 0x3a, 0x20, 0x25, 0x30, 0x32, 0x58, 0x3a, 0x20, 0x25, 0x30, 0x32, 
  0x58, 0x3a, 0x20, 0x25, 0x30, 0x32, 0x58, 0x3a, 0x20, 0x25, 0x30, 0x32, 0x58, 0x0a, 0x00, 0x00, 
  0x52, 0x53, 0x53, 0x49, 0x3a, 0x20, 0x20, 0x20, 0x20, 0x20, 0x20, 0x25, 0x64, 0x0a, 0x00, 0x00, 
  0x44, 0x61, 0x74, 0x61, 0x4c, 0x65, 0x6e, 0x3a, 0x20, 0x20, 0x20, 0x25, 0x64, 0x0a, 0x00, 0x00, 
  0xe9, 0x79, 0x00, 0x20, 0xd0, 0x79, 0x00, 0x20, 0x70, 0xb5, 0x40, 0x1e, 0x62, 0x28, 0x00, 0xd9, 
  0xab, 0xe1, 0x15, 0x46, 0x0c, 0x46, 0x4e, 0x1c, 0x40, 0x00, 0xc0, 0x46, 0x78, 0x44, 0x80, 0x88, 
  0x40, 0x00, 0x87, 0x44, 0x62, 0x00, 0x70, 0x00, 0x82, 0x00, 0x98, 0x00, 0xbc, 0x00, 0xc9, 0x00, 
  0xd9, 0x00, 0xec, 0x00, 0xfa, 0x00, 0x09, 0x01, 0xa2, 0x01, 0xa2, 0x01, 0xa2, 0x01, 0xa2, 0x01, 
  0xa2, 0x01, 0xa2, 0x01, 0xa2, 0x01, 0xa2, 0x01, 0xa2, 0x01, 0xa2, 0x01, 0xa2, 0x01, 0xa2, 0x01, 
  0xa2, 0x01, 0xa2, 0x01, 0xa2, 0x01, 0xa2, 0x01, 0xa2, 0x01, 0xa2, 0x01, 0xa2, 0x01, 0xa2, 0x01, 
  0xa2, 0x01, 0x20, 0x01, 0x25, 0x01, 0x32, 0x01, 0x3f, 0x01, 0xa2, 0x01, 0x44, 0x01, 0x4c, 0x01, 
  0x52, 0x01, 0xa2, 0x01, 0xa2, 0x01, 0xa2, 0x01, 0xa2, 0x01, 0xa2, 0x01, 0xa2, 0x01, 0xa2, 0x01, 
  0xa2, 0x01, 0x5e, 0x01, 0xa2, 0x01, 0xa2, 0x01, 0xa2, 0x01, 0xa2, 0x01, 0xa2, 0x01, 0xa2, 0x01, 
  0xa2, 0x01, 0xa2, 0x01, 0xa2, 0x01, 0xa2, 0x01, 0xa2, 0x01, 0xa2, 0x01, 0xa2, 0x01, 0xa2, 0x01, 
  0xa2, 0x01, 0x63, 0x01, 0xa2, 0x01, 0xa2, 0x01, 0xa2, 0x01, 0xa2, 0x01, 0xa2, 0x01, 0xa2, 0x01, 
  0x6b, 0x01, 0x75, 0x01, 0x80, 0x01, 0x85, 0x01, 0x8a, 0x01, 0xa2, 0x01, 0x8f, 0x01, 0xa2, 0x01, 
  0xa2, 0x01, 0xa2, 0x01, 0xa2, 0x01, 0xa2, 0x01, 0xa2, 0x01, 0xa2, 0x01, 0xa2, 0x01, 0xa2, 0x01, 
  0xa2, 0x01, 0xa2, 0x01, 0x94, 0x01, 0xa2, 0x01, 0xa2, 0x01, 0xa2, 0x01, 0xa2, 0x01, 0xa2, 0x01, 
  0xa2, 0x01, 0xa2, 0x01, 0xa2, 0x01, 0x99, 0x01, 0x9e, 0x01, 0xa0, 0x78, 0xe1, 0x78, 0x09, 0x02, 
  0x08, 0x18, 0x02, 0xf0, 0x4d, 0xfd, 0xa0, 0x78, 0xe1, 0x78, 0x09, 0x02, 0x09, 0x18, 0xdb, 0x48, 
  0x03, 0xf0, 0xd6, 0xf8, 0x70, 0xbd, 0xe2, 0x78, 0x31, 0x78, 0xd6, 0x48, 0x02, 0xf0, 0x46, 0xfd, 
  0x30, 0x78, 0x71, 0x78, 0x09, 0x02, 0x09, 0x18, 0xe2, 0x78, 0xd3, 0x48, 0x03, 0xf0, 0xc8, 0xf8, 
  0x01, 0x20, 0x00, 0x21, 0x02, 0xf0, 0xf8, 0xfc, 0x70, 0xbd, 0x20, 0x79, 0x61, 0x79, 0x09, 0x02, 
  0x09, 0x18, 0xe3, 0x78, 0x32, 0x78, 0xc5, 0x48, 0x02, 0xf0, 0x36, 0xfd, 0x20, 0x79, 0x61, 0x79, 
  0x09, 0x02, 0x09, 0x18, 0x30, 0x78, 0x72, 0x78, 0x12, 0x02, 0x12, 0x18, 0xe3, 0x78, 0xc0, 0x48, 
  0x03, 0xf0, 0xae, 0xf8, 0x70, 0xbd, 0x20, 0x79, 0x61, 0x79, 0x09, 0x02, 0x09, 0x18, 0xb8, 0x48, 
  0x02, 0xf0, 0xb6, 0xfc, 0x21, 0x1d, 0xb7, 0x48, 0x08, 0x22, 0x02, 0xf0, 0x23, 0xfd, 0x20, 0x79, 
  0x61, 0x79, 0x09, 0x02, 0x08, 0x18, 0xa1, 0x79, 0xe2, 0x79, 0x12, 0x02, 0x51, 0x18, 0x09, 0x04, 
  0x0a, 0x18, 0x20, 0x7a, 0x61, 0x7a, 0x09, 0x02, 0x08, 0x18, 0xa1, 0x7a, 0xe3, 0x7a, 0x1b, 0x02, 
  0x59, 0x18, 0x09, 0x04, 0x0b, 0x18, 0xac, 0x48, 0x03, 0xf0, 0x8a, 0xf8, 0x70, 0xbd, 0x23, 0x89, 
  0xe2, 0x88, 0xa1, 0x88, 0xa4, 0x48, 0x02, 0xf0, 0x0b, 0xfd, 0x23, 0x89, 0xe2, 0x88, 0xa1, 0x88, 
  0xa2, 0x48, 0x03, 0xf0, 0x7d, 0xf8, 0x70, 0xbd, 0x30, 0x78, 0x71, 0x78, 0x09, 0x02, 0x09, 0x18, 
  0xb0, 0x78, 0xf2, 0x78, 0x12, 0x02, 0x12, 0x18, 0xb0, 0x79, 0xf3, 0x79, 0x1b, 0x02, 0x1b, 0x18, 
  0x98, 0x48, 0x02, 0xf0, 0xf5, 0xfc, 0x70, 0xbd, 0xa0, 0x78, 0xe1, 0x78, 0x09, 0x02, 0x09, 0x18, 
  0x63, 0x79, 0x22, 0x79, 0x91, 0x48, 0x02, 0xf0, 0xdf, 0xfc, 0xa0, 0x78, 0xe1, 0x78, 0x09, 0x02, 
  0x09, 0x18, 0x63, 0x79, 0x22, 0x79, 0x8e, 0x48, 0x03, 0xf0, 0x5a, 0xf8, 0x70, 0xbd, 0xe2, 0x78, 
  0x31, 0x78, 0x96, 0x48, 0x02, 0xf0, 0xca, 0xfc, 0x30, 0x78, 0x71, 0x78, 0x09, 0x02, 0x09, 0x18, 
  0xe2, 0x78, 0x93, 0x48, 0x03, 0xf0, 0x4c, 0xf8, 0x70, 0xbd, 0x30, 0x78, 0x71, 0x78, 0x09, 0x02, 
  0x09, 0x18, 0x8c, 0x48, 0x02, 0xf0, 0x54, 0xfc, 0x30, 0x78, 0x71, 0x78, 0x09, 0x02, 0x09, 0x18, 
  0x89, 0x48, 0x03, 0xf0, 0x3d, 0xf8, 0x70, 0xbd, 0x20, 0x78, 0x61, 0x78, 0x09, 0x02, 0x09, 0x18, 
  0xa0, 0x78, 0xe2, 0x78, 0x12, 0x02, 0x12, 0x18, 0x6d, 0x48, 0x02, 0xf0, 0xbf, 0xfc, 0x20, 0x78, 
  0x61, 0x78, 0x09, 0x02, 0x09, 0x18, 0xa0, 0x78, 0xe2, 0x78, 0x12, 0x02, 0x12, 0x18, 0x69, 0xa0, 
  0x03, 0xf0, 0x26, 0xf8, 0x70, 0xbd, 0x21, 0x88, 0x63, 0x48, 0x02, 0xf0, 0x31, 0xfc, 0x70, 0xbd, 
  0xa0, 0x1c, 0x00, 0x21, 0x02, 0xf0, 0xb0, 0xfc, 0x01, 0x46, 0x20, 0x78, 0x62, 0x78, 0x12, 0x02, 
  0x12, 0x18, 0x5c, 0x48, 0x02, 0xf0, 0xae, 0xfc, 0x70, 0xbd, 0xa0, 0x1c, 0x00, 0x21, 0x02, 0xf0, 
  0xa3, 0xfc, 0x01, 0x46, 0x20, 0x78, 0x62, 0x78, 0x12, 0x02, 0x12, 0x18, 0x54, 0x48, 0x02, 0xf0, 
  0xa1, 0xfc, 0x70, 0xbd, 0x21, 0x88, 0x51, 0x48, 0x02, 0xf0, 0x12, 0xfc, 0x70, 0xbd, 0x20, 0x78, 
  0x61, 0x78, 0x09, 0x02, 0x09, 0x18, 0x4c, 0x48, 0x02, 0xf0, 0x0a, 0xfc, 0x70, 0xbd, 0xa2, 0x78, 
  0x21, 0x78, 0x48, 0x48, 0x02, 0xf0, 0x6a, 0xfc, 0x70, 0xbd, 0x20, 0x78, 0x61, 0x78, 0x09, 0x02, 
  0x09, 0x18, 0xa0, 0x7a, 0xe2, 0x7a, 0x12, 0x02, 0x12, 0x18, 0x41, 0x48, 0x02, 0xf0, 0x76, 0xfc, 
  0x70, 0xbd, 0x20, 0x46, 0x29, 0x46, 0xff, 0xf7, 0xd3, 0xfd, 0x70, 0xbd, 0x21, 0x78, 0xe0, 0x78, 
  0x40, 0x42, 0xc2, 0xb2, 0x39, 0x48, 0x02, 0xf0, 0x51, 0xfc, 0x70, 0xbd, 0x24, 0x78, 0x2a, 0x48, 
  0x21, 0x46, 0x02, 0xf0, 0xe5, 0xfb, 0x29, 0xa0, 0x21, 0x46, 0x02, 0xf0, 0xd1, 0xff, 0x70, 0xbd, 
  0x24, 0x78, 0x1a, 0x48, 0x21, 0x46, 0x02, 0xf0, 0xdb, 0xfb, 0x19, 0xa0, 0x29, 0x46, 0x22, 0x46, 
  0x02, 0xf0, 0xc6, 0xff, 0x70, 0xbd, 0x21, 0x78, 0x13, 0x48, 0x02, 0xf0, 0xd1, 0xfb, 0x70, 0xbd, 
  0x21, 0x78, 0x10, 0x48, 0x02, 0xf0, 0xcc, 0xfb, 0x70, 0xbd, 0x21, 0x78, 0x0c, 0x48, 0x02, 0xf0, 
  0xc7, 0xfb, 0x70, 0xbd, 0x21, 0x78, 0x09, 0x48, 0x02, 0xf0, 0xc2, 0xfb, 0x70, 0xbd, 0x21, 0x78, 
  0x20, 0x48, 0x02, 0xf0, 0xbd, 0xfb, 0x70, 0xbd, 0x21, 0x78, 0x1f, 0x48, 0x02, 0xf0, 0xb8, 0xfb, 
  0x70, 0xbd, 0x21, 0x78, 0x25, 0x48, 0x02, 0xf0, 0xb3, 0xfb, 0x70, 0xbd, 0x2b, 0xa0, 0x00, 0x00, 
  0x2a, 0xa0, 0x00, 0x00, 0x29, 0xa0, 0x00, 0x00, 0x28, 0xa0, 0x00, 0x00, 0x27, 0xa0, 0x00, 0x00, 
  0x5b, 0x53, 0x45, 0x54, 0x5f, 0x53, 0x43, 0x41, 0x4e, 0x5f, 0x45, 0x4e, 0x41, 0x42, 0x4c, 0x45, 
  0x5d, 0x5b, 0x25, 0x64, 0x5d, 0x53, 0x74, 0x61, 0x74, 0x75, 0x73, 0x3a, 0x20, 0x30, 0x78, 0x25, 
  0x30, 0x32, 0x58, 0x0a, 0x00, 0x00, 0x00, 0x00, 0x26, 0xa0, 0x00, 0x00, 0x5b, 0x53, 0x45, 0x54, 
  0x5f, 0x53, 0x43, 0x41, 0x4e, 0x5f, 0x50, 0x41, 0x52, 0x41, 0x4d, 0x45, 0x54, 0x45, 0x52, 0x53, 
  0x5d, 0x53, 0x74, 0x61, 0x74, 0x75, 0x73, 0x3a, 0x20, 0x30, 0x78, 0x25, 0x30, 0x32, 0x58, 0x0a, 
  0x00, 0x00, 0x00, 0x00, 0x2c, 0xa0, 0x00, 0x00, 0x33, 0xa0, 0x00, 0x00, 0x21, 0xa0, 0x00, 0x00, 
  0x16, 0xa0, 0x00, 0x00, 0x15, 0xa0, 0x00, 0x00, 0x14, 0xa0, 0x00, 0x00, 0x13, 0xa0, 0x00, 0x00, 
  0x12, 0xa0, 0x00, 0x00, 0x11, 0xa0, 0x00, 0x00, 0x10, 0xa0, 0x00, 0x00, 0x34, 0xa0, 0x00, 0x00, 
  0x0f, 0xa0, 0x00, 0x00, 0x5b, 0x4d, 0x54, 0x55, 0x5f, 0x45, 0x58, 0x43, 0x48, 0x41, 0x4e, 0x47, 
  0x45, 0x44, 0x5d, 0x48, 0x61, 0x6e, 0x64, 0x6c, 0x65, 0x20, 0x3d, 0x20, 0x25, 0x64, 0x2c, 0x20, 
  0x6d, 0x74, 0x75, 0x20, 0x3d, 0x20, 0x25, 0x64, 0x0a, 0x00, 0x00, 0x00, 0x0e, 0xa0, 0x00, 0x00, 
  0xde, 0x77, 0x00, 0x20, 0x0d, 0xa0, 0x00, 0x00, 0x0c, 0xa0, 0x00, 0x00, 0xc6, 0x78, 0x00, 0x20, 
  0x0a, 0xa0, 0x00, 0x00, 0x0b, 0xa0, 0x00, 0x00, 0x8f, 0x79, 0x00, 0x20, 0x09, 0xa0, 0x00, 0x00, 
  0x66, 0x78, 0x00, 0x20, 0x08, 0xa0, 0x00, 0x00, 0x6f, 0x79, 0x00, 0x20, 0x07, 0xa0, 0x00, 0x00, 
  0x2b, 0x78, 0x00, 0x20, 0x05, 0xa0, 0x00, 0x00, 0x9c, 0x78, 0x00, 0x20, 0x57, 0x79, 0x00, 0x20, 
  0x80, 0xb5, 0x02, 0x48, 0x02, 0xf0, 0xbc, 0xfb, 0x80, 0xbd, 0xc0, 0x46, 0xa9, 0x3e, 0x00, 0x20, 
  0xb0, 0xb5, 0x82, 0xb0, 0x01, 0x24, 0xa1, 0x02, 0x19, 0x48, 0x1a, 0x4a, 0x10, 0x23, 0x00, 0xf0, 
  0x29, 0xfd, 0xff, 0xf7, 0xbd, 0xfa, 0x00, 0x28, 0x25, 0xd0, 0x25, 0x02, 0x00, 0x95, 0x10, 0x21, 
  0x28, 0x22, 0x08, 0x23, 0x20, 0x46, 0x02, 0xf0, 0xa9, 0xfb, 0x68, 0x35, 0x12, 0x48, 0x29, 0x46, 
  0x02, 0xf0, 0xaa, 0xfb, 0x33, 0x20, 0x81, 0x01, 0x10, 0x48, 0x02, 0xf0, 0xab, 0xfb, 0x10, 0x48, 
  0x02, 0x21, 0x30, 0x22, 0x02, 0xf0, 0xac, 0xfb, 0x02, 0xf0, 0xb0, 0xfb, 0x0d, 0x48, 0x02, 0xf0, 
  0xb3, 0xfb, 0x0d, 0x48, 0x02, 0xf0, 0xb6, 0xfb, 0x0c, 0x48, 0x02, 0xf0, 0xb9, 0xfb, 0x0c, 0x48, 
  0x02, 0xf0, 0xbc, 0xfb, 0x00, 0xe0, 0x00, 0x24, 0x20, 0x46, 0x02, 0xb0, 0xb0, 0xbd, 0xc0, 0x46, 
  0x10, 0xcc, 0x00, 0x20, 0xb0, 0xb5, 0x00, 0x20, 0xa8, 0xba, 0x00, 0x20, 0x10, 0xd0, 0x00, 0x20, 
  0x98, 0x88, 0x00, 0x20, 0xe9, 0x39, 0x00, 0x20, 0x05, 0x3a, 0x00, 0x20, 0x11, 0x3a, 0x00, 0x20, 
  0xf9, 0x39, 0x00, 0x20, 0x10, 0xb5, 0x01, 0xf0, 0x45, 0xff, 0x00, 0x24, 0x02, 0x21, 0x20, 0x46, 
  0x02, 0xf0, 0x9a, 0xfa, 0xff, 0xf7, 0xc0, 0xf8, 0xff, 0xf7, 0xf0, 0xf8, 0xff, 0xf7, 0xce, 0xf8, 
  0x0f, 0x20, 0x03, 0x21, 0x04, 0x22, 0x07, 0x23, 0x02, 0xf0, 0x96, 0xfb, 0x00, 0xf0, 0x36, 0xf8, 
  0xff, 0xf7, 0x8a, 0xfc, 0x00, 0x28, 0x07, 0xd0, 0xff, 0xf7, 0x9a, 0xff, 0x00, 0x28, 0x05, 0xd0, 
  0x00, 0xf0, 0x76, 0xfc, 0x20, 0x46, 0x10, 0xbd, 0x03, 0xa0, 0x00, 0xe0, 0x09, 0xa0, 0x03, 0xf0, 
  0xf9, 0xf8, 0x01, 0x20, 0x10, 0xbd, 0xc0, 0x46, 0x62, 0x6c, 0x65, 0x5f, 0x63, 0x6f, 0x6e, 0x74, 
  0x72, 0x6f, 0x6c, 0x6c, 0x65, 0x72, 0x5f, 0x69, 0x6e, 0x69, 0x74, 0x20, 0x65, 0x72, 0x72, 0x6f, 
  0x72, 0x2e, 0x00, 0x00, 0x62, 0x6c, 0x65, 0x5f, 0x68, 0x6f, 0x73, 0x74, 0x5f, 0x69, 0x6e, 0x69, 
  0x74, 0x20, 0x65, 0x72, 0x72, 0x6f, 0x72, 0x2e, 0x00, 0x00, 0x00, 0x00, 0x80, 0xb5, 0x02, 0xf0, 
  0x69, 0xfb, 0x80, 0xbd, 0x80, 0xb5, 0x02, 0xf0, 0x6b, 0xfb, 0x80, 0xbd, 0x10, 0xb5, 0x2b, 0x48, 
  0x02, 0xf0, 0x6c, 0xfb, 0x2a, 0x48, 0x02, 0xf0, 0x6f, 0xfb, 0x2a, 0x48, 0x02, 0xf0, 0x72, 0xfb, 
  0x29, 0x48, 0x02, 0xf0, 0x75, 0xfb, 0x29, 0x48, 0x02, 0xf0, 0x78, 0xfb, 0x28, 0x48, 0x02, 0xf0, 
  0x7b, 0xfb, 0x28, 0x48, 0x02, 0xf0, 0x7e, 0xfb, 0x27, 0x48, 0x02, 0xf0, 0x81, 0xfb, 0x27, 0x48, 
  0x02, 0xf0, 0x84, 0xfb, 0x26, 0x48, 0x02, 0xf0, 0x87, 0xfb, 0x26, 0x48, 0x02, 0xf0, 0x8a, 0xfb, 
  0x25, 0x48, 0x02, 0xf0, 0x8d, 0xfb, 0x25, 0x48, 0x02, 0xf0, 0x90, 0xfb, 0x24, 0x48, 0x02, 0xf0, 
  0x93, 0xfb, 0x24, 0x48, 0x02, 0xf0, 0x96, 0xfb, 0x23, 0x48, 0x02, 0xf0, 0x99, 0xfb, 0x23, 0x48, 
  0x02, 0xf0, 0x9c, 0xfb, 0x22, 0x48, 0x02, 0xf0, 0x9f, 0xfb, 0x22, 0x48, 0x02, 0xf0, 0xa2, 0xfb, 
  0x21, 0x48, 0x02, 0xf0, 0xa5, 0xfb, 0x21, 0x48, 0x02, 0xf0, 0xa8, 0xfb, 0x20, 0x48, 0x02, 0xf0, 
  0xab, 0xfb, 0x20, 0x48, 0x02, 0xf0, 0xae, 0xfb, 0x1f, 0x48, 0x02, 0xf0, 0xb1, 0xfb, 0x1f, 0x48, 
  0x02, 0xf0, 0xb4, 0xfb, 0x00, 0x20, 0xc4, 0x43, 0x20, 0x46, 0x21, 0x46, 0x02, 0xf0, 0xb4, 0xfb, 
  0x20, 0x46, 0x21, 0x46, 0x02, 0xf0, 0xb6, 0xfb, 0x10, 0xbd, 0xc0, 0x46, 0xd3, 0xbc, 0x02, 0x00, 
  0xb3, 0xbc, 0x02, 0x00, 0xbb, 0xbc, 0x02, 0x00, 0xcb, 0xbc, 0x02, 0x00, 0xc3, 0xbc, 0x02, 0x00, 
  0xb9, 0x55, 0x01, 0x00, 0x69, 0x56, 0x01, 0x00, 0x61, 0x27, 0x02, 0x00, 0x01, 0x27, 0x02, 0x00, 
  0x15, 0x27, 0x02, 0x00, 0x71, 0x0b, 0x02, 0x00, 0x5d, 0x24, 0x02, 0x00, 0x31, 0x26, 0x02, 0x00, 
  0x9d, 0x25, 0x02, 0x00, 0x8d, 0x26, 0x02, 0x00, 0xf9, 0x25, 0x02, 0x00, 0xc5, 0x26, 0x02, 0x00, 
  0x7d, 0x27, 0x02, 0x00, 0x75, 0x27, 0x02, 0x00, 0x7d, 0x0b, 0x02, 0x00, 0xd9, 0xe9, 0x03, 0x00, 
  0x01, 0xe8, 0x03, 0x00, 0x3d, 0xe7, 0x03, 0x00, 0xc5, 0xea, 0x03, 0x00, 0x9d, 0xea, 0x03, 0x00, 
  0xf0, 0xb5, 0x8f, 0xb0, 0x5a, 0x48, 0x02, 0xf0, 0x83, 0xfb, 0x00, 0x24, 0x00, 0x28, 0x00, 0xd1, 
  0xab, 0xe0, 0x58, 0x48, 0x02, 0xf0, 0x82, 0xfb, 0x00, 0x28, 0x00, 0xd1, 0xa5, 0xe0, 0x56, 0x48, 
  0x01, 0x25, 0x29, 0x46, 0x02, 0xf0, 0x80, 0xfb, 0x00, 0x28, 0x00, 0xd1, 0x9d, 0xe0, 0x03, 0x20, 
  0x00, 0x90, 0x52, 0x48, 0x52, 0x4a, 0x0c, 0x21, 0x0b, 0x46, 0x02, 0xf0, 0x7b, 0xfb, 0x00, 0x28, 
  0x00, 0xd1, 0x92, 0xe0, 0x4f, 0x48, 0x06, 0x21, 0x02, 0xf0, 0x7a, 0xfb, 0x00, 0x28, 0x00, 0xd1, 
  0x8b, 0xe0, 0x4d, 0x48, 0x02, 0x21, 0x02, 0xf0, 0x79, 0xfb, 0x00, 0x28, 0x00, 0xd1, 0x84, 0xe0, 
  0x2c, 0x02, 0x00, 0x20, 0x49, 0x49, 0x4a, 0x4a, 0x13, 0x18, 0x59, 0x60, 0x1c, 0x81, 0x09, 0x19, 
  0x1c, 0x30, 0x70, 0x28, 0xf8, 0xd1, 0x00, 0x20, 0x46, 0x49, 0x47, 0x4a, 0x13, 0x18, 0x59, 0x60, 
  0x28, 0x25, 0x1d, 0x81, 0x28, 0x31, 0x1c, 0x30, 0x70, 0x28, 0xf7, 0xd1, 0x43, 0x48, 0x0e, 0xc8, 
  0x00, 0x68, 0x0e, 0x90, 0x0b, 0xa8, 0x0e, 0xc0, 0x0b, 0xa8, 0x02, 0xf0, 0x5d, 0xfb, 0x00, 0x28, 
  0x5e, 0xd0, 0x00, 0x20, 0x3e, 0x4a, 0x3f, 0x4b, 0x19, 0x18, 0xca, 0x60, 0x0c, 0x82, 0x41, 0x21, 
  0x89, 0x00, 0x52, 0x18, 0x30, 0x30, 0x60, 0x28, 0xf6, 0xd1, 0x02, 0x94, 0xbf, 0x20, 0xc4, 0x43, 
  0x39, 0x4e, 0x20, 0x46, 0x39, 0x4a, 0x17, 0x18, 0xcc, 0x22, 0xbe, 0x50, 0xd0, 0x23, 0xfd, 0x52, 
  0x2c, 0x36, 0x30, 0x30, 0xf6, 0xd1, 0x01, 0x92, 0x00, 0x26, 0x35, 0x4f, 0x35, 0x48, 0x80, 0x19, 
  0xc7, 0x60, 0x0a, 0x46, 0x02, 0x99, 0x01, 0x82, 0x11, 0x46, 0xbf, 0x18, 0x30, 0x36, 0x60, 0x2e, 
  0xf4, 0xd1, 0x31, 0x49, 0x31, 0x4e, 0x01, 0x9a, 0x30, 0x19, 0x81, 0x50, 0xc5, 0x52, 0x2c, 0x31, 
  0x30, 0x34, 0xf9, 0xd1, 0x2e, 0x49, 0x03, 0xa8, 0x02, 0x46, 0x78, 0xc9, 0x78, 0xc2, 0x78, 0xc9, 
  0x78, 0xc2, 0x02, 0xf0, 0x27, 0xfb, 0x00, 0x28, 0x24, 0xd0, 0x00, 0x20, 0x29, 0x49, 0x2a, 0x4a, 
  0x02, 0x9c, 0x13, 0x18, 0x9c, 0x81, 0x99, 0x60, 0x09, 0x19, 0x20, 0x30, 0x40, 0x28, 0xf8, 0xd1, 
  0x25, 0x48, 0x02, 0x22, 0x21, 0x46, 0x02, 0xf0, 0x1b, 0xfb, 0x00, 0x28, 0x14, 0xd0, 0x00, 0x20, 
  0x22, 0x49, 0x23, 0x4a, 0x11, 0x50, 0x13, 0x18, 0x9c, 0x80, 0x09, 0x19, 0x10, 0x30, 0x20, 0x28, 
  0xf8, 0xd1, 0x1f, 0x48, 0x02, 0x22, 0x21, 0x46, 0x02, 0xf0, 0x10, 0xfb, 0x04, 0x46, 0x04, 0xe0, 
  0x00, 0x24, 0x02, 0xe0, 0x00, 0x24, 0x00, 0xe0, 0x00, 0x24, 0x20, 0x46, 0x0f, 0xb0, 0xf0, 0xbd, 
  0x00, 0x8f, 0x00, 0x20, 0xc8, 0x8d, 0x00, 0x20, 0x38, 0x89, 0x00, 0x20, 0x78, 0x91, 0x00, 0x20, 
  0x84, 0x91, 0x00, 0x20, 0x80, 0x93, 0x00, 0x20, 0x18, 0x91, 0x00, 0x20, 0xb0, 0x97, 0x00, 0x20, 
  0xe8, 0x8f, 0x00, 0x20, 0xc0, 0x9f, 0x00, 0x20, 0x90, 0x91, 0x00, 0x20, 0x80, 0x76, 0x00, 0x20, 
  0xb8, 0x9d, 0x00, 0x20, 0xb8, 0x90, 0x00, 0x20, 0x10, 0xa1, 0x00, 0x20, 0xc0, 0x92, 0x00, 0x20, 
  0xb0, 0x9b, 0x00, 0x20, 0x58, 0x90, 0x00, 0x20, 0x60, 0xa0, 0x00, 0x20, 0x00, 0x92, 0x00, 0x20, 
  0x90, 0x76, 0x00, 0x20, 0xb0, 0x93, 0x00, 0x20, 0xf8, 0x88, 0x00, 0x20, 0xb0, 0x95, 0x00, 0x20, 
  0xa8, 0x8d, 0x00, 0x20, 0xb0, 0xb5, 0x90, 0xb0, 0x18, 0x48, 0x0a, 0xaa, 0x11, 0x46, 0x38, 0xc8, 
  0x38, 0xc1, 0x38, 0xc8, 0x38, 0xc1, 0x40, 0x20, 0x08, 0x21, 0x02, 0xf0, 0xf3, 0xf8, 0x14, 0x49, 
  0x08, 0x60, 0x00, 0x28, 0x16, 0xd0, 0x13, 0x48, 0x01, 0xaa, 0x11, 0x46, 0x38, 0xc8, 0x38, 0xc1, 
  0x38, 0xc8, 0x38, 0xc1, 0x38, 0xc8, 0x38, 0xc1, 0x0f, 0x48, 0x00, 0x24, 0x21, 0x46, 0x02, 0xf0, 
  0xe7, 0xf8, 0x0e, 0x49, 0x08, 0x60, 0x00, 0x28, 0x09, 0xd0, 0x0d, 0x48, 0x02, 0xf0, 0xb4, 0xfa, 
  0x01, 0x24, 0x07, 0xe0, 0x0f, 0xa0, 0x02, 0xf0, 0x35, 0xff, 0x00, 0x24, 0x02, 0xe0, 0x09, 0xa0, 
  0x02, 0xf0, 0x30, 0xff, 0x20, 0x46, 0x10, 0xb0, 0xb0, 0xbd, 0xc0, 0x46, 0xd4, 0x76, 0x00, 0x20, 
  0x4c, 0xa2, 0x00, 0x20, 0xb0, 0x76, 0x00, 0x20, 0x65, 0x48, 0x00, 0x20, 0x14, 0xa2, 0x00, 0x20, 
  0xcd, 0x65, 0x00, 0x20, 0x6c, 0x6c, 0x63, 0x54, 0x61, 0x73, 0x6b, 0x49, 0x64, 0x20, 0x4e, 0x55, 
  0x4c, 0x4c, 0x00, 0x00, 0x6c, 0x6c, 0x63, 0x54, 0x61, 0x73, 0x6b, 0x4d, 0x73, 0x67, 0x51, 0x75, 
  0x65, 0x75, 0x65, 0x49, 0x64, 0x20, 0x4e, 0x55, 0x4c, 0x4c, 0x00, 0x00, 0x03, 0x48, 0x04, 0x49, 
  0x01, 0x60, 0x04, 0x48, 0x04, 0x49, 0x01, 0x60, 0x70, 0x47, 0xc0, 0x46, 0x30, 0x0b, 0x00, 0x20, 
  0x81, 0x66, 0x00, 0x20, 0x2c, 0x0b, 0x00, 0x20, 0x45, 0x49, 0x00, 0x20, 0x10, 0xb5, 0x82, 0xb0, 
  0x04, 0x46, 0x0d, 0x48, 0x01, 0x68, 0x00, 0x29, 0x0b, 0xd0, 0x0c, 0x48, 0x02, 0x88, 0x0b, 0x68, 
  0x9c, 0x54, 0x8b, 0x88, 0x51, 0x1c, 0x8a, 0xb2, 0x9a, 0x42, 0x00, 0xd3, 0x00, 0x21, 0x01, 0x80, 
  0x06, 0xe0, 0x01, 0xa9, 0x0c, 0x70, 0x06, 0x48, 0x00, 0x68, 0x01, 0x22, 0x02, 0xf0, 0x62, 0xfa, 
  0x20, 0x46, 0x02, 0xb0, 0x10, 0xbd, 0xc0, 0x46, 0x9c, 0xb5, 0x00, 0x20, 0x9c, 0xb6, 0x00, 0x20, 
  0xa4, 0xb5, 0x00, 0x20, 0x01, 0x48, 0x02, 0x49, 0x01, 0x60, 0x70, 0x47, 0x28, 0x0b, 0x00, 0x20, 
  0x55, 0x48, 0x00, 0x20, 0x80, 0xb5, 0xfe, 0xf7, 0x15, 0xff, 0x96, 0x20, 0x01, 0xf0, 0xf8, 0xff, 
  0x80, 0xbd, 0x00, 0x00, 0x82, 0xb0, 0x0a, 0x4d, 0x0a, 0xa4, 0x03, 0xe0, 0x01, 0x46, 0x20, 0x46, 
  0x02, 0xf0, 0x6e, 0xfc, 0x28, 0x68, 0x00, 0x22, 0xd3, 0x43, 0x69, 0x46, 0x02, 0xf0, 0x7e, 0xf8, 
  0x00, 0x28, 0xf3, 0xd1, 0x01, 0x99, 0x00, 0x98, 0x02, 0xf0, 0x3a, 0xfa, 0xf2, 0xe7, 0xc0, 0x46, 
  0x4c, 0xa2, 0x00, 0x20, 0x6c, 0x6c, 0x63, 0x5f, 0x74, 0x61, 0x73, 0x6b, 0x20, 0x67, 0x65, 0x74, 
  0x20, 0x6d, 0x73, 0x67, 0x20, 0x66, 0x61, 0x69, 0x6c, 0x65, 0x64, 0x3a, 0x25, 0x75, 0x0a, 0x00, 
  0x80, 0xb5, 0xfe, 0xf7, 0x13, 0xff, 0x02, 0xf0, 0x29, 0xfa, 0x80, 0xbd, 0x10, 0xb5, 0x00, 0x24, 
  0xff, 0xf7, 0xbc, 0xfd, 0x00, 0x28, 0x08, 0xd0, 0xfe, 0xf7, 0xce, 0xfe, 0x00, 0x28, 0x04, 0xd0, 
  0xfe, 0xf7, 0x80, 0xfe, 0x02, 0xf0, 0x20, 0xfa, 0x01, 0x24, 0x20, 0x46, 0x10, 0xbd, 0x00, 0x00, 
  0x10, 0xb5, 0x09, 0x4b, 0x19, 0x60, 0x09, 0x49, 0x08, 0x70, 0x09, 0x48, 0x02, 0x60, 0x01, 0x20, 
  0x00, 0x24, 0x21, 0x46, 0x02, 0xf0, 0x16, 0xfa, 0x03, 0x21, 0x0a, 0x22, 0x05, 0x23, 0x20, 0x46, 
  0x02, 0xf0, 0x02, 0xf9, 0x10, 0xbd, 0xc0, 0x46, 0x60, 0xdd, 0x00, 0x20, 0x90, 0xb5, 0x00, 0x20, 
  0x5c, 0xdd, 0x00, 0x20, 0x8a, 0xb0, 0x09, 0x48, 0x01, 0xac, 0x21, 0x46, 0x2c, 0xc8, 0x2c, 0xc1, 
  0x2c, 0xc8, 0x2c, 0xc1, 0x2c, 0xc8, 0x2c, 0xc1, 0x02, 0xf0, 0x02, 0xfa, 0x04, 0x48, 0x00, 0x21, 
  0x22, 0x46, 0x02, 0xf0, 0x05, 0xf8, 0x02, 0xf0, 0x01, 0xfa, 0xfe, 0xe7, 0xec, 0x76, 0x00, 0x20, 
  0x59, 0x37, 0x00, 0x20, 0x0c, 0x46, 0x05, 0x46, 0xfe, 0xf7, 0xc8, 0xfe, 0x06, 0xa0, 0x02, 0xf0, 
  0x51, 0xfe, 0x09, 0xa0, 0x29, 0x46, 0x02, 0xf0, 0xfb, 0xfb, 0x0c, 0xa0, 0x21, 0x46, 0x02, 0xf0, 
  0xf7, 0xfb, 0xfe, 0xf7, 0x8f, 0xfe, 0xfe, 0xe7, 0x6f, 0x73, 0x20, 0x65, 0x72, 0x72, 0x20, 0x6f, 
  0x63, 0x63, 0x75, 0x72, 0x73, 0x00, 0x00, 0x00, 0x63, 0x6f, 0x64, 0x65, 0x20, 0x20, 0x20, 0x20, 
  0x20, 0x3a, 0x20, 0x30, 0x78, 0x25, 0x30, 0x38, 0x58, 0x0a, 0x00, 0x00, 0x6f, 0x62, 0x6a, 0x65, 
  0x63, 0x74, 0x5f, 0x69, 0x64, 0x3a, 0x20, 0x30, 0x78, 0x25, 0x30, 0x38, 0x58, 0x0a, 0x00, 0x00, 
  0xf0, 0xb5, 0x83, 0xb0, 0x1c, 0x46, 0x16, 0x46, 0x0f, 0x46, 0x02, 0x90, 0x09, 0x89, 0x13, 0x48, 
  0x08, 0x9d, 0x2a, 0x46, 0x02, 0xf0, 0x5a, 0xf8, 0xf8, 0x88, 0xc0, 0x05, 0x13, 0xd4, 0x02, 0x94, 
  0x3c, 0x8a, 0x0e, 0x48, 0x40, 0x1c, 0x21, 0x46, 0x32, 0x46, 0x02, 0xf0, 0x4f, 0xf8, 0xa0, 0x1b, 
  0x81, 0xb2, 0xa9, 0x42, 0x00, 0xd8, 0x05, 0x46, 0xaa, 0xb2, 0x78, 0x69, 0x81, 0x19, 0x02, 0x98, 
  0xfe, 0xf7, 0x24, 0xfc, 0x07, 0xe0, 0x39, 0x89, 0x00, 0x95, 0x02, 0x98, 0x32, 0x46, 0x23, 0x46, 
  0x00, 0xf0, 0x1a, 0xfd, 0x05, 0x46, 0xa8, 0xb2, 0x03, 0xb0, 0xf0, 0xbd, 0x15, 0x51, 0x00, 0x00, 
  0xf0, 0xb5, 0x85, 0xb0, 0x1d, 0x46, 0x16, 0x46, 0x0f, 0x46, 0x01, 0x21, 0x01, 0x70, 0x14, 0x78, 
  0x38, 0x46, 0x02, 0xf0, 0x99, 0xf9, 0x00, 0x28, 0x00, 0xd1, 0x6e, 0xe0, 0x00, 0x97, 0x01, 0x95, 
  0x07, 0x46, 0xc8, 0x37, 0x9d, 0x49, 0x05, 0x46, 0x48, 0x1c, 0x21, 0x46, 0x01, 0xf0, 0xa0, 0xff, 
  0xd8, 0x35, 0x02, 0x95, 0x60, 0x1e, 0x51, 0x28, 0x00, 0xd9, 0xd9, 0xe0, 0x40, 0x00, 0xc0, 0x46, 
  0x78, 0x44, 0x80, 0x88, 0x40, 0x00, 0x87, 0x44, 0x51, 0x00, 0x5d, 0x00, 0x6f, 0x00, 0x95, 0x00, 
  0x9a, 0x00, 0xa1, 0x00, 0xa7, 0x00, 0xae, 0x00, 0xb4, 0x00, 0xbb, 0x00, 0xc0, 0x00, 0xc7, 0x00, 
  0xcc, 0x00, 0xd3, 0x00, 0xd3, 0x00, 0xd9, 0x00, 0xdf, 0x00, 0xe6, 0x00, 0xec, 0x00, 0xd3, 0x00, 
  0xd3, 0x00, 0xf3, 0x00, 0xf9, 0x00, 0x00, 0x01, 0x05, 0x01, 0xd3, 0x00, 0x0c, 0x01, 0xd3, 0x00, 
  0x13, 0x01, 0x1a, 0x01, 0xd3, 0x00, 0xd3, 0x00, 0xd3, 0x00, 0xd3, 0x00, 0xd3, 0x00, 0xd3, 0x00, 
  0xd3, 0x00, 0xd3, 0x00, 0xd3, 0x00, 0xd3, 0x00, 0xd3, 0x00, 0xd3, 0x00, 0xd3, 0x00, 0xd3, 0x00, 
  0xd3, 0x00, 0xd3, 0x00, 0xd3, 0x00, 0xd3, 0x00, 0xd3, 0x00, 0xd3, 0x00, 0xd3, 0x00, 0xd3, 0x00, 
  0xd3, 0x00, 0xd3, 0x00, 0xd3, 0x00, 0xd3, 0x00, 0xd3, 0x00, 0xd3, 0x00, 0xd3, 0x00, 0xd3, 0x00, 
  0xd3, 0x00, 0xd3, 0x00, 0xd3, 0x00, 0xd3, 0x00, 0xd3, 0x00, 0xd3, 0x00, 0xd3, 0x00, 0xd3, 0x00, 
  0xd3, 0x00, 0xd3, 0x00, 0xd3, 0x00, 0xd3, 0x00, 0xd3, 0x00, 0xd3, 0x00, 0xd3, 0x00, 0xd3, 0x00, 
  0xd3, 0x00, 0xd3, 0x00, 0xd3, 0x00, 0xd3, 0x00, 0xd3, 0x00, 0x1e, 0x01, 0x02, 0x9c, 0x20, 0x46, 
  0x31, 0x46, 0x01, 0x9a, 0x02, 0xf0, 0x2e, 0xf9, 0xcb, 0xe0, 0x68, 0x48, 0x01, 0xf0, 0x32, 0xff, 
  0x05, 0xb0, 0xf0, 0xbd, 0x38, 0x46, 0x31, 0x46, 0x02, 0xf0, 0x2a, 0xf9, 0x00, 0x28, 0x02, 0x9c, 
  0x00, 0xd0, 0xbe, 0xe0, 0x04, 0xa9, 0x00, 0x98, 0x08, 0x80, 0x38, 0x88, 0x48, 0x80, 0x0a, 0x20, 
  0x04, 0x22, 0x02, 0xf0, 0x23, 0xf9, 0xb4, 0xe0, 0x01, 0x21, 0x30, 0x46, 0x02, 0xf0, 0x24, 0xf9, 
  0x7a, 0x88, 0x90, 0x42, 0x01, 0x46, 0x00, 0xd3, 0x11, 0x46, 0x3a, 0x88, 0x91, 0x42, 0x02, 0xd2, 
  0x17, 0x29, 0x00, 0xd3, 0x39, 0x80, 0x3a, 0x78, 0x54, 0x49, 0x8b, 0x1c, 0xc1, 0xb2, 0x18, 0x46, 
  0x01, 0xf0, 0x74, 0xff, 0x02, 0x20, 0xb8, 0x71, 0x39, 0x88, 0x00, 0x9c, 0x20, 0x46, 0x02, 0xf0, 
  0x11, 0xf9, 0x03, 0xa9, 0x0c, 0x80, 0x38, 0x88, 0x48, 0x80, 0x0a, 0x20, 0x04, 0x22, 0x02, 0xf0, 
  0xfd, 0xf8, 0x8d, 0xe0, 0x38, 0x46, 0x31, 0x46, 0x02, 0xf0, 0x0a, 0xf9, 0x88, 0xe0, 0x02, 0x9c, 
  0x20, 0x46, 0x31, 0x46, 0x01, 0x9a, 0x02, 0xf0, 0x09, 0xf9, 0x82, 0xe0, 0x38, 0x46, 0x31, 0x46, 
  0x01, 0x9a, 0x02, 0xf0, 0x09, 0xf9, 0x7b, 0xe0, 0x02, 0x9c, 0x20, 0x46, 0x31, 0x46, 0x01, 0x9a, 
  0x02, 0xf0, 0x08, 0xf9, 0x75, 0xe0, 0x38, 0x46, 0x31, 0x46, 0x01, 0x9a, 0x00, 0xf0, 0x22, 0xfa, 
  0x6e, 0xe0, 0x02, 0x9c, 0x20, 0x46, 0x31, 0x46, 0x01, 0x9a, 0x02, 0xf0, 0x01, 0xf9, 0x68, 0xe0, 
  0x38, 0x46, 0x31, 0x46, 0x00, 0xf0, 0x0c, 0xfb, 0x62, 0xe0, 0x02, 0x9c, 0x20, 0x46, 0x31, 0x46, 
  0x01, 0x9a, 0x02, 0xf0, 0xfb, 0xf8, 0x5c, 0xe0, 0x38, 0x46, 0x31, 0x46, 0x00, 0xf0, 0x9c, 0xf9, 
  0x56, 0xe0, 0x02, 0x9c, 0x20, 0x46, 0x31, 0x46, 0x01, 0x9a, 0x02, 0xf0, 0xf5, 0xf8, 0x50, 0xe0, 
  0x06, 0x22, 0x38, 0x46, 0x21, 0x46, 0x02, 0xf0, 0xf5, 0xf8, 0x49, 0xe0, 0x38, 0x46, 0x31, 0x46, 
  0x01, 0x9a, 0x02, 0xf0, 0xf5, 0xf8, 0x43, 0xe0, 0x02, 0x9c, 0x20, 0x46, 0x31, 0x46, 0x01, 0x9a, 
  0x02, 0xf0, 0xf4, 0xf8, 0x3d, 0xe0, 0x38, 0x46, 0x31, 0x46, 0x01, 0x9a, 0x00, 0xf0, 0x78, 0xfb, 
  0x36, 0xe0, 0x02, 0x9c, 0x20, 0x46, 0x31, 0x46, 0x01, 0x9a, 0x02, 0xf0, 0xed, 0xf8, 0x30, 0xe0, 
  0x38, 0x46, 0x31, 0x46, 0x01, 0x9a, 0x00, 0xf0, 0x07, 0xf9, 0x29, 0xe0, 0x02, 0x9c, 0x20, 0x46, 
  0x31, 0x46, 0x01, 0x9a, 0x02, 0xf0, 0xe6, 0xf8, 0x23, 0xe0, 0x38, 0x46, 0x31, 0x46, 0x00, 0xf0, 
  0xc9, 0xf8, 0x1d, 0xe0, 0x02, 0x9c, 0x20, 0x46, 0x31, 0x46, 0x01, 0x9a, 0x02, 0xf0, 0xe0, 0xf8, 
  0x17, 0xe0, 0x02, 0x9c, 0x20, 0x46, 0x31, 0x46, 0x01, 0x9a, 0x02, 0xf0, 0xdf, 0xf8, 0x10, 0xe0, 
  0x02, 0x9c, 0x20, 0x46, 0x31, 0x46, 0x01, 0x9a, 0x02, 0xf0, 0xde, 0xf8, 0x09, 0xe0, 0x38, 0x46, 
  0x00, 0xf0, 0x0a, 0xfb, 0x04, 0xe0, 0x38, 0x46, 0x31, 0x46, 0x01, 0x9a, 0x00, 0xf0, 0x13, 0xfb, 
  0x02, 0x9c, 0x20, 0x46, 0x02, 0xf0, 0xd6, 0xf8, 0x05, 0xb0, 0xf0, 0xbd, 0x14, 0x52, 0x00, 0x00, 
  0x01, 0x48, 0x02, 0x49, 0x41, 0x60, 0x70, 0x47, 0xbc, 0x0a, 0x00, 0x20, 0x01, 0x4a, 0x00, 0x20, 
  0x10, 0xb5, 0x0c, 0x46, 0xc9, 0x88, 0xc9, 0x05, 0x03, 0xd5, 0x21, 0x89, 0x00, 0xf0, 0x9c, 0xfb, 
  0x20, 0x82, 0x10, 0xbd, 0x01, 0x48, 0x02, 0x49, 0x01, 0x61, 0x70, 0x47, 0x64, 0x09, 0x00, 0x20, 
  0xd5, 0x4c, 0x00, 0x20, 0x01, 0x21, 0x01, 0x70, 0x00, 0x48, 0x70, 0x47, 0xff, 0xff, 0x00, 0x00, 
  0x80, 0xb5, 0x11, 0x48, 0x01, 0xf0, 0x64, 0xff, 0x10, 0x48, 0x01, 0xf0, 0x67, 0xff, 0x10, 0x48, 
  0x01, 0xf0, 0x6a, 0xff, 0x0f, 0x48, 0x01, 0xf0, 0x6d, 0xff, 0x0f, 0x48, 0x01, 0xf0, 0x70, 0xff, 
  0x01, 0xf0, 0x50, 0xf9, 0x00, 0xf0, 0x80, 0xff, 0x00, 0xf0, 0x68, 0xff, 0x00, 0xf0, 0xd2, 0xfb, 
  0x00, 0xf0, 0x6a, 0xff, 0x00, 0xf0, 0x48, 0xff, 0x00, 0xf0, 0xd2, 0xfb, 0xff, 0xf7, 0xd2, 0xff, 
  0xff, 0xf7, 0xbe, 0xff, 0x80, 0xbd, 0xc0, 0x46, 0xbd, 0x5f, 0x00, 0x20, 0x89, 0x60, 0x00, 0x20, 
  0xf5, 0x5f, 0x00, 0x20, 0xe5, 0x60, 0x00, 0x20, 0x51, 0x60, 0x00, 0x20, 0xb0, 0xb5, 0x01, 0x46, 
  0x26, 0x4a, 0x10, 0x88, 0x00, 0x28, 0x10, 0xd0, 0x13, 0x88, 0x25, 0x4a, 0x14, 0x68, 0x00, 0x22, 
  0x04, 0xe0, 0x08, 0x34, 0x52, 0x1c, 0x9a, 0x42, 0x18, 0x46, 0x08, 0xd2, 0x25, 0x88, 0x8d, 0x42, 
  0xf7, 0xd8, 0x65, 0x88, 0x8d, 0x42, 0xf4, 0xd3, 0x02, 0xe0, 0x00, 0x22, 0x00, 0xe0, 0x18, 0x46, 
  0xd1, 0x00, 0x1b, 0x4b, 0x1b, 0x68, 0x59, 0x18, 0x49, 0x68, 0x00, 0x29, 0x00, 0xd0, 0x10, 0x46, 
  0xb0, 0xbd, 0xc0, 0x46, 0xf0, 0xb5, 0x81, 0xb0, 0x13, 0x4d, 0x00, 0x28, 0x1f, 0xd0, 0x00, 0x2a, 
  0x1d, 0xd0, 0x0c, 0x46, 0x00, 0x29, 0x1a, 0xd0, 0x00, 0x2b, 0x18, 0xd0, 0x0f, 0x49, 0x0b, 0x80, 
  0x0f, 0x49, 0x0a, 0x60, 0x00, 0x21, 0x0f, 0x46, 0x0e, 0x46, 0xff, 0x00, 0xd1, 0x51, 0x76, 0x1c, 
  0xf7, 0xb2, 0x9f, 0x42, 0xf9, 0xd3, 0x00, 0x22, 0x00, 0x92, 0x21, 0x46, 0x13, 0x46, 0x02, 0xf0, 
  0x47, 0xf8, 0x68, 0x1c, 0x21, 0x46, 0x01, 0xf0, 0xd3, 0xfd, 0x01, 0xb0, 0xf0, 0xbd, 0x28, 0x46, 
  0x01, 0xf0, 0xc8, 0xfd, 0x01, 0xb0, 0xf0, 0xbd, 0x97, 0x52, 0x00, 0x00, 0xc0, 0xa1, 0x00, 0x20, 
  0xc4, 0xa1, 0x00, 0x20, 0x70, 0xb5, 0x82, 0xb0, 0x0e, 0x46, 0x04, 0x46, 0x10, 0x20, 0x02, 0xf0, 
  0x35, 0xf8, 0x00, 0x28, 0x0a, 0xd0, 0x05, 0x46, 0x61, 0x89, 0xa0, 0x88, 0x72, 0x78, 0x00, 0x23, 
  0x00, 0x93, 0x01, 0x93, 0x01, 0x2a, 0x06, 0xd0, 0x03, 0x22, 0x05, 0xe0, 0x0d, 0x48, 0x01, 0xf0, 
  0xa9, 0xfd, 0x02, 0xb0, 0x70, 0xbd, 0x02, 0x22, 0x00, 0xf0, 0x26, 0xfb, 0x01, 0x06, 0x07, 0xd0, 
  0xc3, 0xb2, 0x18, 0x21, 0x00, 0x22, 0x28, 0x46, 0x02, 0xf0, 0x1e, 0xf8, 0x02, 0x46, 0x02, 0xe0, 
  0x19, 0x20, 0x28, 0x70, 0x01, 0x22, 0xa0, 0x88, 0x29, 0x46, 0x02, 0xf0, 0x1b, 0xf8, 0x02, 0xb0, 
  0x70, 0xbd, 0xc0, 0x46, 0x23, 0x51, 0x00, 0x00, 0xf0, 0xb5, 0x8b, 0xb0, 0x04, 0x92, 0x0c, 0x46, 
  0x05, 0x46, 0x01, 0x21, 0x20, 0x46, 0x01, 0xf0, 0x8f, 0xff, 0x07, 0x46, 0x03, 0x21, 0x20, 0x46, 
  0x01, 0xf0, 0x8a, 0xff, 0x03, 0x90, 0x2e, 0x46, 0x28, 0x88, 0x00, 0x1d, 0x80, 0xb2, 0x01, 0xf0, 
  0xf5, 0xff, 0x00, 0x28, 0x13, 0xd0, 0x05, 0x46, 0x05, 0xa8, 0x39, 0x46, 0x02, 0xf0, 0x00, 0xf8, 
  0x00, 0x28, 0x11, 0xd0, 0x05, 0xa8, 0xc0, 0x88, 0x01, 0x07, 0x01, 0xd5, 0xc0, 0x05, 0x12, 0xd4, 
  0x16, 0x21, 0x28, 0x46, 0x3a, 0x46, 0x01, 0xf0, 0xf9, 0xff, 0x02, 0x46, 0x28, 0xe0, 0x1d, 0x48, 
  0x01, 0xf0, 0x60, 0xfd, 0x0b, 0xb0, 0xf0, 0xbd, 0x16, 0x21, 0x28, 0x46, 0x3a, 0x46, 0x01, 0xf0, 
  0xf3, 0xff, 0x02, 0x46, 0x1c, 0xe0, 0x05, 0xa9, 0x30, 0x46, 0x01, 0xf0, 0xf3, 0xff, 0x00, 0x28, 
  0x01, 0xd0, 0x03, 0x46, 0x0e, 0xe0, 0xb0, 0x88, 0x04, 0x99, 0x49, 0x1f, 0x89, 0xb2, 0x62, 0x1d, 
  0x00, 0x92, 0x01, 0x91, 0x01, 0x22, 0x39, 0x46, 0x03, 0x9b, 0x00, 0xf0, 0xc5, 0xfa, 0x01, 0x06, 
  0x0c, 0xd0, 0xc3, 0xb2, 0x16, 0x21, 0x28, 0x46, 0x3a, 0x46, 0x01, 0xf0, 0xbd, 0xff, 0x02, 0x46, 
  0xb0, 0x88, 0x29, 0x46, 0x01, 0xf0, 0xbe, 0xff, 0x0b, 0xb0, 0xf0, 0xbd, 0x28, 0x46, 0x21, 0x46, 
  0x04, 0x9c, 0x22, 0x46, 0xfe, 0xf7, 0x92, 0xf9, 0x17, 0x20, 0x28, 0x70, 0x77, 0x81, 0x22, 0x46, 
  0xee, 0xe7, 0xc0, 0x46, 0x22, 0x51, 0x00, 0x00, 0xf0, 0xb5, 0x89, 0xb0, 0x0d, 0x46, 0x04, 0x46, 
  0x01, 0x21, 0x28, 0x46, 0x01, 0xf0, 0x28, 0xff, 0x06, 0x46, 0x03, 0x21, 0x28, 0x46, 0x01, 0xf0, 
  0x23, 0xff, 0x02, 0x90, 0x03, 0xa8, 0x31, 0x46, 0x01, 0xf0, 0xa2, 0xff, 0x07, 0x46, 0x20, 0x88, 
  0x00, 0x1d, 0x80, 0xb2, 0x01, 0xf0, 0x8a, 0xff, 0x00, 0x28, 0x0c, 0xd0, 0x05, 0x46, 0x00, 0x2f, 
  0x0e, 0xd0, 0x03, 0xa8, 0xc0, 0x88, 0x80, 0x07, 0x10, 0xd4, 0x0c, 0x21, 0x28, 0x46, 0x32, 0x46, 
  0x01, 0xf0, 0xa6, 0xff, 0x3b, 0xe0, 0x22, 0x48, 0x01, 0xf0, 0xfc, 0xfc, 0x09, 0xb0, 0xf0, 0xbd, 
  0x0c, 0x21, 0x28, 0x46, 0x32, 0x46, 0x01, 0xf0, 0x8f, 0xff, 0x30, 0xe0, 0x03, 0xa9, 0x20, 0x46, 
  0x01, 0xf0, 0x90, 0xff, 0x00, 0x28, 0x06, 0xd0, 0x03, 0x46, 0x0c, 0x21, 0x28, 0x46, 0x32, 0x46, 
  0x01, 0xf0, 0x6a, 0xff, 0x23, 0xe0, 0xa0, 0x88, 0x03, 0xaf, 0x39, 0x46, 0xff, 0xf7, 0x88, 0xfe, 
  0x38, 0x8a, 0x02, 0x9a, 0x82, 0x42, 0x05, 0xd9, 0x0c, 0x21, 0x28, 0x46, 0x32, 0x46, 0x01, 0xf0, 
  0x85, 0xff, 0x14, 0xe0, 0x80, 0x1a, 0x41, 0x1c, 0x20, 0x88, 0x81, 0x42, 0x03, 0xdd, 0x10, 0x18, 
  0x40, 0x1e, 0x03, 0xa9, 0x08, 0x82, 0x07, 0x98, 0x80, 0x1a, 0x81, 0xb2, 0xa0, 0x88, 0x00, 0x91, 
  0x6b, 0x1c, 0x03, 0xa9, 0xff, 0xf7, 0xe4, 0xfc, 0x0d, 0x21, 0x29, 0x70, 0x40, 0x1c, 0xa1, 0x88, 
  0x82, 0xb2, 0x08, 0x46, 0x29, 0x46, 0x01, 0xf0, 0x45, 0xff, 0x09, 0xb0, 0xf0, 0xbd, 0xc0, 0x46, 
  0x1f, 0x51, 0x00, 0x00, 0xf0, 0xb5, 0x91, 0xb0, 0x14, 0x46, 0x0e, 0x46, 0x07, 0x46, 0x01, 0x21, 
  0x30, 0x46, 0x09, 0x91, 0x01, 0xf0, 0xb8, 0xfe, 0x05, 0x46, 0x03, 0x21, 0x30, 0x46, 0x01, 0xf0, 
  0xb3, 0xfe, 0x02, 0x46, 0x71, 0x48, 0x0a, 0x95, 0x29, 0x46, 0x05, 0x46, 0x08, 0x92, 0x01, 0xf0, 
  0x25, 0xfd, 0x72, 0x79, 0x68, 0x1c, 0x21, 0x46, 0x01, 0xf0, 0x20, 0xfd, 0x07, 0x97, 0x38, 0x88, 
  0x00, 0x1d, 0x80, 0xb2, 0x01, 0xf0, 0x12, 0xff, 0x00, 0x28, 0x04, 0xd0, 0x07, 0x46, 0x08, 0x2c, 
  0x06, 0xd3, 0x10, 0x20, 0x05, 0xe0, 0xa8, 0x1c, 0x01, 0xf0, 0x8c, 0xfc, 0x11, 0xb0, 0xf0, 0xbd, 
  0x02, 0x20, 0x06, 0x90, 0x0a, 0x9a, 0x08, 0x99, 0x50, 0x1e, 0x80, 0xb2, 0x88, 0x42, 0x0a, 0xd2, 
  0x70, 0x1d, 0x05, 0x90, 0x0b, 0xa8, 0x01, 0xf0, 0x2f, 0xff, 0x00, 0x26, 0x03, 0x96, 0x02, 0x96, 
  0x09, 0x98, 0x04, 0x90, 0x0f, 0xe0, 0x08, 0x21, 0x38, 0x46, 0x01, 0xf0, 0x0d, 0xff, 0x9e, 0xe0, 
  0x0b, 0xa9, 0x07, 0x9c, 0x20, 0x46, 0x01, 0xf0, 0x0d, 0xff, 0x00, 0x28, 0x34, 0xd0, 0x03, 0x90, 
  0x09, 0x9c, 0x00, 0x2c, 0x75, 0xd1, 0x0b, 0xa8, 0x01, 0xf0, 0x1c, 0xff, 0x00, 0x28, 0x70, 0xd0, 
  0x0b, 0xac, 0x20, 0x46, 0x01, 0xf0, 0x1c, 0xff, 0x22, 0x89, 0xa1, 0x88, 0xe8, 0x1c, 0x01, 0xf0, 
  0xdd, 0xfc, 0x0e, 0x98, 0x01, 0x78, 0x40, 0x78, 0x00, 0x02, 0x40, 0x18, 0x82, 0xb2, 0xe1, 0x88, 
  0x28, 0x1d, 0x01, 0xf0, 0xd3, 0xfc, 0x20, 0x89, 0x00, 0x28, 0xe1, 0xd0, 0x00, 0x24, 0x0a, 0x99, 
  0x88, 0x42, 0xde, 0xd3, 0x08, 0x99, 0x88, 0x42, 0xda, 0xd8, 0x0b, 0xa8, 0x05, 0x99, 0x06, 0x9a, 
  0x01, 0xf0, 0x04, 0xff, 0x00, 0x28, 0xd4, 0xd0, 0x0b, 0xa8, 0xc0, 0x88, 0x80, 0x07, 0xc7, 0xd4, 
  0x30, 0x04, 0xce, 0xd1, 0x0d, 0x9e, 0xcc, 0xe7, 0xa0, 0x88, 0x0b, 0xa9, 0xff, 0xf7, 0xd8, 0xfd, 
  0x0f, 0x98, 0x80, 0x1c, 0x04, 0x99, 0x89, 0xb2, 0x00, 0x22, 0x03, 0x92, 0x02, 0x29, 0x04, 0xd3, 
  0x82, 0xb2, 0x02, 0x9b, 0x9b, 0xb2, 0x93, 0x42, 0xba, 0xd1, 0x01, 0x29, 0x03, 0xd1, 0x78, 0x70, 
  0x04, 0x9b, 0x5b, 0x1c, 0x01, 0xe0, 0x04, 0x9b, 0x02, 0x98, 0x02, 0x90, 0x80, 0xb2, 0x99, 0xb2, 
  0x0a, 0x18, 0x20, 0x88, 0x82, 0x42, 0x04, 0x93, 0x06, 0xd9, 0x02, 0x29, 0xa8, 0xd8, 0x00, 0x1f, 
  0x0b, 0xaa, 0x10, 0x82, 0x80, 0x1c, 0x78, 0x70, 0x0b, 0xac, 0x22, 0x89, 0x38, 0x46, 0x01, 0xf0, 
  0xd3, 0xfe, 0x07, 0x98, 0x80, 0x88, 0x21, 0x8a, 0x00, 0x91, 0x04, 0x99, 0x89, 0x1c, 0x04, 0x91, 
  0x89, 0xb2, 0x7b, 0x18, 0x00, 0x22, 0x03, 0x92, 0x21, 0x46, 0xff, 0xf7, 0x19, 0xfc, 0x04, 0x46, 
  0x68, 0x1d, 0x21, 0x46, 0x01, 0xf0, 0xfc, 0xfb, 0x04, 0x98, 0x20, 0x18, 0x04, 0x90, 0x03, 0x9c, 
  0x87, 0xe7, 0x04, 0x99, 0x88, 0xb2, 0x02, 0x28, 0x02, 0xd3, 0x09, 0x20, 0x38, 0x70, 0x17, 0xe0, 
  0x03, 0x99, 0x08, 0x06, 0x06, 0xd0, 0xcb, 0xb2, 0x08, 0x21, 0x38, 0x46, 0x0a, 0x9a, 0x01, 0xf0, 
  0x63, 0xfe, 0x0c, 0xe0, 0x30, 0x04, 0x05, 0xd0, 0xb2, 0xb2, 0x08, 0x21, 0x38, 0x46, 0x01, 0xf0, 
  0x7f, 0xfe, 0x04, 0xe0, 0x08, 0x21, 0x38, 0x46, 0x0a, 0x9a, 0x01, 0xf0, 0xa3, 0xfe, 0x01, 0x46, 
  0xa8, 0x1d, 0x8c, 0xb2, 0x21, 0x46, 0x01, 0xf0, 0xd3, 0xfb, 0x07, 0x98, 0x80, 0x88, 0x39, 0x46, 
  0x22, 0x46, 0x01, 0xf0, 0x4f, 0xfe, 0x11, 0xb0, 0xf0, 0xbd, 0xc0, 0x46, 0x17, 0x51, 0x00, 0x00, 
  0xf0, 0xb5, 0x87, 0xb0, 0x0a, 0x46, 0x04, 0x46, 0x01, 0x21, 0x10, 0x46, 0x01, 0xf0, 0xc4, 0xfd, 
  0x06, 0x46, 0x01, 0xa8, 0x31, 0x46, 0x01, 0xf0, 0x43, 0xfe, 0x07, 0x46, 0x20, 0x88, 0x00, 0x1d, 
  0x80, 0xb2, 0x01, 0xf0, 0x2b, 0xfe, 0x00, 0x28, 0x0c, 0xd0, 0x05, 0x46, 0x00, 0x2f, 0x0e, 0xd0, 
  0x01, 0xa8, 0xc0, 0x88, 0x80, 0x07, 0x10, 0xd4, 0x0a, 0x21, 0x28, 0x46, 0x32, 0x46, 0x01, 0xf0, 
  0x47, 0xfe, 0x2e, 0xe0, 0x1b, 0x48, 0x01, 0xf0, 0x9d, 0xfb, 0x07, 0xb0, 0xf0, 0xbd, 0x0a, 0x21, 
  0x28, 0x46, 0x32, 0x46, 0x01, 0xf0, 0x30, 0xfe, 0x23, 0xe0, 0x01, 0xa9, 0x20, 0x46, 0x01, 0xf0, 
  0x31, 0xfe, 0x00, 0x28, 0x06, 0xd0, 0x03, 0x46, 0x0a, 0x21, 0x28, 0x46, 0x32, 0x46, 0x01, 0xf0, 
  0x0b, 0xfe, 0x16, 0xe0, 0xa0, 0x88, 0x01, 0xae, 0x31, 0x46, 0xff, 0xf7, 0x29, 0xfd, 0x20, 0x88, 
  0x31, 0x8a, 0x81, 0x42, 0x02, 0xd3, 0x40, 0x1e, 0x01, 0xa9, 0x08, 0x82, 0xa0, 0x88, 0x01, 0xa9, 
  0x0a, 0x8a, 0x00, 0x92, 0x6b, 0x1c, 0x00, 0x22, 0xff, 0xf7, 0x92, 0xfb, 0x0b, 0x21, 0x29, 0x70, 
  0x40, 0x1c, 0xa1, 0x88, 0x82, 0xb2, 0x08, 0x46, 0x29, 0x46, 0x01, 0xf0, 0xf3, 0xfd, 0x07, 0xb0, 
  0xf0, 0xbd, 0xc0, 0x46, 0x1e, 0x51, 0x00, 0x00, 0x80, 0xb5, 0x82, 0xb0, 0x01, 0x89, 0x00, 0x29, 
  0x07, 0xd0, 0x00, 0x23, 0x03, 0x81, 0x80, 0x88, 0x00, 0x93, 0x01, 0x93, 0x04, 0x22, 0x00, 0xf0, 
  0xdb, 0xf8, 0x02, 0xb0, 0x80, 0xbd, 0xf0, 0xb5, 0x89, 0xb0, 0x15, 0x46, 0x0c, 0x46, 0x07, 0x46, 
  0x01, 0x21, 0x20, 0x46, 0x01, 0xf0, 0x58, 0xfd, 0x06, 0x46, 0x03, 0xa8, 0x31, 0x46, 0x01, 0xf0, 
  0xd7, 0xfd, 0x00, 0x28, 0x0c, 0xd0, 0x41, 0x20, 0x80, 0x00, 0x03, 0xa9, 0xc9, 0x88, 0x01, 0x40, 
  0x81, 0x42, 0x05, 0xd1, 0x03, 0xa9, 0x38, 0x46, 0x01, 0xf0, 0xdc, 0xfd, 0x00, 0x28, 0x01, 0xd0, 
  0x09, 0xb0, 0xf0, 0xbd, 0xb8, 0x88, 0xe9, 0x1e, 0x89, 0xb2, 0xe2, 0x1c, 0x00, 0x92, 0x01, 0x91, 
  0x00, 0x22, 0x31, 0x46, 0x13, 0x46, 0x00, 0xf0, 0xaf, 0xf8, 0x09, 0xb0, 0xf0, 0xbd, 0x00, 0x00, 
  0xf0, 0xb5, 0x8b, 0xb0, 0x03, 0x92, 0x0c, 0x46, 0x07, 0x46, 0x01, 0x26, 0x08, 0x46, 0x31, 0x46, 
  0x01, 0xf0, 0x2a, 0xfd, 0x01, 0x46, 0x05, 0xa8, 0x04, 0x91, 0x01, 0xf0, 0xa9, 0xfd, 0x05, 0x46, 
  0x10, 0x20, 0x01, 0xf0, 0x93, 0xfd, 0x00, 0x28, 0x0c, 0xd0, 0x00, 0x2d, 0x0f, 0xd0, 0x05, 0xa9, 
  0xca, 0x88, 0x11, 0x07, 0x3d, 0x46, 0x13, 0xd4, 0x12, 0x21, 0x04, 0x46, 0x04, 0x9a, 0x01, 0xf0, 
  0x9d, 0xfd, 0x1a, 0xe0, 0x27, 0x48, 0x01, 0xf0, 0x05, 0xfb, 0x0b, 0xb0, 0xf0, 0xbd, 0x12, 0x21, 
  0x04, 0x46, 0x04, 0x9a, 0x01, 0xf0, 0x98, 0xfd, 0x21, 0x46, 0x06, 0x46, 0x3d, 0x46, 0x0e, 0xe0, 
  0x05, 0xa9, 0xd2, 0x05, 0x11, 0xd4, 0x09, 0x8a, 0xc9, 0x1c, 0x03, 0x9b, 0x99, 0x42, 0x0c, 0xd2, 
  0x12, 0x21, 0x04, 0x46, 0x04, 0x9a, 0x01, 0xf0, 0xc3, 0xfd, 0x21, 0x46, 0x06, 0x46, 0xa8, 0x88, 
  0x32, 0x46, 0x01, 0xf0, 0x6f, 0xfd, 0x0b, 0xb0, 0xf0, 0xbd, 0x00, 0x2a, 0xd4, 0xd5, 0x07, 0x46, 
  0x05, 0xa9, 0x28, 0x46, 0x01, 0xf0, 0x7e, 0xfd, 0x00, 0x28, 0x05, 0xd0, 0x03, 0x46, 0x12, 0x21, 
  0x3c, 0x46, 0x38, 0x46, 0x04, 0x9a, 0x13, 0xe0, 0xa8, 0x88, 0x03, 0x99, 0xc9, 0x1e, 0x89, 0xb2, 
  0xe2, 0x1c, 0x00, 0x92, 0x01, 0x91, 0x00, 0x22, 0x04, 0x9c, 0x21, 0x46, 0x13, 0x46, 0x00, 0xf0, 
  0x4b, 0xf8, 0x01, 0x06, 0x09, 0xd0, 0xc3, 0xb2, 0x12, 0x21, 0x22, 0x46, 0x3c, 0x46, 0x38, 0x46, 
  0x01, 0xf0, 0x42, 0xfd, 0x39, 0x46, 0x06, 0x46, 0xd1, 0xe7, 0x13, 0x20, 0x39, 0x46, 0x38, 0x70, 
  0xcd, 0xe7, 0xc0, 0x46, 0x21, 0x51, 0x00, 0x00, 0xb0, 0xb5, 0x0c, 0x46, 0x05, 0x46, 0x08, 0x46, 
  0xff, 0xf7, 0x9c, 0xfc, 0x01, 0x46, 0x29, 0x48, 0x02, 0x88, 0x00, 0x20, 0x91, 0x42, 0x0a, 0xd0, 
  0xc9, 0x00, 0x27, 0x4a, 0x12, 0x68, 0x51, 0x18, 0x49, 0x68, 0x0a, 0x68, 0x00, 0x2a, 0x02, 0xd0, 
  0x28, 0x46, 0x21, 0x46, 0x90, 0x47, 0xb0, 0xbd, 0xf0, 0xb5, 0x81, 0xb0, 0x1c, 0x46, 0x15, 0x46, 
  0x0e, 0x46, 0x07, 0x46, 0x08, 0x46, 0xff, 0xf7, 0x81, 0xfc, 0x01, 0x46, 0x1b, 0x48, 0x02, 0x88, 
  0x00, 0x20, 0x91, 0x42, 0x0e, 0xd0, 0x23, 0x46, 0xc9, 0x00, 0x19, 0x4a, 0x12, 0x68, 0x51, 0x18, 
  0x49, 0x68, 0x4c, 0x68, 0x00, 0x2c, 0x05, 0xd0, 0x06, 0x98, 0x00, 0x90, 0x38, 0x46, 0x31, 0x46, 
  0x2a, 0x46, 0xa0, 0x47, 0x01, 0xb0, 0xf0, 0xbd, 0xf0, 0xb5, 0x83, 0xb0, 0x1c, 0x46, 0x15, 0x46, 
  0x0e, 0x46, 0x07, 0x46, 0x08, 0x46, 0xff, 0xf7, 0x61, 0xfc, 0x01, 0x46, 0x0b, 0x48, 0x02, 0x88, 
  0x00, 0x20, 0x91, 0x42, 0x10, 0xd0, 0x23, 0x46, 0xc9, 0x00, 0x09, 0x4a, 0x12, 0x68, 0x51, 0x18, 
  0x49, 0x68, 0x8c, 0x68, 0x00, 0x2c, 0x07, 0xd0, 0x09, 0x98, 0x08, 0x99, 0x00, 0x91, 0x01, 0x90, 
  0x38, 0x46, 0x31, 0x46, 0x2a, 0x46, 0xa0, 0x47, 0x03, 0xb0, 0xf0, 0xbd, 0xc0, 0xa1, 0x00, 0x20, 
  0xc4, 0xa1, 0x00, 0x20, 0x08, 0x48, 0x01, 0x49, 0xc1, 0x64, 0x70, 0x47, 0xe5, 0x58, 0x00, 0x20, 
  0x09, 0x20, 0x40, 0x01, 0x04, 0x49, 0x05, 0x4a, 0x0a, 0x50, 0xe2, 0x48, 0x00, 0x21, 0x04, 0x4a, 
  0x02, 0x60, 0x41, 0x60, 0x70, 0x47, 0xc0, 0x46, 0x50, 0x0b, 0x00, 0x20, 0x21, 0x61, 0x00, 0x20, 
  0xed, 0x49, 0x00, 0x00, 0xf0, 0xb5, 0x87, 0xb0, 0x05, 0x46, 0xd8, 0x48, 0x2e, 0x18, 0x45, 0x20, 
  0x00, 0x01, 0x28, 0x18, 0x02, 0x90, 0xf8, 0x48, 0x2b, 0x5c, 0x03, 0x91, 0x49, 0x7b, 0x97, 0x68, 
  0xd0, 0x68, 0x2c, 0x46, 0x50, 0x34, 0x02, 0x78, 0x00, 0x2b, 0x45, 0xd0, 0x00, 0x29, 0x65, 0xd0, 
  0x09, 0x2a, 0x00, 0xd0, 0xb1, 0xe0, 0xff, 0x21, 0x09, 0x02, 0x0f, 0x40, 0x09, 0x21, 0x09, 0x02, 
  0x8f, 0x42, 0x00, 0xd0, 0xfc, 0xe0, 0x02, 0x7a, 0x04, 0xa9, 0x0a, 0x72, 0x02, 0x79, 0x43, 0x79, 
  0x1b, 0x02, 0x9a, 0x18, 0x83, 0x79, 0xc5, 0x79, 0x2d, 0x02, 0xeb, 0x18, 0x1b, 0x04, 0x9a, 0x18, 
  0x05, 0x92, 0x02, 0x78, 0x43, 0x78, 0x1b, 0x02, 0x9a, 0x18, 0x83, 0x78, 0xc0, 0x78, 0x00, 0x02, 
  0xc0, 0x18, 0x00, 0x04, 0x80, 0x18, 0x04, 0x90, 0x48, 0x1c, 0x01, 0xf0, 0xdf, 0xfc, 0x07, 0x46, 
  0x0d, 0x46, 0x01, 0x20, 0x30, 0x70, 0x00, 0x26, 0x03, 0x9a, 0x96, 0x72, 0x10, 0x20, 0x81, 0x43, 
  0xb9, 0x48, 0x2f, 0x30, 0x38, 0x40, 0x02, 0x9b, 0x03, 0xc3, 0x51, 0x7b, 0xb4, 0x48, 0x40, 0x1c, 
  0x01, 0xf0, 0xf6, 0xf9, 0xb6, 0x4a, 0x3a, 0x40, 0x51, 0x20, 0x85, 0x43, 0x21, 0x88, 0x30, 0x46, 
  0x2b, 0x46, 0x01, 0xf0, 0xc9, 0xfc, 0x55, 0xe1, 0x00, 0x29, 0x70, 0xd0, 0x09, 0x2a, 0x00, 0xd1, 
  0xca, 0xe0, 0x07, 0x2a, 0x00, 0xd0, 0x08, 0xe1, 0xff, 0x23, 0x1b, 0x02, 0x1f, 0x40, 0x01, 0x26, 
  0x73, 0x02, 0x9f, 0x42, 0x00, 0xd0, 0x15, 0xe1, 0x40, 0x78, 0x0e, 0x28, 0x00, 0xd0, 0x41, 0xe1, 
  0x00, 0x26, 0x03, 0x98, 0x86, 0x72, 0xa2, 0x48, 0x40, 0x1d, 0x01, 0xf0, 0xd1, 0xf9, 0x21, 0x88, 
  0x1a, 0x20, 0x32, 0x46, 0x33, 0x46, 0x01, 0xf0, 0xa7, 0xfc, 0x33, 0xe1, 0x0e, 0x2a, 0x00, 0xd0, 
  0x9c, 0xe0, 0xff, 0x21, 0x09, 0x02, 0x39, 0x40, 0x09, 0x23, 0x1b, 0x02, 0x99, 0x42, 0x00, 0xd0, 
  0xe7, 0xe0, 0x02, 0x7a, 0x04, 0xa9, 0x0a, 0x72, 0x02, 0x79, 0x43, 0x79, 0x1b, 0x02, 0x9a, 0x18, 
  0x83, 0x79, 0xc4, 0x79, 0x24, 0x02, 0xe3, 0x18, 0x1b, 0x04, 0x9a, 0x18, 0x05, 0x92, 0x02, 0x78, 
  0x43, 0x78, 0x1b, 0x02, 0x9a, 0x18, 0x83, 0x78, 0xc0, 0x78, 0x00, 0x02, 0xc0, 0x18, 0x00, 0x04, 
  0x80, 0x18, 0x04, 0x90, 0x48, 0x1c, 0x01, 0xf0, 0x79, 0xfc, 0x01, 0x91, 0x89, 0x4a, 0x0a, 0xca, 
  0x89, 0x4a, 0x00, 0x90, 0x08, 0x40, 0x11, 0x40, 0x2f, 0x24, 0x04, 0x40, 0x0a, 0x19, 0x10, 0x27, 
  0xbb, 0x43, 0x28, 0x46, 0x01, 0xf0, 0x76, 0xfc, 0x00, 0x28, 0x00, 0xd1, 0xf7, 0xe0, 0x02, 0x46, 
  0xf8, 0x43, 0x01, 0x21, 0x31, 0x70, 0x81, 0x49, 0x91, 0x61, 0x03, 0x99, 0xd1, 0x61, 0x01, 0x9b, 
  0x03, 0x40, 0x00, 0x98, 0x7c, 0x4e, 0x30, 0x40, 0x04, 0x43, 0x02, 0x98, 0x04, 0x60, 0x43, 0x60, 
  0x28, 0x46, 0x01, 0xf0, 0x65, 0xfc, 0x00, 0x26, 0xe4, 0xe0, 0x01, 0x26, 0xe2, 0xe0, 0x08, 0x2a, 
  0x00, 0xd0, 0x9c, 0xe0, 0xff, 0x21, 0x09, 0x02, 0x39, 0x40, 0x09, 0x23, 0x1b, 0x02, 0x99, 0x42, 
  0x00, 0xd0, 0xc1, 0xe0, 0x02, 0x7a, 0x04, 0xa9, 0x0a, 0x72, 0x02, 0x79, 0x43, 0x79, 0x1b, 0x02, 
  0x9a, 0x18, 0x83, 0x79, 0xc4, 0x79, 0x24, 0x02, 0xe3, 0x18, 0x1b, 0x04, 0x9a, 0x18, 0x05, 0x92, 
  0x02, 0x78, 0x43, 0x78, 0x1b, 0x02, 0x9a, 0x18, 0x83, 0x78, 0xc0, 0x78, 0x00, 0x02, 0xc0, 0x18, 
  0x00, 0x04, 0x80, 0x18, 0x04, 0x90, 0x48, 0x1c, 0x01, 0xf0, 0x28, 0xfc, 0x01, 0x91, 0x61, 0x4a, 
  0x0a, 0xca, 0x61, 0x4a, 0x00, 0x90, 0x08, 0x40, 0x11, 0x40, 0x2f, 0x24, 0x04, 0x40, 0x0a, 0x19, 
  0x10, 0x27, 0xbb, 0x43, 0x28, 0x46, 0x01, 0xf0, 0x25, 0xfc, 0x00, 0x28, 0x00, 0xd1, 0xa8, 0xe0, 
  0x02, 0x46, 0xf8, 0x43, 0x01, 0x21, 0x31, 0x70, 0x58, 0x49, 0x91, 0x61, 0x03, 0x99, 0xd1, 0x61, 
  0x01, 0x9b, 0x03, 0x40, 0x00, 0x98, 0x54, 0x4e, 0x30, 0x40, 0x04, 0x43, 0x02, 0x98, 0x04, 0x60, 
  0x43, 0x60, 0x28, 0x46, 0x01, 0xf0, 0x14, 0xfc, 0x00, 0x26, 0x93, 0xe0, 0x01, 0x26, 0x91, 0xe0, 
  0x28, 0x46, 0x03, 0x9c, 0x21, 0x46, 0x01, 0xf0, 0x11, 0xfc, 0x00, 0x26, 0xa6, 0x72, 0x61, 0x7b, 
  0x47, 0x48, 0x01, 0xf0, 0x1d, 0xf9, 0x85, 0xe0, 0xff, 0x21, 0x09, 0x02, 0x0f, 0x40, 0x09, 0x21, 
  0x09, 0x02, 0x43, 0x4b, 0x8f, 0x42, 0x5a, 0xd1, 0x02, 0x7a, 0x04, 0xa9, 0x0a, 0x72, 0x02, 0x79, 
  0x43, 0x79, 0x1b, 0x02, 0x9a, 0x18, 0x83, 0x79, 0xc5, 0x79, 0x2d, 0x02, 0xeb, 0x18, 0x1b, 0x04, 
  0x9a, 0x18, 0x05, 0x92, 0x02, 0x78, 0x43, 0x78, 0x1b, 0x02, 0x9a, 0x18, 0x83, 0x78, 0xc0, 0x78, 
  0x00, 0x02, 0xc0, 0x18, 0x00, 0x04, 0x80, 0x18, 0x04, 0x90, 0x48, 0x1c, 0x01, 0xf0, 0xce, 0xfb, 
  0x07, 0x46, 0x0d, 0x46, 0x01, 0x20, 0x30, 0x70, 0x00, 0x26, 0x03, 0x9a, 0x96, 0x72, 0x10, 0x20, 
  0x81, 0x43, 0x31, 0x48, 0x2f, 0x30, 0x38, 0x40, 0x02, 0x9b, 0x03, 0xc3, 0x51, 0x7b, 0x2c, 0x48, 
  0xc0, 0x1d, 0x01, 0xf0, 0xe5, 0xf8, 0x2e, 0x4a, 0x3a, 0x40, 0x51, 0x20, 0x85, 0x43, 0x21, 0x88, 
  0x30, 0x46, 0x2b, 0x46, 0x01, 0xf0, 0xb8, 0xfb, 0x44, 0xe0, 0x01, 0x26, 0x42, 0xe0, 0x01, 0x26, 
  0x40, 0xe0, 0x28, 0x46, 0x03, 0x9d, 0x29, 0x46, 0x01, 0xf0, 0xc0, 0xfb, 0x20, 0x4c, 0xa0, 0x1c, 
  0x39, 0x46, 0x01, 0xf0, 0xc1, 0xfb, 0x00, 0x26, 0xae, 0x72, 0x69, 0x7b, 0xe0, 0x1c, 0x01, 0xf0, 
  0xc7, 0xf8, 0x2f, 0xe0, 0x28, 0x46, 0x03, 0x9c, 0x21, 0x46, 0x01, 0xf0, 0xaf, 0xfb, 0x00, 0x26, 
  0xa6, 0x72, 0x61, 0x7b, 0x16, 0x48, 0x00, 0x1d, 0x01, 0xf0, 0xba, 0xf8, 0x22, 0xe0, 0x28, 0x46, 
  0x03, 0x9c, 0x21, 0x46, 0x1d, 0x46, 0x01, 0xf0, 0xa1, 0xfb, 0x00, 0x26, 0xa6, 0x72, 0x61, 0x7b, 
  0xa8, 0x1d, 0x01, 0xf0, 0xad, 0xf8, 0x15, 0xe0, 0x28, 0x46, 0x03, 0x9c, 0x21, 0x46, 0x01, 0xf0, 
  0x95, 0xfb, 0x0b, 0x4d, 0x28, 0x46, 0x08, 0x30, 0x39, 0x46, 0x01, 0xf0, 0x95, 0xfb, 0x00, 0x26, 
  0xa6, 0x72, 0x61, 0x7b, 0x09, 0x35, 0x28, 0x46, 0x01, 0xf0, 0x9a, 0xf8, 0x02, 0xe0, 0x02, 0x26, 
  0x00, 0xe0, 0x02, 0x26, 0x30, 0x46, 0x07, 0xb0, 0xf0, 0xbd, 0xc0, 0x46, 0x49, 0x04, 0x00, 0x00, 
  0xce, 0x36, 0x00, 0x00, 0xc8, 0xa1, 0x00, 0x20, 0x00, 0xcf, 0x87, 0xf7, 0xa9, 0x80, 0x02, 0x00, 
  0x2f, 0xcf, 0x87, 0xf7, 0x70, 0xb5, 0x00, 0x28, 0x10, 0xd0, 0x0d, 0x46, 0x00, 0x29, 0x0d, 0xd0, 
  0x00, 0x2a, 0x0b, 0xd0, 0xd1, 0x68, 0x09, 0x78, 0x00, 0x24, 0x0e, 0x29, 0x0f, 0xd0, 0x08, 0x29, 
  0x27, 0xd1, 0x15, 0x49, 0x40, 0x5c, 0x00, 0x28, 0x23, 0xd1, 0x0c, 0xe0, 0x16, 0x20, 0x49, 0x21, 
  0x00, 0x24, 0x22, 0x46, 0x23, 0x46, 0x01, 0xf0, 0x65, 0xfb, 0x20, 0x46, 0x70, 0xbd, 0x0e, 0x49, 
  0x40, 0x5c, 0x00, 0x28, 0x15, 0xd0, 0x01, 0x24, 0x2c, 0x73, 0x00, 0x26, 0xee, 0x72, 0xff, 0x20, 
  0x04, 0x30, 0x28, 0x81, 0x30, 0x46, 0x01, 0xf0, 0x5b, 0xfb, 0x03, 0xc5, 0x07, 0x48, 0xee, 0x80, 
  0x6e, 0x71, 0x6e, 0x61, 0xae, 0x61, 0xe8, 0x61, 0xac, 0x70, 0x05, 0x48, 0x31, 0x46, 0x01, 0xf0, 
  0x4f, 0xf8, 0x20, 0x46, 0x70, 0xbd, 0xc0, 0x46, 0x51, 0x03, 0x00, 0x00, 0xe5, 0x54, 0x00, 0x20, 
  0xcd, 0x36, 0x00, 0x00, 0x10, 0xb5, 0x04, 0x46, 0x00, 0xf0, 0x78, 0xfd, 0x00, 0x28, 0x02, 0xd0, 
  0x0c, 0x21, 0x01, 0x20, 0x06, 0xe0, 0x00, 0xf0, 0x4b, 0xfd, 0x00, 0x28, 0x01, 0xd1, 0x01, 0x46, 
  0x00, 0xe0, 0x0c, 0x21, 0x20, 0x70, 0x08, 0x46, 0x10, 0xbd, 0x00, 0x00, 0x10, 0xb5, 0x0a, 0x46, 
  0x00, 0x29, 0x11, 0xd0, 0x04, 0x46, 0x90, 0x6b, 0x00, 0x28, 0x0d, 0xd0, 0x10, 0x7c, 0x07, 0x28, 
  0x11, 0xd0, 0x06, 0x28, 0x16, 0xd0, 0x05, 0x28, 0x1d, 0xd1, 0x10, 0x48, 0x00, 0x68, 0xd0, 0x60, 
  0x10, 0x46, 0x00, 0xf0, 0x75, 0xfd, 0x13, 0xe0, 0x85, 0x20, 0xc1, 0x00, 0x1c, 0x20, 0x00, 0x23, 
  0x01, 0xf0, 0x10, 0xfb, 0x10, 0xbd, 0x09, 0x48, 0x00, 0x68, 0xd0, 0x60, 0x10, 0x46, 0x00, 0xf0, 
  0x6b, 0xfd, 0x05, 0xe0, 0x05, 0x48, 0x00, 0x68, 0xd0, 0x60, 0x10, 0x46, 0x00, 0xf0, 0x6a, 0xfd, 
  0x01, 0x20, 0x20, 0x70, 0x10, 0xbd, 0x00, 0x20, 0x20, 0x70, 0x10, 0xbd, 0x50, 0x08, 0x00, 0x20, 
  0xb0, 0xb5, 0x0d, 0x46, 0x00, 0x29, 0x0f, 0xd0, 0x04, 0x46, 0xa8, 0x6b, 0x00, 0x28, 0x0b, 0xd0, 
  0x28, 0x7c, 0x07, 0x28, 0x0f, 0xd0, 0x06, 0x28, 0x12, 0xd0, 0x05, 0x28, 0x17, 0xd1, 0x28, 0x46, 
  0x11, 0x46, 0x00, 0xf0, 0x46, 0xfd, 0x0f, 0xe0, 0x1c, 0x20, 0x0a, 0x49, 0x00, 0x23, 0x2a, 0x46, 
  0x01, 0xf0, 0xe0, 0xfa, 0xb0, 0xbd, 0x28, 0x46, 0x11, 0x46, 0x00, 0xf0, 0x40, 0xfd, 0x03, 0xe0, 
  0x28, 0x46, 0x11, 0x46, 0x00, 0xf0, 0x48, 0xfd, 0x01, 0x20, 0x20, 0x70, 0xb0, 0xbd, 0x00, 0x20, 
  0x20, 0x70, 0xb0, 0xbd, 0x8d, 0x04, 0x00, 0x00, 0x10, 0xb5, 0x0a, 0x46, 0x00, 0x29, 0x18, 0xd0, 
  0x04, 0x46, 0x90, 0x6b, 0x00, 0x28, 0x14, 0xd0, 0x10, 0x7c, 0x07, 0x28, 0x17, 0xd0, 0x06, 0x28, 
  0x23, 0xd0, 0x05, 0x28, 0x31, 0xd1, 0x40, 0x48, 0x01, 0x78, 0xd0, 0x68, 0x48, 0x43, 0x18, 0x49, 
  0x09, 0x68, 0x88, 0x42, 0x00, 0xd8, 0x01, 0x46, 0xd1, 0x60, 0x10, 0x46, 0x00, 0xf0, 0x12, 0xfd, 
  0x20, 0xe0, 0x1c, 0x20, 0x13, 0x49, 0x00, 0x23, 0x01, 0xf0, 0xac, 0xfa, 0x10, 0xbd, 0x36, 0x48, 
  0x01, 0x78, 0xd0, 0x68, 0x48, 0x43, 0x0e, 0x49, 0x09, 0x68, 0x88, 0x42, 0x00, 0xd8, 0x01, 0x46, 
  0xd1, 0x60, 0x10, 0x46, 0x00, 0xf0, 0x04, 0xfd, 0x0c, 0xe0, 0x2f, 0x48, 0x01, 0x78, 0xd0, 0x68, 
  0x48, 0x43, 0x07, 0x49, 0x09, 0x68, 0x88, 0x42, 0x00, 0xd8, 0x01, 0x46, 0xd1, 0x60, 0x10, 0x46, 
  0x00, 0xf0, 0x21, 0xfd, 0x01, 0x20, 0x20, 0x70, 0x10, 0xbd, 0x00, 0x20, 0x20, 0x70, 0x10, 0xbd, 
  0x54, 0x08, 0x00, 0x20, 0x53, 0x04, 0x00, 0x00, 0xb0, 0xb5, 0x0d, 0x46, 0x00, 0x29, 0x19, 0xd0, 
  0x04, 0x46, 0xa8, 0x6b, 0x00, 0x28, 0x15, 0xd0, 0x28, 0x7c, 0x07, 0x28, 0x19, 0xd0, 0x06, 0x28, 
  0x26, 0xd0, 0x05, 0x28, 0x35, 0xd1, 0xe8, 0x68, 0x1b, 0x49, 0x09, 0x78, 0xfd, 0xf7, 0x90, 0xfb, 
  0x1a, 0x49, 0x09, 0x68, 0x88, 0x42, 0x00, 0xd3, 0x01, 0x46, 0xe9, 0x60, 0x28, 0x46, 0x00, 0xf0, 
  0xca, 0xfc, 0x23, 0xe0, 0x1c, 0x20, 0x16, 0x49, 0x00, 0x23, 0x2a, 0x46, 0x01, 0xf0, 0x62, 0xfa, 
  0xb0, 0xbd, 0xe8, 0x68, 0x10, 0x49, 0x09, 0x78, 0xfd, 0xf7, 0x7a, 0xfb, 0x0f, 0x49, 0x09, 0x68, 
  0x88, 0x42, 0x00, 0xd3, 0x01, 0x46, 0xe9, 0x60, 0x28, 0x46, 0x00, 0xf0, 0xba, 0xfc, 0x0d, 0xe0, 
  0xe8, 0x68, 0x09, 0x49, 0x09, 0x78, 0xfd, 0xf7, 0x6b, 0xfb, 0x08, 0x49, 0x09, 0x68, 0x88, 0x42, 
  0x00, 0xd3, 0x01, 0x46, 0xe9, 0x60, 0x28, 0x46, 0x00, 0xf0, 0xe8, 0xfc, 0x01, 0x20, 0x20, 0x70, 
  0xb0, 0xbd, 0x00, 0x20, 0x20, 0x70, 0xb0, 0xbd, 0x5c, 0x08, 0x00, 0x20, 0x58, 0x08, 0x00, 0x20, 
  0xb5, 0x04, 0x00, 0x00, 0xb0, 0xb5, 0x04, 0x46, 0x01, 0x25, 0x00, 0xf0, 0xd7, 0xfb, 0x00, 0x28, 
  0x01, 0xd0, 0x28, 0x46, 0x08, 0xe0, 0x00, 0xf0, 0x69, 0xfc, 0x00, 0x28, 0x01, 0xd0, 0x01, 0x20, 
  0x02, 0xe0, 0x00, 0xf0, 0x3d, 0xfc, 0x05, 0x46, 0x20, 0x70, 0x28, 0x46, 0xb0, 0xbd, 0x70, 0xb5, 
  0x04, 0x46, 0x0c, 0x26, 0x01, 0x25, 0x00, 0xf0, 0xf5, 0xfb, 0x00, 0x28, 0x0b, 0xd1, 0x00, 0xf0, 
  0x62, 0xfc, 0x00, 0x28, 0x07, 0xd1, 0x00, 0xf0, 0x38, 0xfc, 0x05, 0x46, 0x00, 0x28, 0x01, 0xd1, 
  0x2e, 0x46, 0x00, 0xe0, 0x0c, 0x26, 0x25, 0x70, 0x30, 0x46, 0x70, 0xbd, 0x70, 0xb5, 0x04, 0x46, 
  0x0c, 0x26, 0x01, 0x25, 0x00, 0xf0, 0xde, 0xfb, 0x00, 0x28, 0x0b, 0xd1, 0x00, 0xf0, 0x4b, 0xfc, 
  0x00, 0x28, 0x07, 0xd1, 0x00, 0xf0, 0x21, 0xfc, 0x05, 0x46, 0x00, 0x28, 0x01, 0xd1, 0x2e, 0x46, 
  0x00, 0xe0, 0x0c, 0x26, 0x25, 0x70, 0x30, 0x46, 0x70, 0xbd, 0x10, 0xb5, 0x04, 0x46, 0x00, 0xf0, 
  0xc9, 0xfb, 0x00, 0x28, 0x03, 0xd1, 0x00, 0xf0, 0x36, 0xfc, 0x00, 0x28, 0x03, 0xd0, 0x00, 0x20, 
  0x20, 0x70, 0x0c, 0x20, 0x10, 0xbd, 0x00, 0xf0, 0x08, 0xfc, 0x00, 0x21, 0x21, 0x70, 0x00, 0x28, 
  0x00, 0xd0, 0x0c, 0x20, 0x10, 0xbd, 0x00, 0x00, 0x15, 0x20, 0x00, 0x01, 0x12, 0x49, 0x07, 0x4a, 
  0x0a, 0x50, 0x53, 0x20, 0x80, 0x00, 0x06, 0x4a, 0x0a, 0x50, 0x29, 0x20, 0xc0, 0x00, 0x05, 0x4a, 
  0x0a, 0x50, 0x51, 0x20, 0x80, 0x00, 0x04, 0x4a, 0x0a, 0x50, 0x70, 0x47, 0x59, 0x5a, 0x00, 0x20, 
  0x71, 0x59, 0x00, 0x20, 0xc9, 0x59, 0x00, 0x20, 0x0d, 0x59, 0x00, 0x20, 0x06, 0x48, 0x01, 0x49, 
  0x01, 0x66, 0x70, 0x47, 0xf5, 0x5a, 0x00, 0x20, 0x03, 0x48, 0x04, 0x49, 0x04, 0x4a, 0x05, 0x4b, 
  0x83, 0x63, 0xc2, 0x63, 0x01, 0x64, 0x70, 0x47, 0x50, 0x0b, 0x00, 0x20, 0x7b, 0x5b, 0x00, 0x20, 
  0x1f, 0x5b, 0x00, 0x20, 0x4d, 0x5b, 0x00, 0x20, 0x70, 0x47, 0x00, 0x00, 0xb0, 0xb5, 0x84, 0xb0, 
  0x00, 0x28, 0x08, 0xd0, 0x04, 0x46, 0x81, 0x68, 0x02, 0x20, 0x01, 0xf0, 0xaf, 0xf9, 0x00, 0x28, 
  0x04, 0xd0, 0x04, 0xb0, 0xb0, 0xbd, 0x04, 0x20, 0x04, 0xb0, 0xb0, 0xbd, 0xe3, 0x89, 0xa2, 0x89, 
  0x60, 0x7c, 0x01, 0x46, 0x01, 0xf0, 0xa8, 0xf9, 0x00, 0x28, 0xf2, 0xd1, 0x62, 0x69, 0xa3, 0x69, 
  0x21, 0x7c, 0x60, 0x7c, 0x01, 0x25, 0x00, 0x95, 0x01, 0x90, 0x02, 0x90, 0x00, 0x25, 0x28, 0x46, 
  0x01, 0xf0, 0xa0, 0xf9, 0x00, 0x28, 0xe4, 0xd1, 0x20, 0x6a, 0x01, 0xf0, 0xa1, 0xf9, 0x00, 0x28, 
  0xdf, 0xd1, 0xa1, 0x8b, 0x60, 0x6a, 0x01, 0xf0, 0xa1, 0xf9, 0x00, 0x28, 0xd9, 0xd1, 0x06, 0x48, 
  0x05, 0x70, 0x62, 0x7c, 0x03, 0xcc, 0x01, 0xf0, 0x9f, 0xf9, 0x00, 0x28, 0xd1, 0xd1, 0x01, 0xf0, 
  0xa1, 0xf9, 0x28, 0x46, 0x04, 0xb0, 0xb0, 0xbd, 0x0c, 0x0d, 0x00, 0x20, 0x70, 0xb5, 0x01, 0x26, 
  0x06, 0x70, 0x27, 0x48, 0x00, 0x78, 0x00, 0x24, 0x00, 0x28, 0x01, 0xd0, 0x20, 0x46, 0x70, 0xbd, 
  0xef, 0xf3, 0x10, 0x85, 0xef, 0xf3, 0x10, 0x80, 0x72, 0xb6, 0x01, 0xf0, 0x91, 0xf9, 0x00, 0x28, 
  0x0c, 0xd0, 0x34, 0x4c, 0x20, 0x78, 0x00, 0x28, 0x04, 0xd1, 0x1f, 0x48, 0x01, 0xf0, 0x8e, 0xf9, 
  0x01, 0x20, 0x20, 0x70, 0x85, 0xf3, 0x10, 0x88, 0x01, 0x20, 0x70, 0xbd, 0x2f, 0x49, 0x08, 0x46, 
  0x68, 0x38, 0x00, 0x68, 0x2b, 0x4a, 0x12, 0x78, 0x00, 0x2a, 0x1d, 0xd0, 0x30, 0x40, 0x1b, 0xd0, 
  0x05, 0x22, 0x08, 0x68, 0x0b, 0x68, 0x98, 0x42, 0x04, 0xd0, 0x53, 0x1e, 0x12, 0x06, 0x1a, 0x46, 
  0xf7, 0xd1, 0xff, 0x22, 0x11, 0x06, 0x13, 0xd0, 0x23, 0x49, 0x09, 0x68, 0x81, 0x42, 0x13, 0xd9, 
  0x0c, 0x4a, 0x12, 0x88, 0x85, 0xf3, 0x10, 0x88, 0x08, 0x1a, 0x51, 0x09, 0x88, 0x42, 0x00, 0xd8, 
  0x00, 0x26, 0x34, 0x46, 0x20, 0x46, 0x70, 0xbd, 0x85, 0xf3, 0x10, 0x88, 0x20, 0x46, 0x70, 0xbd, 
  0x85, 0xf3, 0x10, 0x88, 0x20, 0x46, 0x70, 0xbd, 0x85, 0xf3, 0x10, 0x88, 0x20, 0x46, 0x70, 0xbd, 
  0x5f, 0x09, 0x00, 0x20, 0x22, 0x08, 0x00, 0x20, 0xff, 0xff, 0xff, 0x1f, 0xb0, 0xb5, 0x01, 0x21, 
  0x01, 0x70, 0xef, 0xf3, 0x10, 0x84, 0xef, 0xf3, 0x10, 0x80, 0x72, 0xb6, 0x0d, 0x4d, 0x28, 0x78, 
  0x00, 0x28, 0x13, 0xd0, 0x0c, 0x48, 0x00, 0x68, 0x0c, 0x49, 0x09, 0x68, 0x81, 0x42, 0x05, 0xd2, 
  0x49, 0x1d, 0x81, 0x42, 0x04, 0xd2, 0x01, 0xf0, 0x3f, 0xf9, 0x05, 0xe0, 0x64, 0x20, 0x01, 0xe0, 
  0x4b, 0x20, 0x80, 0x00, 0x00, 0xf0, 0x6c, 0xfd, 0x00, 0x20, 0x28, 0x70, 0x84, 0xf3, 0x10, 0x88, 
  0xb0, 0xbd, 0xc0, 0x46, 0x5b, 0x09, 0x00, 0x20, 0x80, 0x00, 0x00, 0x40, 0xe8, 0x01, 0x00, 0x40, 
  0xb0, 0xb5, 0x84, 0xb0, 0x00, 0x28, 0x08, 0xd0, 0x04, 0x46, 0x81, 0x68, 0x04, 0x20, 0x01, 0xf0, 
  0xed, 0xf8, 0x00, 0x28, 0x04, 0xd0, 0x04, 0xb0, 0xb0, 0xbd, 0x04, 0x20, 0x04, 0xb0, 0xb0, 0xbd, 
  0xe3, 0x89, 0xa2, 0x89, 0x60, 0x7c, 0x01, 0x46, 0x01, 0xf0, 0xe6, 0xf8, 0x00, 0x28, 0xf2, 0xd1, 
  0x62, 0x69, 0xa3, 0x69, 0x21, 0x7c, 0x60, 0x7c, 0x01, 0x25, 0x00, 0x95, 0x01, 0x90, 0x02, 0x90, 
  0x00, 0x25, 0x28, 0x46, 0x01, 0xf0, 0xde, 0xf8, 0x00, 0x28, 0xe4, 0xd1, 0x20, 0x6a, 0x01, 0xf0, 
  0xdf, 0xf8, 0x00, 0x28, 0xdf, 0xd1, 0xa1, 0x8b, 0x60, 0x6a, 0x01, 0xf0, 0xdf, 0xf8, 0x00, 0x28, 
  0xd9, 0xd1, 0x03, 0xcc, 0x62, 0x7a, 0x01, 0xf0, 0xfd, 0xf8, 0x00, 0x28, 0xd3, 0xd1, 0x03, 0x48, 
  0x05, 0x70, 0x01, 0xf0, 0xfd, 0xf8, 0x28, 0x46, 0x04, 0xb0, 0xb0, 0xbd, 0x9c, 0x0d, 0x00, 0x20, 
  0x70, 0xb5, 0x84, 0xb0, 0x00, 0x28, 0x08, 0xd0, 0x04, 0x46, 0x81, 0x68, 0x06, 0x20, 0x01, 0xf0, 
  0xad, 0xf8, 0x00, 0x28, 0x04, 0xd0, 0x04, 0xb0, 0x70, 0xbd, 0x04, 0x20, 0x04, 0xb0, 0x70, 0xbd, 
  0xe3, 0x89, 0xa2, 0x89, 0xa1, 0x7c, 0x60, 0x7c, 0x01, 0xf0, 0xa6, 0xf8, 0x00, 0x28, 0xf2, 0xd1, 
  0x62, 0x69, 0xa3, 0x69, 0x21, 0x7c, 0x60, 0x7c, 0xa5, 0x7c, 0x01, 0x26, 0x00, 0x96, 0x01, 0x90, 
  0x02, 0x95, 0x00, 0x25, 0x28, 0x46, 0x01, 0xf0, 0x9d, 0xf8, 0x00, 0x28, 0xe3, 0xd1, 0x20, 0x6a, 
  0x01, 0xf0, 0x9e, 0xf8, 0x00, 0x28, 0xde, 0xd1, 0xa1, 0x8b, 0x60, 0x6a, 0x01, 0xf0, 0x9e, 0xf8, 
  0x00, 0x28, 0xd8, 0xd1, 0x03, 0xcc, 0x62, 0x7a, 0x01, 0xf0, 0x9e, 0xf8, 0x00, 0x28, 0xd2, 0xd1, 
  0x03, 0x48, 0x05, 0x70, 0x01, 0xf0, 0xc2, 0xf8, 0x28, 0x46, 0x04, 0xb0, 0x70, 0xbd, 0xc0, 0x46, 
  0x9d, 0x0d, 0x00, 0x20, 0xb0, 0xb5, 0x84, 0xb0, 0x00, 0x28, 0x08, 0xd0, 0x04, 0x46, 0x81, 0x68, 
  0x03, 0x20, 0x01, 0xf0, 0x6b, 0xf8, 0x00, 0x28, 0x04, 0xd0, 0x04, 0xb0, 0xb0, 0xbd, 0x04, 0x20, 
  0x04, 0xb0, 0xb0, 0xbd, 0xe3, 0x89, 0xa2, 0x89, 0x60, 0x7c, 0x01, 0x46, 0x01, 0xf0, 0x64, 0xf8, 
  0x00, 0x28, 0xf2, 0xd1, 0x62, 0x69, 0xa3, 0x69, 0x21, 0x7c, 0x60, 0x7c, 0x01, 0x25, 0x00, 0x95, 
  0x01, 0x90, 0x02, 0x90, 0x00, 0x25, 0x28, 0x46, 0x01, 0xf0, 0x5c, 0xf8, 0x00, 0x28, 0xe4, 0xd1, 
  0x20, 0x6a, 0x01, 0xf0, 0x5d, 0xf8, 0x00, 0x28, 0xdf, 0xd1, 0xa1, 0x8b, 0x60, 0x6a, 0x01, 0xf0, 
  0x5d, 0xf8, 0x00, 0x28, 0xd9, 0xd1, 0x03, 0xcc, 0x62, 0x7a, 0x01, 0xf0, 0x7b, 0xf8, 0x00, 0x28, 
  0xd3, 0xd1, 0x03, 0x48, 0x05, 0x70, 0x01, 0xf0, 0x87, 0xf8, 0x28, 0x46, 0x04, 0xb0, 0xb0, 0xbd, 
  0xbc, 0x0d, 0x00, 0x20, 0x70, 0xb5, 0x84, 0xb0, 0x00, 0x28, 0x08, 0xd0, 0x04, 0x46, 0x81, 0x68, 
  0x05, 0x20, 0x01, 0xf0, 0x2b, 0xf8, 0x00, 0x28, 0x04, 0xd0, 0x04, 0xb0, 0x70, 0xbd, 0x04, 0x20, 
  0x04, 0xb0, 0x70, 0xbd, 0x63, 0x8a, 0x22, 0x8a, 0xa1, 0x7d, 0x60, 0x7d, 0x01, 0xf0, 0x24, 0xf8, 
  0x00, 0x28, 0xf2, 0xd1, 0xa1, 0x7d, 0xe0, 0x68, 0x01, 0xf0, 0x6c, 0xf8, 0x00, 0x28, 0xec, 0xd1, 
  0xa2, 0x69, 0xe3, 0x69, 0x21, 0x7d, 0x60, 0x7d, 0xa5, 0x7d, 0x01, 0x26, 0x00, 0x96, 0x01, 0x90, 
  0x02, 0x95, 0x00, 0x25, 0x28, 0x46, 0x01, 0xf0, 0x15, 0xf8, 0x00, 0x28, 0xdd, 0xd1, 0x60, 0x6a, 
  0x01, 0xf0, 0x16, 0xf8, 0x00, 0x28, 0xd8, 0xd1, 0x21, 0x8c, 0xa0, 0x6a, 0x01, 0xf0, 0x16, 0xf8, 
  0x00, 0x28, 0xd2, 0xd1, 0x03, 0xcc, 0xa2, 0x7b, 0x01, 0xf0, 0x34, 0xf8, 0x00, 0x28, 0xcc, 0xd1, 
  0x03, 0x48, 0x05, 0x70, 0x01, 0xf0, 0x4c, 0xf8, 0x28, 0x46, 0x04, 0xb0, 0x70, 0xbd, 0xc0, 0x46, 
  0xbd, 0x0d, 0x00, 0x20, 0x02, 0x48, 0x03, 0x49, 0x81, 0x64, 0x03, 0x49, 0x41, 0x65, 0x70, 0x47, 
  0x20, 0x0d, 0x00, 0x20, 0x3d, 0x5d, 0x00, 0x20, 0x8d, 0x5c, 0x00, 0x20, 0x70, 0xb5, 0x05, 0x46, 
  0x55, 0x4e, 0x30, 0x68, 0x00, 0x28, 0x01, 0xd0, 0x01, 0x20, 0x70, 0xbd, 0x01, 0xf0, 0x36, 0xf8, 
  0x28, 0x46, 0xff, 0xf7, 0x1b, 0xfe, 0x04, 0x46, 0x00, 0x28, 0x01, 0xd0, 0x20, 0x46, 0x70, 0xbd, 
  0x03, 0x48, 0x30, 0x60, 0x03, 0xcd, 0x01, 0xf0, 0x2f, 0xf8, 0x20, 0x46, 0x70, 0xbd, 0xc0, 0x46, 
  0x84, 0x27, 0x02, 0x00, 0xf0, 0xb5, 0x81, 0xb0, 0x04, 0x46, 0x47, 0x4f, 0x38, 0x68, 0x00, 0x28, 
  0x01, 0xd0, 0x01, 0x26, 0x1e, 0xe0, 0x01, 0xf0, 0x19, 0xf8, 0x03, 0xcc, 0x63, 0x7a, 0x00, 0x25, 
  0x2a, 0x46, 0x08, 0x3c, 0x01, 0xf0, 0x1e, 0xf8, 0x03, 0xc4, 0x20, 0x68, 0x62, 0x7a, 0x29, 0x46, 
  0x08, 0x3c, 0x01, 0xf0, 0x1d, 0xf8, 0xa0, 0x60, 0x20, 0x46, 0xff, 0xf7, 0xb1, 0xfe, 0x06, 0x46, 
  0x28, 0x46, 0x01, 0xf0, 0x1b, 0xf8, 0x00, 0x2e, 0x04, 0xd1, 0x04, 0x48, 0x38, 0x60, 0x03, 0xcc, 
  0x01, 0xf0, 0x02, 0xf8, 0x30, 0x46, 0x01, 0xb0, 0xf0, 0xbd, 0xc0, 0x46, 0xd4, 0x27, 0x02, 0x00, 
  0x70, 0xb5, 0x05, 0x46, 0x30, 0x4e, 0x30, 0x68, 0x00, 0x28, 0x01, 0xd0, 0x01, 0x20, 0x70, 0xbd, 
  0x00, 0xf0, 0xec, 0xff, 0x28, 0x46, 0xff, 0xf7, 0xd3, 0xfe, 0x04, 0x46, 0x00, 0x28, 0x01, 0xd0, 
  0x20, 0x46, 0x70, 0xbd, 0x03, 0x48, 0x30, 0x60, 0x03, 0xcd, 0x00, 0xf0, 0xe5, 0xff, 0x20, 0x46, 
  0x70, 0xbd, 0xc0, 0x46, 0xe4, 0x27, 0x02, 0x00, 0xf0, 0xb5, 0x81, 0xb0, 0x04, 0x46, 0x22, 0x4f, 
  0x38, 0x68, 0x00, 0x28, 0x01, 0xd0, 0x01, 0x26, 0x1e, 0xe0, 0x00, 0xf0, 0xcf, 0xff, 0x03, 0xcc, 
  0x63, 0x7a, 0x00, 0x25, 0x2a, 0x46, 0x08, 0x3c, 0x00, 0xf0, 0xd4, 0xff, 0x03, 0xc4, 0x20, 0x68, 
  0x62, 0x7a, 0x29, 0x46, 0x08, 0x3c, 0x00, 0xf0, 0xd3, 0xff, 0xa0, 0x60, 0x20, 0x46, 0xff, 0xf7, 
  0xe9, 0xfe, 0x06, 0x46, 0x28, 0x46, 0x00, 0xf0, 0xd1, 0xff, 0x00, 0x2e, 0x04, 0xd1, 0x04, 0x48, 
  0x38, 0x60, 0x03, 0xcc, 0x00, 0xf0, 0xb8, 0xff, 0x30, 0x46, 0x01, 0xb0, 0xf0, 0xbd, 0xc0, 0x46, 
  0xf4, 0x27, 0x02, 0x00, 0x70, 0xb5, 0x05, 0x46, 0x0b, 0x4e, 0x30, 0x68, 0x00, 0x28, 0x01, 0xd0, 
  0x01, 0x20, 0x70, 0xbd, 0x00, 0xf0, 0xa2, 0xff, 0x28, 0x46, 0xff, 0xf7, 0x0b, 0xff, 0x04, 0x46, 
  0x00, 0x28, 0x01, 0xd0, 0x20, 0x46, 0x70, 0xbd, 0x04, 0x48, 0x30, 0x60, 0x03, 0xcd, 0x00, 0xf0, 
  0x9b, 0xff, 0x20, 0x46, 0x70, 0xbd, 0xc0, 0x46, 0xc0, 0x0d, 0x00, 0x20, 0x04, 0x28, 0x02, 0x00, 
  0xb0, 0xb5, 0x01, 0x23, 0x03, 0x70, 0xd0, 0x68, 0x04, 0x78, 0x00, 0x20, 0x16, 0x2c, 0x35, 0xd8, 
  0x71, 0x23, 0xdb, 0x00, 0xcb, 0x18, 0xc0, 0x46, 0x7c, 0x44, 0x24, 0x79, 0x64, 0x00, 0xa7, 0x44, 
  0x15, 0x1a, 0x2d, 0x0b, 0x2d, 0x2d, 0x2d, 0x2d, 0x10, 0x2d, 0x0b, 0x2d, 0x1f, 0x2d, 0x10, 0x2d, 
  0x2d, 0x2d, 0x2d, 0x2d, 0x24, 0x2d, 0x29, 0x00, 0x08, 0x46, 0x19, 0x46, 0x00, 0xf0, 0x8c, 0xff, 
  0xb0, 0xbd, 0x08, 0x46, 0x19, 0x46, 0xff, 0xf7, 0x7d, 0xfb, 0xb0, 0xbd, 0x08, 0x46, 0x19, 0x46, 
  0x00, 0xf0, 0x88, 0xff, 0xb0, 0xbd, 0x08, 0x46, 0x19, 0x46, 0x00, 0xf0, 0x89, 0xff, 0xb0, 0xbd, 
  0x08, 0x46, 0x19, 0x46, 0x00, 0xf0, 0x8a, 0xff, 0xb0, 0xbd, 0x08, 0x46, 0x19, 0x46, 0x00, 0xf0, 
  0x8b, 0xff, 0xb0, 0xbd, 0x08, 0x46, 0x19, 0x46, 0x00, 0xf0, 0x8c, 0xff, 0xb0, 0xbd, 0x00, 0x00, 
  0x80, 0xb5, 0x82, 0xb0, 0x00, 0x20, 0x01, 0x46, 0x02, 0x46, 0x00, 0xf0, 0x89, 0xff, 0x00, 0xf0, 
  0x8d, 0xff, 0x00, 0xf0, 0x91, 0xff, 0xfd, 0xf7, 0x21, 0xfb, 0x01, 0x20, 0x00, 0x03, 0x0a, 0x49, 
  0x88, 0x80, 0x0a, 0x48, 0x08, 0x60, 0x00, 0x91, 0xe1, 0x20, 0x03, 0x03, 0x08, 0x48, 0x02, 0x21, 
  0x08, 0x4a, 0xfd, 0xf7, 0x1d, 0xfa, 0x08, 0xa0, 0x14, 0xa1, 0x17, 0xa2, 0x00, 0xf0, 0xb8, 0xff, 
  0xfe, 0xf7, 0xfc, 0xfa, 0x02, 0xb0, 0x80, 0xbd, 0xa8, 0xb5, 0x00, 0x20, 0x10, 0xbc, 0x00, 0x20, 
  0x80, 0xb0, 0x04, 0x60, 0x00, 0x08, 0x00, 0x60, 0x5b, 0x25, 0x73, 0x20, 0x54, 0x20, 0x25, 0x73, 
  0x5d, 0x62, 0x6c, 0x65, 0x20, 0x63, 0x65, 0x6e, 0x74, 0x72, 0x61, 0x6c, 0x20, 0x70, 0x72, 0x6f, 
  0x6a, 0x65, 0x63, 0x74, 0x28, 0x63, 0x70, 0x29, 0x20, 0x73, 0x74, 0x61, 0x72, 0x74, 0x20, 0x74, 
  0x6f, 0x20, 0x77, 0x6f, 0x72, 0x6b, 0x2e, 0x0a, 0x00, 0x00, 0x00, 0x00, 0x4a, 0x75, 0x6e, 0x20, 
  0x32, 0x36, 0x20, 0x32, 0x30, 0x32, 0x34, 0x00, 0x31, 0x38, 0x3a, 0x35, 0x34, 0x3a, 0x32, 0x33, 
  0x00, 0x00, 0x00, 0x00, 0x80, 0xb5, 0x00, 0xf0, 0x4d, 0xff, 0x00, 0xf0, 0x51, 0xff, 0x00, 0xf0, 
  0x55, 0xff, 0x00, 0x28, 0x00, 0xd0, 0x80, 0xbd, 0x00, 0xf0, 0x56, 0xff, 0x05, 0x48, 0x00, 0xf0, 
  0x59, 0xff, 0x02, 0x20, 0x00, 0xf0, 0x5c, 0xff, 0x0b, 0x20, 0x00, 0xf0, 0x5f, 0xff, 0x00, 0x20, 
  0x80, 0xbd, 0xc0, 0x46, 0x20, 0xf5, 0x01, 0x00, 0x08, 0x49, 0x09, 0x68, 0x0a, 0x4a, 0x12, 0x78, 
  0x82, 0x42, 0x03, 0xd8, 0x00, 0x20, 0x00, 0x29, 0x07, 0xd1, 0x05, 0xe0, 0x35, 0x22, 0xd2, 0x00, 
  0x42, 0x43, 0x88, 0x18, 0x00, 0x29, 0x00, 0xd1, 0x08, 0x46, 0x70, 0x47, 0xf0, 0x8e, 0x00, 0x20, 
  0x01, 0x48, 0x00, 0x78, 0x70, 0x47, 0xc0, 0x46, 0xc2, 0xa1, 0x00, 0x20, 0xf0, 0xb5, 0x81, 0xb0, 
  0xff, 0xf7, 0xf6, 0xff, 0x00, 0x28, 0x27, 0xd0, 0x04, 0x46, 0x00, 0x25, 0x01, 0x26, 0xe8, 0xb2, 
  0xff, 0xf7, 0xda, 0xff, 0x00, 0x28, 0x0f, 0xd0, 0x99, 0x30, 0x01, 0x78, 0x00, 0x29, 0x07, 0xd0, 
  0x40, 0x78, 0x00, 0x28, 0x04, 0xd0, 0x00, 0x20, 0x37, 0x46, 0x00, 0x28, 0x0f, 0xd1, 0x14, 0xe0, 
  0x30, 0x46, 0x00, 0x28, 0x0b, 0xd1, 0x10, 0xe0, 0x91, 0x20, 0x01, 0x01, 0x1e, 0x20, 0x2a, 0x46, 
  0x23, 0x46, 0x00, 0xf0, 0x37, 0xfe, 0x00, 0x27, 0x38, 0x46, 0x00, 0x28, 0x05, 0xd0, 0x6d, 0x1c, 
  0xac, 0x42, 0xdc, 0xd1, 0x00, 0x27, 0x00, 0xe0, 0x00, 0x27, 0x01, 0x20, 0x38, 0x40, 0x01, 0xb0, 
  0xf0, 0xbd, 0x00, 0x00, 0xf0, 0xb5, 0x81, 0xb0, 0xff, 0xf7, 0xc2, 0xff, 0x00, 0x28, 0x28, 0xd0, 
  0x04, 0x46, 0x00, 0x25, 0x01, 0x26, 0xe8, 0xb2, 0xff, 0xf7, 0xa6, 0xff, 0x00, 0x28, 0x0d, 0xd0, 
  0x8d, 0x30, 0x01, 0x7b, 0x00, 0x29, 0x05, 0xd0, 0x41, 0x7b, 0x00, 0x29, 0x02, 0xd0, 0x00, 0x78, 
  0x00, 0x28, 0x11, 0xd0, 0x30, 0x46, 0x00, 0x28, 0x0a, 0xd1, 0x15, 0xe0, 0x1e, 0x20, 0x0c, 0x49, 
  0x2a, 0x46, 0x23, 0x46, 0x00, 0xf0, 0x06, 0xfe, 0x00, 0x27, 0x38, 0x46, 0x00, 0x28, 0x0b, 0xd0, 
  0x6d, 0x1c, 0xac, 0x42, 0xdf, 0xd1, 0x06, 0xe0, 0x00, 0x20, 0x37, 0x46, 0x00, 0x28, 0xf7, 0xd1, 
  0x02, 0xe0, 0x00, 0x27, 0x00, 0xe0, 0x00, 0x27, 0x01, 0x20, 0x38, 0x40, 0x01, 0xb0, 0xf0, 0xbd, 
  0x26, 0x09, 0x00, 0x00, 0x01, 0x48, 0x00, 0x68, 0x70, 0x47, 0xc0, 0x46, 0xf4, 0x8e, 0x00, 0x20, 
  0x80, 0xb5, 0xff, 0xf7, 0xf7, 0xff, 0x00, 0x28, 0x05, 0xd0, 0x33, 0x21, 0xc9, 0x00, 0x40, 0x5c, 
  0x41, 0x1e, 0x88, 0x41, 0x80, 0xbd, 0x00, 0x20, 0x80, 0xbd, 0x80, 0xb5, 0xff, 0xf7, 0xea, 0xff, 
  0x01, 0x46, 0x00, 0x20, 0x00, 0x29, 0x0a, 0xd0, 0x33, 0x22, 0xd2, 0x00, 0x8a, 0x18, 0x12, 0x78, 
  0x00, 0x2a, 0x04, 0xd0, 0x91, 0x31, 0x08, 0x78, 0x41, 0x1e, 0x48, 0x42, 0x48, 0x41, 0x80, 0xbd, 
  0x01, 0x48, 0x00, 0x68, 0x70, 0x47, 0xc0, 0x46, 0xf8, 0x8e, 0x00, 0x20, 0x80, 0xb5, 0xff, 0xf7, 
  0xf7, 0xff, 0x00, 0x28, 0x05, 0xd0, 0x47, 0x21, 0x89, 0x00, 0x40, 0x5c, 0x41, 0x1e, 0x88, 0x41, 
  0x80, 0xbd, 0x00, 0x20, 0x80, 0xbd, 0x80, 0xb5, 0xff, 0xf7, 0xea, 0xff, 0x01, 0x46, 0x00, 0x20, 
  0x00, 0x29, 0x0c, 0xd0, 0x47, 0x22, 0x92, 0x00, 0x8a, 0x18, 0x12, 0x78, 0x00, 0x2a, 0x06, 0xd0, 
  0xa5, 0x31, 0x09, 0x78, 0x02, 0x22, 0x0a, 0x43, 0x03, 0x2a, 0x00, 0xd1, 0x01, 0x20, 0x80, 0xbd, 
  0x70, 0x47, 0x70, 0x47, 0x70, 0x47, 0x70, 0x47, 0x17, 0x21, 0x81, 0x74, 0x70, 0x47, 0x70, 0x47, 
  0x70, 0x47, 0x70, 0x47, 0xff, 0x21, 0x74, 0x31, 0x82, 0x6b, 0x64, 0x23, 0x53, 0x54, 0x83, 0x74, 
  0x50, 0x18, 0x19, 0x21, 0x41, 0x70, 0x70, 0x47, 0x70, 0xb5, 0x0a, 0x46, 0x04, 0x46, 0xff, 0x21, 
  0x08, 0x46, 0x20, 0x30, 0xa3, 0x6b, 0x1e, 0x18, 0xb9, 0x20, 0x40, 0x00, 0x1d, 0x18, 0x18, 0x5c, 
  0x00, 0x28, 0x07, 0xd0, 0xff, 0x2a, 0x00, 0xd8, 0xd1, 0xb2, 0x68, 0x78, 0x1a, 0x22, 0x00, 0xf0, 
  0x36, 0xf8, 0x68, 0x70, 0x30, 0x78, 0x00, 0x28, 0x01, 0xd0, 0x01, 0x20, 0x00, 0xe0, 0x02, 0x20, 
  0x28, 0x5c, 0xa0, 0x74, 0x70, 0xbd, 0xb0, 0xb5, 0x04, 0x46, 0xff, 0x20, 0xa1, 0x6b, 0x02, 0x46, 
  0x20, 0x32, 0x8a, 0x5c, 0x00, 0x2a, 0x08, 0xd0, 0x74, 0x30, 0x0d, 0x18, 0x28, 0x78, 0x01, 0x21, 
  0x1a, 0x22, 0x00, 0xf0, 0x1c, 0xf8, 0x28, 0x70, 0xa0, 0x74, 0xb0, 0xbd, 0xb0, 0xb5, 0x04, 0x46, 
  0xff, 0x20, 0xa1, 0x6b, 0x02, 0x46, 0x20, 0x32, 0x8a, 0x5c, 0x00, 0x2a, 0x08, 0xd0, 0x74, 0x30, 
  0x0d, 0x18, 0x28, 0x78, 0x32, 0x21, 0x64, 0x22, 0x00, 0xf0, 0x03, 0xf8, 0x28, 0x70, 0xa0, 0x74, 
  0xb0, 0xbd, 0x40, 0x18, 0x90, 0x42, 0x00, 0xd8, 0x02, 0x46, 0xd0, 0xb2, 0x70, 0x47, 0x53, 0x18, 
  0x83, 0x42, 0x00, 0xd2, 0x42, 0x1a, 0xd0, 0xb2, 0x70, 0x47, 0x00, 0x00, 0xf0, 0xb5, 0x85, 0xb0, 
  0x16, 0x46, 0x05, 0x46, 0xef, 0xf3, 0x05, 0x80, 0x02, 0xaa, 0x95, 0x70, 0x11, 0x80, 0xd6, 0x70, 
  0x00, 0x24, 0x03, 0x94, 0x00, 0x28, 0x00, 0xd1, 0xe4, 0x43, 0x00, 0x2e, 0x2d, 0xd0, 0x24, 0x2e, 
  0x18, 0xd8, 0x01, 0x93, 0x2b, 0x48, 0x00, 0x90, 0x00, 0x68, 0x00, 0x21, 0x00, 0xf0, 0x0c, 0xfe, 
  0x03, 0x90, 0x00, 0x28, 0x09, 0xd1, 0x26, 0x48, 0x00, 0x90, 0x00, 0x68, 0x00, 0x27, 0x39, 0x46, 
  0x00, 0xf0, 0x02, 0xfe, 0x03, 0x90, 0x00, 0x28, 0x3a, 0xd0, 0x00, 0x98, 0x00, 0x68, 0x04, 0x90, 
  0x03, 0x98, 0x0e, 0xe0, 0x80, 0x2e, 0x27, 0xd8, 0x01, 0x93, 0x1d, 0x48, 0x00, 0x68, 0x00, 0x27, 
  0x39, 0x46, 0x00, 0xf0, 0xf1, 0xfd, 0x03, 0x90, 0x00, 0x28, 0x24, 0xd0, 0x18, 0x49, 0x09, 0x68, 
  0x04, 0x91, 0x01, 0x99, 0x32, 0x46, 0xfc, 0xf7, 0x61, 0xfe, 0x14, 0x4e, 0xf0, 0x1c, 0x29, 0x46, 
  0x00, 0xf0, 0xfe, 0xf9, 0x14, 0x48, 0x00, 0x68, 0x02, 0xa9, 0x00, 0x27, 0x3a, 0x46, 0x23, 0x46, 
  0x00, 0xf0, 0xe0, 0xfd, 0x00, 0x28, 0x05, 0xd0, 0x32, 0x1d, 0x81, 0xb2, 0x10, 0x46, 0x00, 0xf0, 
  0xef, 0xf9, 0x10, 0xe0, 0x01, 0x27, 0x0e, 0xe0, 0x08, 0x48, 0x80, 0x1c, 0x31, 0x46, 0x00, 0xf0, 
  0xe7, 0xf9, 0x00, 0x27, 0x07, 0xe0, 0x05, 0x48, 0x40, 0x1c, 0x00, 0xf0, 0xdb, 0xf9, 0x02, 0xe0, 
  0x02, 0x48, 0x00, 0xf0, 0xd7, 0xf9, 0x38, 0x46, 0x05, 0xb0, 0xf0, 0xbd, 0x04, 0x60, 0x00, 0x00, 
  0x94, 0xb5, 0x00, 0x20, 0x98, 0xb5, 0x00, 0x20, 0x94, 0x7a, 0x00, 0x20, 0x80, 0xb5, 0x82, 0xb0, 
  0x01, 0x91, 0x00, 0x90, 0x00, 0x22, 0xef, 0xf3, 0x05, 0x80, 0x00, 0x28, 0x01, 0xd0, 0x13, 0x46, 
  0x00, 0xe0, 0xd3, 0x43, 0x08, 0x48, 0x00, 0x68, 0x69, 0x46, 0x00, 0xf0, 0xab, 0xfd, 0x00, 0x28, 
  0x06, 0xd0, 0x01, 0x46, 0x05, 0xa0, 0x00, 0xf0, 0xab, 0xfd, 0x00, 0x20, 0x02, 0xb0, 0x80, 0xbd, 
  0x01, 0x20, 0x02, 0xb0, 0x80, 0xbd, 0xc0, 0x46, 0x4c, 0xa2, 0x00, 0x20, 0x62, 0x6c, 0x65, 0x5f, 
  0x74, 0x61, 0x73, 0x6b, 0x5f, 0x73, 0x65, 0x6e, 0x64, 0x5f, 0x6d, 0x73, 0x67, 0x5f, 0x74, 0x6f, 
  0x5f, 0x6c, 0x6c, 0x63, 0x5f, 0x74, 0x61, 0x73, 0x6b, 0x20, 0x66, 0x61, 0x69, 0x6c, 0x65, 0x64, 
  0x3a, 0x25, 0x75, 0x0a, 0x00, 0x00, 0x00, 0x00, 0x80, 0xb5, 0x28, 0x20, 0x00, 0xf0, 0x38, 0xf9, 
  0x0a, 0x20, 0x00, 0xf0, 0x35, 0xf9, 0x0b, 0x20, 0x00, 0xf0, 0x32, 0xf9, 0x0c, 0x20, 0x00, 0xf0, 
  0x2f, 0xf9, 0x0d, 0x20, 0x00, 0xf0, 0x2c, 0xf9, 0x0e, 0x20, 0x00, 0xf0, 0x29, 0xf9, 0x0f, 0x20, 
  0x00, 0xf0, 0x26, 0xf9, 0x10, 0x20, 0x00, 0xf0, 0x23, 0xf9, 0x35, 0x20, 0x00, 0xf0, 0x20, 0xf9, 
  0x11, 0x20, 0x00, 0xf0, 0x1d, 0xf9, 0x12, 0x20, 0x00, 0xf0, 0x1a, 0xf9, 0x80, 0xbd, 0x00, 0x00, 
  0x1c, 0x46, 0x15, 0x46, 0x0e, 0x46, 0x07, 0x46, 0xfd, 0xf7, 0x28, 0xf8, 0x07, 0xa0, 0x00, 0xf0, 
  0xb1, 0xff, 0x0b, 0xa0, 0x39, 0x46, 0x32, 0x46, 0x00, 0xf0, 0x5a, 0xfd, 0x10, 0xa0, 0x29, 0x46, 
  0x22, 0x46, 0x00, 0xf0, 0x55, 0xfd, 0xfc, 0xf7, 0xed, 0xff, 0xfe, 0xe7, 0x73, 0x79, 0x73, 0x74, 
  0x65, 0x6d, 0x20, 0x65, 0x72, 0x72, 0x6f, 0x72, 0x20, 0x6f, 0x63, 0x63, 0x75, 0x72, 0x73, 0x00, 
  0x75, 0x31, 0x36, 0x45, 0x72, 0x72, 0x4d, 0x6f, 0x64, 0x75, 0x6c, 0x65, 0x3a, 0x25, 0x75, 0x20, 
  0x75, 0x31, 0x36, 0x45, 0x72, 0x72, 0x4c, 0x69, 0x6e, 0x65, 0x3a, 0x25, 0x75, 0x0a, 0x00, 0x00, 
  0x75, 0x33, 0x32, 0x45, 0x72, 0x72, 0x49, 0x6e, 0x66, 0x6f, 0x31, 0x3a, 0x25, 0x75, 0x20, 0x75, 
  0x33, 0x32, 0x45, 0x72, 0x72, 0x49, 0x6e, 0x66, 0x6f, 0x32, 0x3a, 0x25, 0x75, 0x0a, 0x00, 0x00, 
  0x10, 0xb5, 0x00, 0x24, 0x17, 0x21, 0x20, 0x46, 0x00, 0xf0, 0xf6, 0xf8, 0xfc, 0xf7, 0x20, 0xff, 
  0xfc, 0xf7, 0x56, 0xff, 0xfc, 0xf7, 0x2e, 0xff, 0x02, 0x49, 0x03, 0x4a, 0x20, 0x46, 0xfe, 0xf7, 
  0xdf, 0xf8, 0x10, 0xbd, 0xbd, 0x48, 0x00, 0x20, 0xb1, 0x48, 0x00, 0x20, 0xb0, 0xb5, 0x0c, 0x46, 
  0x05, 0x46, 0xc1, 0x60, 0xd0, 0x03, 0x7d, 0x21, 0xc9, 0x00, 0xfc, 0xf7, 0x31, 0xfd, 0x00, 0x19, 
  0xa8, 0x60, 0xb0, 0xbd, 0x10, 0xb5, 0x82, 0xb0, 0x04, 0x46, 0x40, 0x7d, 0x21, 0x7d, 0x00, 0x29, 
  0x0c, 0xd0, 0xef, 0xf3, 0x10, 0x81, 0xef, 0xf3, 0x10, 0x82, 0x72, 0xb6, 0x00, 0x22, 0x22, 0x75, 
  0x62, 0x68, 0x22, 0x60, 0x62, 0x6a, 0x22, 0x62, 0x81, 0xf3, 0x10, 0x88, 0x00, 0x28, 0x0a, 0xd0, 
  0xef, 0xf3, 0x10, 0x81, 0xef, 0xf3, 0x10, 0x82, 0x72, 0xb6, 0x00, 0x22, 0x62, 0x75, 0xe2, 0x7d, 
  0xa2, 0x75, 0x81, 0xf3, 0x10, 0x88, 0xa1, 0x7d, 0x02, 0x29, 0x1e, 0xd0, 0x00, 0x29, 0x34, 0xd1, 
  0xef, 0xf3, 0x10, 0x80, 0xef, 0xf3, 0x10, 0x81, 0x72, 0xb6, 0xe1, 0x6a, 0x00, 0x29, 0x01, 0xd0, 
  0xa2, 0x6a, 0x8a, 0x62, 0x17, 0x49, 0x0a, 0x68, 0xa2, 0x42, 0x01, 0xd1, 0xa2, 0x6a, 0x0a, 0x60, 
  0x15, 0x49, 0x0a, 0x68, 0xa2, 0x42, 0x01, 0xd1, 0xe2, 0x6a, 0x0a, 0x60, 0x80, 0xf3, 0x10, 0x88, 
  0x00, 0x20, 0xa0, 0x62, 0xe0, 0x62, 0x02, 0xb0, 0x10, 0xbd, 0x00, 0x28, 0x03, 0xd0, 0x21, 0x69, 
  0x01, 0x91, 0x22, 0x68, 0x0a, 0xe0, 0x20, 0x7e, 0x01, 0x28, 0x0c, 0xd1, 0x00, 0x20, 0x01, 0x90, 
  0x07, 0x48, 0x01, 0xa9, 0x00, 0xf0, 0x40, 0xf8, 0x22, 0x68, 0x01, 0x99, 0x20, 0x46, 0xff, 0xf7, 
  0x9d, 0xff, 0x02, 0xb0, 0x10, 0xbd, 0x01, 0x20, 0xa0, 0x75, 0x02, 0xb0, 0x10, 0xbd, 0xc0, 0x46, 
  0x00, 0x30, 0x05, 0x60, 0x94, 0xb6, 0x00, 0x20, 0x98, 0xb6, 0x00, 0x20, 0x80, 0xb5, 0xfc, 0xf7, 
  0xb9, 0xfe, 0x80, 0xbd, 0x03, 0xb4, 0x01, 0x48, 0x01, 0x90, 0x01, 0xbd, 0x61, 0x0e, 0x02, 0x00, 
  0x03, 0xb4, 0x01, 0x48, 0x01, 0x90, 0x01, 0xbd, 0x45, 0xa3, 0x01, 0x00, 0x03, 0xb4, 0x01, 0x48, 
  0x01, 0x90, 0x01, 0xbd, 0xad, 0xa0, 0x01, 0x00, 0x03, 0xb4, 0x01, 0x48, 0x01, 0x90, 0x01, 0xbd, 
  0x65, 0xbf, 0x01, 0x00, 0x03, 0xb4, 0x01, 0x48, 0x01, 0x90, 0x01, 0xbd, 0xbd, 0xbd, 0x01, 0x00, 
  0x03, 0xb4, 0x01, 0x48, 0x01, 0x90, 0x01, 0xbd, 0x51, 0xf8, 0x02, 0x00, 0x03, 0xb4, 0x01, 0x48, 
  0x01, 0x90, 0x01, 0xbd, 0x1d, 0xbf, 0x01, 0x00, 0x03, 0xb4, 0x01, 0x48, 0x01, 0x90, 0x01, 0xbd, 
  0x45, 0xbf, 0x01, 0x00, 0x03, 0xb4, 0x01, 0x48, 0x01, 0x90, 0x01, 0xbd, 0xcd, 0xbf, 0x01, 0x00, 
  0x03, 0xb4, 0x01, 0x48, 0x01, 0x90, 0x01, 0xbd, 0x69, 0x8d, 0x01, 0x00, 0x03, 0xb4, 0x01, 0x48, 
  0x01, 0x90, 0x01, 0xbd, 0x05, 0x8f, 0x01, 0x00, 0x03, 0xb4, 0x01, 0x48, 0x01, 0x90, 0x01, 0xbd, 
  0xe9, 0x71, 0x01, 0x00, 0x03, 0xb4, 0x01, 0x48, 0x01, 0x90, 0x01, 0xbd, 0x79, 0xdc, 0x01, 0x00, 
  0x03, 0xb4, 0x01, 0x48, 0x01, 0x90, 0x01, 0xbd, 0x55, 0x72, 0x01, 0x00, 0x03, 0xb4, 0x01, 0x48, 
  0x01, 0x90, 0x01, 0xbd, 0x85, 0x8e, 0x01, 0x00, 0x03, 0xb4, 0x01, 0x48, 0x01, 0x90, 0x01, 0xbd, 
  0x89, 0xdb, 0x01, 0x00, 0x03, 0xb4, 0x01, 0x48, 0x01, 0x90, 0x01, 0xbd, 0x09, 0x22, 0x01, 0x00, 
  0x03, 0xb4, 0x01, 0x48, 0x01, 0x90, 0x01, 0xbd, 0xd1, 0x23, 0x01, 0x00, 0x03, 0xb4, 0x01, 0x48, 
  0x01, 0x90, 0x01, 0xbd, 0x79, 0xc0, 0x01, 0x00, 0x03, 0xb4, 0x01, 0x48, 0x01, 0x90, 0x01, 0xbd, 
  0x89, 0xc2, 0x01, 0x00, 0x03, 0xb4, 0x01, 0x48, 0x01, 0x90, 0x01, 0xbd, 0xbd, 0xbe, 0x01, 0x00, 
  0x03, 0xb4, 0x01, 0x48, 0x01, 0x90, 0x01, 0xbd, 0x81, 0xbe, 0x01, 0x00, 0x03, 0xb4, 0x01, 0x48, 
  0x01, 0x90, 0x01, 0xbd, 0xf9, 0xbd, 0x01, 0x00, 0x03, 0xb4, 0x01, 0x48, 0x01, 0x90, 0x01, 0xbd, 
  0xd9, 0xc0, 0x01, 0x00, 0x03, 0xb4, 0x01, 0x48, 0x01, 0x90, 0x01, 0xbd, 0x01, 0x14, 0x01, 0x00, 
  0x03, 0xb4, 0x01, 0x48, 0x01, 0x90, 0x01, 0xbd, 0x1d, 0x23, 0x01, 0x00, 0x03, 0xb4, 0x01, 0x48, 
  0x01, 0x90, 0x01, 0xbd, 0x51, 0xec, 0x03, 0x00, 0x03, 0xb4, 0x01, 0x48, 0x01, 0x90, 0x01, 0xbd, 
  0xe1, 0x05, 0x03, 0x00, 0x03, 0xb4, 0x01, 0x48, 0x01, 0x90, 0x01, 0xbd, 0xe9, 0xf6, 0x02, 0x00, 
  0x03, 0xb4, 0x01, 0x48, 0x01, 0x90, 0x01, 0xbd, 0xfd, 0xf6, 0x02, 0x00, 0x03, 0xb4, 0x01, 0x48, 
  0x01, 0x90, 0x01, 0xbd, 0xf9, 0x12, 0x01, 0x00, 0x03, 0xb4, 0x01, 0x48, 0x01, 0x90, 0x01, 0xbd, 
  0xb9, 0xa0, 0x03, 0x00, 0x03, 0xb4, 0x01, 0x48, 0x01, 0x90, 0x01, 0xbd, 0xa5, 0x11, 0x01, 0x00, 
  0x03, 0xb4, 0x01, 0x48, 0x01, 0x90, 0x01, 0xbd, 0x9d, 0x12, 0x01, 0x00, 0x03, 0xb4, 0x01, 0x48, 
  0x01, 0x90, 0x01, 0xbd, 0x15, 0x28, 0x03, 0x00, 0x03, 0xb4, 0x01, 0x48, 0x01, 0x90, 0x01, 0xbd, 
  0xfb, 0x27, 0x03, 0x00, 0x03, 0xb4, 0x01, 0x48, 0x01, 0x90, 0x01, 0xbd, 0xe1, 0x2b, 0x03, 0x00, 
  0x03, 0xb4, 0x01, 0x48, 0x01, 0x90, 0x01, 0xbd, 0x31, 0x29, 0x03, 0x00, 0x03, 0xb4, 0x01, 0x48, 
  0x01, 0x90, 0x01, 0xbd, 0x3d, 0x2a, 0x03, 0x00, 0x03, 0xb4, 0x01, 0x48, 0x01, 0x90, 0x01, 0xbd, 
  0x01, 0x2e, 0x03, 0x00, 0x03, 0xb4, 0x01, 0x48, 0x01, 0x90, 0x01, 0xbd, 0x4d, 0x2f, 0x03, 0x00, 
  0x03, 0xb4, 0x01, 0x48, 0x01, 0x90, 0x01, 0xbd, 0x61, 0x18, 0x02, 0x00, 0x03, 0xb4, 0x01, 0x48, 
  0x01, 0x90, 0x01, 0xbd, 0x2d, 0x20, 0x02, 0x00, 0x03, 0xb4, 0x01, 0x48, 0x01, 0x90, 0x01, 0xbd, 
  0xfd, 0x23, 0x02, 0x00, 0x03, 0xb4, 0x01, 0x48, 0x01, 0x90, 0x01, 0xbd, 0x69, 0x82, 0x02, 0x00, 
  0x03, 0xb4, 0x01, 0x48, 0x01, 0x90, 0x01, 0xbd, 0x89, 0x2a, 0x03, 0x00, 0x03, 0xb4, 0x01, 0x48, 
  0x01, 0x90, 0x01, 0xbd, 0xc5, 0xf7, 0x02, 0x00, 0x03, 0xb4, 0x01, 0x48, 0x01, 0x90, 0x01, 0xbd, 
  0x39, 0xf7, 0x02, 0x00, 0x03, 0xb4, 0x01, 0x48, 0x01, 0x90, 0x01, 0xbd, 0xd9, 0xf7, 0x02, 0x00, 
  0x03, 0xb4, 0x01, 0x48, 0x01, 0x90, 0x01, 0xbd, 0x25, 0xf7, 0x02, 0x00, 0x03, 0xb4, 0x01, 0x48, 
  0x01, 0x90, 0x01, 0xbd, 0x11, 0xf7, 0x02, 0x00, 0x03, 0xb4, 0x01, 0x48, 0x01, 0x90, 0x01, 0xbd, 
  0x03, 0xf9, 0x02, 0x00, 0x03, 0xb4, 0x01, 0x48, 0x01, 0x90, 0x01, 0xbd, 0x61, 0xf7, 0x02, 0x00, 
  0x03, 0xb4, 0x01, 0x48, 0x01, 0x90, 0x01, 0xbd, 0xd5, 0x05, 0x03, 0x00, 0x03, 0xb4, 0x01, 0x48, 
  0x01, 0x90, 0x01, 0xbd, 0x6d, 0x18, 0x03, 0x00, 0x03, 0xb4, 0x01, 0x48, 0x01, 0x90, 0x01, 0xbd, 
  0xb9, 0x5a, 0x03, 0x00, 0x03, 0xb4, 0x01, 0x48, 0x01, 0x90, 0x01, 0xbd, 0xdd, 0x59, 0x03, 0x00, 
  0x03, 0xb4, 0x01, 0x48, 0x01, 0x90, 0x01, 0xbd, 0x85, 0x18, 0x03, 0x00, 0x03, 0xb4, 0x01, 0x48, 
  0x01, 0x90, 0x01, 0xbd, 0xaf, 0x28, 0x03, 0x00, 0x03, 0xb4, 0x01, 0x48, 0x01, 0x90, 0x01, 0xbd, 
  0xfd, 0x05, 0x03, 0x00, 0x03, 0xb4, 0x01, 0x48, 0x01, 0x90, 0x01, 0xbd, 0x05, 0x06, 0x03, 0x00, 
  0x03, 0xb4, 0x01, 0x48, 0x01, 0x90, 0x01, 0xbd, 0xf5, 0x05, 0x03, 0x00, 0x03, 0xb4, 0x01, 0x48, 
  0x01, 0x90, 0x01, 0xbd, 0xed, 0x05, 0x03, 0x00, 0x03, 0xb4, 0x01, 0x48, 0x01, 0x90, 0x01, 0xbd, 
  0x89, 0xa6, 0x01, 0x00, 0x03, 0xb4, 0x01, 0x48, 0x01, 0x90, 0x01, 0xbd, 0xf1, 0x1a, 0x02, 0x00, 
  0x03, 0xb4, 0x01, 0x48, 0x01, 0x90, 0x01, 0xbd, 0x79, 0x23, 0x02, 0x00, 0x03, 0xb4, 0x01, 0x48, 
  0x01, 0x90, 0x01, 0xbd, 0x75, 0x20, 0x02, 0x00, 0x03, 0xb4, 0x01, 0x48, 0x01, 0x90, 0x01, 0xbd, 
  0x39, 0x20, 0x02, 0x00, 0x03, 0xb4, 0x01, 0x48, 0x01, 0x90, 0x01, 0xbd, 0x45, 0x20, 0x02, 0x00, 
  0x03, 0xb4, 0x01, 0x48, 0x01, 0x90, 0x01, 0xbd, 0x81, 0x20, 0x02, 0x00, 0x03, 0xb4, 0x01, 0x48, 
  0x01, 0x90, 0x01, 0xbd, 0x69, 0x20, 0x02, 0x00, 0x03, 0xb4, 0x01, 0x48, 0x01, 0x90, 0x01, 0xbd, 
  0x51, 0x20, 0x02, 0x00, 0x03, 0xb4, 0x01, 0x48, 0x01, 0x90, 0x01, 0xbd, 0x5d, 0x20, 0x02, 0x00, 
  0x03, 0xb4, 0x01, 0x48, 0x01, 0x90, 0x01, 0xbd, 0x31, 0xe0, 0x02, 0x00, 0x03, 0xb4, 0x01, 0x48, 
  0x01, 0x90, 0x01, 0xbd, 0x19, 0xe0, 0x02, 0x00, 0x03, 0xb4, 0x01, 0x48, 0x01, 0x90, 0x01, 0xbd, 
  0x25, 0xe0, 0x02, 0x00, 0x03, 0xb4, 0x01, 0x48, 0x01, 0x90, 0x01, 0xbd, 0xb9, 0xdf, 0x02, 0x00, 
  0x03, 0xb4, 0x01, 0x48, 0x01, 0x90, 0x01, 0xbd, 0xd1, 0xdf, 0x02, 0x00, 0x03, 0xb4, 0x01, 0x48, 
  0x01, 0x90, 0x01, 0xbd, 0xf5, 0xdf, 0x02, 0x00, 0x03, 0xb4, 0x01, 0x48, 0x01, 0x90, 0x01, 0xbd, 
  0xdd, 0xdf, 0x02, 0x00, 0x03, 0xb4, 0x01, 0x48, 0x01, 0x90, 0x01, 0xbd, 0x01, 0xe0, 0x02, 0x00, 
  0x03, 0xb4, 0x01, 0x48, 0x01, 0x90, 0x01, 0xbd, 0xe9, 0xdf, 0x02, 0x00, 0x03, 0xb4, 0x01, 0x48, 
  0x01, 0x90, 0x01, 0xbd, 0x0d, 0xe0, 0x02, 0x00, 0x03, 0xb4, 0x01, 0x48, 0x01, 0x90, 0x01, 0xbd, 
  0x49, 0xe0, 0x02, 0x00, 0x03, 0xb4, 0x01, 0x48, 0x01, 0x90, 0x01, 0xbd, 0x3d, 0xe0, 0x02, 0x00, 
  0x03, 0xb4, 0x01, 0x48, 0x01, 0x90, 0x01, 0xbd, 0xad, 0xdf, 0x02, 0x00, 0x03, 0xb4, 0x01, 0x48, 
  0x01, 0x90, 0x01, 0xbd, 0x5d, 0xe9, 0x03, 0x00, 0x03, 0xb4, 0x01, 0x48, 0x01, 0x90, 0x01, 0xbd, 
  0x75, 0xe9, 0x03, 0x00, 0x03, 0xb4, 0x01, 0x48, 0x01, 0x90, 0x01, 0xbd, 0x69, 0xe9, 0x03, 0x00, 
  0x03, 0xb4, 0x01, 0x48, 0x01, 0x90, 0x01, 0xbd, 0x51, 0xe9, 0x03, 0x00, 0x03, 0xb4, 0x01, 0x48, 
  0x01, 0x90, 0x01, 0xbd, 0x45, 0xe9, 0x03, 0x00, 0x03, 0xb4, 0x01, 0x48, 0x01, 0x90, 0x01, 0xbd, 
  0x49, 0xe2, 0x03, 0x00, 0x03, 0xb4, 0x01, 0x48, 0x01, 0x90, 0x01, 0xbd, 0x55, 0xe2, 0x03, 0x00, 
  0x03, 0xb4, 0x01, 0x48, 0x01, 0x90, 0x01, 0xbd, 0x25, 0xaa, 0x02, 0x00, 0x03, 0xb4, 0x01, 0x48, 
  0x01, 0x90, 0x01, 0xbd, 0x49, 0xa0, 0x02, 0x00, 0x03, 0xb4, 0x01, 0x48, 0x01, 0x90, 0x01, 0xbd, 
  0xcd, 0x39, 0x02, 0x00, 0x03, 0xb4, 0x01, 0x48, 0x01, 0x90, 0x01, 0xbd, 0x7d, 0xdc, 0x02, 0x00, 
  0x03, 0xb4, 0x01, 0x48, 0x01, 0x90, 0x01, 0xbd, 0x11, 0xf4, 0x02, 0x00, 0x03, 0xb4, 0x01, 0x48, 
  0x01, 0x90, 0x01, 0xbd, 0x15, 0xd0, 0x02, 0x00, 0x03, 0xb4, 0x01, 0x48, 0x01, 0x90, 0x01, 0xbd, 
  0x19, 0x2c, 0x02, 0x00, 0x03, 0xb4, 0x01, 0x48, 0x01, 0x90, 0x01, 0xbd, 0x19, 0x59, 0x02, 0x00, 
  0x03, 0xb4, 0x01, 0x48, 0x01, 0x90, 0x01, 0xbd, 0x51, 0x29, 0x02, 0x00, 0x03, 0xb4, 0x01, 0x48, 
  0x01, 0x90, 0x01, 0xbd, 0x29, 0x82, 0x02, 0x00, 0x03, 0xb4, 0x01, 0x48, 0x01, 0x90, 0x01, 0xbd, 
  0xc5, 0xdf, 0x02, 0x00, 0x03, 0xb4, 0x01, 0x48, 0x01, 0x90, 0x01, 0xbd, 0x7d, 0xde, 0x01, 0x00, 
  0x03, 0xb4, 0x01, 0x48, 0x01, 0x90, 0x01, 0xbd, 0xa5, 0xbc, 0x02, 0x00, 0x03, 0xb4, 0x01, 0x48, 
  0x01, 0x90, 0x01, 0xbd, 0x7d, 0x08, 0x01, 0x00, 0x03, 0xb4, 0x01, 0x48, 0x01, 0x90, 0x01, 0xbd, 
  0x61, 0x08, 0x01, 0x00, 0x03, 0xb4, 0x01, 0x48, 0x01, 0x90, 0x01, 0xbd, 0x39, 0xc4, 0x01, 0x00, 
  0x03, 0xb4, 0x01, 0x48, 0x01, 0x90, 0x01, 0xbd, 0x4d, 0x10, 0x01, 0x00, 0x03, 0xb4, 0x01, 0x48, 
  0x01, 0x90, 0x01, 0xbd, 0xe1, 0x10, 0x01, 0x00, 0x03, 0xb4, 0x01, 0x48, 0x01, 0x90, 0x01, 0xbd, 
  0xd9, 0x52, 0x03, 0x00, 0x03, 0xb4, 0x01, 0x48, 0x01, 0x90, 0x01, 0xbd, 0x39, 0x30, 0x03, 0x00, 
  0x03, 0xb4, 0x01, 0x48, 0x01, 0x90, 0x01, 0xbd, 0x29, 0x44, 0x03, 0x00, 0x03, 0xb4, 0x01, 0x48, 
  0x01, 0x90, 0x01, 0xbd, 0xb1, 0x05, 0x03, 0x00, 0x03, 0xb4, 0x01, 0x48, 0x01, 0x90, 0x01, 0xbd, 
  0x99, 0xa7, 0x03, 0x00, 0x03, 0xb4, 0x01, 0x48, 0x01, 0x90, 0x01, 0xbd, 0xa5, 0x30, 0x03, 0x00, 
  0x03, 0xb4, 0x01, 0x48, 0x01, 0x90, 0x01, 0xbd, 0x49, 0x46, 0x03, 0x00, 0x03, 0xb4, 0x01, 0x48, 
  0x01, 0x90, 0x01, 0xbd, 0x89, 0x31, 0x03, 0x00, 0x03, 0xb4, 0x01, 0x48, 0x01, 0x90, 0x01, 0xbd, 
  0xed, 0x44, 0x03, 0x00, 0x03, 0xb4, 0x01, 0x48, 0x01, 0x90, 0x01, 0xbd, 0x09, 0x31, 0x03, 0x00, 
  0x03, 0xb4, 0x01, 0x48, 0x01, 0x90, 0x01, 0xbd, 0xe1, 0x32, 0x03, 0x00, 0x03, 0xb4, 0x01, 0x48, 
  0x01, 0x90, 0x01, 0xbd, 0xa9, 0x34, 0x03, 0x00, 0x03, 0xb4, 0x01, 0x48, 0x01, 0x90, 0x01, 0xbd, 
  0x35, 0x32, 0x03, 0x00, 0x03, 0xb4, 0x01, 0x48, 0x01, 0x90, 0x01, 0xbd, 0x81, 0x4e, 0x03, 0x00, 
  0x03, 0xb4, 0x01, 0x48, 0x01, 0x90, 0x01, 0xbd, 0x35, 0x49, 0x03, 0x00, 0x03, 0xb4, 0x01, 0x48, 
  0x01, 0x90, 0x01, 0xbd, 0x69, 0x32, 0x03, 0x00, 0x03, 0xb4, 0x01, 0x48, 0x01, 0x90, 0x01, 0xbd, 
  0xb1, 0x35, 0x03, 0x00, 0x03, 0xb4, 0x01, 0x48, 0x01, 0x90, 0x01, 0xbd, 0xc3, 0x31, 0x03, 0x00, 
  0x03, 0xb4, 0x01, 0x48, 0x01, 0x90, 0x01, 0xbd, 0xdd, 0x30, 0x03, 0x00, 0x03, 0xb4, 0x01, 0x48, 
  0x01, 0x90, 0x01, 0xbd, 0x8d, 0x35, 0x03, 0x00, 0x03, 0xb4, 0x01, 0x48, 0x01, 0x90, 0x01, 0xbd, 
  0x59, 0x35, 0x03, 0x00, 0x03, 0xb4, 0x01, 0x48, 0x01, 0x90, 0x01, 0xbd, 0x09, 0x36, 0x03, 0x00, 
  0x03, 0xb4, 0x01, 0x48, 0x01, 0x90, 0x01, 0xbd, 0x11, 0x0d, 0x03, 0x00, 0x03, 0xb4, 0x01, 0x48, 
  0x01, 0x90, 0x01, 0xbd, 0xc1, 0x5d, 0x03, 0x00, 0x03, 0xb4, 0x01, 0x48, 0x01, 0x90, 0x01, 0xbd, 
  0x31, 0x66, 0x03, 0x00, 0x03, 0xb4, 0x01, 0x48, 0x01, 0x90, 0x01, 0xbd, 0xed, 0x16, 0x03, 0x00, 
  0x03, 0xb4, 0x01, 0x48, 0x01, 0x90, 0x01, 0xbd, 0x19, 0x0f, 0x03, 0x00, 0x03, 0xb4, 0x01, 0x48, 
  0x01, 0x90, 0x01, 0xbd, 0x87, 0x66, 0x03, 0x00, 0x03, 0xb4, 0x01, 0x48, 0x01, 0x90, 0x01, 0xbd, 
  0x57, 0x66, 0x03, 0x00, 0x03, 0xb4, 0x01, 0x48, 0x01, 0x90, 0x01, 0xbd, 0x4d, 0x17, 0x03, 0x00, 
  0x03, 0xb4, 0x01, 0x48, 0x01, 0x90, 0x01, 0xbd, 0x7b, 0x66, 0x03, 0x00, 0x03, 0xb4, 0x01, 0x48, 
  0x01, 0x90, 0x01, 0xbd, 0x63, 0x66, 0x03, 0x00, 0x03, 0xb4, 0x01, 0x48, 0x01, 0x90, 0x01, 0xbd, 
  0x1d, 0x10, 0x03, 0x00, 0x03, 0xb4, 0x01, 0x48, 0x01, 0x90, 0x01, 0xbd, 0x15, 0x10, 0x03, 0x00, 
  0x03, 0xb4, 0x01, 0x48, 0x01, 0x90, 0x01, 0xbd, 0xaf, 0x0f, 0x03, 0x00, 0x03, 0xb4, 0x01, 0x48, 
  0x01, 0x90, 0x01, 0xbd, 0x29, 0x10, 0x03, 0x00, 0x03, 0xb4, 0x01, 0x48, 0x01, 0x90, 0x01, 0xbd, 
  0xd1, 0xa7, 0x03, 0x00, 0x03, 0xb4, 0x01, 0x48, 0x01, 0x90, 0x01, 0xbd, 0x4b, 0x66, 0x03, 0x00, 
  0x03, 0xb4, 0x01, 0x48, 0x01, 0x90, 0x01, 0xbd, 0x6f, 0x66, 0x03, 0x00, 0x03, 0xb4, 0x01, 0x48, 
  0x01, 0x90, 0x01, 0xbd, 0x57, 0xef, 0x02, 0x00, 0x03, 0xb4, 0x01, 0x48, 0x01, 0x90, 0x01, 0xbd, 
  0xdd, 0xe0, 0x03, 0x00, 0x03, 0xb4, 0x01, 0x48, 0x01, 0x90, 0x01, 0xbd, 0xfd, 0x7a, 0x02, 0x00, 
  0x03, 0xb4, 0x01, 0x48, 0x01, 0x90, 0x01, 0xbd, 0xcd, 0x52, 0x02, 0x00, 0x03, 0xb4, 0x01, 0x48, 
  0x01, 0x90, 0x01, 0xbd, 0x05, 0x52, 0x02, 0x00, 0x03, 0xb4, 0x01, 0x48, 0x01, 0x90, 0x01, 0xbd, 
  0x4d, 0xf7, 0x02, 0x00, 0x03, 0xb4, 0x01, 0x48, 0x01, 0x90, 0x01, 0xbd, 0x69, 0x42, 0x01, 0x00, 
  0x03, 0xb4, 0x01, 0x48, 0x01, 0x90, 0x01, 0xbd, 0x31, 0xee, 0x02, 0x00, 0x03, 0xb4, 0x01, 0x48, 
  0x01, 0x90, 0x01, 0xbd, 0xa1, 0x17, 0x02, 0x00, 0x03, 0xb4, 0x01, 0x48, 0x01, 0x90, 0x01, 0xbd, 
  0xdd, 0x10, 0x02, 0x00, 0x03, 0xb4, 0x01, 0x48, 0x01, 0x90, 0x01, 0xbd, 0xf1, 0x15, 0x02, 0x00, 
  0x03, 0xb4, 0x01, 0x48, 0x01, 0x90, 0x01, 0xbd, 0x49, 0x17, 0x02, 0x00, 0x03, 0xb4, 0x01, 0x48, 
  0x01, 0x90, 0x01, 0xbd, 0x49, 0x13, 0x02, 0x00, 0x03, 0xb4, 0x01, 0x48, 0x01, 0x90, 0x01, 0xbd, 
  0x71, 0x15, 0x02, 0x00, 0x03, 0xb4, 0x01, 0x48, 0x01, 0x90, 0x01, 0xbd, 0x9d, 0x0f, 0x02, 0x00, 
  0x03, 0xb4, 0x01, 0x48, 0x01, 0x90, 0x01, 0xbd, 0xe1, 0x1a, 0x02, 0x00, 0x03, 0xb4, 0x01, 0x48, 
  0x01, 0x90, 0x01, 0xbd, 0x1d, 0x18, 0x02, 0x00, 0x03, 0xb4, 0x01, 0x48, 0x01, 0x90, 0x01, 0xbd, 
  0x4d, 0x18, 0x02, 0x00, 0x03, 0xb4, 0x01, 0x48, 0x01, 0x90, 0x01, 0xbd, 0x91, 0x12, 0x02, 0x00, 
  0x03, 0xb4, 0x01, 0x48, 0x01, 0x90, 0x01, 0xbd, 0xf1, 0x11, 0x02, 0x00, 0x03, 0xb4, 0x01, 0x48, 
  0x01, 0x90, 0x01, 0xbd, 0x35, 0x12, 0x02, 0x00, 0x03, 0xb4, 0x01, 0x48, 0x01, 0x90, 0x01, 0xbd, 
  0xd5, 0x13, 0x02, 0x00, 0x03, 0xb4, 0x01, 0x48, 0x01, 0x90, 0x01, 0xbd, 0x61, 0x14, 0x02, 0x00, 
  0x03, 0xb4, 0x01, 0x48, 0x01, 0x90, 0x01, 0xbd, 0x15, 0x14, 0x02, 0x00, 0x03, 0xb4, 0x01, 0x48, 
  0x01, 0x90, 0x01, 0xbd, 0x11, 0x24, 0x02, 0x00, 0x03, 0xb4, 0x01, 0x48, 0x01, 0x90, 0x01, 0xbd, 
  0xe9, 0x22, 0x02, 0x00, 0x03, 0xb4, 0x01, 0x48, 0x01, 0x90, 0x01, 0xbd, 0x3d, 0x1e, 0x02, 0x00, 
  0x03, 0xb4, 0x01, 0x48, 0x01, 0x90, 0x01, 0xbd, 0x75, 0x1e, 0x02, 0x00, 0x03, 0xb4, 0x01, 0x48, 
  0x01, 0x90, 0x01, 0xbd, 0xc9, 0x1d, 0x02, 0x00, 0x03, 0xb4, 0x01, 0x48, 0x01, 0x90, 0x01, 0xbd, 
  0x21, 0x78, 0x02, 0x00, 0x03, 0xb4, 0x01, 0x48, 0x01, 0x90, 0x01, 0xbd, 0x85, 0x43, 0x02, 0x00, 
  0x03, 0xb4, 0x01, 0x48, 0x01, 0x90, 0x01, 0xbd, 0xb1, 0x2d, 0x02, 0x00, 0x03, 0xb4, 0x01, 0x48, 
  0x01, 0x90, 0x01, 0xbd, 0x11, 0xf1, 0x02, 0x00, 0x03, 0xb4, 0x01, 0x48, 0x01, 0x90, 0x01, 0xbd, 
  0xc9, 0x61, 0x02, 0x00, 0x03, 0xb4, 0x01, 0x48, 0x01, 0x90, 0x01, 0xbd, 0xe9, 0xc0, 0x02, 0x00, 
  0x03, 0xb4, 0x01, 0x48, 0x01, 0x90, 0x01, 0xbd, 0xad, 0xc3, 0x01, 0x00, 0x03, 0xb4, 0x01, 0x48, 
  0x01, 0x90, 0x01, 0xbd, 0x43, 0xd7, 0x01, 0x00, 0x03, 0xb4, 0x01, 0x48, 0x01, 0x90, 0x01, 0xbd, 
  0x41, 0xf9, 0x02, 0x00, 0x03, 0xb4, 0x01, 0x48, 0x01, 0x90, 0x01, 0xbd, 0x5d, 0x52, 0x01, 0x00, 
  0x03, 0xb4, 0x01, 0x48, 0x01, 0x90, 0x01, 0xbd, 0x5d, 0x58, 0x01, 0x00, 0x03, 0xb4, 0x01, 0x48, 
  0x01, 0x90, 0x01, 0xbd, 0xd9, 0x53, 0x01, 0x00, 0x03, 0xb4, 0x01, 0x48, 0x01, 0x90, 0x01, 0xbd, 
  0xe9, 0x55, 0x01, 0x00, 0x03, 0xb4, 0x01, 0x48, 0x01, 0x90, 0x01, 0xbd, 0x19, 0x5a, 0x01, 0x00, 
  0x03, 0xb4, 0x01, 0x48, 0x01, 0x90, 0x01, 0xbd, 0x05, 0x59, 0x01, 0x00, 0x03, 0xb4, 0x01, 0x48, 
  0x01, 0x90, 0x01, 0xbd, 0x91, 0xb2, 0x01, 0x00, 0x03, 0xb4, 0x01, 0x48, 0x01, 0x90, 0x01, 0xbd, 
  0x4d, 0x11, 0x01, 0x00, 0x03, 0xb4, 0x01, 0x48, 0x01, 0x90, 0x01, 0xbd, 0x35, 0x14, 0x01, 0x00, 
  0x0f, 0xb4, 0x10, 0xb5, 0x03, 0xa9, 0x04, 0x4b, 0x04, 0x4a, 0x02, 0x98, 0x00, 0xf0, 0x08, 0xf8, 
  0x10, 0xbc, 0x08, 0xbc, 0x04, 0xb0, 0x18, 0x47, 0xfd, 0x47, 0x00, 0x20, 0x10, 0x7a, 0x00, 0x20, 
  0xff, 0xb5, 0x91, 0xb0, 0x0f, 0x46, 0x05, 0x46, 0x00, 0x26, 0x06, 0xe0, 0x25, 0x28, 0x0a, 0xd0, 
  0x14, 0x9a, 0x13, 0x99, 0x90, 0x47, 0x6d, 0x1c, 0x76, 0x1c, 0x28, 0x78, 0x00, 0x28, 0xf5, 0xd1, 
  0x30, 0x46, 0x15, 0xb0, 0xf0, 0xbd, 0x00, 0x24, 0x00, 0x94, 0x01, 0x21, 0xf3, 0x4a, 0x02, 0x94, 
  0x00, 0xe0, 0x04, 0x43, 0x6d, 0x1c, 0x2b, 0x78, 0x08, 0x46, 0x20, 0x3b, 0x98, 0x40, 0x10, 0x42, 
  0xf7, 0xd1, 0x28, 0x78, 0x2a, 0x28, 0x0e, 0xd0, 0x02, 0x21, 0x28, 0x78, 0x02, 0x46, 0x30, 0x3a, 
  0x09, 0x2a, 0x15, 0xd8, 0x00, 0x9a, 0x0a, 0x23, 0x5a, 0x43, 0x30, 0x3a, 0x80, 0x18, 0x0c, 0x43, 
  0x6d, 0x1c, 0x00, 0x90, 0xf1, 0xe7, 0x01, 0xcf, 0x00, 0x90, 0x00, 0x28, 0x05, 0xda, 0x01, 0x20, 
  0x40, 0x03, 0x04, 0x43, 0x00, 0x98, 0x40, 0x42, 0x00, 0x90, 0x02, 0x20, 0x04, 0x43, 0x6d, 0x1c, 
  0x28, 0x78, 0x2e, 0x28, 0x15, 0xd1, 0x04, 0x20, 0x04, 0x43, 0x68, 0x78, 0x6d, 0x1c, 0x2a, 0x28, 
  0x0a, 0xd1, 0x01, 0xcf, 0x6d, 0x1c, 0x02, 0x90, 0x0b, 0xe0, 0x02, 0x99, 0x0a, 0x22, 0x51, 0x43, 
  0x30, 0x39, 0x40, 0x18, 0x6d, 0x1c, 0x02, 0x90, 0x28, 0x78, 0x01, 0x46, 0x30, 0x39, 0x09, 0x29, 
  0xf3, 0xd9, 0x28, 0x78, 0x6c, 0x28, 0x10, 0xd0, 0x06, 0xdc, 0x4c, 0x28, 0x1a, 0xd0, 0x68, 0x28, 
  0x0e, 0xd0, 0x6a, 0x28, 0x17, 0xd1, 0x04, 0xe0, 0x74, 0x28, 0x13, 0xd0, 0x7a, 0x28, 0x12, 0xd1, 
  0x10, 0xe0, 0x01, 0x20, 0x40, 0x05, 0x04, 0x43, 0x0c, 0xe0, 0x01, 0x21, 0x09, 0x05, 0x01, 0xe0, 
  0x03, 0x21, 0x09, 0x05, 0x0c, 0x43, 0x69, 0x78, 0x81, 0x42, 0x03, 0xd1, 0x01, 0x20, 0x00, 0x05, 
  0x24, 0x18, 0x6d, 0x1c, 0x6d, 0x1c, 0x28, 0x78, 0x03, 0x90, 0x6e, 0x28, 0x1e, 0xd0, 0x0c, 0xdc, 
  0x63, 0x28, 0x31, 0xd0, 0x04, 0xdc, 0x00, 0x28, 0x8a, 0xd0, 0x58, 0x28, 0x11, 0xd1, 0xb2, 0xe0, 
  0x64, 0x28, 0x7b, 0xd0, 0x69, 0x28, 0x0c, 0xd1, 0x78, 0xe0, 0x73, 0x28, 0x2d, 0xd0, 0x04, 0xdc, 
  0x6f, 0x28, 0x70, 0xd0, 0x70, 0x28, 0x04, 0xd1, 0xa7, 0xe0, 0x75, 0x28, 0x6c, 0xd0, 0x78, 0x28, 
  0x6b, 0xd0, 0x14, 0x9a, 0x13, 0x99, 0x90, 0x47, 0x76, 0x1c, 0x62, 0xe0, 0x60, 0x02, 0x40, 0x0f, 
  0x02, 0x28, 0x07, 0xd0, 0x03, 0x28, 0x0a, 0xd0, 0x04, 0x28, 0x38, 0x68, 0x0a, 0xd0, 0x06, 0x60, 
  0x3f, 0x1d, 0x56, 0xe0, 0x38, 0x68, 0xf1, 0x17, 0x06, 0x60, 0x41, 0x60, 0xf8, 0xe7, 0x38, 0x68, 
  0x06, 0x80, 0xf5, 0xe7, 0x06, 0x70, 0xf3, 0xe7, 0x38, 0x78, 0x69, 0x46, 0x08, 0x74, 0x00, 0x20, 
  0x48, 0x74, 0x04, 0xa8, 0x03, 0x90, 0x01, 0x20, 0x03, 0xe0, 0x38, 0x68, 0x03, 0x90, 0x00, 0x20, 
  0xc0, 0x43, 0x3f, 0x1d, 0x61, 0x07, 0x0f, 0xd5, 0x00, 0x21, 0x01, 0xe0, 0x01, 0x99, 0x49, 0x1c, 
  0x02, 0x9a, 0x01, 0x91, 0x91, 0x42, 0x13, 0xda, 0x81, 0x42, 0xf7, 0xdb, 0x01, 0x9a, 0x03, 0x99, 
  0x89, 0x5c, 0x00, 0x29, 0xf2, 0xd1, 0x0b, 0xe0, 0x00, 0x21, 0x01, 0xe0, 0x01, 0x99, 0x49, 0x1c, 
  0x01, 0x91, 0x81, 0x42, 0xfa, 0xdb, 0x01, 0x9a, 0x03, 0x99, 0x89, 0x5c, 0x00, 0x29, 0xf5, 0xd1, 
  0x01, 0x99, 0x00, 0x98, 0x13, 0x9a, 0x40, 0x1a, 0x00, 0x90, 0x21, 0x46, 0x14, 0x9b, 0x00, 0xf0, 
  0x3b, 0xf9, 0x01, 0x99, 0x80, 0x19, 0x46, 0x18, 0x07, 0xe0, 0x03, 0x98, 0x03, 0x99, 0x00, 0x78, 
  0x49, 0x1c, 0x03, 0x91, 0x14, 0x9a, 0x13, 0x99, 0x90, 0x47, 0x01, 0x98, 0x40, 0x1e, 0x01, 0x90, 
  0x40, 0x1c, 0xf2, 0xd1, 0x21, 0x46, 0x14, 0x9b, 0x13, 0x9a, 0x00, 0x98, 0x00, 0xf0, 0x14, 0xf9, 
  0x86, 0x19, 0x6d, 0x1c, 0x09, 0xe7, 0x41, 0xe0, 0x33, 0xe0, 0x34, 0xe0, 0x0a, 0x20, 0x00, 0x21, 
  0x04, 0x90, 0x05, 0x91, 0x60, 0x02, 0x41, 0x0f, 0x02, 0x29, 0x05, 0xd0, 0x01, 0xcf, 0xc2, 0x17, 
  0x94, 0x46, 0x03, 0x29, 0x05, 0xd0, 0x07, 0xe0, 0xff, 0x1d, 0xff, 0x08, 0xff, 0x00, 0x03, 0xcf, 
  0x06, 0xe0, 0x00, 0xb2, 0xc2, 0x17, 0x94, 0x46, 0x04, 0x29, 0x02, 0xd1, 0x40, 0xb2, 0xc1, 0x17, 
  0x8c, 0x46, 0x00, 0x22, 0x61, 0x46, 0x94, 0x45, 0x06, 0xda, 0x0a, 0x46, 0x00, 0x21, 0x40, 0x42, 
  0x91, 0x41, 0x8c, 0x46, 0x2d, 0x21, 0x02, 0xe0, 0x21, 0x05, 0x04, 0xd5, 0x2b, 0x21, 0x6a, 0x46, 
  0x11, 0x76, 0x01, 0x21, 0x03, 0xe0, 0xe1, 0x07, 0x01, 0xd0, 0x20, 0x21, 0xf7, 0xe7, 0x01, 0x91, 
  0x54, 0xe0, 0x0a, 0x20, 0x0b, 0xe0, 0x10, 0x20, 0x09, 0xe0, 0x10, 0x20, 0x04, 0x90, 0x00, 0x21, 
  0x04, 0x20, 0x04, 0x43, 0x08, 0x20, 0x05, 0x91, 0x02, 0x90, 0x03, 0xe0, 0x08, 0x20, 0x00, 0x21, 
  0x05, 0x91, 0x04, 0x90, 0x60, 0x02, 0x41, 0x0f, 0x02, 0x29, 0x05, 0xd0, 0x01, 0xcf, 0x00, 0x22, 
  0x94, 0x46, 0x03, 0x29, 0x06, 0xd0, 0x06, 0xe0, 0xff, 0x1d, 0xff, 0x08, 0xff, 0x00, 0x03, 0xcf, 
  0x8c, 0x46, 0x03, 0xe0, 0x80, 0xb2, 0x04, 0x29, 0x00, 0xd1, 0xc0, 0xb2, 0x00, 0x21, 0x01, 0x91, 
  0x21, 0x07, 0x2b, 0xd5, 0x03, 0x99, 0x70, 0x29, 0x06, 0xd0, 0x04, 0x9a, 0x10, 0x21, 0x05, 0x9b, 
  0x4a, 0x40, 0x1a, 0x43, 0x05, 0xd0, 0x0e, 0xe0, 0x40, 0x21, 0x6a, 0x46, 0x11, 0x76, 0x01, 0x21, 
  0x08, 0xe0, 0x61, 0x46, 0x01, 0x43, 0x06, 0xd0, 0x30, 0x21, 0x6a, 0x46, 0x11, 0x76, 0x03, 0x99, 
  0x51, 0x76, 0x02, 0x21, 0x01, 0x91, 0x04, 0x9a, 0x08, 0x21, 0x05, 0x9b, 0x4a, 0x40, 0x1a, 0x43, 
  0x0c, 0xd1, 0x61, 0x46, 0x01, 0x43, 0x01, 0xd1, 0x61, 0x07, 0x07, 0xd5, 0x30, 0x21, 0x6a, 0x46, 
  0x11, 0x76, 0x01, 0x21, 0x01, 0x91, 0x02, 0x99, 0x49, 0x1e, 0x02, 0x91, 0x03, 0x99, 0x58, 0x29, 
  0x04, 0xd0, 0x37, 0xa1, 0x03, 0x91, 0x0f, 0xa9, 0x0f, 0x91, 0x0d, 0xe0, 0x39, 0xa1, 0xf9, 0xe7, 
  0x61, 0x46, 0x05, 0x9b, 0x04, 0x9a, 0xfb, 0xf7, 0x91, 0xfe, 0x03, 0x9b, 0x8c, 0x46, 0x9b, 0x5c, 
  0x0f, 0x9a, 0x52, 0x1e, 0x0f, 0x92, 0x13, 0x70, 0x61, 0x46, 0x01, 0x43, 0xf0, 0xd1, 0x0f, 0x98, 
  0x07, 0xa9, 0x08, 0x1a, 0x20, 0x30, 0x03, 0x90, 0x60, 0x07, 0x04, 0xd5, 0x01, 0x20, 0x00, 0x04, 
  0x84, 0x43, 0x02, 0x98, 0x01, 0xe0, 0x01, 0x20, 0x02, 0x90, 0x03, 0x99, 0x88, 0x42, 0x01, 0xdd, 
  0x40, 0x1a, 0x00, 0xe0, 0x00, 0x20, 0x41, 0x18, 0x02, 0x90, 0x01, 0x98, 0x09, 0x18, 0x00, 0x98, 
  0x40, 0x1a, 0x00, 0x90, 0xe0, 0x03, 0x06, 0xd4, 0x21, 0x46, 0x14, 0x9b, 0x13, 0x9a, 0x00, 0x98, 
  0x00, 0xf0, 0x5a, 0xf8, 0x86, 0x19, 0x00, 0x20, 0x04, 0x90, 0x08, 0xe0, 0x06, 0xa9, 0x08, 0x5c, 
  0x14, 0x9a, 0x13, 0x99, 0x90, 0x47, 0x04, 0x98, 0x40, 0x1c, 0x76, 0x1c, 0x04, 0x90, 0x01, 0x99, 
  0x88, 0x42, 0xf3, 0xdb, 0xe0, 0x03, 0x0c, 0xd5, 0x21, 0x46, 0x14, 0x9b, 0x13, 0x9a, 0x00, 0x98, 
  0x00, 0xf0, 0x42, 0xf8, 0x86, 0x19, 0x04, 0xe0, 0x14, 0x9a, 0x30, 0x20, 0x13, 0x99, 0x90, 0x47, 
  0x76, 0x1c, 0x02, 0x99, 0x48, 0x1e, 0x02, 0x90, 0x00, 0x29, 0xf5, 0xdc, 0x08, 0xe0, 0x0f, 0x98, 
  0x0f, 0x99, 0x00, 0x78, 0x49, 0x1c, 0x0f, 0x91, 0x14, 0x9a, 0x13, 0x99, 0x90, 0x47, 0x76, 0x1c, 
  0x03, 0x99, 0x48, 0x1e, 0x03, 0x90, 0x00, 0x29, 0xf1, 0xdc, 0xfb, 0xe6, 0x09, 0x28, 0x01, 0x00, 
  0x30, 0x31, 0x32, 0x33, 0x34, 0x35, 0x36, 0x37, 0x38, 0x39, 0x61, 0x62, 0x63, 0x64, 0x65, 0x66, 
  0x00, 0x00, 0x00, 0x00, 0x30, 0x31, 0x32, 0x33, 0x34, 0x35, 0x36, 0x37, 0x38, 0x39, 0x41, 0x42, 
  0x43, 0x44, 0x45, 0x46, 0x00, 0x00, 0x00, 0x00, 0xf8, 0xb5, 0x04, 0x46, 0x00, 0x25, 0x1e, 0x46, 
  0x17, 0x46, 0x88, 0x04, 0x04, 0xd4, 0x05, 0xe0, 0x39, 0x46, 0x20, 0x20, 0xb0, 0x47, 0x6d, 0x1c, 
  0x64, 0x1e, 0xf9, 0xd5, 0x28, 0x46, 0xf8, 0xbd, 0xff, 0xb5, 0x04, 0x46, 0x00, 0x25, 0x81, 0xb0, 
  0x1e, 0x46, 0xc8, 0x03, 0x01, 0xd5, 0x30, 0x27, 0x00, 0xe0, 0x20, 0x27, 0x88, 0x04, 0x04, 0xd5, 
  0x05, 0xe0, 0x38, 0x46, 0x03, 0x99, 0xb0, 0x47, 0x6d, 0x1c, 0x64, 0x1e, 0xf9, 0xd5, 0x28, 0x46, 
  0x05, 0xb0, 0xf0, 0xbd, 0x10, 0xb5, 0x02, 0x49, 0xfd, 0xf7, 0x08, 0xf9, 0x10, 0xbd, 0x00, 0x00, 
  0x10, 0x7a, 0x00, 0x20, 0x10, 0xb5, 0x04, 0x46, 0x01, 0xe0, 0xfd, 0xf7, 0xff, 0xf8, 0x20, 0x78, 
  0x64, 0x1c, 0x03, 0x49, 0x00, 0x28, 0xf8, 0xd1, 0x0a, 0x20, 0xfd, 0xf7, 0xf7, 0xf8, 0x10, 0xbd, 
  0x10, 0x7a, 0x00, 0x20, 0x89, 0x77, 0x00, 0x20, 0x00, 0x00, 0x00, 0x00, 0x60, 0x7a, 0x00, 0x20, 
  0x34, 0x00, 0x00, 0x00, 0x98, 0x7a, 0x00, 0x20, 0x00, 0x06, 0x00, 0x00, 0xb6, 0x77, 0x00, 0x20, 
  0x01, 0x00, 0x00, 0x00, 0x18, 0x7a, 0x00, 0x20, 0x44, 0x00, 0x00, 0x00, 0x98, 0x80, 0x00, 0x20, 
  0x00, 0x08, 0x00, 0x00, 0x20, 0x00, 0x00, 0x00, 0x00, 0x00, 0x00, 0x00, 0x00, 0x00, 0x00, 0x00, 
  0x9c, 0x77, 0x00, 0x20, 0x00, 0x00, 0x00, 0x00, 0xf4, 0xdc, 0x00, 0x20, 0x24, 0x00, 0x00, 0x00, 
  0x50, 0xaf, 0x00, 0x20, 0x00, 0x04, 0x00, 0x00, 0xc3, 0x77, 0x00, 0x20, 0x00, 0x00, 0x00, 0x00, 
  0xd0, 0xdc, 0x00, 0x20, 0x24, 0x00, 0x00, 0x00, 0x50, 0xb3, 0x00, 0x20, 0x40, 0x02, 0x00, 0x00, 
  0xe8, 0x8f, 0x00, 0x20, 0x00, 0x01, 0x04, 0x00, 0x90, 0x91, 0x00, 0x20, 0x28, 0x00, 0x04, 0x00, 
  0xb8, 0x90, 0x00, 0x20, 0x00, 0x01, 0x02, 0x00, 0xc0, 0x92, 0x00, 0x20, 0x28, 0x00, 0x04, 0x00, 
  0x58, 0x90, 0x00, 0x20, 0x00, 0x01, 0x02, 0x00, 0x00, 0x92, 0x00, 0x20, 0x28, 0x00, 0x04, 0x00, 
  0x80, 0x77, 0x00, 0x20, 0x01, 0x00, 0x00, 0x00, 0xd0, 0xa1, 0x00, 0x20, 0x44, 0x00, 0x00, 0x00, 
  0x50, 0xa7, 0x00, 0x20, 0x00, 0x08, 0x00, 0x00, 0x20, 0x00, 0x00, 0x00, 0x00, 0x00, 0x00, 0x00, 
  0x00, 0x00, 0x00, 0x00, 0x6d, 0x77, 0x00, 0x20, 0x00, 0x00, 0x00, 0x00, 0x18, 0xa2, 0x00, 0x20, 
  0x34, 0x00, 0x00, 0x00, 0x50, 0xa2, 0x00, 0x20, 0x00, 0x05, 0x00, 0x00, 0x03, 0x7a, 0x00, 0x20, 
  0x01, 0x00, 0x00, 0x00, 0x18, 0xdd, 0x00, 0x20, 0x44, 0x00, 0x00, 0x00, 0xa8, 0xb6, 0x00, 0x20, 
  0x00, 0x04, 0x00, 0x00, 0x18, 0x00, 0x00, 0x00, 0x00, 0x00, 0x00, 0x00, 0x00, 0x00, 0x00, 0x00, 
  0x5b, 0x48, 0x61, 0x72, 0x64, 0x46, 0x61, 0x75, 0x6c, 0x74, 0x5f, 0x48, 0x61, 0x6e, 0x64, 0x6c, 
  0x65, 0x72, 0x5d, 0x43, 0x75, 0x72, 0x72, 0x65, 0x6e, 0x74, 0x20, 0x6d, 0x73, 0x70, 0x3a, 0x20, 
  0x30, 0x78, 0x25, 0x30, 0x38, 0x58, 0x0a, 0x00, 0x4f, 0x63, 0x63, 0x75, 0x72, 0x65, 0x64, 0x20, 
  0x69, 0x6e, 0x20, 0x74, 0x61, 0x73, 0x6b, 0x2e, 0x00, 0x55, 0x73, 0x69, 0x6e, 0x67, 0x20, 0x75, 
  0x33, 0x32, 0x4d, 0x73, 0x70, 0x2e, 0x00, 0x4f, 0x63, 0x63, 0x75, 0x72, 0x65, 0x64, 0x20, 0x69, 
  0x6e, 0x20, 0x69, 0x6e, 0x74, 0x65, 0x72, 0x72, 0x75, 0x70, 0x74, 0x2e, 0x00, 0x6c, 0x6c, 0x63, 
  0x5f, 0x74, 0x61, 0x73, 0x6b, 0x5f, 0x6d, 0x73, 0x67, 0x5f, 0x71, 0x75, 0x65, 0x75, 0x65, 0x00, 
  0x6c, 0x6c, 0x63, 0x5f, 0x74, 0x61, 0x73, 0x6b, 0x00, 0x62, 0x6c, 0x65, 0x53, 0x74, 0x61, 0x63, 
  0x6b, 0x5f, 0x6d, 0x73, 0x67, 0x5f, 0x71, 0x75, 0x65, 0x75, 0x65, 0x00, 0x62, 0x6c, 0x65, 0x53, 
  0x74, 0x61, 0x63, 0x6b, 0x54, 0x61, 0x73, 0x6b, 0x5f, 0x4d, 0x65, 0x6d, 0x50, 0x6f, 0x6f, 0x6c, 
  0x5f, 0x6c, 0x6f, 0x6e, 0x67, 0x00, 0x62, 0x6c, 0x65, 0x53, 0x74, 0x61, 0x63, 0x6b, 0x54, 0x61, 
  0x73, 0x6b, 0x00, 0x62, 0x6c, 0x65, 0x53, 0x74, 0x61, 0x63, 0x6b, 0x54, 0x61, 0x73, 0x6b, 0x5f, 
  0x4d, 0x65, 0x6d, 0x50, 0x6f, 0x6f, 0x6c, 0x5f, 0x73, 0x68, 0x6f, 0x72, 0x74, 0x00, 0x5b, 0x4d, 
  0x53, 0x47, 0x5f, 0x42, 0x4c, 0x45, 0x5f, 0x50, 0x48, 0x59, 0x5f, 0x55, 0x50, 0x44, 0x41, 0x54, 
  0x45, 0x5f, 0x43, 0x4f, 0x4d, 0x50, 0x4c, 0x45, 0x54, 0x45, 0x5f, 0x49, 0x4e, 0x44, 0x5d, 0x20, 
  0x48, 0x61, 0x6e, 0x64, 0x6c, 0x65, 0x20, 0x3d, 0x20, 0x25, 0x64, 0x2c, 0x20, 0x54, 0x58, 0x5f, 
  0x50, 0x48, 0x59, 0x20, 0x3d, 0x20, 0x30, 0x78, 0x25, 0x58, 0x2c, 0x20, 0x52, 0x58, 0x5f, 0x50, 
  0x48, 0x59, 0x20, 0x3d, 0x20, 0x30, 0x78, 0x25, 0x58, 0x0a, 0x00, 0x5b, 0x45, 0x4e, 0x43, 0x52, 
  0x59, 0x50, 0x54, 0x45, 0x44, 0x5f, 0x43, 0x48, 0x41, 0x4e, 0x47, 0x45, 0x44, 0x5d, 0x48, 0x61, 
  0x6e, 0x64, 0x6c, 0x65, 0x20, 0x3d, 0x20, 0x25, 0x64, 0x2c, 0x20, 0x45, 0x6e, 0x63, 0x72, 0x79, 
  0x70, 0x74, 0x69, 0x6f, 0x6e, 0x5f, 0x45, 0x6e, 0x61, 0x62, 0x6c, 0x65, 0x64, 0x20, 0x3d, 0x20, 
  0x30, 0x78, 0x25, 0x58, 0x0a, 0x00, 0x5b, 0x4c, 0x4c, 0x5f, 0x56, 0x45, 0x52, 0x53, 0x49, 0x4f, 
  0x4e, 0x5d, 0x4e, 0x61, 0x6d, 0x65, 0x20, 0x3d, 0x20, 0x30, 0x78, 0x25, 0x58, 0x2c, 0x20, 0x48, 
  0x61, 0x6e, 0x64, 0x6c, 0x65, 0x20, 0x3d, 0x20, 0x25, 0x64, 0x2c, 0x20, 0x56, 0x65, 0x72, 0x73, 
  0x69, 0x6f, 0x6e, 0x20, 0x3d, 0x20, 0x30, 0x78, 0x25, 0x58, 0x0a, 0x00, 0x5b, 0x44, 0x49, 0x53, 
  0x43, 0x4f, 0x4e, 0x4e, 0x45, 0x43, 0x54, 0x45, 0x44, 0x5d, 0x48, 0x61, 0x6e, 0x64, 0x6c, 0x65, 
  0x20, 0x3d, 0x20, 0x25, 0x64, 0x2c, 0x20, 0x72, 0x65, 0x61, 0x73, 0x6f, 0x6e, 0x20, 0x3d, 0x20, 
  0x30, 0x78, 0x25, 0x58, 0x0a, 0x00, 0x5b, 0x4d, 0x53, 0x47, 0x5f, 0x42, 0x4c, 0x45, 0x5f, 0x43, 
  0x4f, 0x4e, 0x4e, 0x45, 0x43, 0x54, 0x49, 0x4f, 0x4e, 0x5f, 0x55, 0x50, 0x44, 0x41, 0x54, 0x45, 
  0x5f, 0x43, 0x4f, 0x4d, 0x50, 0x4c, 0x45, 0x54, 0x45, 0x5f, 0x49, 0x4e, 0x44, 0x5d, 0x20, 0x43, 
  0x6f, 0x6e, 0x6e, 0x5f, 0x49, 0x6e, 0x74, 0x65, 0x72, 0x76, 0x61, 0x6c, 0x20, 0x3d, 0x20, 0x30, 
  0x78, 0x25, 0x58, 0x2c, 0x20, 0x43, 0x6f, 0x6e, 0x6e, 0x5f, 0x4c, 0x61, 0x74, 0x65, 0x6e, 0x63, 
  0x79, 0x20, 0x3d, 0x20, 0x30, 0x78, 0x25, 0x58, 0x2c, 0x20, 0x53, 0x75, 0x70, 0x65, 0x72, 0x76, 
  0x69, 0x73, 0x69, 0x6f, 0x6e, 0x5f, 0x54, 0x69, 0x6d, 0x65, 0x6f, 0x75, 0x20, 0x3d, 0x20, 0x30, 
  0x78, 0x25, 0x58, 0x0a, 0x00, 0x41, 0x64, 0x64, 0x72, 0x54, 0x79, 0x70, 0x65, 0x3a, 0x20, 0x20, 
  0x25, 0x30, 0x32, 0x58, 0x0a, 0x00, 0x45, 0x76, 0x65, 0x6e, 0x74, 0x54, 0x79, 0x70, 0x65, 0x3a, 
  0x20, 0x25, 0x30, 0x32, 0x58, 0x0a, 0x00, 0x5b, 0x43, 0x4f, 0x4e, 0x4e, 0x45, 0x43, 0x54, 0x45, 
  0x44, 0x5d, 0x48, 0x61, 0x6e, 0x64, 0x6c, 0x65, 0x20, 0x3d, 0x20, 0x25, 0x64, 0x0a, 0x00, 0x5b, 
  0x45, 0x4e, 0x43, 0x52, 0x59, 0x50, 0x54, 0x45, 0x44, 0x5f, 0x52, 0x45, 0x46, 0x52, 0x45, 0x53, 
  0x48, 0x5d, 0x48, 0x61, 0x6e, 0x64, 0x6c, 0x65, 0x20, 0x3d, 0x20, 0x25, 0x64, 0x0a, 0x00, 0x5b, 
  0x4d, 0x53, 0x47, 0x5f, 0x42, 0x4c, 0x45, 0x5f, 0x4c, 0x4c, 0x5f, 0x46, 0x45, 0x41, 0x54, 0x52, 
  0x55, 0x45, 0x5f, 0x49, 0x4e, 0x44, 0x5d, 0x4c, 0x45, 0x5f, 0x46, 0x65, 0x61, 0x74, 0x75, 0x72, 
  0x65, 0x73, 0x20, 0x3d, 0x20, 0x25, 0x6c, 0x6c, 0x75, 0x0a, 0x00, 0x0a, 0x53, 0x63, 0x61, 0x6e, 
  0x20, 0x52, 0x65, 0x70, 0x6f, 0x72, 0x74, 0x20, 0x45, 0x76, 0x65, 0x6e, 0x74, 0x3a, 0x20, 0x00, 
  0x75, 0x33, 0x32, 0x42, 0x75, 0x66, 0x53, 0x69, 0x7a, 0x65, 0x5b, 0x3c, 0x32, 0x5d, 0x20, 0x69, 
  0x73, 0x20, 0x45, 0x72, 0x72, 0x6f, 0x72, 0x21, 0x00, 0x75, 0x38, 0x52, 0x65, 0x70, 0x6f, 0x72, 
  0x74, 0x73, 0x4e, 0x75, 0x6d, 0x5b, 0x3d, 0x30, 0x5d, 0x20, 0x69, 0x73, 0x20, 0x45, 0x72, 0x72, 
  0x6f, 0x72, 0x00, 0x61, 0x70, 0x70, 0x5f, 0x6d, 0x61, 0x69, 0x6e, 0x00, 0x00, 0x00, 0x00, 0x00, 
  0x00, 0x00, 0x00, 0x00, 0x00, 0x00, 0x00, 0x00, 
};
