:020000041000EA
:100000004B2A110200000000A4030000EEC3A6E981
:100010007EEEE78880B500F087F90020002100F02F
:100020000DF8292000F00FF8202000F011F800F062
:1000300033F900F013F800F025F980BD4CF2B93C1B
:10004000C0F2000C604747F67D1CC0F2000C604710
:1000500047F6D12CC0F2000C6047000080B54FF08D
:10006000A040012100F075F900060BD1032000F03B
:1000700075F9000606D1012000F075F9000604BFED
:10008000002080BD00F074F94FF47A7000F075F92B
:10009000012080BD2DE9F04381B019B343F2B83897
:1000A0000F4606464FF0FF344FF00009C2F2000839
:1000B0003D46B7F5807F28BF4FF480754FF0A040D4
:1000C000314642462B46CDF8009000F05BF960B90E
:1000D00040462946224600F05AF904467F1B2E442A
:1000E000E6D103E04FF0FF3400E00124204601B0E8
:1000F000BDE8F08310B582B004464FF0000C4FF01D
:10010000A0404FF4805122462023CDF800C000F0DB
:1001100039F9000622D120461C214FF0FF3200F0B1
:1001200036F9E169814219D1E078112816D1A07819
:10013000022813D1E168B1F5002F0FD8606846F2AC
:100140007872C4F26A72904208D1A068FFF7A2FFE9
:100150002169401A18BF012002B010BD012002B071
:1001600010BD00002DE9F0410C4605460E184FF079
:100170000008B4F5803F07D3A8B228B94FF4803700
:100180000321102021E000BFB4F5004F08D328461A
:100190006FF3DF3020B94FF4004702210F2014E045
:1001A00029466FF31F31200BB1FA81F1B8EB143FF0
:1001B00018BF0120490901404FF008004FF4807733
:1001C00018BF0C2018BF4FF4805725FA00F082B2F8
:1001D0004FF0A04047F2305300F0DEF800060BD19C
:1001E0003D44B542A4EB070424BF0020BDE8F081E4
:1001F000B4F5803FC0D2C7E700F0BAF84FF47A7088
:1002000000F0BBF80120BDE8F08100002DE9F047C7
:1002100082B04FF000098AB343F2B83814460E4654
:100220000746C2F2000840F6B83A00BF2546B4F5CA
:10023000807F28BF4FF480754FF0A040394642467A
:100240002B46CDF8009000F09DF890B94FF0A040FB
:10025000314642462B46CDF80090CDF804A000F080
:10026000A0F848B92F44641B2E44DFD14FF0000999
:1002700004E04FF0010901E04FF00109484602B0E7
:10028000BDE8F08780B542F20400C1F200000068CA
:1002900000F08CF880BD0000B0B588B06846FFF76C
:1002A00029FF08B101243CE0DDE90501FFF75AFF11
:1002B00038B100F05DF84FF47A7000F05EF8012478
:1002C0002FE0DDE902020599FFF7A0FF38B100F049
:1002D0004FF84FF47A7000F050F8012421E00399B0
:1002E0000598FFF7D7FE0499884213D14FF0A0403C
:1002F0000021102247F23053002400F04DF805464B
:1003000000F036F828060CD04FF47A7000F035F87B
:10031000012406E000F02CF84FF47A7000F02DF87C
:100320000124204608B0B0BDEC20C6F205000168EB
:100330007F2221F002010160016821F004010160C7
:100340006FF0030143180431342943F8D82CF9D154
:10035000704748F6F57CC0F2000C604747F2613CFC
:10036000C0F2000C604747F21D3CC0F2000C604731
:1003700047F6717CC0F2000C604744F2717CC0F219
:10038000000C604748F69D2CC0F2000C604744F218
:10039000C17CC0F2000C604748F6A10CC0F2000C12
:1003A000604749F2D90CC0F2000C604744F62D0CAE
:1003B000C0F2000C604700000000000000000000D8
:1003C000000000000000000000000000000000002D
:1003D000000000000000000000000000000000001D
:1003E000000000000000000000000000000000000D
:1003F00000000000000000000000000000000000FD
:1004000000000000000000000000000000000000EC
:1004100000000000000000000000000000000000DC
:1004200000000000000000000000000000000000CC
:1004300000000000000000000000000000000000BC
:1004400000000000000000000000000000000000AC
:10045000000000000000000000000000000000009C
:10046000000000000000000000000000000000008C
:10047000000000000000000000000000000000007C
:10048000000000000000000000000000000000006C
:10049000000000000000000000000000000000005C
:1004A000000000000000000000000000000000004C
:1004B000000000000000000000000000000000003C
:1004C000000000000000000000000000000000002C
:1004D000000000000000000000000000000000001C
:1004E000000000000000000000000000000000000C
:1004F00000000000000000000000000000000000FC
:1005000000000000000000000000000000000000EB
:1005100000000000000000000000000000000000DB
:1005200000000000000000000000000000000000CB
:1005300000000000000000000000000000000000BB
:1005400000000000000000000000000000000000AB
:10055000000000000000000000000000000000009B
:10056000000000000000000000000000000000008B
:10057000000000000000000000000000000000007B
:10058000000000000000000000000000000000006B
:10059000000000000000000000000000000000005B
:1005A000000000000000000000000000000000004B
:1005B000000000000000000000000000000000003B
:1005C000000000000000000000000000000000002B
:1005D000000000000000000000000000000000001B
:1005E000000000000000000000000000000000000B
:1005F00000000000000000000000000000000000FB
:1006000000000000000000000000000000000000EA
:1006100000000000000000000000000000000000DA
:1006200000000000000000000000000000000000CA
:1006300000000000000000000000000000000000BA
:1006400000000000000000000000000000000000AA
:10065000000000000000000000000000000000009A
:10066000000000000000000000000000000000008A
:10067000000000000000000000000000000000007A
:10068000000000000000000000000000000000006A
:10069000000000000000000000000000000000005A
:1006A000000000000000000000000000000000004A
:1006B000000000000000000000000000000000003A
:1006C000000000000000000000000000000000002A
:1006D000000000000000000000000000000000001A
:1006E000000000000000000000000000000000000A
:1006F00000000000000000000000000000000000FA
:1007000000000000000000000000000000000000E9
:1007100000000000000000000000000000000000D9
:1007200000000000000000000000000000000000C9
:1007300000000000000000000000000000000000B9
:1007400000000000000000000000000000000000A9
:100750000000000000000000000000000000000099
:100760000000000000000000000000000000000089
:100770000000000000000000000000000000000079
:100780000000000000000000000000000000000069
:100790000000000000000000000000000000000059
:1007A0000000000000000000000000000000000049
:1007B0000000000000000000000000000000000039
:1007C0000000000000000000000000000000000029
:1007D0000000000000000000000000000000000019
:1007E0000000000000000000000000000000000009
:1007F00000000000000000000000000000000000F9
:1008000000000000000000000000000000000000E8
:1008100000000000000000000000000000000000D8
:1008200000000000000000000000000000000000C8
:1008300000000000000000000000000000000000B8
:1008400000000000000000000000000000000000A8
:100850000000000000000000000000000000000098
:100860000000000000000000000000000000000088
:100870000000000000000000000000000000000078
:100880000000000000000000000000000000000068
:100890000000000000000000000000000000000058
:1008A0000000000000000000000000000000000048
:1008B0000000000000000000000000000000000038
:1008C0000000000000000000000000000000000028
:1008D0000000000000000000000000000000000018
:1008E0000000000000000000000000000000000008
:1008F00000000000000000000000000000000000F8
:1009000000000000000000000000000000000000E7
:1009100000000000000000000000000000000000D7
:1009200000000000000000000000000000000000C7
:1009300000000000000000000000000000000000B7
:1009400000000000000000000000000000000000A7
:100950000000000000000000000000000000000097
:100960000000000000000000000000000000000087
:100970000000000000000000000000000000000077
:100980000000000000000000000000000000000067
:100990000000000000000000000000000000000057
:1009A0000000000000000000000000000000000047
:1009B0000000000000000000000000000000000037
:1009C0000000000000000000000000000000000027
:1009D0000000000000000000000000000000000017
:1009E0000000000000000000000000000000000007
:1009F00000000000000000000000000000000000F7
:100A000000000000000000000000000000000000E6
:100A100000000000000000000000000000000000D6
:100A200000000000000000000000000000000000C6
:100A300000000000000000000000000000000000B6
:100A400000000000000000000000000000000000A6
:100A50000000000000000000000000000000000096
:100A60000000000000000000000000000000000086
:100A70000000000000000000000000000000000076
:100A80000000000000000000000000000000000066
:100A90000000000000000000000000000000000056
:100AA0000000000000000000000000000000000046
:100AB0000000000000000000000000000000000036
:100AC0000000000000000000000000000000000026
:100AD0000000000000000000000000000000000016
:100AE0000000000000000000000000000000000006
:100AF00000000000000000000000000000000000F6
:100B000000000000000000000000000000000000E5
:100B100000000000000000000000000000000000D5
:100B200000000000000000000000000000000000C5
:100B300000000000000000000000000000000000B5
:100B400000000000000000000000000000000000A5
:100B50000000000000000000000000000000000095
:100B60000000000000000000000000000000000085
:100B70000000000000000000000000000000000075
:100B80000000000000000000000000000000000065
:100B90000000000000000000000000000000000055
:100BA0000000000000000000000000000000000045
:100BB0000000000000000000000000000000000035
:100BC0000000000000000000000000000000000025
:100BD0000000000000000000000000000000000015
:100BE0000000000000000000000000000000000005
:100BF00000000000000000000000000000000000F5
:100C000000000000000000000000000000000000E4
:100C100000000000000000000000000000000000D4
:100C200000000000000000000000000000000000C4
:100C300000000000000000000000000000000000B4
:100C400000000000000000000000000000000000A4
:100C50000000000000000000000000000000000094
:100C60000000000000000000000000000000000084
:100C70000000000000000000000000000000000074
:100C80000000000000000000000000000000000064
:100C90000000000000000000000000000000000054
:100CA0000000000000000000000000000000000044
:100CB0000000000000000000000000000000000034
:100CC0000000000000000000000000000000000024
:100CD0000000000000000000000000000000000014
:100CE0000000000000000000000000000000000004
:100CF00000000000000000000000000000000000F4
:100D000000000000000000000000000000000000E3
:100D100000000000000000000000000000000000D3
:100D200000000000000000000000000000000000C3
:100D300000000000000000000000000000000000B3
:100D400000000000000000000000000000000000A3
:100D50000000000000000000000000000000000093
:100D60000000000000000000000000000000000083
:100D70000000000000000000000000000000000073
:100D80000000000000000000000000000000000063
:100D90000000000000000000000000000000000053
:100DA0000000000000000000000000000000000043
:100DB0000000000000000000000000000000000033
:100DC0000000000000000000000000000000000023
:100DD0000000000000000000000000000000000013
:100DE0000000000000000000000000000000000003
:100DF00000000000000000000000000000000000F3
:100E000000000000000000000000000000000000E2
:100E100000000000000000000000000000000000D2
:100E200000000000000000000000000000000000C2
:100E300000000000000000000000000000000000B2
:100E400000000000000000000000000000000000A2
:100E50000000000000000000000000000000000092
:100E60000000000000000000000000000000000082
:100E70000000000000000000000000000000000072
:100E80000000000000000000000000000000000062
:100E90000000000000000000000000000000000052
:100EA0000000000000000000000000000000000042
:100EB0000000000000000000000000000000000032
:100EC0000000000000000000000000000000000022
:100ED0000000000000000000000000000000000012
:100EE0000000000000000000000000000000000002
:100EF00000000000000000000000000000000000F2
:100F000000000000000000000000000000000000E1
:100F100000000000000000000000000000000000D1
:100F200000000000000000000000000000000000C1
:100F300000000000000000000000000000000000B1
:100F400000000000000000000000000000000000A1
:100F50000000000000000000000000000000000091
:100F60000000000000000000000000000000000081
:100F70000000000000000000000000000000000071
:100F80000000000000000000000000000000000061
:100F90000000000000000000000000000000000051
:100FA0000000000000000000000000000000000041
:100FB0000000000000000000000000000000000031
:100FC0000000000000000000000000000000000021
:100FD0000000000000000000000000000000000011
:100FE0000000000000000000000000000000000001
:100FF00000000000000000000000000000000000F1
:020000041000EA
:102000000010032055210010692100107B210010D1
:102010008D2100108F210010912100100000000080
:10202000000000000000000000000000D1020000DD
:1020300095210010000000007503000081030000DE
:102040009B2100109D2100109F210010A121001054
:10205000A3210010A5210010A7210010A921001024
:10206000AB210010AD210010AF210010B1210010F4
:10207000B3210010B5210010B7210010B9210010C4
:10208000BB210010BD210010BF210010C121001094
:10209000C3210010C5210010C7210010C921001064
:1020A000CB210010CD210010CF210010D121001034
:1020B000D3210010D5210010D7210010D921001004
:1020C000DB210010DD210010DF210010E1210010D4
:1020D000E3210010E5210010E7210010E9210010A4
:1020E000EB21001005270010EF210010F121001056
:1020F000F3210010F5210010F7210010F921001044
:10210000FB210010FD210010FF2100100122001012
:1021100003220010052200100722001009220010DF
:102120000B2200100D2200100F22001000000000F2
:10213000000000000000000000000000000000009F
:10214000DFF80CD000F070F80048004705290010B7
:10215000001003202E4880F308882E4880F30A8858
:102160002D4880472D4800475FEA0E00EFF30881B5
:10217000EFF309822A4B9847FEE75FEA0E00EFF380
:102180000881EFF30982274B9847FEE7FEE7FEE759
:10219000FEE7FEE7FEE7FEE7FEE7FEE7FEE7FEE717
:1021A000FEE7FEE7FEE7FEE7FEE7FEE7FEE7FEE707
:1021B000FEE7FEE7FEE7FEE7FEE7FEE7FEE7FEE7F7
:1021C000FEE7FEE7FEE7FEE7FEE7FEE7FEE7FEE7E7
:1021D000FEE7FEE7FEE7FEE7FEE7FEE7FEE7FEE7D7
:1021E000FEE7FEE7FEE7FEE7FEE7FEE7FEE7FEE7C7
:1021F000FEE7FEE7FEE7FEE7FEE7FEE7FEE7FEE7B7
:10220000FEE7FEE7FEE7FEE7FEE7FEE7FEE7FEE7A6
:1022100000100320000003204D2200104121001077
:10222000C526001095230010064C074D06E0E06817
:1022300040F0010394E8070098471034AC42F6D30D
:10224000FFF782FFB4220010F422001042F20002D5
:1022500041F200010020C1F20002C2F2020100BFFF
:1022600052F8203041F8203001304B28F8D14EF69A
:102270001450CEF2000040F80C1C416F41F4700184
:102280004167016841F010010160016841F480710B
:102290000160704702E008C8121F08C1002AFAD185
:1022A00070477047002001E001C1121F002AFBD1D6
:1022B00070470000D436001000300020E89900007C
:1022C00094220010BCD00010001202200808000068
:1022D00094220010C4D800100090022004000000D6
:1022E00094220010C8D8001004900220240000009E
:1022F000A42200102DE9F05F0546002092469B467F
:1023000088460646814640241BE02846414647460B
:10231000224600F02FF853465A46C01A914110D376
:1023200011461846224600F016F82D1A67EB0108F0
:102330004F4622460120002100F00DF817EB00095E
:102340004E41201EA4F10104DFDC484631462A46F6
:102350004346BDE8F09F202A04DB203A00FA02F150
:10236000002070479140C2F1200320FA03F3194383
:1023700090407047202A04DB203A21FA02F0002125
:10238000704721FA02F3D040C2F120029140084385
:102390001946704782B04EF6285715460C46064639
:1023A000CEF2000700F036FA43F25820EFF308812E
:1023B000C1F2000000F066FC300743F29D6043F27A
:1023C000BC61C1F20000C1F2000158BF084600F034
:1023D0009BFE16F0040043F2AE6192A0C1F2000130
:1023E0000CBF08462C4600F08FFE92A000F08CFE39
:1023F000216894A000F046FC616896A000F042FCC1
:10240000A16898A000F03EFCE1689AA000F03AFCB8
:1024100021699CA000F036FC61699EA000F032FCAE
:10242000A169A0A000F02EFCE169A2A000F02AFCA6
:10243000A06901907868800705D543F27160C1F208
:10244000000000F061FE7868B0F1FF3F05DC43F268
:102450008A60C1F2000000F057FE7868400040F149
:10246000DC8043F25D60C1F2000000F04DFE386890
:1024700000063ED043F23F60C1F2000000F044FE8F
:102480003868C00706D0019943F2D610C1F20000A7
:1024900000F0F8FB3868800710D5019943F263100B
:1024A000C1F2000000F0EEFB3868000606D5F968BE
:1024B00043F24B20C1F2000000F0E4FB3868000753
:1024C00005D543F20150C1F2000000F01DFE38684E
:1024D000C00605D543F25650C1F2000000F014FECC
:1024E0003868800605D543F26240C1F2000000F072
:1024F0000BFE386810F47F4F46D043F27F60C1F284
:10250000000000F001FE3868C00505D543F28C30AC
:10251000C1F2000000F0F8FD3868800510D501997F
:1025200043F22C10C1F2000000F0ACFB386800044C
:1025300006D5396943F24B20C1F2000000F0A2FB3E
:102540003868400505D543F22230C1F2000000F0A2
:10255000DBFD3868000505D543F2A950C1F2000043
:1025600000F0D2FD3868C00405D543F2F550C1F241
:10257000000000F0C9FD3868800405D543F2B5407D
:10258000C1F2000000F0C0FD3868B0F5803F44D3D0
:1025900043F25060C1F2000000F0B6FD3868C0039D
:1025A00005D543F2AE20C1F2000000F0ADFD386861
:1025B000800305D543F22540C1F2000000F0A4FDE0
:1025C0003868400305D543F28020C1F2000000F0D6
:1025D0009BFD3868000305D543F2B930C1F2000015
:1025E00000F092FD3868C00205D543F2F930C1F21F
:1025F000000000F089FD3868C00105D543F259306C
:10260000C1F2000000F080FD3868800105D543F27A
:10261000E720C1F2000000F077FD00F0CDF800BF28
:10262000FEE700BF5573696E6720753332507370D3
:102630002E000000537461636B206672616D653A11
:1026400000000000523020203A20307825303858E1
:102650000A000000523120203A20307825303858C6
:102660000A000000523220203A20307825303858B5
:102670000A000000523320203A20307825303858A4
:102680000A000000523132203A2030782530385884
:102690000A0000004C5220203A203078253038586B
:1026A0000A000000504320203A2030782530385866
:1026B0000A000000785053523A20307825303858BC
:1026C0000A00000014460D46064600F0A3F805A0D7
:1026D00031462A46234600F0D5FA00F06DF800BFD7
:1026E000FEE700BF4E4D495F48616E646C65723A0B
:1026F00020253038582C20253038582C20253038CB
:10270000580A000080B582B00DF10701012000F0E9
:102710002DFA9DF80710012000F02DFA02B080BDBF
:1027200010B5DDF808C0B2F1C04F0BD040F6000E76
:10273000C6F2000E724505D040F2004EC6F2000E01
:10274000724536D14BF2800440F0800EC6F204048C
:10275000A6452ED149F20804C2F20204BCF1000FD2
:10276000C4F800C00DD049F2160C49F21404C2F2AC
:10277000020C4FF0000EC2F20204ACF800E0A4F824
:1027800000E049F21004C2F20204226049F20C0295
:10279000C2F20202106049F21800C2F202000160A7
:1027A00049F21C00C2F202000360BDE8104000F0D4
:1027B00031B8102010BD0000F0B581B049F2080416
:1027C000C2F20204206818B349F2160549F2140651
:1027D000C2F20205C2F2020628883188884217D068
:1027E00049F21007C2F20207216882B2096838680C
:1027F000895C00F0C5F928882168013082B2898897
:102800008A4228BF002081B2328828809142EBD1D1
:1028100001B0F0BDF0B583B049F21005C2F2020577
:102820002868B0F1C04F0AD040F20041C6F2000162
:10283000884219BF0C242D2008242C2001E00424F8
:102840002B2000F0A2F949F20C0649F21807C2F257
:102850000206C2F2020730683968224600F09AF98F
:1028600008B103B0F0BD30683968022200F097F972
:102870000028F6D149F21C00C2F20200006843F2BF
:1028800021010190C0F201112868029101A900F014
:102890008BF903B0F0BD000040F2E80042F6892158
:1028A000C2F20000C1F20001016040F2EC0042F609
:1028B000E921C2F20000C1F200010160704700008E
:1028C00010B549F20801C2F202010968044679B163
:1028D00049F21402C2F2020208681388C454581C58
:1028E00083B289888B4228BF00201080204610BD0B
:1028F00049F21000C2F202000068E1B200F040F9B3
:10290000204610BD82B04BF20004C6F2040404F568
:10291000405000F04EF9642000F050F9022000F021
:1029200052F90020002500F053F9002000F055F97D
:10293000002000F057F90DF107010F2001228DF85A
:10294000075000F054F99DF80700002804BF5620F6
:1029500000F052F90DF107011020012200F047F9B3
:102960009DF80700002808BFA92000F04AF90020C0
:1029700000F04CF903200321642200F04CF90120FF
:1029800040F6C41100F04CF9062000F0FEF80720D4
:1029900000F0FBF8032003210322642300F045F933
:1029A00001204FF4FA7100F045F9012000210022C6
:1029B00000F045F94EF204104EF22942CEF200002A
:1029C0004FF40071CEF200026023C0F88011137042
:1029D00001600120292100F037F920464FF0005115
:1029E0004FF0C0424FF4E1330095FFF799FE13A07A
:1029F0001FA122A200F046F9FFF74EFF202000F0B1
:102A000028F94FF480304FF4806100F027F988B93D
:102A100043F20400C2F200000168002000F023F934
:102A2000292000F0B2F82A2000F0AFF8202000F0B2
:102A30001FF900BF00F021F9FCE700BF5B25732000
:102A4000542025735D626C652070657269706865DD
:102A500072616C2070726F6A656374286D702920D2
:102A6000737461727420746F20776F726B2E0A001A
:102A700041707220323920323032340031363A34EB
:102A8000353A3332000000000C460546FFF7C2FE1F
:102A900007A000F039FB0AA0294600F0F3F80DA0CA
:102AA000214600F0EFF8FFF787FE00BFFEE700BF0A
:102AB0006F7320657272206F63637572730000001C
:102AC000636F646520202020203A2030782530383C
:102AD000580A00006F626A6563745F69643A203067
:102AE00078253038580A00001C4615460E46074621
:102AF000FFF790FE08A000F007FB0CA03946324615
:102B000000F0C0F811A02946224600F0BBF8FFF7FC
:102B100053FE00BFFEE700BF73797374656D2065D7
:102B200072726F72206F6363757273007531364510
:102B300072724D6F64756C653A2575207531364536
:102B400072724C696E653A25750A0000753332451C
:102B50007272496E666F313A25752075333245724F
:102B600072496E666F323A25750A00004CF23D2CB0
:102B7000C0F2000C60474CF29D0CC0F2000C6047A4
:102B80004DF67D7CC0F2000C604747F67D1CC0F21C
:102B9000000C604749F6210CC0F2000C604749F672
:102BA0009D0CC0F2000C60474DF6656CC0F2000C45
:102BB00060474FF6310CC0F2000C604744F2717C64
:102BC000C0F2000C60474AF67D5CC0F2000C604722
:102BD0004AF6A95CC0F2000C60474AF6FD5CC0F200
:102BE000000C604745F6214CC0F2000C604748F2EB
:102BF0000D7CC0F2000C60474AF6596CC0F2000C24
:102C000060474AF6696CC0F2000C60474AF6B13C76
:102C1000C0F2000C604745F6651CC0F2000C60472E
:102C200045F6295CC0F2000C604745F6951CC0F2E1
:102C3000000C604745F6794CC0F2000C60474CF23E
:102C4000113CC0F2000C60474CF2C51CC0F2000CF5
:102C5000604747F6852CC0F2000C60474CF2791CA7
:102C6000C0F2000C60474CF2B93CC0F2000C604767
:102C700047F6D12CC0F2000C604741F2012CC2F2A1
:102C8000020C60470FB4054B10B503A9044A029823
:102C900000F008F810BC5DF814FB0000C12800101B
:102CA000009002202DE9FF4F8DB00F46054600260B
:102CB00006E025280BD0DDE90F1290476D1C761C2D
:102CC00028780028F5D111B03046BDE8F08F0024F7
:102CD000A246A1460122EC4900E0044315F8013F59
:102CE000203B02FA03F00842F7D128782A2810D0B6
:102CF0006FF02F022878A0F13001092914D80AEBCF
:102D00008A0102EB410144F0020400EB010A6D1C50
:102D1000F0E701CF5FEA000A03D544F40054CAF19A
:102D2000000A44F002046D1C28782E2817D115F8EB
:102D3000010F44F004042A280ED06FF02F022878E7
:102D4000A0F1300109290AD809EB890102EB410100
:102D500000EB01096D1CF2E757F8049B6D1C287805
:102D60006C280FD006DC4C2817D068280DD06A28B4
:102D700014D104E0742810D07A280FD10DE044F467
:102D800000140AE044F4801401E044F4401469782B
:102D9000814202D104F580146D1C6D1C2A786E2AC4
:102DA0001FD00CDC632A31D004DC002A8BD0582AD7
:102DB00011D1A3E0642A68D0692A0CD165E0732A96
:102DC0002ED004DC6F2A73D0702A04D19BE0752AC0
:102DD0006FD0782A6ED01046DDE90F129047761C2E
:102DE00050E1C4F30250022806D0032809D0042879
:102DF00001CF09D0066045E101CFF117C0E90061BC
:102E000040E101CF06803DE106703BE117F8040B7D
:102E10008DF8000000208DF80100EB46012003E052
:102E200057F804BB4FF0FF3061074FF0000102D4A8
:102E30000DE008F10101884649450FDA8045F8DBCD
:102E40001BF808100029F4D108E008F101018846B8
:102E50008142FADB1BF808100029F6D1DDE90F23C7
:102E6000AAEB08008146214600F036F9304400EB19
:102E7000080604E0DDE90F121BF8010B9047B8F1DA
:102E80000108F7D221464846F7E00A21C4F302536D
:102E90004FF0000B0891022B04D001CFC117032B78
:102EA00009D00AE0FF1D27F00707F7E8020108E054
:102EB00032E01FE020E000B2C117042B01D140B284
:102EC000C117031E71F1000307DA4FF0000CD0EBBD
:102ED0000C006CEB01012D2302E0230504D52B230C
:102EE0008DF82430012303E0E30701D02023F7E726
:102EF000984658E00A2110E010210EE010204FF013
:102F0000000B08900CE010214FF0000B44F004047B
:102F10004FF00809089103E008214FF0000B0891D9
:102F2000C4F30253022B04D001CF0021032B06D09F
:102F300006E0FF1D27F00707F7E8020103E080B273
:102F4000042B00D1C0B24FF0000823072BD5702A04
:102F500007D0DDF820C08CF0100C5CEA0B0C05D01B
:102F60000EE040238DF82430012308E050EA0103ED
:102F700006D030238DF824308DF825200223984682
:102F8000DDF820C08CF0080C5CEA0B0C0BD150EA89
:102F9000010301D1630706D530238DF824304FF0AB
:102FA0000108A9F10109582A04D038A20B9208AAF5
:102FB0000A920BE03AA2F9E75B46089AFFF79AF902
:102FC0000B9B9B5C0A9A521E0A92137050EA0102F4
:102FD000F2D10A98ADEB000000F1200B600702D59A
:102FE00024F4803401E04FF00109D94502DDA9EB5A
:102FF0000B0000E0002000EB0B0141440890AAEB1D
:10300000010AE00306D4DDE90F232146504600F013
:1030100063F806444FF0000908E009A911F8090017
:10302000DDE90F12904709F10109761CC145F4DB77
:10303000E0030CD5DDE90F232146504600F04CF8A3
:10304000064404E0DDE90F1230209047761C089911
:10305000481E08900029F5DC08E00A980A990078D3
:10306000491C0A91DDE90F129047761CBBF1000163
:10307000ABF1010BF1DC21465046DDE90F2300F0F6
:1030800019F806446D1C1BE6092801003031323363
:103090003435363738396162636465660000000094
:1030A000303132333435363738394142434445467E
:1030B000000000002DE9F041044600251E46174699
:1030C000880404D405E039462020B0476D1C641EF6
:1030D000F9D52846BDE8F0812DE9F04104460025E8
:1030E0001E469046C80301D5302700E020278804FB
:1030F00004D505E041463846B0476D1C641EF9D53D
:103100002846BDE8F081000010B5044601E0FFF755
:10311000D7FB14F8010B04490028F8D1BDE8104092
:103120000A20FFF7CDBB0000009002205B50524503
:103130004349534552525D20646174612062757346
:10314000206572726F7220686173206F636375729D
:103150007265642C205043203A203078253038782E
:103160000D0A005B4441434356494F4C5D2054686F
:10317000652070726F636573736F7220617474651C
:103180006D707465642061206C6F6164206F7220C3
:1031900073746F72652061742061206C6F63617459
:1031A000696F6E207468617420646F6573206E6F40
:1031B00074207065726D697420746865206F706525
:1031C000726174696F6E2C205043203A203078254C
:1031D0003038780D0A005B4941434356494F4C5DF6
:1031E0005468652070726F636573736F72206174C9
:1031F00074656D7074656420616E20696E7374729D
:10320000756374696F6E2066657463682066726F9B
:103210006D2061206C6F636174696F6E20746861EA
:103220007420646F6573206E6F74207065726D69B1
:103230007420657865637574696F6E2C2050432027
:103240003A203078253038780D0A004154203A3041
:1032500078253038780D0A005B48617264466175E4
:103260006C745F48616E646C65725D437572726503
:103270006E74206D73703A203078253038580A000B
:103280005B494E5650435D616E20696E746567728E
:1032900069747920636865636B206572726F722050
:1032A000686173206F636375727265640D005B55AE
:1032B0004E444546494E5354525D616E20756E64CE
:1032C0006566696E656420696E737472756374698E
:1032D0006F6E206572726F7220686173206F636316
:1032E00075727265640D005B44495642595A4552E5
:1032F0004F5D616E20696E746567657220646976E2
:103300006973696F6E206279207A65726F206572C9
:10331000726F7220686173206F6363757272656487
:103320000D005B494D5052454349534552525D494A
:103330006D70726563697365206461746120616397
:1033400063657373206572726F7220686173206F9A
:10335000636375727265640D005B554E414C49475D
:103360004E45445D616E20756E616C69676E656483
:1033700020616363657373206572726F7220686188
:1033800073206F636375727265640D005B4942550B
:10339000534552525D696E737472756374696F6ED2
:1033A00020627573206572726F7220686173206F7E
:1033B000636375727265640D005B4E4F43505D61CF
:1033C00020636F70726F636573736F7220646973CB
:1033D00061626C6564206F72206E6F74207072651C
:1033E00073656E74206572726F7220686173206FEE
:1033F000636375727265640D005B53544B4F465D99
:103400006120737461636B206F766572666C6F7791
:10341000206572726F7220686173206F63637572CA
:103420007265640D005B494E5653544154455D200E
:10343000616E20455053522E54206F7220455053D8
:10344000522E49542076616C6964697479206572E2
:10345000726F7220686173206F6363757272656446
:103460000D005B4D4C53504552525D41204D656DF2
:103470004D616E616765206661756C74206F636372
:10348000757272656420647572696E6720666C6F10
:103490006174696E672D706F696E74206C617A79E2
:1034A00020737461746520707265736572766174DF
:1034B000696F6E0D005B4C53504552525D41206266
:1034C0007573206661756C74206F636375727265C5
:1034D0006420647572696E6720666C6F6174696ED2
:1034E000672D706F696E74206C617A7920737461D6
:1034F000746520707265736572766174696F6E0DA4
:10350000005B4D554E53544B4552525D556E73748E
:1035100061636B20666F7220616E206578636570F1
:1035200074696F6E2072657475726E2068617320A5
:10353000636175736564206F6E65206F72206D6FB7
:103540007265206163636573732076696F6C617463
:10355000696F6E730D005B4D53544B4552525D5372
:103560007461636B696E6720666F7220616E20659F
:103570007863657074696F6E20656E747279206807
:10358000617320636175736564206F6E65206F726F
:10359000206D6F7265206163636573732076696F58
:1035A0006C6174696F6E730D005B554E53544B45DF
:1035B00052525D556E737461636B20666F72206149
:1035C0006E20657863657074696F6E2072657475BE
:1035D000726E2068617320636175736564206F6E1D
:1035E00065206F72206D6F7265204275734661753C
:1035F0006C74730D005B53544B4552525D537461B0
:10360000636B696E6720666F7220616E20657863F8
:10361000657074696F6E20656E747279206861736D
:1036200020636175736564206F6E65206F72206D15
:103630006F7265204275734661756C74730D004D31
:10364000656D4D616E616765204661756C740D0036
:103650005573616765204661756C740D00436F6E2C
:10366000666967757261626C65204661756C740D80
:1036700000566563746F72204661756C740D00426C
:103680007573204661756C740D0044656275672022
:103690004576656E74204661756C740D004F6363EA
:1036A0007572656420696E207461736B2E005573AA
:1036B000696E67207533324D73702E004F636375EA
:1036C00072656420696E20696E74657272757074BB
:1036D0002E00000000000220D1310020D93100204E
:1036E000E9310020000000000000000000000000A0
:1036F00000000000000000000000000000000000CA
:103700001905010000000000000000009D050100F7
:10371000A9050100F9310020FB31002041400020C3
:10372000FF3100200132002003320020053200204A
:1037300007320020093200200B3200200D32002019
:103740000F320020113200201332002015320020E9
:1037500017320020193200201B320020B53E002015
:103760001F32002021320020233200202532002089
:1037700085400020293200202B3200202D320020ED
:103780002F32002031320020333200203532002029
:10379000E54000200348854600F006F80048004751
:1037A000BD80002000000220064C0125064E05E0E9
:1037B000E36807CC2B430C3C98471034B442F7D352
:1037C000FFF7ECFF183100204831002002E008C864
:1037D000121F08C1002AFAD170477047002001E08B
:1037E00001C1121F002AFBD170470000A0C90020B0
:1037F000C8D9002048000000F8300020C8D90020B7
:10380000A0C9002028100000783E0020E8C9002050
:10381000C8D90020146200000831002070B51D4E88
:103820003078002834D0EFF31085EFF3108072B6B3
:1038300019480068002802D08047002813D030784B
:10384000811E032912D201242046214607F08CFA5A
:103850001248016804220A43026030BF002120465A
:1038600007F082FA0AE085F3108870BD012805D1BF
:103870000A48016804229143016030BF084800688B
:10388000002803D03178022900D1804785F31088C1
:1038900070BDC04620240120D83B012010ED00E07F
:1038A000D43B012019488047194800477046EFF380
:1038B0000881EFF30982174B9847FEE77046EFF354
:1038C0000881EFF30982144B9847FEE7FEE7FEE715
:1038D000FEE7FEE7FEE7FEE7FEE7FEE7FEE7FEE7C0
:1038E000FEE7FEE7FEE7FEE7FEE7FEE7FEE7FEE7B0
:1038F000FEE7FEE7FEE7FEE7FEE7FEE7FEE7FEE7A0
:10390000FEE7FEE7FEE7FEE7FEE7FEE709420020EE
:10391000C1300020494000200D3F0020F0B51FB409
:103920000646002082B005464024019100901BE02D
:10393000019922460F46304600F03EF9049A059B55
:10394000801A994110D310461946224600F024F9F6
:10395000361A8F410197224601200021009F00F076
:103960001BF938184D4100902046641E0028DFDC0A
:10397000019B00982946324607B0F0BD30B543435D
:1039800051435C18010C130C0D465D432C1980B299
:1039900092B20546554351430A0C09044D19624140
:1039A0005843010C00044019514130BD03460B43FC
:1039B0009B0703D009E008C9121F08C0042AFAD2E5
:1039C00003E00B780370401C491C521EF9D270476B
:1039D000D2B201E00270401C491EFBD270470022A7
:1039E000F6E710B513460A4604461946FFF7F0FFFE
:1039F000204610BD024670B54A40D30FDB07400099
:103A00002DD04A002AD0010E140E0002120209190C
:103A1000400A520A8418E50104465443000A120A77
:103A20002E045043A4194219200CC543AA18120CA5
:103A30000125AD03521C521912047F39240400D011
:103A4000521C104301D44000491EC2B20C06C009EA
:103A50002018401C4008802A02D003E0002070BDDE
:103A600040084000002900DA0020184370BD70B5FE
:103A700002464A40D50F40004A00ED074008520870
:103A8000002814D0002A12D0C40DD30D4102012009
:103A9000C0055202490A520AE41A091812187D3464
:103AA000914201D3641C00E04900002C01DA00209F
:103AB00070BD0023914201D3891A03434008490095
:103AC0000028F7D100290AD0914202D10121C9076B
:103AD00005E0914201D2012101E00121C943E00545
:103AE000C018401907F046F970BDC217C10F504009
:103AF00010B54018CA079623002107F041F910BD00
:103B0000C20F410040020123400ADB05D207090E23
:103B1000C0187F2901DA00207047962903DC96231C
:103B2000591AC84001E096398840002AF4D0404232
:103B30007047C20FD207400040080BD0C10D0723C9
:103B4000DB01C91840020905400A1143C2084007B9
:103B50001143704700200146704770B504460029A4
:103B600003D000202022012310E0002801D00020F3
:103B7000C043C046C0460DE02546D5408D4205D322
:103B80000D469540641B1D46954040191546521E32
:103B9000002DF1DC214670BD10B5202A04DB014662
:103BA000203A9140002010BD914020239C1A0346EA
:103BB000E3401943904010BD10B5202A04DB0846AD
:103BC000203AD040002110BD0B46D340D0402024E5
:103BD000A21A91400843194610BD10B50023036096
:103BE00000F0FCF910BD0000F0B50746084658404B
:103BF00087B0C00F049048000E465900400849089D
:103C0000BC1A884105D2384631461E4617460B4637
:103C100002465800400810434CD0300D0390400538
:103C20005900400D490D0590401A0290402872DA63
:103C300018030121000B0905084301900498009224
:103C4000002805D00199524200208841009201903D
:103C5000029840210A1A01990098FFF79DFF054636
:103C60000C466B4607CB00F085F9C0197141039AE9
:103C70000E0D0023D71756401A467A40164344D0FB
:103C8000049A002A2DD0029A012A039A15DC120503
:103C9000C01A914101263605001C7141D20F059EC4
:103CA000D2070093019202962A46234600F0DDF9DE
:103CB00007B0F0BD38463146FAE71605224A0F46EE
:103CC000B218C01AB74101210905001C4F41001864
:103CD0007F41114618187941E20F10436D19644174
:103CE00013E0E2076D0815436408C2071443039A02
:103CF00001261205C01A91413605001C7141CE07FC
:103D0000400830434908C01851412A46234600F074
:103D10009FF9CDE7FFE7049801224000C117121A6E
:103D200000238B4104983146C417381AA141EEE7AD
:103D300030B40124E407634030BC55E730B40124BB
:103D4000E407614030BC4FE70000E0FFF0B51FB46E
:103D500088B00B990998002448400999C00F490080
:103D600049080991C0070B990090490049080B9137
:103D700009990898A64608431CD00B990A9808434D
:103D800018D0099801244000420D4800410D0998BF
:103D900024050003000B204309900B980003000B3F
:103DA00020430B9050181C494018002201901446E3
:103DB000104605E0002001460DB0F0BD032801DAF1
:103DC000034600E003239C46C11A0AAE0AE05F00E6
:103DD00008ADED5B4F00F75B7D430027AA187C41DF
:103DE000491C5B1E6145F2DD410004AB5A522104BF
:103DF000120C0A43240C401C0828DFDB01980290B7
:103E00000099704601910090059B049A07990698C5
:103E100000F02BF9D0E700000DFCFFFFF0B50C46D9
:103E20005C4085B0E40FE40703944C00002664086E
:103E300059009446490802460296224321D0624620
:103E40000A431ED06200570D4A000E032303550D8E
:103E5000012402462C492405781B1B0B360B401805
:103E600023432643614600901C46501AB44103D3B5
:103E70000098401C009002E0921800985B410028D6
:103E800003DA0020014605B0F0BD0020012109053C
:103E90000746864611E064461D46141BB54106D30D
:103EA0006546521BB341744607430C43A646CD07F3
:103EB00040084908284392185B4105460D43EAD162
:103EC0001046184313D060461946504071400843CD
:103ED00006D06046101AB34106D20122002306E044
:103EE00000220123DB0702E00122D2435310009895
:103EF00074460105381C6141029C039D001969410B
:103F000000F0A6F8BFE70000FD0300004A00090327
:103F10000123090B1B0519430A4B10B5520D9A4298
:103F200002DA0020014610BD064B34339A4203DC0E
:103F30009A1AFFF741FE10BD034BD218FFF72CFE73
:103F400010BD0000FF030000CDFBFFFF10B50029EE
:103F500004DB0124E40740428C412146002B04DBB2
:103F60001C460123DB075242A341994200D19042F3
:103F700010BD000010B5202A06DBCB170846203AFA
:103F80001041C1170B4306E00B461341D0402024DB
:103F9000A21A91400843194610BD00000FB400B5A5
:103FA00089B00A460DA9009100230C99002ACB6024
:103FB000234B0693234B079301D0042300E00023F7
:103FC000214A0292214A0892019302466B46002040
:103FD00000F033F909B008BC04B01847F0B585B05B
:103FE00007460020C04301901E46002015460C469F
:103FF0000091029104903B466A46314604A8FFF7BF
:10400000CDFF049902466018002D05D0002901D08B
:10401000034600E023462B6000290ED0002A02DD73
:104020000099814209D0001B019000943B466A46EA
:104030003146029404A8FFF7B1FF05B0F0BD0000BF
:10404000BD3D0020DD3D0020FFFFFF7F3B3A00200B
:1040500010B5002B08DA0024401C614192185B4126
:104060001A4301D14008400010BDF0B51FB482B022
:1040700005460C0003D0084607F0F0FB02E007F00D
:10408000EDFB20300246009021462846FFF784FDD4
:10409000049B059A04460F4618431143084314D065
:1040A000184610431BD0009840210A1A184605995B
:1040B000FFF782FD05460E46009A05990498FFF722
:1040C0006BFD084305D0012004E02046394607B0C7
:1040D000F0BD0020C11705430E432C433743009920
:1040E0000E986305401A7905E40A00220C43FD0A84
:1040F0000A3002D500200146E9E70105101969419F
:104100000C9C0D9D00196941FFF7A2FFDFE710B578
:104110000F21C0B2490200F0DDF910BDFFB50878EB
:1041200089B01546FF2805D0491C2D2804D000224F
:10413000002407E000240BE00122F9E70A235C4396
:104140000419491C0878FF28F8D1002A00D06442DD
:10415000002004902A7801462D2A01D02B2A0FD165
:104160006D1C2D2A02D00022049209E00122FBE7F7
:1041700000260A2233466D1CFFF700FC38187141F7
:104180002F78FF2FF4D10C9AA218069202460A4308
:1041900004D0FF23069A9133DA4205DA0021099808
:1041A0000A4606C00DB0F0BD0024B74AB54D2646FC
:1041B000079200F0A1F9029006980391002801DA15
:1041C000474200E0074639050020AF4A001C514134
:1041D0000191009012E0F80707D022462B463046A6
:1041E0000799FFF7B3FD0646079122462B46104676
:1041F0001946FFF7ABFD04460D467F10002FEAD1AC
:104200000698019B0028009A0399029806DAFFF7A6
:1042100005FE3246079BFFF701FE05E0FFF796FD1E
:104220003246079BFFF792FD049A002A02D0012232
:10423000D2075140099A03C2B4E7FFB591B00020FC
:1042400009900025ED432E209E685C681F46019072
:10425000B9696D1C129888470090396A8847002810
:10426000F6D10098401C0AD00D20C0018443002ED6
:1042700012DD00982B2809D02D280DD103E0002055
:10428000C04315B0F0BD012080020443B9696D1C24
:1042900012988847761E009003A9600501D52D204D
:1042A00000E02B206A461073491C0CA80F91029065
:1042B0000AE0B9696D1C12988847009001204002FD
:1042C00004431398761E0560002E02DD0098302806
:1042D000EFD001990098884245D18020044308E03E
:1042E0000998401E09900120400204431399681C5C
:1042F0000860B9696D1C761E1298884700903028B6
:10430000EED030E00199884205D1200603D4802008
:104310000443761E1DE0009807F072FB002825D0AC
:10432000012149020C43009807AA0F990332303843
:10433000761E914208D208700F98401C0F902006FC
:1043400007D50998401E03E0200602D40998401CB6
:104350000990A00502D51399681C0860B9696D1C05
:10436000129888470090002ECCDC59E0002E57DDD3
:104370000098652801D0452852D1A00550D50320CA
:1043800000028443B9696D1C761E1298884700901C
:10439000002E0CDD2B2804D02D2808D1FF20013061
:1043A0000443B9696D1C12988847761E0090E00599
:1043B00001D52D2100E02B21029801700298401CAC
:1043C0000290019025E00120400204430EA90298CA
:1043D0000131761E88420ED20098029930380006CC
:1043E000000E087003D10299019881420AD90298FF
:1043F000401C029006E0E00501D5244801E0234876
:1044000040420990B9696D1C129888470090139832
:104410000560002E04DD009807F0F2FA0028D2D1E2
:10442000F969129888470F99FF200870029903AA2A
:10443000087000200A900B900CA90AA8099BFFF7AE
:104440006DFEA00502D40120C0431AE724200442D7
:1044500009D0E00713D138680B9A0A99031D3B6015
:10446000006806C00BE00B990A9800F053F801466B
:10447000E00704D13868021D3A60006801602846F0
:10448000FFE60000000014400000F03FF1D8FFFFFD
:104490004268002A08D001680B78491C002B03D021
:1044A000521E06C0184670470121C160881E704721
:1044B0004268002A0BD0C3680168002B07D18368CB
:1044C0008B4204D0491E521C06C0002070470020B9
:1044D000C04370477F2801D9002207E0054B4208FE
:1044E0009A5CC00700D112091207120F01209040F8
:1044F00008407047A8BA00200EB5054A0292002273
:10450000009213460192FFF7B0FD03B000BD00001A
:1045100033040000CB0FDB07490010B54908024601
:104520000A4307D00A0D07240903E401090B121BF3
:10453000002A01DC002010BDC900440F0C43C1005B
:10454000E018D205801806F015FC10BD30B58C18A7
:104550000278401C13071B0F01D10378401C12097D
:1045600006D10278401C03E005780D70401C491C00
:104570005B1EF9D101E00B70491C521EFBD1A14218
:10458000E6D3002030BD000070B582B0114C20464B
:1045900006F0FCFB01AD2046294606F0FDFB29781C
:1045A000204606F0FFFB2878800611D06D46204695
:1045B000294606F0FDFB084802682988074E304668
:1045C000904729883046FFF70AFA204606F0F6FBA6
:1045D00002B070BDC081005050E80020380E0120AC
:1045E00015460C46064600F08BFAEFF308811D488D
:1045F00007F024F9300701D51C4800E01A4807F0FD
:10460000A3FD0420064001D01AA000E0184807F0DE
:104610009BFD1CA007F098FD002E00D02C462168C1
:104620001CA007F00BF961681EA007F007F9A1684C
:1046300020A007F003F9E16822A007F0FFF8216944
:1046400024A007F0FBF8616926A007F0F7F8A1693C
:1046500028A007F0F3F8E1692AA007F0EFF800F0CE
:1046600023FAFEE716BC00205DBC00203EBC002003
:104670004FBC00205573696E6720753332507370DC
:104680002E000000537461636B206672616D653AA1
:1046900000000000523020203A2030782530385871
:1046A0000A000000523120203A2030782530385856
:1046B0000A000000523220203A2030782530385845
:1046C0000A000000523320203A2030782530385834
:1046D0000A000000523132203A2030782530385814
:1046E0000A0000004C5220203A20307825303858FB
:1046F0000A000000504320203A20307825303858F6
:104700000A000000785053523A203078253038584B
:104710000A00000080B506F057FB80BD14460D4628
:10472000064600F0EDF904A031462A46234607F07C
:1047300085F800F0B9F9FEE74E4D495F48616E64B7
:104740006C65723A20253038582C20253038582C8A
:1047500020253038580A000010B582B001AC204640
:1047600006F038FB019806F03BFB6078000601D5A7
:1047700001F014FE01A84078400604D503A00AA168
:10478000D32207F05BF802B010BDC0465B25735D15
:104790005B25645D203A2057616B657570206279F6
:1047A000204B65790A000000504D555F4952515F1A
:1047B00048616E646C657200F0B585B000250395A4
:1047C000434C04AE2046314606F010FB30880821E9
:1047D000014001200190C707002907D0204606F0BC
:1047E0000BFB642006F00EFB3A480760032103AA86
:1047F000204606F00DFB3848046804E0304606F019
:10480000E7F834480760002C22D02646A46A307DA1
:104810000028F3D1707D0028F0D1B07D0228F2D1BC
:1048200002A92B4806F0FAFAB168F26802989142A0
:1048300004D28842E7D3904204D3E4E7904201D304
:104840008842E0D3F1690029D8D0306A8847D5E79B
:1048500021480168002923D00020039A054603E07F
:104860003546896A00291CD08B7D022BF9D18B68D3
:10487000C4070AD0CC6895420AD2AB421E4600D388
:104880002E46A342ECD31E46EAE71D460198E8E710
:10489000AB421E4600D32E46A342E1D22E46DFE7AE
:1048A000284603996A1A51425141C007084803D06B
:1048B000002904D005B0F0BD01990029FAD10321E7
:1048C0002A4606F0B1FA0348076005B0F0BDC046BD
:1048D0000030056000E200E0C824012001480249E0
:1048E0000160704708ED00E000300020F0B583B0B3
:1048F00002AC284D25807F242403002814D0019188
:1049000019461346A41C0025234A57193E798642AE
:1049100007D0FE88A419A41C2D1D0C2DF5D1002252
:10492000D4431A460B460199651C11D06118CD1865
:10493000AE1C8000184D281840882018801CB042FA
:104940000DD220A01E497C2206F078FF01251DE033
:1049500028481B49752206F071FF012516E0881CC6
:10496000002511461A462B4602F03AF8002806D0D8
:1049700005460AA01249832206F060FF06E0089B64
:1049800002A90222204602F02BF80546284603B071
:10499000F0BDC0465A5A00004ABB00205B25735D3B
:1049A0005B25645D203A204D4D5520577269746532
:1049B0002044617461204661696C65640A000000EE
:1049C000D0BC00205B25735D5B25645D203A204DE3
:1049D0004D552057726974652044617461204265A9
:1049E000796F6E6420456E642041646472657373F0
:1049F0000A00000096BC002070B55D4D29685B4E32
:104A000030680024224606F015FA306829682246EC
:104A100006F016FA534801685348814201D02D2010
:104A200000E02C2003225207914200D12B2006F0F7
:104A30000DFA70BD70B5032465071024AA4205D095
:104A4000104DAA4202D0484DAA4219D180250543F3
:104A50000D4EB54214D1049C264D2C60002C04D080
:104A6000264C00252580244C2580404C20603D4864
:104A700002603F4801604048036000F041F804468E
:104A8000204670BD0008006080B004601B480088AC
:104A900019490988081A41424141164802685042A2
:104AA000504108437047C046F0B581B0114C2068B2
:104AB000002805D0104D2888104E3188884201D139
:104AC00001B0F0BD274F04E0288081B232889142C6
:104AD000F6D080B221680968095C386806F0BCF934
:104AE000206881882888401C82B28A42ECD300204A
:104AF000EAE7C0462C240120D4240120D22401203E
:104B0000F0B583B0174D286803214907884205D0C6
:104B10001549884205D108242C2004E004242B20C8
:104B200001E00C242D2006F09DF9104E3068104F46
:104B30003968224606F09CF9002801D003B0F0BD88
:104B400039683068022206F07BF90028F6D109485E
:104B50000290094800680190286801A906F08EF9C2
:104B600003B0F0BD34240120000400603024012093
:104B7000E024012021300101E4240120F0B591B0AE
:104B80007FA08F498F4A06F059FE8FA00AAA1146CE
:104B900038C838C138C838C10520102106F074F96A
:104BA0008F4E3060002802D18EA007F0CDFA934CD2
:104BB0009348E0809348A08093486080FD20C00027
:104BC000208005F091FD204601F08AFC2388A07822
:104BD000E17822796579A47900AF27C704948B2006
:104BE00044002246FF32894889A106F027FE02F0E0
:104BF00027F901F081FB8A4801F078F901F05CFCAB
:104C000000F034FE874800F059FC8748002181827B
:104C1000864901F02BFA002804D085A007F094FA09
:104C200011B0F0BD0994864805F048FF0028654D95
:104C300005D02A461C328348614906F0FFFD8248B0
:104C4000162106F087F805F033FE80480127804AD8
:104C5000394600F03FFB7F4C7F4A20460597394696
:104C600000F038FB7D49002720463A4600F0AAFBB9
:104C700005E07B487B4906F0E1FD0020A0746A4C0A
:104C800005E02A46363278484D4906F0D7FD3068AF
:104C9000FB430AA93A4606F0FDF80028F1D10AA81C
:104CA000007801280BD00028F1D10AA8407802280A
:104CB00010D00128EBD102F0B9F8A080E7E70AA8EC
:104CC000407802280AD9099AD3326848684906F020
:104CD000B5FDDCE7A78005F0EBFDD8E70C9C1ED006
:104CE000012839D00028C8D1A07D0890E07D401E61
:104CF000052800D9D0E040007844808840008744EF
:104D00000500D600E800FA0014011E015948554973
:104D1000099A06F093FD204602F09AFD18E1E07D25
:104D2000401E052800D92AE1A17D08914000C04617
:104D300078448088400087440500260138014A01F4
:104D400064016E01099A7E324B48464906F076FDB1
:104D5000204602F02FFD67E1E07D10A900220A80C5
:104D6000401E052800D97CE14000C0467844808878
:104D70004000874483007A018F01A401C101CE0164
:104D80005B25735D5B25645D203A202D2D2D2D2D37
:104D90002D2D2D2D2D2D2D2D2D2D474C5320507289
:104DA0006F66696C65204578616D706C652D2D2D81
:104DB0002D2D2D2D2D2D2D2D2D2D2D2D2D0A0000A0
:104DC00036C6002011030000FFC5002000000000CF
:104DD000E40C012034000000180D0120180100002F
:104DE0002C030120637265617465204170704D73FE
:104DF000674964206661696C656400003E0C0120AF
:104E000009040000102300000105000010C100206B
:104E1000676C735F74696D655F696E69740000002B
:104E20001D53002005670020780C01203D6B0020F9
:104E3000474C5320496E6974204661696C65640073
:104E4000EDA4002020C0002093C00020AC0C012065
:104E5000896D0020480C0120CD6B002088130000D4
:104E6000FBBF00203EC6002054C10020CCC500205E
:104E700055C60020A2C5002044C50020099A423230
:104E8000C348B74906F0DAFC10A9204603F092F8AF
:104E9000042800D1F1E649E1099A2532B648B04923
:104EA00006F0CCFC3B46222B55D1062359E0204688
:104EB0001930002105F0F4FF07900998C21DBA4887
:104EC000A749079B06F0BAFC2046079902F0EAFFC3
:104ED0003EE020461930002105F0E2FF0790099AD4
:104EE0000E32B0489E49079B06F0A8FC2046079961
:104EF00002F028FE2CE0204619300690002105F033
:104F0000CFFF07900221069805F0CAFF0690009097
:104F1000099A1632A2489249079B06F08FFC204658
:104F20000799069A03F0ACFA12E0099A1B329B48E3
:104F30008B4906F083FC204602F030FD08E0099A18
:104F400020329548864906F079FC204602F0CAFED8
:104F50000346222BA9D0042B00D18EE6002B0BD1C7
:104F6000059B06212046089A03F01AFB002800D171
:104F700083E6099A36327CE6099A30326CE0099A67
:104F8000A3327D4876E620461930002105F088FFDF
:104F90000790099A853276487149079B06F04EFCC6
:104FA0002046079902F0F0FE3EE02046193000212D
:104FB00005F076FF0790099A8C326C486849079B88
:104FC00006F03CFC2046079902F030FD2CE020461C
:104FD00019300690002105F063FF07900221069822
:104FE00005F05EFF06900090099A94325E485C4995
:104FF000079B06F023FC20460799069A03F0B2F9B6
:1050000012E0099A99325748554906F017FC204694
:1050100002F080FC08E0099A9E325048504906F0A0
:105020000DFC204602F016FE0346222806D0042B73
:1050300000D122E6002B0DD1012300E0062306213A
:105040002046089A03F0ACFA002800D115E6099A28
:10505000B4320EE6099AAF324648414906F0EEFBFB
:105060000BE6099A6732444804E6204619300021CD
:1050700005F016FF0890099A493244483849089BC0
:1050800006F0DCFB10AA2046089903F099F80428E2
:105090004CD1F2E520461930002105F001FF0890BF
:1050A000099A503238482E49089B06F0C7FB10AACF
:1050B0002046089902F0DEFF042837D1DDE52046BE
:1050C00019300790002105F0EBFE089002210798A7
:1050D00005F0E6FE07900090099A583229482049C9
:1050E000089B06F0ABFB10AB20460899079A03F02B
:1050F000D3F804281AD1C0E5099A5D32204818492E
:1051000006F09CFB10A9204602F080FF04280DD178
:10511000B3E5099A62321948114906F08FFB10A9CC
:10512000204603F015F8042800D1A6E510AD2B8821
:10513000099A6E3217480A4906F080FB2888064D06
:10514000C2B2030A0521204603F02AFA002800D142
:1051500093E5099A72328CE51103000072C30020B6
:105160003EC60020FAC30020DAC10020C8C20020D9
:105170005EC20020DABF002085C400209CC300204E
:1051800025C4002017C20020F8C200208EC20020D3
:105190006EC50020E1C00020D0C300205AC400200A
:1051A000A7C4002014C50020E4C4002070B582B05C
:1051B000282005F057FE0A2005F054FE0B2005F0CC
:1051C00051FE0C2005F04EFE0D2005F04BFE0E208A
:1051D00005F048FE0F2005F045FE102005F042FEC8
:1051E000352005F03FFE112005F03CFE122005F0B1
:1051F00039FE002420462146224605F057FE05F0E0
:105200005BFE05F05FFE00F09FF8012630031849B1
:1052100088800094E120030316480225164A294697
:10522000FFF708FC15A022A124A206F007FB01F05D
:1052300053FB03F037FA1721204605F049FEF0052D
:105240005B490860FF2109061F4A13688B431360FE
:10525000594908601D491E4A284603F07FFAFFF7A6
:105260008DFC05F03BFE05F03FFE02B070BDC04670
:105270004024012080B00460000800605B2573209A
:10528000542025735D626C65207065726970686575
:1052900072616C2070726F6A656374286370292074
:1052A000737461727420746F20776F726B2E0A00B2
:1052B00041707220323920323032340031363A3483
:1052C000353A32370000000014E400E06580002029
:1052D00059800020B0B503461020002B22D00129B0
:1052E00020D8EFF31084EFF3108572B69D7D002D6A
:1052F00002D084F31088B0BD00209862DA6119767C
:10530000012199752D490A68002A02D10B600021FC
:10531000D9622B490A68002A01D09362DA620B60D5
:1053200084F31088B0BDC04601461020002909D082
:105330008A7D002A06D001224A750020C875D1074F
:10534000364A11607047C046F0B581B0052005F0BF
:1053500089FD294D00242846214605F0CBFD012773
:10536000F80713490860FF263106124A13688B4379
:1053700003218907591811600F4908601F21204631
:1053800005F0A6FD7902284605F0BAFD0821284659
:1053900005F0BCFD2846314605F0BEFD284605F067
:1053A000C1FD0648046006480460204601B0F0BD17
:1053B00080E200E01CE400E000E100E0C8240120FD
:1053C000CC24012010B504461020002C13D0A37D5E
:1053D000002B10D06262616021461031064805F052
:1053E0001DFD0220E075FF200230A0820120C007D1
:1053F0000A490860002010BD0030056001461020F9
:10540000002909D08A7D002A06D001204875C87578
:10541000C0070249086000207047C04600E200E073
:1054200084B0104C104D04E0621C81B2104605F0AF
:105430007FFD28680022D34301A905F02BFD002839
:10544000F2D101A805F07AFD02990029F1D0039864
:10545000002802D005F078FDEBE7204605F07AFD44
:10546000E7E7C0460260000044DA002080B50A4643
:105470000021FFF72FFF4142484180BD80B5FFF773
:1054800053FF4142484180BD80B5FFF79BFF414239
:10549000484180BD80B5FFF7B1FF4142484180BD22
:1054A0003E480088421A50425041354A12888A428A
:1054B00001D04000704701207047C046B0B582B0AF
:1054C00000282ED02F49086018490025184B28467F
:1054D0002A4603F037FD0124002823D000950195CA
:1054E00089204300134928462A4603F0BFFC24497B
:1054F0000880002816D005F033FD284908800028D0
:1055000010D00D48022100252A462B4605F02EFD1D
:10551000002807D003F0DCFC2148012101702C4653
:1055200000E01024204602B0B0BDC0460F180000B5
:10553000A4C90020192A000008290000B0B51D46A2
:105540000F48008888420BD10124002D14D00D484B
:1055500000688047642800D3642028702046B0BDCE
:105560000E480088884209D10224002D04D0002072
:1055700068700B48007828702046B0BD0020B0BD90
:10558000380C0120340C012004480088884203D1E3
:105590000098007802490870002070473A0C0120FA
:1055A0003C0C0120F0B593B07F48012105F0E4FCEC
:1055B0000026002800D1DBE07C4805F0E3FC002851
:1055C00000D1D5E07A4805F0E3FC002800D1CFE017
:1055D00078480124214605F0E1FC002800D1C7E00D
:1055E000042000907448754A10210B4605F0DCFC3D
:1055F000002800D1BCE07248062105F0DBFC002841
:1056000000D1B5E06F48022105F0DAFC002800D196
:10561000AEE0250200206C496C4A131859601D81C8
:1056200049191C307028F8D100206949694A1318BB
:10563000596028261E8128311C307028F7D1664811
:105640000D9065A041688268C06810900F920E911D
:105650000DA805F0BBFC002800D186E001940020D5
:10566000614A624B1918CA600D82412189005218A3
:1056700030306028F6D10395BF20C5435C4F2846E3
:105680005C4A1418CC22A750D023E6522C37303075
:10569000F6D102920024584F58480019C7600A46B4
:1056A000039901821146BF183034602CF4D154495B
:1056B000544C029A60198150C6522C313035F9D1C0
:1056C00051A104A8024678C978C278C978C205F009
:1056D00083FC0028039C4AD000205349534A1318E6
:1056E0009C819960091920304028F8D14F48022246
:1056F000214605F077FC002839D000204C494D4A5E
:10570000115013189C80091910302028F8D14948ED
:105710000222214605F06CFC0026002828D04648CD
:105720000DAA114638C838C138C838C140200821F0
:1057300005F0AAFB4149086000281CD0404804AA93
:10574000114638C838C138C838C138C838C13D4892
:105750000026314605F052FC07463B480760002F03
:105760000DD03A4805F050FC0CE0002600E0002681
:10577000304613B0F0BD384806F0E6FCF8E7344890
:1057800006F0E2FC019C002FF2D005F043FC0398E8
:10579000F43005F045FC7D2040012E4905F046FC23
:1057A00005F04AFC2646E3E788ED002058F000208B
:1057B00020EF0020F8E80020D0F20020E0F20020E6
:1057C000E0F4002070F2002010F9002040F10020E9
:1057D00020010120F0F2002040F10020000104002F
:1057E000F0F200202800040018FF002010F2002032
:1057F0007002012020F4002010FD0020B0F10020F4
:10580000C001012060F3002010F20020000102001E
:1058100020F4002028000400B0F100200001020064
:1058200060F300202800040010F50020B4E80020F8
:1058300010F7002068ED00200CBB0020B410012000
:10584000E8BA00200D8000207C1001201DA100205E
:1058500012BD0020AC0D0000FBBC00206248008897
:10586000401A41424141C8007047C046F0B583B07C
:1058700043490025434B28462A4603F063FB002892
:1058800067D000950195812043003F4C2846214672
:105890002A4603F0EBFA002860D0534908800D2017
:1058A00001903A480090611C00200223024603F058
:1058B000DDFA002857D00E26019635480090A11C2D
:1058C0000025022328462A4603F0D0FA00284FD0AC
:1058D000122701972F480090E11C029602262846C5
:1058E0002A46334603F0C2FA01972B480090211D47
:1058F00028462A46334603F0B9FA01972748009014
:10590000611D28462A46334603F0B0FA0197244821
:105910000090A11D28462A46334603F0A7FA0298B4
:10592000019020480090E11D28462A46334603F0A6
:105930009DFA072001901C4800902D3428462146EE
:105940002A46334603F092FA03F0C2FA05F07AFBD6
:1059500012E0164806F0F8FB01250DE0134806F0AA
:10596000F3FB012508E0114806F0EEFB012503E0FA
:105970000E4806F0E9FB0125284603B0F0BDC046FD
:105980000A18000060BB0020232A0000E4BB0020AE
:10599000F4BB0020A8BB0020BCBB002004BC00203E
:1059A000D0BB00208CBB0020BFC90020DCBC002085
:1059B00010B50D480088884214D10820002B10D063
:1059C0000A490A68496819711A700C0EDC710C0CCE
:1059D0009C71090A5971110ED970110C9970110A34
:1059E000597010BD002010BDD8240120403B01207B
:1059F000B0B584B013460C46EFF305856946487090
:105A000000220A7002940193002D01D0134600E099
:105A1000D3430948006805F01BFB00280AD0034661
:105A200006480749A02205F009FF06A00FA1B422ED
:105A300005F004FF04B0B0BD2C03012032C30020E8
:105A400024C600205B25735D5B25645D203A2053EE
:105A5000656E6420426C65204D65737361676520D7
:105A60004661696C65640D0A00000000626C655F48
:105A70006576656E745F63616C6C6261636B000078
:105A8000B0B582B0401E622800D9ABE10C464D1C77
:105A90004000C04678448088400087446200760019
:105AA0008C00A000C500D000E100F500110121012B
:105AB000A301A301A301A301A301A301A301A301C6
:105AC000A301A301A301A301A301A301A301A301B6
:105AD000A301A301A301A301A30139013C014701D3
:105AE0005501A30158015E016201A301A301A301B5
:105AF000A301A301A301A301A301A301A301A30186
:105B0000A301A301A301A301A301A301A301A30175
:105B1000A301A301A301A301A3016F01A301A30199
:105B200078017B017E018101840187018A018D0159
:105B30009001A3019301A301A301A301A301A30168
:105B4000A301A301A301A301A301A3019601A30142
:105B5000A301A301A301A301A301A301A30199012F
:105B60009F01A078E17809020918DF4805F066FE78
:105B7000A078E17809020818D9490880E04803684C
:105B8000002B00D12EE1012010E02878697809026D
:105B90000918E278D34805F051FED1480021018070
:105BA000D7480368002B00D11CE1022000210A46DF
:105BB000984702B0B0BD2079617909020918E378ED
:105BC0002A78BF4805F04AFA207961790902091854
:105BD00028786A7812021218E378BA4850E02079DF
:105BE000617909020918A94805F0A2F9211DA84800
:105BF000082205F039FA2079617909020818A1799B
:105C0000E2791202511809040A18207A617A09020D
:105C10000818A17AE37A1B02591809040B189DA0F1
:105C200005F00CFE02B0B0BD2389E288A18895483A
:105C300005F020FA2389E288A188934820E028789B
:105C4000697809020918A878EA7812021218A87966
:105C5000EB791B021B188A4805F00CFA02B0B0BDA4
:105C6000A078E1780902091863792279824805F061
:105C7000F5F9A078E17809020918637922797F485B
:105C800005F0DCFD02B0B0BDE2782978904805F05F
:105C9000F7F92878697809020918E2788D4805F043
:105CA000CDFD8D4801908D4800908D4C208869462F
:105CB00005F0ECF92088C82105F0EEF902B0B0BD7E
:105CC00028786978090209187F4805F031F92878A1
:105CD0006978090209187D4805F0B0FD02B0B0BD31
:105CE0002078617809020918A078E2781202121867
:105CF000524805F0D7F92078617809020918A07890
:105D0000E278120212184EA005F098FD02B0B0BD64
:105D1000218848485EE0A01C002105F0C9F9014631
:105D20002078627812021218414809E0A01C002174
:105D300005F0BEF9014620786278120212183B483D
:105D400005F0BCF902B0B0BD2188374842E02078A8
:105D500061780902091833483CE0A278217830487C
:105D600011E02078617809020918A07AE27A12021B
:105D700012182A4805F096F902B0B0BD2178E078F3
:105D80004042C2B2244805F07BF902B0B0BD217890
:105D90001E481FE021781C481CE02178194819E0B2
:105DA0002178174816E02178144813E0217812482A
:105DB00010E021780F480DE021780D480AE02178A5
:105DC0000A4807E02178084804E02178104801E0FB
:105DD0002178104805F0ACF802B0B0BD2178164823
:105DE00005F0A6F802B0B0BD2BA000002AA000006C
:105DF00029A0000028A0000027A0000026A0000085
:105E000025A0000024A0000023A0000022A0000084
:105E10002CA0000033A0000021A0000016A000006C
:105E200015A0000014A0000013A0000012A00000A4
:105E300011A0000010A0000034A000000FA000007E
:105E40005B4D53475F424C455F4D54555F4558434A
:105E500048414E4745445F494E445D2048616E6469
:105E60006C65203D20307825582C206D7475203DC0
:105E70002025640A000000000EA0000092BD002052
:105E80000DA000000CA00000E5BE00200AA000004C
:105E90000BA000005B4D53475F424C455F4C4C5F8D
:105EA000464541545255455F494E445D2048616E18
:105EB000646C65203D203078254C580A00000000B5
:105EC00009A000005ABE002008A000002BBE002040
:105ED00007A00000E1BD0020630058020600090091
:105EE000DC0C0120ACBE002054BF002010B50446DD
:105EF000024805F0E9F80248046010BDAD530020E7
:105F000048E800202F480088411A4842484170471D
:105F10002C480088884205D10120002B01D00021A7
:105F20001970704700207047F0B583B014460D46D5
:105F30000146202D00D320251F4F38462A46FDF765
:105F400035FD200A1D4E707034700320C102002000
:105F50001B4B024602F0F6FF0124002828D00097D0
:105F600001951520450200200227294602463B469E
:105F700002F07CFF00281BD000960197691C0026C8
:105F8000304632463B4602F071FF002810D00096A2
:105F90000196A6358120430030462946324602F05C
:105FA00065FF002804D00749088002F091FF3446BD
:105FB000204603B0F0BDC04600240120FC23012090
:105FC00080BB0020D0240120002070472548008895
:105FD000401A4142414148007047C0462149098862
:105FE000814208D10220002B04D0002159701E49A3
:105FF00009781970704700207047C046B0B582B06C
:1060000010490024104B2046224602F09BFF012538
:10601000002813D000940194112003010B4920465D
:10602000224602F023FF002808D004F099FF002840
:1060300004D00C49088002F04BFF2546284602B0E8
:10604000B0BDC046011800006CBB0020052A00004E
:1060500004480088884203D10098007802490870FB
:1060600000207047B81D0120702E0120F0B583B0CC
:10607000012200284FD00546029228480160284C92
:1060800025602848286028490027284B38463A468A
:1060900002F058FF2168C880009701971120030182
:1060A000234E384631463A4602F0E0FE00282BD017
:1060B000288104F055FF002828D068812068022339
:1060C00014300090019331463931002738463A4662
:1060D00002F0CCFE00281BD0A881009701973A3629
:1060E000A520C300384631463A4602F0BFFE0028DC
:1060F00010D0E88104F034FF0028029A0BD02882E7
:1061000002F0E6FE3A4606E0029A04E0029A02E055
:10611000029A00E0029A104603B0F0BD4CE800205D
:1061200030030120717F002008180000B0C9002052
:10613000182A0000F0B597B00124A1024448454A4E
:1061400010252B4602F05CFF43A00BA94CC84CC1A4
:106150004CC84CC146A002AA1146C8C8C8C1C8C88C
:10616000C8C12421284604F0B5FF4749086000282B
:1061700012D046A011AA114668C868C168C868C193
:106180000820802104F0A6FF46490860002807D1B6
:1061900003204003401C01E00320400304F0DAFE2A
:1061A00040200C210BAA04F06FFE3F490860002834
:1061B00018D03EA002AA114668C868C168C868C164
:1061C00068C868C14248002104F018FF05464148EC
:1061D0000560002D0AD0802004F082FF3E4804F0C4
:1061E00085FF08E00025002D2ED008E003204003A5
:1061F000093004F0AFFE681E8541002D24D0260230
:106200000096102128220823204604F075FF6836E6
:106210003248314604F076FF33208101304804F0E3
:1062200077FF30480221302204F078FF04F07CFF31
:106230002D4804F07FFF2D4804F082FF2C4804F025
:1062400085FF2C4804F088FF284617B0F0BDC046F3
:10625000702A0120482401203DBD002000000000DC
:1062600010DA00203400000048DA002000060000A8
:1062700077BD002000000000483B01202400000002
:10628000BC210120400200002824012050BD002034
:10629000000000006C3B012024000000BC1D012018
:1062A000000400002424012044DA00206ABD0020FC
:1062B00001000000C8D900204400000048E0002090
:1062C00000080000200000000000000000000000A6
:1062D0004D4D00200CDA002039A0002008290120B3
:1062E000782E012054E80020994D0020B54D002063
:1062F000C14D0020A94D002010B504F0A1F80024E4
:106300000221204604F0E4FD124804220260FF202E
:10631000000411490B6883430B60104802600F2092
:106320000321072304F01EFF00F03CF8FFF73AF9C1
:10633000002807D0FFF7FEFE002805D002F046FD3A
:10634000204610BD06A000E00CA005F0FDFE0120D7
:1063500010BDC04680E200E000E400E000E100E0A3
:10636000626C655F636F6E74726F6C6C65725F698F
:106370006E6974206572726F722E0000626C655FC8
:10638000686F73745F696E6974206572726F722EC4
:106390000000000080B504F0EBFE80BD80B504F085
:1063A000EDFE80BD10B52B4804F0EEFE2A4804F047
:1063B000F1FE2A4804F0F4FE294804F0F7FE2948CB
:1063C00004F0FAFE284804F0FDFE284804F000FF1F
:1063D000274804F003FF274804F006FF264804F08E
:1063E00009FF264804F00CFF254804F00FFF25485C
:1063F00004F012FF244804F015FF244804F018FFAD
:10640000234804F01BFF234804F01EFF224804F039
:1064100021FF224804F024FF214804F027FF2148EF
:1064200004F02AFF204804F02DFF204804F030FF3C
:106430001F4804F033FF1F4804F036FF0020C44318
:106440002046214604F036FF2046214604F038FF5E
:1064500010BDC046D3BC0200B3BC0200BBBC0200EE
:10646000CBBC0200C3BC0200B95501006956010053
:10647000612702000127020015270200710B0200AC
:106480005D240200312602009D2502008D260200B7
:10649000F9250200C52602007D27020075270200AB
:1064A0007D0B0200D9E9030001E803003DE703008A
:1064B000C5EA03009DEA030080B5022004F006FF50
:1064C000054804F009FFFFF799FD04481321002255
:1064D000FFF72AFD80BDC04678BB002088C9002098
:1064E000F0B583B0002830D00746B54E00243460A4
:1064F0007460B1480460B1480460AE4D2C60AA4895
:106500000470304600F026F83888798809040818A5
:10651000B988FA881204511803C6083E3046294645
:1065200000F050F901940094684604F0DBFE9D48A9
:10653000046044609A480199009A026041602868AA
:106540009E4908609C49086000E01024204603B082
:10655000F0BDC046F0B58FB0099004F0C9FE8F4978
:106560000A880A920B90088000260D960C960CA8BB
:1065700004F0B8FE8A4908680C9B0B604A680D9CC1
:106580004C60FF215F1E61411D1A2546954103D3D2
:106590003546002D03D003E00125002D00D1214612
:1065A000002D00D11F46381A91410B9A0A9B9A1868
:1065B00052083346FDF7E2F98A06800983188A09F2
:1065C000784C206818182060616851416160764CF1
:1065D0002478002C06D0754C2568EB18236063687E
:1065E00053416360724A00242346FDF797F97149CD
:1065F00009680F187048076070480068704AD179C0
:106600000A91967955791379D1780B9191781288FE
:1066100087424BD9381A801986B23C2E089749D345
:106620000791059206933C2730463946FDF795FAC7
:1066300039464143761A2D18E8B23C283ED38921C9
:106640004143480B4743ED1B069BC318D8B218289B
:1066500037D3009606930395AB2141430E0B1820C8
:106660000490964807990818401E007802900B98ED
:1066700030180B90C0B2019019200101059F3846D7
:10668000FDF76BFA002921D003223A4050425041D5
:10669000874A7A430223DA41864B9A4200D9012481
:1066A000039D049A019B029F044014E0099F002F60
:1066B00069D171E0099F0646414C56E0099F069B4F
:1066C00000E0099F059A07993D4C4EE00124039D87
:1066D000049A019B029F72430A983618E019984267
:1066E00010D2002911D013460320059A10404142D0
:1066F00041416F4850430222D0416E4A904206D831
:10670000002005E0099F2E4C1DE0012003E0012040
:1067100008401A46019B0799491C0791C9B20C29E8
:10672000049202D9059A521C0592099F244C0C2907
:1067300001D901210791029941181846FDF70DFA78
:106740000B91039D049A069B9B1AF0B225214143AD
:10675000080A311AC9B249080818800807214143BC
:10676000701A0A90059A0799009E0A98E071A6711E
:10677000657123710B98E070A170228008980F4C0E
:106780002060002F08D00A98F871BE717D713B71AE
:106790000B98F870B9703A800FB0F0BDD624012084
:1067A000F0280120F8280120383B01200029012091
:1067B0000024F400EC240120DC240120E824012042
:1067C00038240120F0B583B002461020002A6DD095
:1067D00000296BD0108893780127022B0291019237
:1067E0000ED3032101404C424C41314D454302211F
:1067F0002E46CE412F4900228E4203D8164602E093
:10680000002213E001260421CD412B498D423D4653
:1068100001D326403546294959188C1E2178511834
:106820004A19641E5B1ED9B20129F7D8244DA8422B
:1068300020D9461E0CE003233340594259414900F8
:10684000224B595A8A18761E401E81B2A94211D98C
:10685000174971431B4BCB1804211C46CC411649E8
:106860008C423946EBD30221CB4117498B42E2D20D
:106870000021E4E7019DE8781018401E84B2201D35
:106880000721FDF76AF9E971E12000012979414307
:106890000F486043081869793C224A438018A97957
:1068A00040180C49401802990860002003B0F0BD60
:1068B000295C8FC2285C8F020BD7A3009ABB0020F3
:1068C000B207000050B81E05295C8F025ABB002099
:1068D00080510100808FFFFF034804490160044894
:1068E000044901607047C046300B00207DA20020A3
:1068F0002C0B002079830020F0B589B014460D469A
:10690000064601270421384604F0F8FC0297384671
:1069100004F0FAFC30192F494018000B0690370B91
:1069200005200007039000200490B8B2059015E000
:10693000294800780090A3B2039831462A4604F013
:10694000E9FC0490002841D1A0B2089C241A8619C1
:106950002D187F1CB8B2079988421ED20F20000361
:10696000B9B248438019069A93B2059A07939A429E
:10697000089402D0029A1203141AFD4A1288914216
:10698000D6D1FC4909780129D2D180B2134909181E
:10699000A2B22846FDF70AF8D6E717D1F4480088D6
:1069A000884209D1F3480078012805D1F6492846E4
:1069B0002246FCF7FBFF09E0F148007800900398BD
:1069C00031462A46234604F0A5FC04900498C0B240
:1069D00009B0F0BDFFFFFF0FBCC90020C8C90020EF
:1069E000F0B58BB006930892079106460127042163
:1069F000384604F083FC384604F086FC300B82B243
:106A0000DB480588954239D0DA490878012835D124
:106A1000D94800780128099229D10124042120466F
:106A200004F06CFC204604F06FFCD148028805207D
:106A30000007D24B05900A94214604F071FCCD4921
:106A40000446002814D12903CD480078CD4A00908F
:106A500001920A980303CC4A059804F067FC0446A7
:106A6000002802D10020C4490870C24900E0002477
:106A7000002C00D079E100200870099A38030A90B0
:106A8000BC480078002817D10A98431E334011D023
:106A90001546BF493140BA480078009005200007EC
:106AA000B94A04F037FC0446002800D05DE1B24842
:106AB00007702A46AE480280089885196C1E200B84
:106AC00083B2B249304608409A42059339D10994BD
:106AD000012400260799002911D0089A92B2002AB1
:106AE0000DD013182F460A9DAB423D4607D8A64B42
:106AF0001818FCF75BFFA048012606700024002E42
:106B000000D132E19B480078012800D1FCE00F2041
:106B1000000305994843099940180A994A1E81B211
:106B2000914200D1F0E0964A12780092964A891874
:106B30004A1CC0430A99401883B205200007294621
:106B4000DAE003950A9A551E2E4219D0091A4C1CF8
:106B5000A6B20021079A002A049413D032180A9B87
:106B60009A423C4609D88849081807993246FCF7EA
:106B70001DFF8148012101700024002906D1F4E0A5
:106B8000049041E03C46002900D1EEE00120794923
:106B9000087079480078012828D1754F3888099005
:106BA00001240421204604F0A9FB204604F0ACFB9C
:106BB0003A8805200707714B3846214604F0B0FBA0
:106BC0000446002813D1099801036D4800786D4AE6
:106BD000009001926C4A38460A9B04F0A7FB0446D9
:106BE000002804D100206449087000E00024002C33
:106BF00000D0BAE05E490888401C08800898801BD5
:106C000008900798801907900520000709905848B8
:106C10000088070300240297089E0FE0380B82B219
:106C200001210998554B04F07BFB0446002834D120
:106C30000A983F1857483618FF2E17DD2F4201D10A
:106C4000AE42EBDC3806F7D1FF2EF5DD380A82B212
:106C500000210998494B04F063FB044600281CD12D
:106C6000012000023F18FF20C043E4E7B0B20899BA
:106C7000884213D042480078424900900191089818
:106C8000831B09980299079A04F050FB04460028D8
:106C900004D100203749087000E0049E601E2146A0
:106CA0008141B0B2424242410A435ED101243048A0
:106CB00005990180089882B20A988242204600D83D
:106CC000002007994B424B41554255411D43054316
:106CD00005D12D48FCF76AFE274804700024002DDA
:106CE00043D12748007800902748089942180A980D
:106CF000401A83B20998039904F00CFB044600285B
:106D000033D11D480121017001201A4908700698ED
:106D100000282AD0184D2878012825D1144E37880C
:106D200001240421204604F0E9FA204604F0ECFA9C
:106D3000328805200607114B3046214604F0F0FA50
:106D40000446002811D139030D4800780D4A0090FF
:106D500001920D4A30460A9B04F0E8FA04460028E6
:106D600003D10020287000E00024E0B20BB0F0BD99
:106D7000DE0C01202303012024030120204E00000B
:106D8000BCC90020B80B0000C8C90020FF0F0000DC
:106D900000F0FF0F00F0FFFF10B504460B4801683C
:106DA00000290CD00A4802880B689C548B88511C1F
:106DB0008AB29A4200D300210180204610BD0548C6
:106DC0000068E1B204F048F8204610BD2C240120F0
:106DD000D22401203424012010B504A00EA1652284
:106DE0004224234604F02AFD204610BD5B25735D36
:106DF0005B25645D203A2043757272656E74204293
:106E0000617474657279204C6576656C203A202532
:106E10007525250D0A0000006765745F6261747452
:106E20006572795F6C6576656C00000001480088CA
:106E30007047C046DC0C0120F24800887047C0460D
:106E4000F0B581B001200024344A354D21462B464F
:106E500001F0C6FC002801D03F2214E00021314E91
:106E600002203246034601F0BBFC002801D0462236
:106E700009E0032000272C4A6423394601F0B0FCC6
:106E800000283CD04D2229A0344E314604F0D6FCD7
:106E900033A05722314604F0D1FC224804801F4F12
:106EA0001F493846FCF79BFD1F486421FF22FCF771
:106EB0008FFD00940126304621463A462B4601F0CC
:106EC0004DFD002812D10094164A022021460346A7
:106ED00001F044FD002809D1012000900320124A4E
:106EE0006423214601F03AFD002805D026A01B4965
:106EF0006F2204F0A3FC3446204601B0F0BD2C48BC
:106F0000164C5122214604F099FC3388294852221C
:106F1000214604F093FC3C46EEE7C04634030120D2
:106F200098080000E00C0120D00B01205B25735D68
:106F30005B25645D203A20474C53204461746162B4
:106F4000617365204E6F7420466F756E6420696EA4
:106F500020466C6173680D0A00000000FEC6002028
:106F60005B25735D5B25645D203A20474C532043CD
:106F700072656174652061204E657720446174619B
:106F8000626173650D0A00005B25735D5B25645DBE
:106F9000203A20474C53204461746162617365203C
:106FA000437265617465204661696C65640D0A0011
:106FB00098C60020CDC60020F0B583B0014600255C
:106FC000224A23481378002B04D016326D1C642DFE
:106FD000F8D10546AAB282421ED0162672431B483B
:106FE0000127875480180290801C1422FCF7DEFCD5
:106FF000002400943046684381B201973846029AD3
:10700000334601F0ABFC002808D012A01CA1C62218
:1070100004F014FC019C16E0012414E0794F398837
:10702000794845540094421803200126334601F064
:1070300095FC3888401C38800096022021463A464C
:10704000034601F08BFC204603B0F0BD3403012061
:10705000FFFF00005B25735D5B25645D203A2047E0
:107060004C53204461746162617365205265636FA3
:10707000726420416464204661696C65640D0A0095
:10708000676C735F64625F7265636F72645F616493
:1070900064000000F0B581B00646214F3888B04248
:1070A00039D92048815D162359431F480024445490
:1070B000009442180125284601F050FC002823D1F5
:1070C000184882193888411E3980881B89B2B1421C
:1070D00010D007D9891B13465F781F70491E5B1CAF
:1070E0000029F9D1009483B20320314601F036FC27
:1070F000002809D101200090094A022021460346B8
:1071000001F02CFC002807D008A012A1F82204F0FE
:1071100095FB2C4600E02224204601B0F0BDC0467D
:10712000E00C0120D00B0120340301205B25735DAE
:107130005B25645D203A20474C53204461746162B2
:107140006173652044656C657465204661696C6592
:10715000640D0A00676C735F64625F7265636F72CF
:10716000645F64656C65746500000000F0B581B013
:10717000244800240480254E154F30463946FCF73C
:107180002EFC21486421FF22FCF722FC00940125FB
:107190002846214632463B4601F0E0FB002812D14A
:1071A0000094184A02202146034601F0D7FB00282C
:1071B00009D1012000900320134A6423214601F0E5
:1071C000CDFB002800D02C46204601B0F0BDC046C3
:1071D0009808000010B502460A480388222093420E
:1071E0000FD9094B9B5C16225A43084B9C5C002C20
:1071F00007D09818831C142208461946FCF7D6FBC2
:10720000002010BDE00C0120D00B01203403012030
:1072100010B584B00B46EFF3058469464870012031
:107220000870029301920022002C01D0134600E066
:10723000D3430948006803F00BFF00280AD0034637
:1072400006480749A02204F0F9FA06A00FA1C422BB
:1072500004F0F4FA04B010BD2C03012032C3002066
:1072600024C600205B25735D5B25645D203A2053B6
:10727000656E6420474C53204D65737361676520CC
:107280004661696C65640D0A00000000676C735FFD
:107290006576656E745F63616C6C6261636B000040
:1072A000B0B588B02C4C2046FFF754F903AD03204D
:1072B000287004F041F8162129742849FCF74DFC88
:1072C000E9812748018869802288AA806288EA804B
:1072D000A2882A81A279AA72491C018001F0F8F9DA
:1072E000002809D07C4803A900F056F8002803D0F4
:1072F0001C481D491D4A09E003A8FFF75DFE1B4C11
:10730000002807D0083481481749224604F096FA2D
:1073100008B0B0BD03A8C08903F0CAFB03F09CFA13
:10732000FCF707FC0090019122460C3278480E4D84
:10733000294604F083FA22460D327648294604F0A5
:107340007DFAFFF779FD03460E347348294622463D
:1073500004F074FA08B0B0BD3E0C0120FF07000035
:107360002603012056C30020EAC500205502000074
:107370000648006842898A4201D102207047008A8B
:10738000401A4142414148007047C0463003012045
:10739000314800787047C046B0B50C460546FFF747
:1073A000F7FF002804D02846214600F003F8B0BDBE
:1073B0000020B0BDF0B587B00D4607460020029012
:1073C0000C7802AE347006900590049003904A88C1
:1073D0000121304603F0B6FFA888F070A9797171D9
:1073E000E979B171297AF171697A3172A97A717288
:1073F000000A3071E00703D10A26A00708D413E081
:10740000AA8902A80A2103F09DFF0C26A0070BD52C
:10741000EA89019702AF3846314603F093FFF0192D
:10742000019F297C8170F61C200705D56A8A02A875
:10743000314603F087FFB61C3989B88802AA334663
:1074400003F086FF411E884107B0F0BD01210140D5
:10745000014801707047C046BEC90020B0B588B071
:1074600003AC0025257003F067FFE081A5811A4871
:107470002146FFF791FF002803D018A02249D92206
:1074800007E003A8FFF798FD002806D01F481E4913
:10749000E02204F0D3F908B0B0BD03A8C08903F01E
:1074A00007FB03F0D9F9FCF744FB00900191184861
:1074B000154CE422214604F0C1F91648E522214684
:1074C00004F0BCF9FFF7B8FC03461348E622214656
:1074D00004F0B4F908B0B0BD780C01205B25735DF1
:1074E0005B25645D203A20474C532053656E642031
:1074F0004D6561737572656D656E74204661696C6A
:1075000065640D0A0000000081C600203EC0002016
:107510007EC1002060C00020AAC00020F0B593B05A
:1075200017460D46064605A800240470304616305E
:107530001721FCF754FA2B780496B375022F02D367
:1075400068780499C875032F0ED31E46162F00DBEA
:107550001627B81E2C21049B5854C2B21846183066
:10756000A91CFCF723FA3346049DE87D0090FF2216
:10757000163269486949039204F060F92C200290A0
:10758000285C00280CD0049F3D462C35183764A693
:10759000395D304604F052F9641C28788442F7D3F0
:1075A00061A004F0D1FD049FB87DB97C002905D00D
:1075B000032856D1F87D002819D015E0401E032875
:1075C00031D8C0467844007940008744011729012A
:1075D000F87D062837D8C0467844007940008744B3
:1075E000031A2525351A1A0005A8032134E002984C
:1075F000385C002824D105A801212DE0F87D06285B
:1076000021D8C046784400794000874403040F0F16
:107610001F040400E8E70298385C00281AD11CE037
:1076200005A8072118E005A8022115E00298385C9A
:1076300003280FD1387E002802D001280DD002285F
:1076400005A8092108E005A8042105E00298385C96
:107650000528EFD005A80521017005A800780028AD
:107660003BD005A80278002A2FD005A83863002057
:10767000B874BC7D06ADA8820223AB7506900621C6
:107680002980AC70EA700A90099008900790002F4A
:1076900017D0264A1278002A13D00CAA5070117005
:1076A00006A8867D002E07D00CA8801C06A9891C80
:1076B0003246FCF77BF9B31CF989B8880CAA03F0B1
:1076C0004DFE039A1C321AA002E0039A213222A036
:1076D000124904F0B3F813B0F0BD0120B874B87DBE
:1076E000042809D0022804D001280AD139680020D2
:1076F00004E03968022001E039680120884713B0AE
:10770000F0BD039A11321DA0044904F097F800203F
:10771000B87413B0F0BDC04685BF0020C7BF0020BD
:1077200030782530325820000D000000BDC90020FF
:107730005B25735D5B25645D203A20474C532052E6
:1077400041435020496E76616C696420436F6D6DD2
:10775000616E640A000000005B25735D5B25645D5B
:10776000203A20474C5320524143502049676E6FC6
:10777000726520436F6D6D616E640A005B25735DF9
:107780005B25645D203A20474C53205241435020F2
:107790004552524F52203A20556E6B6E6F776E20D5
:1077A0005374617475730A00014800787047C046CD
:1077B000BDC90020B0B500280DD00546FFF73CFB41
:1077C00000280AD00446A87C00280ED0FFF7CEFC83
:1077D000002813D0B0BD1020B0BD89208200D84849
:1077E0001A4904F02BF82220B0BD89208000821DA8
:1077F000D148164904F022F80420B0BD8920820047
:107800000F3203A01149234604F018F80020B0BD40
:107810005B25735D5B25645D203A20474C53204413
:10782000656C65746520416C6C2053746F7265647F
:10783000205265636F72647320537563636573735D
:1078400066756C203A2025750D0A000071C800206D
:10785000F0B589B0002832D00546FFF7EDFA039065
:1078600000282ED000273C46A87C00282BD0A0B2B0
:1078700004A9FFF7AFFC00282DD104A92846FFF783
:107880008BFD00282CD104AEF08903F011F902F031
:10789000E3FFFCF74EF9728800AB07C37F1C92220E
:1078A000EA481B493B4603F0C9FF0A2003F02CFDC0
:1078B000641C0398B842D7D1012002460DE0002194
:1078C00022E079221BE0E2481149812203F0B6FF51
:1078D000B8B204210BE0B8B20122002A14D009E0AA
:1078E000D8480B498C2203F0A9FFB8B2012100222D
:1078F000002A09D0002801D0002105E09822E8489C
:10790000034903F09BFF2221C8B209B0F0BDC04675
:1079100032C9002010B500280CD0807C00280BD084
:107920000020FFF7B7FB04460A4A00280BD0D21DFF
:1079300009480AE0102010BDE9480849054A03F04B
:107940007DFF042010BD0B3205A0044903F076FF33
:10795000204610BDCF02000059C70020A8C8002053
:107960005B25735D5B25645D203A20474C532044C2
:10797000656C657465642046697273742053746F16
:10798000726564205265636F72647320537563631C
:1079900065737366756C0D0A0000000070B588B0E1
:1079A000002812D00646807C002810D0002003A9B1
:1079B000FFF710FCFF253E35002810D00446EA1DD5
:1079C000EC48194903F03AFF2AE0102428E0FF228E
:1079D0003E32EC48144903F031FF042420E003A9AF
:1079E0003046FFF7D9FC002807D00E35E3480E4992
:1079F0002A4603F023FF012412E0044603AEF08977
:107A000003F056F802F028FFFCF793F8728800ABF9
:107A100007C31335DA48044901232A4603F00EFF51
:107A2000204608B070BDC04669C90020F0B58DB0D1
:107A30000790002856D00D469D208400FFF7FCF9E2
:107A40000590002850D00798807C41424141002891
:107A5000009406914FD0019500263046029685B2DB
:107A60000746FFF7E9F985421BD2044604960397BF
:107A7000019EB8B208AD2946FFF7ACFB6988002526
:107A8000B14201D3294600E00121421E9041084342
:107A900001280CD17F1CB9B2A142EAD32225039A56
:107AA00006E0222502983A46002806D12BE03A4605
:107AB00001214840049E002825D0174694B2204654
:107AC000FFF7E8FA054600281DD1761C0598844288
:107AD00019D20798807C41424141069100283846DE
:107AE000BDD10AE0102524E0ED481449224603F0F8
:107AF000A5FE22251DE000252E46009A0832E54805
:107B00000E4903F09BFE0698C00701D0042510E043
:107B1000300408D0009A1932B3B2E048074903F0A4
:107B20008DFE002505E0009A1D32DD48034903F073
:107B300085FE28460DB0F0BD33C7002024C80020C4
:107B400059C70020F0B58DB00791002859D00746DD
:107B5000FFF772F90490002855D000260120069006
:107B600034460397B87C00284FD00596A5B2FFF79E
:107B700063F9854218D207462546A8B208AE3146B9
:107B8000FFF728FB7188079A914201D3002100E09A
:107B900001210028069800D10846012806D16D1C55
:107BA000A9B2B942E9D302E0002002E02C4601214B
:107BB0004840059E039F00281FD008A93846FFF7BC
:107BC000EBFB002828D108ADE88902F071FF02F034
:107BD00043FEFBF7AEFF6A8800AB07C3761CB3B267
:107BE000F622F248184903F029FE012003F08CFB2D
:107BF000641CA0B204998842B4D3069900291ED00F
:107C000013E010201BE0DD2214E0F6480E49E522C7
:107C100003F014FE042005E0E2480B49F02203F0D3
:107C20000DFE01200021002909D0300401D00020E0
:107C300005E0FC22DE48044903F000FE2220C0B229
:107C40000DB0F0BD0AC70020E5C80020BAC700206B
:107C500033C7002010B500280FD0807C00280ED03C
:107C6000FFF7EAF8401E80B2FFF714FA04460B4A09
:107C700000280BD0D21D0A480AE0102010BDF3489E
:107C80000849064A03F0DAFD042010BD0B3206A0B5
:107C9000044903F0D3FD204610BDC046E9020000B0
:107CA00059C700208CC800205B25735D5B25645D8F
:107CB000203A20474C532044656C65746564204C21
:107CC0006173742053746F726564205265636F72C0
:107CD0006473205375636365737366756C0D0A0076
:107CE00033C7002070B588B0002815D00646807CC8
:107CF000002813D0FFF7A0F8401E80B203A9FFF7B9
:107D000069FAFF256035002810D00446EA1DA8480E
:107D1000194903F093FD2AE0102428E0FF22603285
:107D2000CA48154903F08AFD042420E003A930461F
:107D3000FFF732FB002807D00E359A480E492A4635
:107D400003F07CFD012412E0044603AEF08902F04A
:107D5000AFFE02F081FDFBF7ECFE728800AB07C3BB
:107D600013359248044901232A4603F067FD204653
:107D700008B070BD59C700204DC900200AC70020B7
:107D8000BAC7002033C70020F0B58DB00790002897
:107D900054D00D463E4CFFF74FF8059000284FD0C9
:107DA0000798807C41424141002806914FD00195BF
:107DB00000263046029685B20746FFF73DF8854219
:107DC0001BD2044604960397019EB8B208AD29461B
:107DD000FFF700FA69880025B14201D8294600E082
:107DE0000121421E9041084301280CD17F1CB9B2E9
:107DF000A142EAD32225039A06E0222502983A46B8
:107E0000002806D12BE03A4601214840049E002874
:107E100025D0174694B22046FFF73CF905460028C6
:107E20001DD1761C0598844219D20798807C414266
:107E30004141069100283846BDD10AE0102523E0D3
:107E40005B481549224603F0F9FC22251CE0002579
:107E50002E460F4A0832CF480F4903F0EFFC069830
:107E6000C00701D004250FE0094A300407D01932B9
:107E7000B3B20A48084903F0E1FC002504E01D32D2
:107E80004B48054903F0DAFC28460DB0F0BDC0466A
:107E90004502000033C700204CC8002084C70020E2
:107EA00059C70020F0B58DB00791002859D007467A
:107EB000FEF7C2FF0490002855D00026012006904E
:107EC00034460397B87C00284FD00596A5B2FEF73C
:107ED000B3FF854218D207462546A8B208AE314600
:107EE000FFF778F97188079A914201D8002100E0E4
:107EF00001210028069800D10846012806D16D1CF2
:107F0000A9B2B942E9D302E0002002E02C460121E7
:107F10004840059E039F00281FD008A93846FFF758
:107F20003BFA002828D108ADE88902F0C1FD02F033
:107F300093FCFBF7FEFD6A8800AB07C3761CB3B267
:107F4000C4221A48184903F079FC012003F0DCF937
:107F5000641CA0B204998842B4D3069900291ED0AB
:107F600013E010201BE0AB2214E0F4480E49B322CA
:107F700003F064FC042005E00A480B49BE2203F02C
:107F80005DFC01200021002909D0300401D000202F
:107F900005E0CA220648044903F050FC2220C0B282
:107FA0000DB0F0BD0AC700200DC90020BAC70020DF
:107FB00059C70020B0B500240C80002808D0807C70
:107FC000002807D00D46FEF737FF28802046B0BDB9
:107FD0001020B0BD0320C201024803A103F02EFC13
:107FE0000420B0BD33C70020676C735F726163709B
:107FF0005F7265636F72645F6E756D6265725F6FED
:10800000665F616C6C5F676574000000B0B586B038
:1080100000240C8000280CD0807C00280BD00D465A
:1080200001A92046FFF7D6F800280BD101202880AF
:1080300008E0102406E0FF22F232044804A103F015
:10804000FDFB0424204606B0B0BDC04633C7002067
:10805000676C735F726163705F7265636F72645F98
:108060006E756D6265725F6F665F66697273745F6D
:1080700067657400F0B58BB0059100210292118004
:10808000039000283BD00491FEF7D6FE0190002813
:1080900040D000250398807C002833D0ACB2FEF796
:1080A000CBFE06460020B44204901BD22F46B8B245
:1080B00006AC2146FFF78EF86188059A914201D3FC
:1080C000002100E00121421E90410843012804D113
:1080D0007F1CB9B2B142EAD32F46012148400028A3
:1080E00003D117E02F46002814D002990888401CBD
:1080F00008807D1CA8B201998842CBD30AE01020E9
:10810000049007E03720C200044805A103F096FB65
:108110000420049004980BB0F0BDC04633C7002083
:10812000676C735F726163705F7265636F72645FC7
:108130006E756D6265725F6F665F677265617465AB
:10814000725F6F725F657175616C5F676574000067
:10815000B0B586B000240C8000280FD0807C0028A9
:108160000ED00D46FEF768FE401E80B201A9FFF753
:1081700031F800280AD10120288007E0102405E00A
:10818000044805A10D4A03F059FB0424204606B01B
:10819000B0BDC04633C70020676C735F7261637007
:1081A0005F7265636F72645F6E756D6265725F6F3B
:1081B000665F6C6173745F67657400000A0200009B
:1081C000F0B58BB005910021029211800390002838
:1081D0003BD00491FEF730FE0190002840D00025EE
:1081E0000398807C002833D0ACB2FEF725FE06460B
:1081F0000020B44204901BD22F46B8B206AC2146F0
:10820000FEF7E8FF6188059A914201D8002100E05D
:108210000121421E90410843012804D17F1CB9B2BC
:10822000B142EAD32F4601214840002803D117E08C
:108230002F46002814D002990888401C08807D1C15
:10824000A8B201998842CBD30AE01020049007E03D
:10825000FF229A32044805A103F0F0FA04200490AA
:1082600004980BB0F0BDC04633C70020676C735F45
:10827000726163705F7265636F72645F6E756D6269
:1082800065725F6F665F6C6573735F6F725F657158
:1082900075616C5F67657400F0B58BB005920E4632
:1082A000002103931980049000283AD00C46FEF771
:1082B000C3FD2246029000283CD000270498807C11
:1082C000002830D0BDB2FEF7B7FD0022854217D29C
:1082D000044601923D4603E06D1CA8B2A04211D2B3
:1082E000A8B206A9FEF776FF0028F5D106A84088B7
:1082F000B042F1D305998842EED80120019A04E0FA
:108300003D4601E03D46019A1046002812D00399EF
:108310000888401C08806F1CB8B202998842CDD3EF
:1083200008E0102206E0FF22D832044804A103F03E
:1083300085FA042210460BB0F0BDC04633C70020BA
:10834000676C735F726163705F7265636F72645FA5
:108350006E756D6265725F6F665F72616E67655F95
:1083600067657400F0B58DB00692079104900028FF
:108370004CD0404CFEF760FD0390002849D0049893
:10838000807C47424741002500284AD02E4602956E
:108390000595B5B2FEF750FD222185421BD2044659
:1083A00001910096059D03E0761CB0B2A04217D261
:1083B000B0B208A9FEF70EFF0028F5D108A8408842
:1083C00007998842F0D306998842EDD80021012010
:1083D00000280AD136E00298059D002805D131E039
:1083E00002980199009E00282CD0B4B22046FEF7D6
:1083F00051FE002820D16D1C03998C421CD2049997
:10840000897C4F424F410029C2D10BE010200DB0B2
:10841000F0BD62481849224603F010FA22200DB040
:10842000F0BD28460446134A08325B48124903F05F
:1084300005FAF80703D108E00446F80705D0042040
:108440000DB0F0BD0C46F807F9D10A4A280408D04F
:108450001932ABB20948084903F0F0F900200DB019
:10846000F0BD1D324D48044903F0E8F920460DB037
:10847000F0BDC046A302000004C8002084C700204D
:10848000F0B58FB00892099100285BD0054687208F
:1084900040000790FEF7D0FC069000286DD0002623
:1084A0000120039037460595A87C00284CD0BDB22A
:1084B000FEF7C2FC04460020A54216D204903D46B9
:1084C00003E06D1CA8B2A04213D2A8B20AA9FEF71D
:1084D00081FE0028F5D10AA8408809998842F0D386
:1084E00008998842EDD82F460398059D002804D1AD
:1084F00024E0059D0498002820D00AA92846FEF70C
:108500004BFF002828D10AACE08902F0D1FA02F032
:10851000A3F9FBF70EFB628800AB07C3079A193279
:10852000761CB3B21B481A4903F088F9012002F007
:10853000EBFE7F1CB8B206998842B5D30399002997
:1085400021D013E010201EE0079A0832124810498B
:1085500003F074F9042006E0079A13320B480C4923
:1085600003F06CF90120002100290CD0300401D067
:10857000002008E007981F30079008480449079A30
:1085800003F05CF92220C0B20FB0F0BD0AC7002092
:10859000C5C80020BAC7002033C7002059C7002033
:1085A00070B58EB01D46044601AE0020B082022395
:1085B000B375019070703170B270F57005900490D1
:1085C00003900290002C1CD0124A1278002A16D078
:1085D00007A800224270017001A8857D002D07D0F8
:1085E00007A8801C01A9891C2A46FBF7DFF9AB1CF0
:1085F000E189A08807AA02F0B1FE411E88410EB0B1
:1086000070BD01200EB070BD032101400148017012
:108610007047C046BDC9002010B51C462048006800
:1086200042898A4202D1FEF7B3FE04E0008A884202
:1086300006D1FFF7B9F8002161702070022010BD4B
:10864000002010BD80B504490B68002B03D01449ED
:1086500009683422984780BD4CE8002080B50A465E
:108660000F48006843890299934204D10878FEF7C5
:10867000EDFE002080BD038A934204D10878FFF705
:10868000C3FF002080BDC389934206D1002904D0D6
:10869000039A002A01D0FEF741FF002080BDC046AA
:1086A000300301200148024901607047280B002077
:1086B000E17F002080B5FCF7F7F97D20800002F013
:1086C000A1FBFBF7ABF880BD80B5FDF763FE80BD75
:1086D00002480088411E88417047C046DC0C0120DA
:1086E00082B00A4D0AA403E00146204603F0A6F832
:1086F00028680022D343694602F0CCFB0028F3D15E
:108700000199009802F030FEF2E7C046B410012053
:108710006C6C635F7461736B20676574206D736745
:10872000206661696C65643A25750A0080B5FCF7BE
:10873000E7F902F01FFE80BD10B50024FFF7C4FF6B
:10874000002808D0FCF7A2F9002804D0FCF754F95F
:1087500002F016FE0124204610BD000010B5094BA2
:108760001960094908700948026001200024214667
:1087700002F0FAFA03210A220523204602F0F2FC55
:1087800010BDC046D83B012020240120D43B01204D
:108790008AB009A001AC21462CC82CC12CC82CC120
:1087A0002CC82CC102F0F2FD0C480021224602F038
:1087B00025FC02F0F1FDFEE77CBF00200100000077
:1087C000903B012044000000F02401200004000040
:1087D000180000000000000000000000D94A00203E
:1087E000F0B583B01027002A4AD01C46002B47D092
:1087F0001546064600917F20070302A9022238464B
:10880000FEF77AF8002805D033483449622203F095
:1088100015F82EE002A80088314B984229D1002E8D
:108820000FD0BF1C002038490A181379B34207D073
:10883000D288BA18971C001D0C28F5D10020C74318
:10884000274B781C1FD00098381800900019801C06
:10885000B1002D4A511849887918891C81421BD2D0
:10886000832042000F3230A0264902F0E7FF0127A3
:1088700006E0832042001BA0224902F0DFFF01270F
:10888000384603B0F0BD83204000C21D32481D4968
:1088900002F0D4FF0127F3E71E4601A90222384661
:1088A000FEF72AF8002808D0074683204200163237
:1088B00016A0144902F0C2FFE2E701A80088B04206
:1088C00007D10098801C29462246FEF715F8074676
:1088D000D6E72227D4E7C04673BC0020BEBC0020E8
:1088E0005A5A00005B25735D5B25645D203A204D7C
:1088F0004D55204461746120496E76616C69640D48
:108900000A000000B5BC00204ABB00205B25735D57
:108910005B25645D203A204D4D55205265616420F1
:108920004661696C65640A005B25735D5B25645D67
:10893000203A204D4D552052656164204461746198
:10894000204265796F6E6420456E642041646472D4
:108950006573730A0000000096BC0020F0B587B074
:108960001026002A44D01C460490002B40D0154607
:108970000F460C9803907F20000306A90222FDF702
:10898000BBFF1D4E002805D01C481D49622202F085
:1089900055FF05E006A80088B04201D1039816E013
:1089A000029705AA16800020009002230146FBF7DB
:1089B0009DFF074601260028304605D011A01A4920
:1089C000E02202F03BFF0398002F029F10D100909D
:1089D000049839462A462346FBF788FF002806D02C
:1089E00012A01149E92202F029FF012600E0064603
:1089F000304607B0F0BDC0465A5A000073BC002094
:108A0000BEBC00205B25735D5B25645D203A204D74
:108A10004D55205772697465204865616465722000
:108A20004661696C65640A00D2BC00205B25735DF9
:108A30005B25645D203A204D4D5520577269746561
:108A4000204661696C65640A000000000C4605461A
:108A5000FCF756F806A003F077FB09A0294602F0C0
:108A6000EDFE0CA0214602F0E9FEFCF71DF8FEE742
:108A70006F7320657272206F6363757273000000FC
:108A8000636F646520202020203A2030782530381C
:108A9000580A00006F626A6563745F69643A203047
:108AA00078253038580A0000F0B583B01C461646C9
:108AB0000F46029009891348089D2A4602F0F2FAEF
:108AC000F888C00513D402943C8A0E48401C214605
:108AD000324602F0E7FAA01B81B2A94200D805464F
:108AE000AAB2786981190298FAF760FF07E039891C
:108AF000009502983246234600F0D4FD0546A8B200
:108B000003B0F0BD15510000F0B585B01D46164606
:108B10000F46012101701478384602F043FC00280A
:108B200000D16EE0009701950746C8379D4905467C
:108B3000481C214602F0FCF9D8350295601E5128E8
:108B400000D9D9E04000C04678448088400087447E
:108B500051005D006F0095009A00A100A700AE00D3
:108B6000B400BB00C000C700CC00D300D300D900C4
:108B7000DF00E600EC00D300D300F300F9000001B1
:108B80000501D3000C01D30013011A01D300D30057
:108B9000D300D300D300D300D300D300D300D3003D
:108BA000D300D300D300D300D300D300D300D3002D
:108BB000D300D300D300D300D300D300D300D3001D
:108BC000D300D300D300D300D300D300D300D3000D
:108BD000D300D300D300D300D300D300D300D300FD
:108BE000D300D300D300D300D300D300D300D300ED
:108BF000D3001E01029C20463146019A02F0D8FBA8
:108C0000CBE0684802F0A6F905B0F0BD3846314621
:108C100002F0D4FB0028029C00D0BEE004A900981A
:108C20000880388848800A20042202F0CDFBB4E096
:108C30000121304602F0CEFB7A889042014600D3F3
:108C400011463A88914202D2172900D339803A78E6
:108C500054498B1CC1B2184602F012FA0220B871B6
:108C60003988009C204602F0BBFB03A90C803888A1
:108C700048800A20042202F0A7FB8DE038463146E6
:108C800002F0B4FB88E0029C20463146019A02F0D3
:108C9000B3FB82E038463146019A02F0B3FB7BE039
:108CA000029C20463146019A02F0B2FB75E038463C
:108CB0003146019A00F0DCFA6EE0029C2046314613
:108CC000019A02F0ABFB68E03846314600F0C6FB83
:108CD00062E0029C20463146019A02F0A5FB5CE06E
:108CE0003846314600F056FA56E0029C204631469E
:108CF000019A02F09FFB50E006223846214602F01E
:108D00009FFB49E038463146019A02F09FFB43E061
:108D1000029C20463146019A02F09EFB3DE0384617
:108D20003146019A00F032FC36E0029C2046314682
:108D3000019A02F097FB30E038463146019A00F084
:108D4000C1F929E0029C20463146019A02F090FBCD
:108D500023E03846314600F083F91DE0029C2046AE
:108D60003146019A02F08AFB17E0029C2046314608
:108D7000019A02F089FB10E0029C20463146019ADC
:108D800002F088FB09E0384600F0C4FB04E03846F6
:108D90003146019A00F0CDFB029C204602F080FB98
:108DA00005B0F0BD1452000001480249416070470F
:108DB000BC0A00203584002010B50C46C988C905BE
:108DC00003D5218900F056FC208210BD80B51048E3
:108DD00002F01CFA0F4802F01FFA0F4802F022FAC4
:108DE0000E4802F025FA0E4802F028FA01F02AFA9D
:108DF00001F05AF801F042F800F0ACFC01F044F840
:108E000001F022F800F0ACFCFFF7CEFF80BDC046B9
:108E1000899B0020559C0020C19B0020B19C002014
:108E20001D9C0020B0B501468B4A1088002810D048
:108E300013888A4A1468002204E00834521C9A42BB
:108E4000184608D225888D42F7D865888D42F4D31C
:108E500002E0002200E01846D100804B1B68591840
:108E60004968002900D01046B0BDC046F0B581B0B9
:108E70001C4617460D461549079B069A00280DD03B
:108E80000D46002F1BD03846214602F00FFB064648
:108E9000681C1022394602F0E7F80AE028460F461F
:108EA000214602F009FB0646B81C294602F040F8AC
:108EB0003D46E81C3146224602F0F4F803E028461D
:108EC00002F048F80026304601B0F0BDA55200007F
:108ED000F0B581B060480188002912D002885F484F
:108EE0000368002004E00833401C9042114606D27B
:108EF0005C88002CF7D11C88002CF4D002E01146CD
:108F000000E000200E4C884206D181B2204602F0DB
:108F10000FF8002001B0F0BDC60002F0D3FA0546FC
:108F20004E4F38688019458002F0D2FA0246601C24
:108F3000294602F0B7F838688019408801B0F0BDC2
:108F4000A3520000F0B583B001920E46424D29882D
:108F50000024002902930FD0404A12681788002F7E
:108F60000AD02988083201231C468B4204D2631C94
:108F700017880832002FF7D18C4205D1A1B21F48C3
:108F800001F0D6FF002735E01C4D002813D02E46F7
:108F9000019D002D2AD00520C102284602F09EFA2C
:108FA0000746B01C10222946354602F05DF8002F16
:108FB0000DD100271EE00520C102304602F094FAD0
:108FC0000746E81C314601F0B3FF002FF1D0E00066
:108FD000224909680F520818029941600021418016
:108FE000281DA2B2394602F05DF803E0701C01F0C2
:108FF000B1FF0027384603B0F0BDC04699520000CB
:10900000F0B581B0134D00281FD0002A1DD00C46AA
:1090100000291AD0002B18D00F490B800F490A6085
:1090200000210F460E46FF00D151761CF7B29F4239
:10903000F9D3002200922146134602F05BFA681C25
:10904000214601F075FF01B0F0BD284601F082FF16
:1090500001B0F0BD9752000020030120CC0B01208D
:1090600070B582B00E460446102002F049FA00287E
:109070000AD005466189A088727800230093019385
:10908000012A06D0032205E00D4801F063FF02B07B
:1090900070BD022200F026FB010607D0C3B21821E2
:1090A0000022284602F032FA024602E01920287017
:1090B0000122A088294602F02FFA02B070BDC046F6
:1090C00023510000F0B58BB004920C4605460121F7
:1090D000204602F07FF907460321204602F07AF984
:1090E00003902E462888001D80B202F009FA00285D
:1090F00013D0054605A8394602F014FA002811D00D
:1091000005A8C088010701D5C00512D4162128463C
:109110003A4602F00DFA024628E01D4801F01AFF17
:109120000BB0F0BD162128463A4602F007FA024677
:109130001CE005A9304602F007FA002801D00346DA
:109140000EE0B0880499491F89B2621D0092019116
:1091500001223946039B00F0C5FA01060CD0C3B2C8
:10916000162128463A4602F0D1F90246B08829462F
:1091700002F0D2F90BB0F0BD28462146049C2246ED
:10918000FAF714FC1720287077812246EEE7C046D4
:1091900022510000F0B589B00D4604460121284651
:1091A00002F018F906460321284602F013F902904E
:1091B00003A8314602F0B6F907462088001D80B2A8
:1091C00002F09EF900280CD00546002F0ED003A80F
:1091D000C088800710D40C212846324602F0BAF924
:1091E0003BE0224801F0B6FE09B0F0BD0C21284654
:1091F000324602F0A3F930E003A9204602F0A4F9B8
:10920000002806D003460C212846324602F07EF99B
:1092100023E0A08803AF3946FFF7CEFD388A029AD3
:10922000824205D90C212846324602F099F914E011
:10923000801A411C2088814203DD1018401E03A9BA
:1092400008820798801A81B2A08800916B1C03A93C
:10925000FFF72AFC0D212970401CA18882B2084624
:10926000294602F059F909B0F0BDC0461F5100006F
:10927000F0B591B014460E460746012130460991DB
:1092800002F0A8F805460321304602F0A3F8024692
:1092900071480A9529460546089201F003FF727944
:1092A000681C214601F0FEFE07973888001D80B239
:1092B00002F026F9002804D00746082C06D3102017
:1092C00005E0A81C01F046FE11B0F0BD022006909A
:1092D0000A9A0899501E80B288420AD2701D0590E1
:1092E0000BA802F043F90026039602960998049011
:1092F0000FE00821384602F021F99EE00BA9079CF7
:10930000204602F021F9002834D00390099C002C5B
:1093100075D10BA802F030F9002870D00BAC2046B4
:1093200002F030F92289A188E81C01F0BBFE0E98FA
:10933000017840780002401882B2E188281D01F0CF
:10934000B1FE20890028E1D000240A998842DED3AA
:1093500008998842DAD80BA80599069A02F018F9FC
:109360000028D4D00BA8C0888007C7D43004CED141
:109370000D9ECCE7A0880BA9FFF71EFD0F98801C5F
:10938000049989B200220392022904D382B2029B7B
:109390009BB29342BAD1012903D17870049B5B1C24
:1093A00001E0049B0298029080B299B20A182088CA
:1093B0008242049306D90229A8D8001F0BAA108262
:1093C000801C78700BAC2289384602F0E7F80798C9
:1093D0008088218A00910499891C049189B27B18A4
:1093E000002203922146FFF75FFB0446681D2146D9
:1093F00001F09EFD049820180490039C87E70499CF
:1094000088B2022802D30920387017E003990806B1
:1094100006D0CBB2082138460A9A02F077F80CE061
:10942000300405D0B2B20821384602F093F804E0C7
:10943000082138460A9A02F0B7F80146A81D8CB2F6
:10944000214601F075FD079880883946224602F0D2
:1094500063F811B0F0BDC04617510000F0B587B0F9
:109460000A4604460121104601F0B4FF064601A851
:10947000314602F057F807462088001D80B202F0FE
:109480003FF800280CD00546002F0ED001A8C08858
:10949000800710D40A212846324602F05BF82EE0FD
:1094A0001B4801F057FD07B0F0BD0A21284632469F
:1094B00002F044F823E001A9204602F045F8002814
:1094C00006D003460A212846324602F01FF816E06D
:1094D000A08801AE3146FFF76FFC2088318A8142B7
:1094E00002D3401E01A90882A08801A90A8A00921D
:1094F0006B1C0022FFF7D8FA0B212970401CA188B1
:1095000082B20846294602F007F807B0F0BDC0460F
:109510001E51000080B582B00189002907D00023C8
:109520000381808800930193042200F0DBF802B0ED
:1095300080BDF0B589B015460C460746012120468E
:1095400001F048FF064603A8314601F0EBFF002872
:109550000CD04120800003A9C9880140814205D177
:1095600003A9384601F0F0FF002801D009B0F0BD92
:10957000B888E91E89B2E21C0092019100223146AE
:10958000134600F0AFF809B0F0BD0000F0B58BB0A5
:1095900003920C46074601260846314601F01AFFA1
:1095A000014605A8049101F0BDFF0546102001F019
:1095B000A7FF00280CD0002D0FD005A9CA881107DD
:1095C0003D4613D412210446049A01F0B1FF1AE07B
:1095D000274801F0BFFC0BB0F0BD12210446049AED
:1095E00001F0ACFF214606463D460EE005A9D20536
:1095F00011D4098AC91C039B99420CD2122104463A
:10960000049A01F0D7FF21460646A888324601F0A9
:1096100083FF0BB0F0BD002AD4D5074605A9284624
:1096200001F092FF002805D0034612213C4638463F
:10963000049A13E0A8880399C91E89B2E21C00921B
:1096400001910022049C2146134600F04BF80106CC
:1096500009D0C3B2122122463C46384601F056FFDB
:1096600039460646D1E7132039463870CDE7C04663
:1096700021510000B0B50C4605460846FFF7D2FB65
:10968000014629480288002091420AD0C900274A91
:109690001268511849680A68002A02D028462146F3
:1096A0009047B0BDF0B581B01C4615460E46074642
:1096B0000846FFF7B7FB01461B480288002091428D
:1096C0000ED02346C900194A1268511849684C68DF
:1096D000002C05D006980090384631462A46A0470F
:1096E00001B0F0BDF0B583B01C4615460E460746E6
:1096F0000846FFF797FB01460B480288002091427D
:1097000010D02346C900094A1268511849688C686C
:10971000002C07D0099808990091019038463146ED
:109720002A46A04703B0F0BD20030120CC0B012046
:1097300080B5012809D801210840054A106011624E
:10974000C82001F05FFB002080BD012080BDC04625
:1097500040D4046008480149C1647047B1940020B6
:10976000092040010449054A0A50E2480021044A00
:10977000026041607047C046500B0020ED9C002005
:10978000ED490000F0B587B00546D8482E184520B1
:10979000000128180290F8482B5C0391497B9768D8
:1097A000D0682C4650340278002B45D0002965D073
:1097B000092A00D0B1E0FF2109020F400921090266
:1097C0008F4200D0FCE0027A04A90A720279437940
:1097D0001B029A188379C5792D02EB181B049A187D
:1097E0000592027843781B029A188378C0780002A9
:1097F000C018000480180490481C01F0E1FE0746E0
:109800000D46012030700026039A96721020814385
:10981000B9482F303840029B03C3517BB448401CE9
:1098200001F086FBB64A3A405120854321883046F4
:109830002B4601F0CBFE55E1002970D0092A00D15A
:10984000CAE0072A00D008E1FF231B021F400126BF
:1098500073029F4200D015E140780E2800D041E10C
:10986000002603988672A248401D01F061FB218802
:109870001A203246334601F0A9FE33E10E2A00D009
:109880009CE0FF210902394009231B02994200D0C4
:10989000E7E0027A04A90A72027943791B029A1856
:1098A0008379C4792402E3181B049A18059202787C
:1098B00043781B029A188378C0780002C01800040D
:1098C00080180490481C01F07BFE0191894A0ACA65
:1098D000894A0090084011402F2404400A1910279B
:1098E000BB43284601F078FE002800D1F7E002468D
:1098F000F84301213170814991610399D161019B44
:10990000034000987C4E304004430298046043605A
:10991000284601F067FE0026E4E00126E2E0082A7E
:1099200000D09CE0FF210902394009231B02994223
:1099300000D0C1E0027A04A90A72027943791B02BD
:109940009A188379C4792402E3181B049A180592A3
:10995000027843781B029A188378C0780002C018F6
:10996000000480180490481C01F02AFE0191614A0D
:109970000ACA614A0090084011402F2404400A1985
:109980001027BB43284601F027FE002800D1A8E09D
:109990000246F84301213170584991610399D16120
:1099A000019B03400098544E3040044302980460E9
:1099B0004360284601F016FE002693E0012691E060
:1099C0002846039C214601F013FE0026A672617B07
:1099D000474801F0ADFA85E0FF2109020F40092157
:1099E0000902434B8F425AD1027A04A90A720279C2
:1099F00043791B029A188379C5792D02EB181B0451
:109A00009A180592027843781B029A188378C078D6
:109A10000002C018000480180490481C01F0D0FD1A
:109A200007460D46012030700026039A96721020DA
:109A3000814331482F303840029B03C3517B2C486F
:109A4000C01D01F075FA2E4A3A4051208543218805
:109A500030462B4601F0BAFD44E0012642E00126E3
:109A600040E02846039D294601F0C2FD204CA01C81
:109A7000394601F0C3FD0026AE72697BE01C01F09F
:109A800057FA2FE02846039C214601F0B1FD00263D
:109A9000A672617B1648001D01F04AFA22E02846B2
:109AA000039C21461D4601F0A3FD0026A672617BA2
:109AB000A81D01F03DFA15E02846039C214601F05F
:109AC00097FD0B4D28460830394601F097FD0026DA
:109AD000A672617B0935284601F02AFA02E00226C7
:109AE00000E00226304607B0F0BDC0464904000041
:109AF000CE360000300E012000CF87F7A98002008B
:109B00002FCF87F770B5002810D00D4600290DD053
:109B1000002A0BD0D168097800240E290FD008291B
:109B200027D11549405C002823D10CE0162049219B
:109B300000242246234601F067FD204670BD0E49F1
:109B4000405C002815D001242C730026EE72FF2003
:109B500004302881304601F05DFD03C50748EE80E2
:109B60006E716E61AE61E861AC700548314601F01E
:109B7000DFF9204670BDC04651030000B1900020BF
:109B8000CD36000010B5044600F026FD002802D0B6
:109B90000C21012006E000F0F9FC002801D101466B
:109BA00000E00C212070084610BD000010B50A46E8
:109BB000002911D00446906B00280DD0107C072896
:109BC00011D0062816D005281DD110480068D06095
:109BD000104600F023FD13E08520C1001C20002367
:109BE00001F012FD10BD09480068D060104600F079
:109BF00019FD05E005480068D060104600F018FD2A
:109C00000120207010BD0020207010BD50080020E1
:109C1000B0B50D4600290FD00446A86B00280BD024
:109C2000287C07280FD0062812D0052817D12846EF
:109C3000114600F0F4FC0FE01C200A4900232A46DC
:109C400001F0E2FCB0BD2846114600F0EEFC03E056
:109C50002846114600F0F6FC01202070B0BD00201F
:109C60002070B0BD8D04000010B50A46002918D040
:109C70000446906B002814D0107C072817D00628C3
:109C800023D0052831D140480178D068484318498D
:109C90000968884200D80146D160104600F0C0FC37
:109CA00020E01C201349002301F0AEFC10BD364813
:109CB0000178D06848430E490968884200D80146B7
:109CC000D160104600F0B2FC0CE02F480178D0685B
:109CD000484307490968884200D80146D1601046C8
:109CE00000F0CFFC0120207010BD0020207010BDBE
:109CF0005408002053040000B0B50D46002919D0C7
:109D00000446A86B002815D0287C072819D00628FF
:109D100026D0052835D1E8681B490978F9F71DFFD9
:109D20001A490968884200D30146E960284600F0D4
:109D300078FC23E01C20164900232A4601F064FC2D
:109D4000B0BDE86810490978F9F707FF0F490968BD
:109D5000884200D30146E960284600F068FC0DE027
:109D6000E86809490978F9F7F8FE0849096888425E
:109D700000D30146E960284600F096FC01202070DF
:109D8000B0BD00202070B0BD5C0800205808002045
:109D9000B5040000B0B50446012500F085FB00289D
:109DA00001D0284608E000F017FC002801D001206F
:109DB00002E000F0EBFB054620702846B0BD70B510
:109DC00004460C26012500F0A3FB00280BD100F06F
:109DD00010FC002807D100F0E6FB0546002801D161
:109DE0002E4600E00C262570304670BD70B5044646
:109DF0000C26012500F08CFB00280BD100F0F9FBAC
:109E0000002807D100F0CFFB0546002801D12E46DF
:109E100000E00C262570304670BD10B5044600F0F9
:109E200077FB002803D100F0E4FB002803D00020DA
:109E300020700C2010BD00F0B6FB0021217000281E
:109E400000D00C2010BD0000152000011249074A67
:109E50000A5053208000064A0A502920C000054AB3
:109E60000A5051208000044A0A507047259600206D
:109E70003D95002095950020D99400200648014981
:109E800001667047C196002003480449044A054B07
:109E90008363C26301647047500B00204797002022
:109EA000EB9600201997002070470000B0B584B0F1
:109EB000002808D004468168022001F0B1FB002888
:109EC00004D004B0B0BD042004B0B0BDE389A289C1
:109ED000607C014601F0AAFB0028F2D16269A36907
:109EE000217C607C01250095019002900025284688
:109EF00001F0A2FB0028E4D1206A01F0A3FB0028B6
:109F0000DFD1A18B606A01F0A3FB0028D9D10648FC
:109F10000570627C03CC01F0A1FB0028D1D101F0D7
:109F2000A3FB284604B0B0BD0C0D002070B501267F
:109F30000670274800780024002801D0204670BD14
:109F4000EFF31085EFF3108072B601F093FB002859
:109F50000CD0344C2078002804D11F4801F090FB2D
:109F60000120207085F31088012070BD2F4908461C
:109F7000683800682B4A1278002A1DD030401BD068
:109F8000052208680B68984204D0531E12061A4630
:109F9000F7D1FF22110613D023490968814213D952
:109FA0000C4A128885F31088081A5109884200D893
:109FB00000263446204670BD85F31088204670BDCB
:109FC00085F31088204670BD85F31088204670BD4B
:109FD0005F09002022080020FFFFFF1FB0B501210C
:109FE0000170EFF31084EFF3108072B60D4D2878F6
:109FF000002813D00C4800680C490968814205D23A
:10A00000491D814204D201F041FB05E0642001E0DA
:10A010004B20800000F0F6FE0020287084F31088AA
:10A02000B0BDC0465B09002080000040E801004050
:10A03000B0B584B0002808D004468168042001F03F
:10A04000EFFA002804D004B0B0BD042004B0B0BDC5
:10A05000E389A289607C014601F0E8FA0028F2D188
:10A060006269A369217C607C0125009501900290C2
:10A070000025284601F0E0FA0028E4D1206A01F02A
:10A08000E1FA0028DFD1A18B606A01F0E1FA002833
:10A09000D9D103CC627A01F0FFFA0028D3D103486A
:10A0A000057001F0FFFA284604B0B0BD9C0D0020F9
:10A0B00070B584B0002808D004468168062001F0FD
:10A0C000AFFA002804D004B070BD042004B070BD05
:10A0D000E389A289A17C607C01F0A8FA0028F2D172
:10A0E0006269A369217C607CA57C012600960190B1
:10A0F00002950025284601F09FFA0028E3D1206A46
:10A1000001F0A0FA0028DED1A18B606A01F0A0FA6C
:10A110000028D8D103CC627A01F0A0FA0028D2D16D
:10A120000348057001F0C4FA284604B070BDC0466B
:10A130009D0D0020B0B584B0002808D00446816889
:10A14000032001F06DFA002804D004B0B0BD042053
:10A1500004B0B0BDE389A289607C014601F066FAD3
:10A160000028F2D16269A369217C607C01250095F9
:10A17000019002900025284601F05EFA0028E4D103
:10A18000206A01F05FFA0028DFD1A18B606A01F03C
:10A190005FFA0028D9D103CC627A01F07DFA002859
:10A1A000D3D10348057001F089FA284604B0B0BD48
:10A1B000BC0D002070B584B0002808D0044681682A
:10A1C000052001F02DFA002804D004B070BD042051
:10A1D00004B070BD638A228AA17D607D01F026FAF9
:10A1E0000028F2D1A17DE06801F06EFA0028ECD1E0
:10A1F000A269E369217D607DA57D0126009601901D
:10A2000002950025284601F017FA0028DDD1606A82
:10A2100001F018FA0028D8D1218CA06A01F018FAB0
:10A220000028D2D103CCA27B01F036FA0028CCD191
:10A230000348057001F04EFA284604B070BDC046D0
:10A24000BD0D002002480349816403494165704700
:10A25000200D0020099900205998002070B505466E
:10A26000554E3068002801D0012070BD01F038FA49
:10A270002846FFF71BFE0446002801D0204670BD8B
:10A280000348306003CD01F031FA204670BDC0466E
:10A2900084270200F0B581B00446474F3868002893
:10A2A00001D001261EE001F01BFA03CC637A0025E1
:10A2B0002A46083C01F020FA03C42068627A294645
:10A2C000083C01F01FFAA0602046FFF7B1FE0646E9
:10A2D000284601F01DFA002E04D10448386003CC52
:10A2E00001F004FA304601B0F0BDC046D4270200A8
:10A2F00070B50546304E3068002801D0012070BD91
:10A3000001F0EEF92846FFF7D3FE0446002801D0FD
:10A31000204670BD0348306003CD01F0E7F92046C8
:10A3200070BDC046E4270200F0B581B00446224F5C
:10A330003868002801D001261EE001F0D1F903CCD5
:10A34000637A00252A46083C01F0D6F903C4206848
:10A35000627A2946083C01F0D5F9A0602046FFF753
:10A36000E9FE0646284601F0D3F9002E04D1044840
:10A37000386003CC01F0BAF9304601B0F0BDC046F8
:10A38000F427020070B505460B4E3068002801D056
:10A39000012070BD01F0A4F92846FFF70BFF044629
:10A3A000002801D0204670BD0448306003CD01F084
:10A3B0009DF9204670BDC046C00D00200428020053
:10A3C000B0B501230370D06804780020162C35D86E
:10A3D0007123DB00CB18C0467C4424796400A74479
:10A3E000151A2D0B2D2D2D2D102D0B2D1F2D102D54
:10A3F0002D2D2D2D242D29000846194601F08EF90A
:10A40000B0BD08461946FFF77DFBB0BD08461946AA
:10A4100001F08AF9B0BD0846194601F08BF9B0BDCC
:10A420000846194601F08CF9B0BD0846194601F0FE
:10A430008DF9B0BD0846194601F08EF9B0BD000097
:10A4400080B501F08FF901F093F901F097F9002838
:10A4500000D080BD01F098F9054801F09BF9022079
:10A4600000F034FF0B2001F09BF9002080BDC046B6
:10A4700020F50100084909680A4A1278824203D887
:10A480000020002907D105E03522D2004243881878
:10A49000002900D10846704748F0002001480078A4
:10A4A0007047C04622030120F0B581B0FFF7F6FFE8
:10A4B000002827D0044600250126E8B2FFF7DAFF7E
:10A4C00000280FD099300178002907D04078002863
:10A4D00004D00020374600280FD114E03046002871
:10A4E0000BD110E0912001011E202A46234601F0E5
:10A4F0008BF800273846002805D06D1CAC42DCD113
:10A50000002700E000270120384001B0F0BD000026
:10A51000F0B581B0FFF7C2FF002828D0044600251F
:10A520000126E8B2FFF7A6FF00280DD08D30017B91
:10A53000002905D0417B002902D00078002811D0E5
:10A54000304600280AD115E01E200C492A46234631
:10A5500001F05AF80027384600280BD06D1CAC4299
:10A56000DFD106E0002037460028F7D102E00027BF
:10A5700000E000270120384001B0F0BD26090000AE
:10A58000014800687047C0464CF0002080B5FFF7D6
:10A59000F7FF002805D03321C900405C411E8841E7
:10A5A00080BD002080BD80B5FFF7EAFF0146002096
:10A5B00000290AD03322D2008A181278002A04D047
:10A5C00091310878411E4842484180BD01480068E9
:10A5D0007047C04650F0002080B5FFF7F7FF002815
:10A5E00005D047218900405C411E884180BD002084
:10A5F00080BD80B5FFF7EAFF0146002000290CD09E
:10A60000472292008A181278002A06D0A5310978CC
:10A6100002220A43032A00D1012080BD70477047FF
:10A6200070477047172181747047704770477047B3
:10A63000FF217431826B64235354837450181921A1
:10A640004170704770B50A460446FF210846203025
:10A65000A36B1E18B92040001D18185C002807D0F5
:10A66000FF2A00D8D1B268781A2200F036F8687054
:10A670003078002801D0012000E00220285CA0747E
:10A6800070BDB0B50446FF20A16B024620328A5C43
:10A69000002A08D074300D18287801211A2200F001
:10A6A0001CF82870A074B0BDB0B50446FF20A16BA3
:10A6B000024620328A5C002A08D074300D182878AF
:10A6C0003221642200F003F82870A074B0BD401855
:10A6D000904200D80246D0B270475318834200D24D
:10A6E000421AD0B27047000010B501242046FFF78F
:10A6F0001FF801F05BF801F05FF8002800D010BDF2
:10A7000001480470002010BD25030120F0B585B07C
:10A7100016460546EFF3058002AA95701180D670A3
:10A7200000240394002800D1E443002E2DD0242ED1
:10A7300018D801932C4800900068002101F042F8DD
:10A740000390002809D12748009000680027394667
:10A7500001F038F8039000283BD00098006804907E
:10A7600003980EE0802E28D801931E480068002729
:10A77000394601F027F80390002825D019490968C7
:10A78000049101993246F9F711F9154EF01C29464A
:10A7900000F0CEFB1548006802A900252A46234692
:10A7A00000F056FC47424741002815D0321D81B2C7
:10A7B000104600F0BDFB2F460EE00948801C3146D4
:10A7C00000F0B6FB002707E00548401C00F0C2FB84
:10A7D00002E0034800F0BEFB384605B0F0BDC046BD
:10A7E00004600000242401202824012044DA0020F1
:10A7F00010B582B0019100900022EFF3058000288F
:10A8000001D0134600E0D34307480068694600F0D2
:10A810001FFC0446002803D004A0214601F00EF8D6
:10A820006042604102B010BDB4100120626C655FEF
:10A830007461736B5F73656E645F6D73675F746F74
:10A840005F6C6C635F7461736B206661696C6564D7
:10A850003A25750A00000000B0B50446000C21013D
:10A8600002D50F210903084300B2F9F73EF9210789
:10A8700001D5F0210C4365B2012D09DB0B4D2946B2
:10A88000F9F7B8F8611E62B2012A0C46F7DC002520
:10A89000002D0AD5054C2146F9F7E9F8691C6AB282
:10A8A0000023DB439A420D46F5DBB0BD000020419A
:10A8B00070B58CB0184808A90A4638C838C2038851
:10A8C0001380807890700024204600F081FF06A954
:10A8D0001820887111488880114806900722204668
:10A8E00000F07CFF0F486D4629460CC80CC14CC8CF
:10A8F0004CC100780870A81C0B491322F9F756F8D0
:10A9000015222046294600F06FFF0121204600F065
:10A9100071FF0CB070BDC04624BB002002080000CF
:10A920000201060334BB002088C90020B0B582B004
:10A930000C4605460020019001A9284601F014FCB0
:10A9400020600198401B411E884102B0B0BD00004C
:10A950001C4615460E460746FAF7D2F807A001F046
:10A96000F3FB0BA03946324600F068FF10A02946E1
:10A97000224600F063FFFAF797F8FEE773797374E5
:10A98000656D206572726F72206F636375727300FC
:10A990007531364572724D6F64756C653A25752058
:10A9A0007531364572724C696E653A25750A00003C
:10A9B000753332457272496E666F313A257520756E
:10A9C0003332457272496E666F323A25750A00005D
:10A9D000B0B582B00446407D217D00290CD0EFF354
:10A9E0001081EFF3108272B6002222756268226035
:10A9F000626A226281F3108800280AD0EFF3108186
:10AA0000EFF3108272B600226275E27DA27581F3C7
:10AA10001088A17D02291DD0002941D1EFF31080BB
:10AA2000EFF3108172B6E16A002901D0A26A8A624E
:10AA30001D4A1368A34201D1A36A13601B4A13681D
:10AA4000A34200D1116080F310880020A062E06270
:10AA500002B0B0BD00280CD02569E5607D20C100A2
:10AA60002068C003F9F779F84019A060019502B099
:10AA7000B0BD207E012811D100200190094801A914
:10AA800000F0CCF9019DE5607D20C1002068C00385
:10AA9000F9F763F84019A06002B0B0BD0120A075BD
:10AAA00002B0B0BD00300560C8240120CC240120D4
:10AAB000010B00050009401870470000F0B589B08F
:10AAC000002867D0354908600124E607344D082284
:10AAD0002846314600F0CCF90194A7070622284603
:10AAE000394600F0C5F9022428463146224600F0D6
:10AAF000A7F928463946224600F0A2F92C2000F09A
:10AB0000B1F90546002846D126480390E1204002CD
:10AB10000290944E02A9304600F0B0F90546002894
:10AB200039D1172000F09EF90546002833D1304670
:10AB3000019F394600F064FE04A903240C747D20B3
:10AB4000C000069018480590301D049017480790E3
:10AB5000174E304600F05AFE05460020122100F044
:10AB6000B7F9B80413490860FF210904124A1368B1
:10AB70008B43A10559181160104908600721304620
:10AB800000F04AFE3046394600F04CFE304600F0F8
:10AB900015F900E01025284609B0F0BD50E8002066
:10ABA00000B0046021300101380E0120000249008C
:10ABB000C081005080E200E010E400E000E100E02D
:10ABC000F0B589B005460398F8F7B3FF00900191FE
:10ABD000A120840022463D3237A0414900F02EFEDC
:10ABE00003A92846FFF7A2FE002831D00398F8F702
:10ABF000A0FF009001912246443243A0384900F062
:10AC00001DFE039E4A4D2846FBF7A4FC04AF162008
:10AC100038743046F8F774FFF881032038704548DF
:10AC2000018879802A88BA806A88FA80AA883A815D
:10AC3000AA79BA72491C0180FDF74AFD00280BD0A1
:10AC40003D4804A9FCF7A8FB002805D03B480AE0D2
:10AC5000413424A0224907E004A8FCF7ADF90028FC
:10AC600007D0083437483649224600F0E7FD09B0DE
:10AC7000F0BD04A8C089FFF71BFFFFF7EDFDF8F753
:10AC800058FF0090019122460C322F482C4D294646
:10AC900000F0D4FD22460D322C48294600F0CEFDAE
:10ACA000FCF7CAF803460E3429482946224600F02C
:10ACB000C5FD09B0F0BDC0465B25735D5B25645DD5
:10ACC000203A2066476C75636F7365436F6E6365EA
:10ACD0006E74726174696F6E313D25660A00000002
:10ACE00011C600205B25735D5B25645D203A20530F
:10ACF0007472696E6720546F20466C6F61742046D1
:10AD000061696C65640A00005B25735D5B25645DA9
:10AD1000203A2066476C75636F7365436F6E636599
:10AD20006E74726174696F6E323D25660A000000B0
:10AD30003E0C012028030120780C012056C300207E
:10AD400067C600203EC00020AAC1002060C00020CD
:10AD5000AAC0002080B50A460146024800F068FDFE
:10AD600080BDC0460004006003B40148019001BDED
:10AD700039C4010003B40148019001BD33F9010059
:10AD800003B40148019001BD43F9010003B4014837
:10AD9000019001BDB978010003B40148019001BDE3
:10ADA000117A010003B40148019001BD6D780100E2
:10ADB00003B40148019001BDB17A010003B4014818
:10ADC000019001BD1979010003B40148019001BD52
:10ADD000610E020003B40148019001BD45A30100CA
:10ADE00003B40148019001BDADA0010003B40148C6
:10ADF000019001BD65BF010003B40148019001BD90
:10AE0000BDBD010003B40148019001BD51F802002D
:10AE100003B40148019001BD1DBF010003B4014806
:10AE2000019001BD45BF010003B40148019001BD7F
:10AE3000CDBF010003B40148019001BD698D01003F
:10AE400003B40148019001BD058F010003B401481E
:10AE5000019001BDE971010003B40148019001BDF9
:10AE600079DC010003B40148019001BD5572010075
:10AE700003B40148019001BD858E010003B401486F
:10AE8000019001BD89DB010003B40148019001BDBF
:10AE90000114010003B40148019001BDF912010041
:10AEA00003B40148019001BDE3F8020003B4014876
:10AEB000019001BDADC3010003B40148019001BD83
:10AEC00043D7010003B40148019001BD41F90200DC
:10AED00003B40148019001BD89C2010003B40148D7
:10AEE000019001BD0922010003B40148019001BD98
:10AEF000D123010003B40148019001BD79C00100D4
:10AF000003B40148019001BDBDBE010003B4014876
:10AF1000019001BD81BE010003B40148019001BD53
:10AF2000F9BD010003B40148019001BDD9C0010081
:10AF300003B40148019001BDFDF6020003B40148CD
:10AF4000019001BDB9A0030003B40148019001BD07
:10AF5000A511010003B40148019001BDE9F602000A
:10AF600003B40148019001BD513A030003B4014804
:10AF7000019001BD313A030003B40148019001BDC5
:10AF80003594020003B40148019001BD25AA0200D6
:10AF900003B40148019001BD49A0020003B4014877
:10AFA000019001BDCD39020003B40148019001BDFB
:10AFB0007DDC020003B40148019001BD11F40200E0
:10AFC00003B40148019001BD15D0020003B401484B
:10AFD000019001BD192C020003B40148019001BD8C
:10AFE0001959020003B40148019001BD5129020022
:10AFF00003B40148019001BD2982020003B4014855
:10B00000019001BD1D23010003B40148019001BD61
:10B01000C5DF020003B40148019001BD61180200C0
:10B0200003B40148019001BD2D20020003B4014882
:10B03000019001BDFD23020003B40148019001BD50
:10B040006982020003B40148019001BDB13C0300D4
:10B0500003B40148019001BD3514010003B4014857
:10B06000019001BD39F7020003B40148019001BD10
:10B07000D9F7020003B40148019001BD25F7020091
:10B0800003B40148019001BDC5F7020003B40148B3
:10B09000019001BDBB1E030003B40148019001BD36
:10B0A000ED2B030003B40148019001BD11F702002C
:10B0B00003B40148019001BD03F9020003B4014843
:10B0C000019001BD61F7020003B40148019001BD88
:10B0D000D505030003B40148019001BD9D12010094
:10B0E00003B40148019001BD51EC030003B40148D1
:10B0F000019001BDE105030003B40148019001BDC9
:10B100006D18030003B40148019001BDB95A030052
:10B1100003B40148019001BDDD59030003B40148A7
:10B12000019001BD8518030003B40148019001BDE1
:10B13000AF28030003B40148019001BDFD050300E1
:10B1400003B40148019001BD0506030003B40148A2
:10B15000019001BDF505030003B40148019001BD54
:10B16000ED05030003B40148019001BD89A601006B
:10B1700003B40148019001BDF11A020003B4014873
:10B18000019001BD7923020003B40148019001BD83
:10B190007520020003B40148019001BD392002006E
:10B1A00003B40148019001BD4520020003B40148E9
:10B1B000019001BD8120020003B40148019001BD4E
:10B1C0006920020003B40148019001BD5120020032
:10B1D00003B40148019001BD5D20020003B40148A1
:10B1E000019001BD31E0020003B40148019001BDAE
:10B1F00019E0020003B40148019001BD25E00200FE
:10B2000003B40148019001BDB9DF020003B4014855
:10B21000019001BDD1DF020003B40148019001BDDE
:10B22000F5DF020003B40148019001BDDDDF02003B
:10B2300003B40148019001BD01E0020003B40148DC
:10B24000019001BDE9DF020003B40148019001BD96
:10B250000DE0020003B40148019001BD49E0020085
:10B2600003B40148019001BD3DE0020003B4014870
:10B27000019001BDADDF020003B40148019001BDA2
:10B280005DE9030003B40148019001BD75E90300C5
:10B2900003B40148019001BD69E9030003B401480A
:10B2A000019001BD51E9030003B40148019001BDC3
:10B2B00045E9030003B40148019001BD49E20300E0
:10B2C00003B40148019001BD55E2030003B40148F5
:10B2D000019001BD0559010003B40148019001BD71
:10B2E0007927030003B40148019001BD95B5010021
:10B2F00003B40148019001BDBD72010003B40148CF
:10B30000019001BD15C4010003B40148019001BDC5
:10B3100041F8020003B40148019001BD45820100DB
:10B3200003B40148019001BD6980010003B40148E4
:10B33000019001BD0188010003B40148019001BDE5
:10B34000B5F8020003B40148019001BD1BF90200E9
:10B3500003B40148019001BD253D030003B4014839
:10B36000019001BD1D3D030003B40148019001BDE2
:10B37000A5BC020003B40148019001BD7D08010095
:10B3800003B40148019001BD6108010003B4014804
:10B39000019001BD4D10010003B40148019001BDB1
:10B3A000E110010003B40148019001BDD95203002E
:10B3B00003B40148019001BD3930030003B40148D2
:10B3C000019001BD2944030003B40148019001BD6F
:10B3D000B105030003B40148019001BD99A7030022
:10B3E00003B40148019001BDA530030003B4014836
:10B3F000019001BD4946030003B40148019001BD1D
:10B400008931030003B40148019001BDED440300FC
:10B4100003B40148019001BD0931030003B40148A0
:10B42000019001BDE132030003B40148019001BD68
:10B43000A934030003B40148019001BD3532030073
:10B4400003B40148019001BD814E030003B40148DB
:10B45000019001BD3549030003B40148019001BDCD
:10B460006932030003B40148019001BDB135030006
:10B4700003B40148019001BDC331030003B4014886
:10B48000019001BDDD30030003B40148019001BD0E
:10B490008D35030003B40148019001BD5935030007
:10B4A00003B40148019001BD0936030003B401480B
:10B4B000019001BDF50B030003B40148019001BDEB
:10B4C000410C030003B40148019001BDE10C0300ED
:10B4D00003B40148019001BDF10C030003B401481D
:10B4E000019001BD910C030003B40148019001BD1E
:10B4F000A30C030003B40148019001BD110D03002A
:10B5000003B40148019001BDC15D030003B40148CB
:10B51000019001BD3166030003B40148019001BDF3
:10B52000ED16030003B40148019001BD190F03009B
:10B5300003B40148019001BD8766030003B40148CC
:10B54000019001BD5766030003B40148019001BD9D
:10B550004D17030003B40148019001BD7B66030051
:10B5600003B40148019001BD6366030003B40148C0
:10B57000019001BD1D10030003B40148019001BDFD
:10B580001510030003B40148019001BDAF0F030083
:10B5900003B40148019001BD2910030003B4014820
:10B5A000019001BDD1A7030003B40148019001BD82
:10B5B0004B66030003B40148019001BD6F660300B0
:10B5C00003B40148019001BD57EF020003B40148E4
:10B5D000019001BDDDE0030003B40148019001BD0D
:10B5E000FD7A020003B40148019001BDCD52020072
:10B5F00003B40148019001BD0552020003B40148A3
:10B60000019001BD4DF7020003B40148019001BD56
:10B610006942010003B40148019001BD31EE02000E
:10B6200003B40148019001BDA117020003B4014811
:10B63000019001BDDD10020003B40148019001BD7D
:10B64000F115020003B40148019001BD4917020041
:10B6500003B40148019001BD4913020003B401483D
:10B66000019001BD7115020003B40148019001BDB4
:10B670009D0F020003B40148019001BDE11A0200D0
:10B6800003B40148019001BD1D18020003B4014834
:10B69000019001BD4D18020003B40148019001BDA5
:10B6A0009112020003B40148019001BDF1110200A2
:10B6B00003B40148019001BD3512020003B40148F2
:10B6C000019001BDD513020003B40148019001BDF2
:10B6D0006114020003B40148019001BD1514020079
:10B6E00003B40148019001BD1124020003B40148D4
:10B6F000019001BDE922020003B40148019001BD9F
:10B700003D1E020003B40148019001BD751E0200F8
:10B7100003B40148019001BDC91D020003B40148F2
:10B72000019001BD2178020003B40148019001BDE0
:10B730008543020003B40148019001BDB12D020010
:10B7400003B40148019001BD11F1020003B40148A6
:10B75000019001BDC961020003B40148019001BD1F
:10B76000E9C0020003B40148019001BD5D5201002F
:10B7700003B40148019001BD5D58010003B40148C4
:10B78000019001BDD953010003B40148019001BDEE
:10B79000E955010003B40148019001BD195A0100A7
:10B7A00003B40148019001BD91B2010003B4014806
:10B7B000019001BD9DB3010003B40148019001BD9A
:10B7C000ADB7010003B40148019001BD4D11010066
:10B7D00003B40148019001BDE523030003B401480F
:10B7E000019001BD8D23030003B40148019001BD08
:10B7F0005D28030003B40148019001BDC923030083
:10B8000003B40148019001BDE1DD010003B401482A
:10B81000019001BD417B010003B40148019001BDCD
:10B82000E17C010003B40148019001BD39790100B8
:10B8300003B40148019001BD7DDE01000FB410B5D5
:10B8400003A9044B044A029800F0E2F810BC08BCBB
:10B8500004B01847C5660020A0C900202021020CB2
:10B8600001D010211046020A01D010460839020901
:10B8700001D01046091F820801D01046891E4208D7
:10B8800001D0881E7047081A70470000F0B51FB439
:10B8900086B00998089A030D0021024314D051483C
:10B8A000514A1818504305141198012810981AD0BD
:10B8B000281A401C00264D4F4D49009601910490D6
:10B8C000002812DA444211E01198012449A301280A
:10B8D00001D11098C1430698119A84600360C26038
:10B8E00041600BB0F0BD4042E4E704462105002072
:10B8F0003F4A001C51410391029012E0E00707D03B
:10B9000032463B4601990098F8F720FA01910090E1
:10B9100032463B4610461946F8F718FA06460F46D7
:10B920006410002CEAD10498039B0028029A09991C
:10B93000089806DAF8F70AFA019B009AF8F706FA6F
:10B9400005E0F8F76BFA019B009AF8F767FA0446EE
:10B950000E460022284BF8F7F9FA03D80020C0431E
:10B96000014607E00022254B20463146F8F73CF916
:10B97000F8F7CCFA102409E0002C0ADB0A22002395
:10B98000F7F7CCFF079B30321A55641E02460A4374
:10B99000F2D11122641C079B121B1C19119B012B55
:10B9A00003D0012308430ED10AE0084304D011203C
:10B9B00010900020119077E71098151A6D1E0BE07B
:10B9C0001098824202DD00236D1C03E0824201DAFE
:10B9D00000236D1E002BEED0069811998260C16085
:10B9E00030C07EE701FCFFFF104D00000000144056
:10B9F0000000F03F300000000000F0430000E03F96
:10BA000030380A2801D2012070470020704700001A
:10BA1000FFB597B00646002518E2252877D1002407
:10BA20002746FD49049400E00443761C3278012047
:10BA3000203A90400842F7D130782A280ED00222CE
:10BA4000307801463039092916D804990A23594318
:10BA5000303940181443761C0490F1E7189802C856
:10BA600004911890002904DA01204003044348425D
:10BA7000049002200443761C30782E2814D1042030
:10BA800004437078761C2A2809D11898761C80C83F
:10BA9000189009E00A214F43303FC719761C3078CF
:10BAA000014630390929F5D930786C2810D006DCE8
:10BAB0004C281AD068280ED06A2817D104E07428C0
:10BAC00013D07A2812D110E00120400504430CE085
:10BAD0000121090501E0032109050C437178814228
:10BAE00003D1012000052418761C761C30781190B3
:10BAF00066280BD013DC58287DD009DC00287BD0C9
:10BB00004528F6D04628F4D047281AD1A5E118E0F8
:10BB1000632835D0642870D0652812D19DE1702843
:10BB20006CD008DC6728F1D069287BD06E280DD056
:10BB30006F2806D1BAE073282ED0752871D07828E6
:10BB400059D01A9A199990476D1C7EE16002400FF6
:10BB5000022809D003280DD00428189801680DD0B8
:10BB60000D60001D189070E11898EA1701680D60CB
:10BB70004A60F6E7189801680D80F2E70D70F0E76B
:10BB800018986A4601781172001D189000205072B2
:10BB900002A80090012005E0189802C81890002023
:10BBA0000091C04361070DD5002101E00199491CB6
:10BBB0000191B94212DA8142F8DB009A515C002906
:10BBC000F4D10BE0002101E00199491C019181426F
:10BBD000FADB019A0099895C0029F5D10199049852
:10BBE0001A9B471A21463846199A00F097FA01998C
:10BBF000401945180BE04FE02CE113E04EE00098AF
:10BC000000990078491C00911A9A19999047019857
:10BC1000401E0190401CF2D1214638461A9B199AC9
:10BC200010E137E00A200021009001916002410FED
:10BC3000022907D0189A01CA1892C21794460329FC
:10BC400008D00AE01898C01DC108C90005C918919C
:10BC5000944607E000B2C2179446042902D140B2CC
:10BC6000C1178C4600226146944506DA0A46002137
:10BC7000404291418C462D2102E0210504D52B2123
:10BC80006A461173012103E0E10701D02021F7E7A3
:10BC9000029155E00A200AE0102008E010200090F0
:10BCA0000021042004430191082703E0082000211B
:10BCB000019100906002410F022907D0189A01CA31
:10BCC000189200229446032908D008E01898C01D55
:10BCD000C108C90005C91891944603E080B204293F
:10BCE00000D1C0B200210291210729D511997029F4
:10BCF00006D0009A1021019B4A401A4305D00EE05D
:10BD000040216A461173012108E06146014306D0D3
:10BD100030216A4611731199517302210291009AE0
:10BD20000821019B4A401A430AD16146014301D1CF
:10BD3000610705D530216A46117301217F1E0291EA
:10BD40001199582904D035A10E910DA90D910DE03E
:10BD500037A1F9E76146019B009AF7F7DFFD0E9BDB
:10BD60008C469B5C0D9A521E0D92137061460143E6
:10BD7000F0D10D9805A9081A20300190600703D56D
:10BD800001200004844300E001270198874201DD7F
:10BD9000381A00E000200199009041180298091813
:10BDA0000498401A0490E00306D421461A9B199A7D
:10BDB000049800F0B3F94519002706E003A81A9A81
:10BDC000C05D199990476D1C7F1C02988742F5DB76
:10BDD000E0030CD521461A9B199A049800F09EF9AD
:10BDE000451904E01A9A3020199990476D1C009962
:10BDF000481E00900029F5DC08E00D980D990078A8
:10BE0000491C0D911A9A199990476D1C0199481E69
:10BE100001900029F1DC63E109280100303132335F
:10BE20003435363738396162636465660000000076
:10BE30003031323334353637383941424344454660
:10BE40000000000000F05AF94519761C30780028EF
:10BE500000D0E2E528461BB0F0BD600700D40627FD
:10BE60001898C01DC108C90048680A680831C30F86
:10BE7000DB071891190001D09CA108E0210501D52C
:10BE80009BA104E0E10701D09AA100E09AA1430040
:10BE900011985B08109165280CD006DC452809D064
:10BEA00046281DD0472841D141E0662818D0672890
:10BEB0003CD13CE00021112F01DB112000E0781C77
:10BEC0000191009008A911A8FFF7E0FC13990591D2
:10BED0000021119A15927F1C12980197009150E051
:10BEE0000120C00703900120019008A9009711A824
:10BEF000FFF7CCFC139A149905920022119B009233
:10BF000012981593059A0192002901D0104602E07B
:10BF1000791C40180190381A01D5019804E040427C
:10BF2000401E0090781C0190C01B029043E0012F3E
:10BF300000DA01270021112F01DD112000E0384631
:10BF40000191009008A911A8FFF7A0FC1399059191
:10BF5000119A0021129815920091019721070CD493
:10BF60000599B94201DB019900E00191012904DD45
:10BF7000159A491E515C302906D0B84201DA011DDC
:10BF800005DA0121029115E00199491EEDE700282B
:10BF900005DC0099411800910199091A03E0019A02
:10BFA000411C914200DD01910099401A401C029011
:10BFB0000120C0070390200706D40299019881420E
:10BFC00002DB0020C043029000206946C87707AF1B
:10BFD000012103980337C907884224D00220119019
:10BFE0002B201290039800280CDA404203902D2059
:10BFF000129007E00A210398F7F7AFFD30317F1E5A
:10C00000039039701199481E11900029F2DC0398B1
:10C010000028EFD1791E129808703078202108404E
:10C020004530BF1E387006A8C01BC01D0390109875
:10C030000078002800D00120019941180298C0170B
:10C040000918039809180498401A401E0490E00348
:10C0500006D421461A9B199A049800F05FF84519F6
:10C0600010980078002803D01A9A199990476D1CEF
:10C07000E00324D521461A9B199A049800F04EF843
:10C0800045191CE00098002807DB009905988842B4
:10C0900003DD1598405C199901E0199930201A9A2E
:10C0A000904700986D1C401C00900298401E029022
:10C0B000002804D11A9A2E20199990476D1C0199D5
:10C0C000481E01900029DDDC05E038781A9A7F1CB3
:10C0D000199990476D1C0399481E03900029F4DCC0
:10C0E00021461A9B199A0498ACE600002D00000026
:10C0F0002B0000002000000000000000F8B50446FE
:10C1000000251E461746880404D405E03946202041
:10C11000B0476D1C641EF9D52846F8BDFFB504462E
:10C12000002581B01E46C80301D5302700E0202736
:10C13000880404D505E038460399B0476D1C641E99
:10C14000F9D5284605B0F0BD10B5044601E0FAF770
:10C1500023FE2078641C03490028F8D10A20FAF74E
:10C160001BFE10BDA0C9002008B50A4600210091A1
:10C1700001466846F7F731FD009808BDDDDDDDDDDD
:10C18000DCBBBBDDDDDDDDDDDDDDDDDD9888888868
:10C19000888888887777777777888888855555560F
:10C1A0006666666666666666666888888333333266
:10C1B00022222222222222222228888D34BD0020FF
:10C1C000010000003810012044000000B8150120D3
:10C1D0000008000020000000000000000000000037
:10C1E00021BD00200000000080100120340000006C
:10C1F000B810012000050000A000A0000000000011
:10C20000000000000007000014090000000000000A
:10C21000000000000000000000000000000000001E
:10C2200002000100000C02000200030064006D0126
:10C230006E01000089510020DD5200200000000046
:10C24000F9580020095900207D59002055714D03EF
:10C250003BCC0000315800203D580020F55800200C
:10C26000FE006578706572696D656E74616C1F1C87
:10C270001F1E1F1E1F1F1E1F1E1F00004669726DFE
:10C2800077617265205265766973696F6E00000090
:10C290004861726477617265205265766973696F6F
:10C2A0006E0000004D616E75666163747572657233
:10C2B000204E616D650000004D6F64656C204E7509
:10C2C0006D6265720000000053657269616C204EFA
:10C2D000756D626572000000536F667477617265F8
:10C2E000205265766973696F6E005B4861726446BF
:10C2F00061756C745F48616E646C65725D437572E4
:10C3000072656E74206D73703A203078253038581D
:10C310000A004F63637572656420696E20746173EF
:10C320006B2E005573696E67207533324D73702E16
:10C33000004F63637572656420696E20696E746571
:10C3400072727570742E005B25735D5B25645D20D1
:10C350003A204D4D55205265616420486561646501
:10C3600072204661696C65640A005B25735D5B251C
:10C37000645D203A204D4D552054797065204E6FF4
:10C380007420466F756E640A006D6D755F7265612D
:10C39000640069735F6D6D755F646174615F766180
:10C3A0006C6964005F5F6D6D755F777269746500BD
:10C3B00044657620696E666F207365727669636581
:10C3C00020696E6974206661696C7572652E006CF7
:10C3D0006C635461736B4D73675175657565496422
:10C3E000204E554C4C006C6C635461736B49642057
:10C3F0004E554C4C006C6C635F7461736B5F6D7376
:10C40000675F7175657565006C6C635F7461736BF4
:10C4100000626C65537461636B5F6D73675F717508
:10C4200065756500626C65537461636B5461736B11
:10C430005F4D656D506F6F6C5F6C6F6E6700626C07
:10C4400065537461636B5461736B00626C65537404
:10C4500061636B5461736B5F4D656D506F6F6C5FA3
:10C4600073686F7274005B4D53475F424C455F5079
:10C4700048595F5550444154455F434F4D504C45DA
:10C4800054455F494E445D2048616E646C65203DB3
:10C4900020307825582C2054585F504859203D2092
:10C4A000307825582C2052585F504859203D203074
:10C4B0007825580A005B4D53475F424C455F454E17
:10C4C000435259505445445F4348414E4745445FA9
:10C4D000494E445D2048616E646C65203D20307893
:10C4E00025582C20456E6372797074696F6E5F45B4
:10C4F0006E61626C6564203D20307825580A005BCF
:10C500004D53475F424C455F454E43525950544549
:10C51000445F524546524553485F494E445D20486A
:10C52000616E646C65203D20307825580A005B4DB3
:10C5300053475F424C455F4C4C5F56455253494F01
:10C540004E5F494E445D204D616E75666163747542
:10C550007265725F4E616D65203D20307825582CE4
:10C560002048616E646C65203D20307825582C2071
:10C5700056657273696F6E203D20307825580A0029
:10C580005B4D53475F424C455F444953434F4E4ECA
:10C5900045435445445F494E445D2048616E646C98
:10C5A00065203D20307825582C20726561736F6EB0
:10C5B000203D20307825580A005B4D53475F424CA0
:10C5C000455F434F4E4E454354494F4E5F5550448F
:10C5D0004154455F434F4D504C4554455F494E448F
:10C5E0005D20436F6E6E5F496E74657276616C207C
:10C5F0003D20307825582C20436F6E6E5F4C61745F
:10C60000656E6379203D20307825582C2053757055
:10C610006572766973696F6E5F54696D656F7520B9
:10C620003D20307825580A005B4D53475F424C450A
:10C630005F434F4E4E45435445445F494E445D4829
:10C64000616E646C65203D203078253034580A00D6
:10C650006170705F6D61696E005B25735D5B256461
:10C660005D203A20474C532052414350204F706385
:10C670006F6465203A2030782530325820204F7082
:10C68000657261746F72203A2030782530325820FC
:10C690004F706572616E64203A2000676C735F7240
:10C6A0006163705F636D645F7061727365005B25C9
:10C6B000735D5B25645D203A20474C532052414313
:10C6C00050204572726F72203A2025640D0A005B7B
:10C6D00025735D5B25645D203A20474C5320524111
:10C6E000435020526573706F6E64204661696C65BB
:10C6F000640D0A005B25735D5B25645D203A20555F
:10C7000061727420496E6974204661696C65640DBC
:10C710000A005B25735D5B25645D203A20474C531E
:10C720002044617461626173652069732046756C91
:10C730006C0D0A005B25735D5B25645D203A204724
:10C740004C53205265636F72642041646420746F9F
:10C75000204461746162617365205375636365731E
:10C760007366756C0D0A005561727420496E6974A8
:10C77000205375636365737366756C0D0A005B25E2
:10C78000735D5B25645D203A20474C5320446174FF
:10C790006162617365204E756D626572206F6620FF
:10C7A00053746F726564205265636F7264203A201F
:10C7B00025750D0A005B25735D5B25645D203A20BD
:10C7C000474C53205265706F7274204E756D6265D0
:10C7D00072206F66205265636F726473203A202561
:10C7E000750D0A005B25735D5B25645D203A20476B
:10C7F0004C53204465766963652053797374656D85
:10C800002054696D65203A20253034752D2530324D
:10C81000752D2530327520253032753A2530327528
:10C820003A253032750D0A005B25735D5B25645D2A
:10C83000203A20474C53204D657373616765205142
:10C840007565756520476574204661696C6564206F
:10C850000A005B25735D5B25645D203A20476C759B
:10C86000636F736520436F6E63656E747261746984
:10C870006F6E203A202566204B672F4C0A005B25FF
:10C88000735D5B25645D203A20476C75636F73654B
:10C8900020436F6E63656E74726174696F6E2055AC
:10C8A0004152543A202566204B672F4C0A005B25E5
:10C8B000735D5B25645D203A20474C532044656CD2
:10C8C0006574652053746F726564205265736F726E
:10C8D0006473203E3D2030782530345820262620B1
:10C8E0003C3D203078253034580A005B25735D5B71
:10C8F00025645D203A20474C53205265706F727456
:10C90000204E756D626572206F662053746F72657C
:10C9100064205265736F726473203E3D2030782529
:10C92000303458202626203C3D203078253034589D
:10C930000A005B25735D5B25645D203A20474C53FC
:10C940002044656C6574652053746F726564205271
:10C9500065736F726473203C3D2030782530345805
:10C960000A005B25735D5B25645D203A20474C53CC
:10C97000205265706F7274204E756D626572206F03
:10C98000662053746F726564205265736F726473AE
:10C99000203C3D203078253034580A005B25735DFB
:10C9A0005B25645D203A20474C532044656C6574D8
:10C9B000652053746F726564205265736F7264737F
:10C9C000203E3D203078253034580A005B25735DC9
:10C9D0005B25645D203A20474C53205265706F728E
:10C9E00074204E756D626572206F662053746F728D
:10C9F0006564205265736F726473203E3D20307809
:10CA0000253034580A005B25735D5B25645D203A50
:10CA10002053656E64204D657373616765204661C0
:10CA2000696C65643A2025640A005B25735D5B25AB
:10CA3000645D203A20474C532053656E6420466164
:10CA4000696C65640A005B25735D5B25645D203A53
:10CA500020474C532044656C657465204C617374A9
:10CA60002053746F726564205265736F72640A009C
:10CA70005B25735D5B25645D203A20474C53205253
:10CA800065706F7274204E756D626572206F6620DE
:10CA90004C6173742053746F726564205265736FB8
:10CAA00072640A005B25735D5B25645D203A204754
:10CAB0004C53205265706F7274204C617374205314
:10CAC000746F726564205265736F72640A005B252F
:10CAD000735D5B25645D203A20474C532044656CB0
:10CAE0006574652046697273742053746F7265644F
:10CAF000205265736F72640A005B25735D5B256469
:10CB00005D203A20474C53205265706F7274204E5E
:10CB1000756D626572206F6620466972737420536A
:10CB2000746F726564205265736F72640A005B25CE
:10CB3000735D5B25645D203A20474C53205265703D
:10CB40006F72742046697273742053746F726564D7
:10CB5000205265736F72640A005B25735D5B256408
:10CB60005D203A20556E6B6E6F776E2052414350B8
:10CB7000204F70657261746F720A005B25735D5B94
:10CB800025645D203A20474C53205265706F7274C3
:10CB9000203E3D20307825303458202626203C3D4C
:10CBA000203078253034582053746F7265642052D9
:10CBB00065736F7264730A005B25735D5B25645D4A
:10CBC000203A20474C53205265706F7274203C3DD0
:10CBD000203078253034582053746F7265642052A9
:10CBE00065736F7264730A005B25735D5B25645D1A
:10CBF000203A20474C53205265706F7274203E3D9E
:10CC0000203078253034582053746F726564205278
:10CC100065736F7264730A005B25735D5B25645DE9
:10CC2000203A20474C532044656C65746520416C64
:10CC30006C2053746F726564205265736F726473F5
:10CC40000A005B25735D5B25645D203A20474C53E9
:10CC5000205265706F7274204E756D626572206F20
:10CC60006620416C6C2053746F726564205265734A
:10CC70006F7264730A005B25735D5B25645D203A07
:10CC800020474C53205265706F727420416C6C20A9
:10CC900053746F726564205265736F7264730A0017
:10CCA0005B25735D5B25645D203A20474C5320551E
:10CCB0006E6B6E6F776E204576656E740A00676CDA
:10CCC000735F6578616D706C655F6164645F6461FA
:10CCD00074610041707020474C53204D73672051A0
:10CCE0007565756500756172745F726563765F6303
:10CCF000616C6C6261636B0073656E645F6D73671A
:10CD00005F6170705F7461736B006170705F676CFE
:10CD10007300676C735F726163705F6576656E74D4
:10CD20005F70726F6365737300676C735F657665C0
:10CD30006E745F70726F6365737300676C735F65A9
:10CD400078616D706C655F6164645F646174615F7C
:10CD50007561727400676C735F6D6561735F746990
:10CD60006D65725F74696D656F7574005B25735DC9
:10CD70005B25645D203A20474C5320446174616216
:10CD800061736520526561642046726F6D20466C48
:10CD9000617368205375636365737366756C0D0A00
:10CDA000005B25735D5B25645D203A20474C532072
:10CDB0004461746162617365204E756D62657220B5
:10CDC0006F66205265636F726473203A2025750D7B
:10CDD0000A00676C735F64625F696E6974005B254B
:10CDE000735D5B25645D203A20474C532053656E8C
:10CDF00064204D6561737572656D656E7420466162
:10CE0000696C65640D0A005B25735D5B25645D20BC
:10CE10003A20474C5320524143502050726F636573
:10CE200073732041626F727465640D0A005B257331
:10CE30005D5B25645D203A20474C5320446174615A
:10CE400062617365205265636F7264204E6F742057
:10CE5000466F756E640D0A005B25735D5B25645D2E
:10CE6000203A20474C532044656C65746564202546
:10CE7000752053746F726564205265636F726473BA
:10CE8000205375636365737366756C0D0A005B25CB
:10CE9000735D5B25645D203A205B25755D20476CE2
:10CEA00075636F736520436F6E63656E7472617432
:10CEB000696F6E203A202566206D672F644C09202B
:10CEC00054696D65204F6666736574203A20257538
:10CED000206D696E730D0A00676C735F7261637019
:10CEE0005F7265636F72645F72616E67655F6F66C4
:10CEF0005F64656C65746500676C735F7261637015
:10CF00005F7265636F72645F677265617465725F9B
:10CF10006F725F657175616C5F64656C65746500E7
:10CF2000676C735F726163705F7265636F72645F79
:10CF30006C6573735F6F725F657175616C5F64655B
:10CF40006C65746500676C735F726163705F7265B6
:10CF5000636F72645F616C6C5F64656C65746500BF
:10CF6000676C735F726163705F7265636F72645F39
:10CF70006C6173745F64656C65746500676C735F86
:10CF8000726163705F7265636F72645F666972730A
:10CF9000745F64656C65746500676C735F72616370
:10CFA000705F7265636F72645F72616E67655F6FF9
:10CFB000665F7265706F727400676C735F72616335
:10CFC000705F7265636F72645F67726561746572CA
:10CFD0005F6F725F657175616C5F7265706F72749F
:10CFE00000676C735F726163705F7265636F726418
:10CFF0005F6C6573735F6F725F657175616C5F7293
:10D0000065706F727400676C735F726163705F72DA
:10D0100065636F72645F616C6C5F7265706F727470
:10D0200000676C735F726163705F7265636F7264D7
:10D030005F6C6173745F7265706F727400676C739C
:10D040005F726163705F7265636F72645F6669725D
:10D0500073745F7265706F727400000048543332ED
:10D060004636373578355F474C535F415050320074
:10D0700000000000512FCD4D0020694E0020B54E1C
:10D0800000209D6C5E20457F0020897F00200302E8
:10D09000010103FF100101FF01FF01FF01FF01FF7B
:10D0A00001FF01FF01FF01FF01FF01FF01FF01FF80
:10D0B00001FF01FF012300000000000070B582B0F5
:10D0C00049F20405C2F202052978002000290190E6
:10D0D000009000F07C8049F22400EFF31084C2F24B
:10D0E0000200EFF3108172B6006808B18047C0B14A
:10D0F0002878811E032918D201A800F079FB019835
:10D1000001283ED16946002000F077FB009898B3D3
:10D110008020C4F20000D0F80011C90711D1012607
:10D1200023E084F3108802B070BD012843D14EF68D
:10D130001050CEF20000016821F00401016030BF00
:10D1400039E04FF20412C6F204020168D0F8680117
:10D150001268081A92B241F2004102FB00F0C0F2DC
:10D1600027010026884238BF01266946012000F0C9
:10D1700044FB06BB0098F0B101204FF4FA6100F0C7
:10D1800041FB6946012000F038FB009898B14FF050
:10D19000A04000F0F1F84EF61050CEF20000016809
:10D1A00041F0040101604FF0A04030BF00F0F0F802
:10D1B000012000F02CFB49F22000C2F202000068BE
:10D1C00018B12978022908BF804784F3108802B07B
:10D1D00070BD000070B541F20001044640F480507B
:10D1E000C5F2000188421CBF012070BD40F20075ED
:10D1F0000226C0F2010500BF300604BF002070BD4A
:10D200002046FF212A46013E00F006FB002818BFF9
:10D2100070BDF1E7B0B50C460546FFF7DBFF00280F
:10D2200018BFB0BD2846214600F0FBFAB0BD00BFD4
:10D23000B0B50C460546FFF7CDFF002818BFB0BDBE
:10D240002846214600F0F2FAB0BD00BFB0B50C464A
:10D250000546FFF7BFFF002818BFB0BD284621468E
:10D2600000F0E9FAB0BD00BFB0B50C460546FFF7C7
:10D27000B1FF002818BFB0BD2846214600F0E0FAF3
:10D28000B0BD00BFB0B50C460546FFF7A3FF0028B0
:10D2900018BFB0BD2846214600F0D7FAB0BD00BF88
:10D2A00010B50446FFF796FF002804BF204600F0A3
:10D2B000D1FA10BDB0B50C460546FFF78BFF00282C
:10D2C00018BFB0BD2846214600F0C9FAB0BD00BF66
:10D2D0002DE9F04381B00D46044600F130406FF473
:10D2E000805108424FF0010004D11DB12046FFF7E4
:10D2F00071FF10B101B0BDE8F0834B2140F21F7205
:10D30000C0F280312046C0F20F0200F085FA0028FA
:10D31000F0D100274FF0100841F28739102600BFE6
:10D32000A068C00614D5B0B22168002300220428EA
:10D3300028BF0420DB00013221FA03F793B205F87D
:10D34000017B9842A6F10106F4DC0027C4F81080A6
:10D3500001374F450CD8012000F086FA3004DFD1A8
:10D36000204641F2883100F084FA01B0BDE8F08334
:10D37000032001B0BDE8F08310B50446FFF72AFF93
:10D38000002818BF10BD2046032100F077FA10BD19
:10D3900010B50446FFF71EFF002804BF204600F02A
:10D3A00072FA10BDB0B582B0044641F200020D46DB
:10D3B00044F48051C5F2000200209142ADF806000D
:10D3C00007D10DF106012046FFF724FF20B102B07E
:10D3D000B0BD012002B0B0BDBDF806004BF68371B0
:10D3E000084005F01F0140EA81000621ADF8060063
:10D3F00020464FF4E06200F00FFA0028E7D1BDF8B4
:10D400000600012140F200726060C0F20051204627
:10D41000C0F2010200F000FA0028D8D1204643F6FD
:10D42000982100F026FA02B0B0BD00BFF0B581B07F
:10D430001C4615460E460746FFF7CCFE08B101B064
:10D44000F0BD384631462A46234600F021FA01B0A5
:10D45000F0BD00BFB0B50C460546FFF7BBFE002887
:10D4600018BFB0BD2846214600F017FAB0BD00BF76
:10D47000F0B583B01C4615460E460746FFF7AAFED8
:10D4800008B103B0F0BDDDE9080C31460090384624
:10D490002A462346CDF804C000F004FA03B0F0BDDC
:10D4A000F0B581B01C4615460E460746FFF792FEC2
:10D4B00008B101B0F0BDDDF818C0384631462A4643
:10D4C0002346CDF800C000F0F2F901B0F0BD00BF76
:10D4D0002DE9F0470C4641F20001054640F480502A
:10D4E000C5F2000188424FF001063DD1EFF3108AEA
:10D4F000EFF3108072B640F6A000C0F6C840686630
:10D500002020C0F2C800E8650520286628460321CF
:10D510009846914600F0D0F90746284606214FF478
:10D52000E06200F079F9A96D032C41F00101A965D1
:10D53000AE6684BF1020BDE8F08740EA070660B2FF
:10D5400013A151F8202016A151F8201009FA02F079
:10D5500040F21772E8642846C0F2020200F05CF95B
:10D560008AF31088064303D03046BDE8F08700BF39
:10D57000286FC007FCD1A86D414620F00100A865C6
:10D58000284600F076F906463046BDE8F08700BF31
:10D59000080000000C0000000F0000001000000058
:10D5A000810000032000000352000003D8000003A4
:10D5B0002DE9F04F81B0164641F20002824640F458
:10D5C0008050C5F20002904242D1002E4FF0010B74
:10D5D0001CBF1D46002B3DD055FA81F08846B0F5A2
:10D5E000807F4FF0010B35D8EFF310800090EFF300
:10D5F000108072B60A9F40F6A000C0F6C840CAF874
:10D60000640040F24010C0F2C800CAF85C00052077
:10D61000CAF86000504606214FF4E06200F0FCF8C2
:10D62000DAF85810814641F00100032FCAF858007B
:10D63000CAF868B012D0022F1AD01FBB40F2177080
:10D64000CFF6FF70022100EB0542C0F240311BE033
:10D650004FF0010B584601B0BDE8F08F40F2177053
:10D66000CFF6FF7000EB05423221C0F243310BE0F0
:10D6700040F21770CFF6FF70A22100EB0542C0F216
:10D68000423101E000210022042DAC4628BF4FF0BA
:10D69000040CBCF1010F0FDB00240020002700BFA9
:10D6A00016F8013BE4000137A340BCB21843A4457F
:10D6B000A5F10105F4DC00E00020CAF84C80CAF8AE
:10D6C0000400504600F0A8F8290440EA090B2BD0CA
:10D6D00000274FF0020841F2873900BFCAF81080D6
:10D6E000DAF80800800714D4A8B200230021002231
:10D6F000042828BF042000BF16F8014BDB000132CC
:10D700009C4093B221439842A5F10105F4DCCAF88C
:10D7100004104F4506D00120013700F0A5F8280479
:10D72000DCD101E04BF0030B009880F31088BBF1D3
:10D73000000F8FD10B9D00BFDAF87000C007FBD13E
:10D74000DAF8580020F00100CAF85800DAF8A4000E
:10D75000C0070AD041F28834013C0CD0012000F00F
:10D7600083F8DAF8A400C007F6D15046294600F045
:10D7700080F883466EE74FF0030B6BE72DE9F04F1F
:10D7800083B04FF0010A52B19CB244B10C9D0E46D9
:10D7900029469046074600F08FF8824618B1504659
:10D7A00003B0BDE8F08F04B3029700BFF0B2C0F53C
:10D7B000807B5C4538BFA3461FFA8BF7A9460095CE
:10D7C00002980D9D314642463B460195FFF7F0FE1B
:10D7D000BAF1000FE3D116FA8BF618FA8BF8E41BB6
:10D7E0004D46E3D14FF0000AD9E74FF0000AD6E7E3
:10D7F00047F6692CC0F2000C60474CF23D3CC0F289
:10D80000000C604745F6295CC0F2000C604747F207
:10D810001D3CC0F2000C604748F6456CC0F2000C9D
:10D82000604748F6813CC0F2000C604749F2992CF1
:10D83000C0F2000C604748F6754CC0F2000C60471F
:10D8400048F60D5CC0F2000C604748F6F57CC0F26B
:10D85000000C604748F63D1CC0F2000C604748F6DB
:10D86000751CC0F2000C604744F2817CC0F2000CD1
:10D87000604749F2990CC0F2000C604748F6790CF9
:10D88000C0F2000C604748F6A55CC0F2000C60478F
:10D8900048F6A10CC0F2000C604748F6010CC0F23B
:10D8A000000C604749F2D90CC0F2000C604748F602
:10D8B0009D2CC0F2000C604748F6C15CC0F2000C21
:08D8C0006047000000000000B9
:040000051000215571
:00000001FF
