:020000041000EA
:100000004B2A110200000000A4030000EEC3A6E981
:100010007EEEE78880B500F087F90020002100F02F
:100020000DF8292000F00FF8202000F011F800F062
:1000300033F900F013F800F025F980BD4CF2B93C1B
:10004000C0F2000C604747F67D1CC0F2000C604710
:1000500047F6D12CC0F2000C6047000080B54FF08D
:10006000A040012100F075F900060BD1032000F03B
:1000700075F9000606D1012000F075F9000604BFED
:10008000002080BD00F074F94FF47A7000F075F92B
:10009000012080BD2DE9F04381B019B343F2B83897
:1000A0000F4606464FF0FF344FF00009C2F2000839
:1000B0003D46B7F5807F28BF4FF480754FF0A040D4
:1000C000314642462B46CDF8009000F05BF960B90E
:1000D00040462946224600F05AF904467F1B2E442A
:1000E000E6D103E04FF0FF3400E00124204601B0E8
:1000F000BDE8F08310B582B004464FF0000C4FF01D
:10010000A0404FF4805122462023CDF800C000F0DB
:1001100039F9000622D120461C214FF0FF3200F0B1
:1001200036F9E169814219D1E078112816D1A07819
:10013000022813D1E168B1F5002F0FD8606846F2AC
:100140007872C4F26A72904208D1A068FFF7A2FFE9
:100150002169401A18BF012002B010BD012002B071
:1001600010BD00002DE9F0410C4605460E184FF079
:100170000008B4F5803F07D3A8B228B94FF4803700
:100180000321102021E000BFB4F5004F08D328461A
:100190006FF3DF3020B94FF4004702210F2014E045
:1001A00029466FF31F31200BB1FA81F1B8EB143FF0
:1001B00018BF0120490901404FF008004FF4807733
:1001C00018BF0C2018BF4FF4805725FA00F082B2F8
:1001D0004FF0A04047F2305300F0DEF800060BD19C
:1001E0003D44B542A4EB070424BF0020BDE8F081E4
:1001F000B4F5803FC0D2C7E700F0BAF84FF47A7088
:1002000000F0BBF80120BDE8F08100002DE9F047C7
:1002100082B04FF000098AB343F2B83814460E4654
:100220000746C2F2000840F6B83A00BF2546B4F5CA
:10023000807F28BF4FF480754FF0A040394642467A
:100240002B46CDF8009000F09DF890B94FF0A040FB
:10025000314642462B46CDF80090CDF804A000F080
:10026000A0F848B92F44641B2E44DFD14FF0000999
:1002700004E04FF0010901E04FF00109484602B0E7
:10028000BDE8F08780B542F20400C1F200000068CA
:1002900000F08CF880BD0000B0B588B06846FFF76C
:1002A00029FF08B101243CE0DDE90501FFF75AFF11
:1002B00038B100F05DF84FF47A7000F05EF8012478
:1002C0002FE0DDE902020599FFF7A0FF38B100F049
:1002D0004FF84FF47A7000F050F8012421E00399B0
:1002E0000598FFF7D7FE0499884213D14FF0A0403C
:1002F0000021102247F23053002400F04DF805464B
:1003000000F036F828060CD04FF47A7000F035F87B
:10031000012406E000F02CF84FF47A7000F02DF87C
:100320000124204608B0B0BDEC20C6F205000168EB
:100330007F2221F002010160016821F004010160C7
:100340006FF0030143180431342943F8D82CF9D154
:10035000704748F6F57CC0F2000C604747F2613CFC
:10036000C0F2000C604747F21D3CC0F2000C604731
:1003700047F6717CC0F2000C604744F2717CC0F219
:10038000000C604748F69D2CC0F2000C604744F218
:10039000C17CC0F2000C604748F6A10CC0F2000C12
:1003A000604749F2D90CC0F2000C604744F62D0CAE
:1003B000C0F2000C604700000000000000000000D8
:1003C000000000000000000000000000000000002D
:1003D000000000000000000000000000000000001D
:1003E000000000000000000000000000000000000D
:1003F00000000000000000000000000000000000FD
:1004000000000000000000000000000000000000EC
:1004100000000000000000000000000000000000DC
:1004200000000000000000000000000000000000CC
:1004300000000000000000000000000000000000BC
:1004400000000000000000000000000000000000AC
:10045000000000000000000000000000000000009C
:10046000000000000000000000000000000000008C
:10047000000000000000000000000000000000007C
:10048000000000000000000000000000000000006C
:10049000000000000000000000000000000000005C
:1004A000000000000000000000000000000000004C
:1004B000000000000000000000000000000000003C
:1004C000000000000000000000000000000000002C
:1004D000000000000000000000000000000000001C
:1004E000000000000000000000000000000000000C
:1004F00000000000000000000000000000000000FC
:1005000000000000000000000000000000000000EB
:1005100000000000000000000000000000000000DB
:1005200000000000000000000000000000000000CB
:1005300000000000000000000000000000000000BB
:1005400000000000000000000000000000000000AB
:10055000000000000000000000000000000000009B
:10056000000000000000000000000000000000008B
:10057000000000000000000000000000000000007B
:10058000000000000000000000000000000000006B
:10059000000000000000000000000000000000005B
:1005A000000000000000000000000000000000004B
:1005B000000000000000000000000000000000003B
:1005C000000000000000000000000000000000002B
:1005D000000000000000000000000000000000001B
:1005E000000000000000000000000000000000000B
:1005F00000000000000000000000000000000000FB
:1006000000000000000000000000000000000000EA
:1006100000000000000000000000000000000000DA
:1006200000000000000000000000000000000000CA
:1006300000000000000000000000000000000000BA
:1006400000000000000000000000000000000000AA
:10065000000000000000000000000000000000009A
:10066000000000000000000000000000000000008A
:10067000000000000000000000000000000000007A
:10068000000000000000000000000000000000006A
:10069000000000000000000000000000000000005A
:1006A000000000000000000000000000000000004A
:1006B000000000000000000000000000000000003A
:1006C000000000000000000000000000000000002A
:1006D000000000000000000000000000000000001A
:1006E000000000000000000000000000000000000A
:1006F00000000000000000000000000000000000FA
:1007000000000000000000000000000000000000E9
:1007100000000000000000000000000000000000D9
:1007200000000000000000000000000000000000C9
:1007300000000000000000000000000000000000B9
:1007400000000000000000000000000000000000A9
:100750000000000000000000000000000000000099
:100760000000000000000000000000000000000089
:100770000000000000000000000000000000000079
:100780000000000000000000000000000000000069
:100790000000000000000000000000000000000059
:1007A0000000000000000000000000000000000049
:1007B0000000000000000000000000000000000039
:1007C0000000000000000000000000000000000029
:1007D0000000000000000000000000000000000019
:1007E0000000000000000000000000000000000009
:1007F00000000000000000000000000000000000F9
:1008000000000000000000000000000000000000E8
:1008100000000000000000000000000000000000D8
:1008200000000000000000000000000000000000C8
:1008300000000000000000000000000000000000B8
:1008400000000000000000000000000000000000A8
:100850000000000000000000000000000000000098
:100860000000000000000000000000000000000088
:100870000000000000000000000000000000000078
:100880000000000000000000000000000000000068
:100890000000000000000000000000000000000058
:1008A0000000000000000000000000000000000048
:1008B0000000000000000000000000000000000038
:1008C0000000000000000000000000000000000028
:1008D0000000000000000000000000000000000018
:1008E0000000000000000000000000000000000008
:1008F00000000000000000000000000000000000F8
:1009000000000000000000000000000000000000E7
:1009100000000000000000000000000000000000D7
:1009200000000000000000000000000000000000C7
:1009300000000000000000000000000000000000B7
:1009400000000000000000000000000000000000A7
:100950000000000000000000000000000000000097
:100960000000000000000000000000000000000087
:100970000000000000000000000000000000000077
:100980000000000000000000000000000000000067
:100990000000000000000000000000000000000057
:1009A0000000000000000000000000000000000047
:1009B0000000000000000000000000000000000037
:1009C0000000000000000000000000000000000027
:1009D0000000000000000000000000000000000017
:1009E0000000000000000000000000000000000007
:1009F00000000000000000000000000000000000F7
:100A000000000000000000000000000000000000E6
:100A100000000000000000000000000000000000D6
:100A200000000000000000000000000000000000C6
:100A300000000000000000000000000000000000B6
:100A400000000000000000000000000000000000A6
:100A50000000000000000000000000000000000096
:100A60000000000000000000000000000000000086
:100A70000000000000000000000000000000000076
:100A80000000000000000000000000000000000066
:100A90000000000000000000000000000000000056
:100AA0000000000000000000000000000000000046
:100AB0000000000000000000000000000000000036
:100AC0000000000000000000000000000000000026
:100AD0000000000000000000000000000000000016
:100AE0000000000000000000000000000000000006
:100AF00000000000000000000000000000000000F6
:100B000000000000000000000000000000000000E5
:100B100000000000000000000000000000000000D5
:100B200000000000000000000000000000000000C5
:100B300000000000000000000000000000000000B5
:100B400000000000000000000000000000000000A5
:100B50000000000000000000000000000000000095
:100B60000000000000000000000000000000000085
:100B70000000000000000000000000000000000075
:100B80000000000000000000000000000000000065
:100B90000000000000000000000000000000000055
:100BA0000000000000000000000000000000000045
:100BB0000000000000000000000000000000000035
:100BC0000000000000000000000000000000000025
:100BD0000000000000000000000000000000000015
:100BE0000000000000000000000000000000000005
:100BF00000000000000000000000000000000000F5
:100C000000000000000000000000000000000000E4
:100C100000000000000000000000000000000000D4
:100C200000000000000000000000000000000000C4
:100C300000000000000000000000000000000000B4
:100C400000000000000000000000000000000000A4
:100C50000000000000000000000000000000000094
:100C60000000000000000000000000000000000084
:100C70000000000000000000000000000000000074
:100C80000000000000000000000000000000000064
:100C90000000000000000000000000000000000054
:100CA0000000000000000000000000000000000044
:100CB0000000000000000000000000000000000034
:100CC0000000000000000000000000000000000024
:100CD0000000000000000000000000000000000014
:100CE0000000000000000000000000000000000004
:100CF00000000000000000000000000000000000F4
:100D000000000000000000000000000000000000E3
:100D100000000000000000000000000000000000D3
:100D200000000000000000000000000000000000C3
:100D300000000000000000000000000000000000B3
:100D400000000000000000000000000000000000A3
:100D50000000000000000000000000000000000093
:100D60000000000000000000000000000000000083
:100D70000000000000000000000000000000000073
:100D80000000000000000000000000000000000063
:100D90000000000000000000000000000000000053
:100DA0000000000000000000000000000000000043
:100DB0000000000000000000000000000000000033
:100DC0000000000000000000000000000000000023
:100DD0000000000000000000000000000000000013
:100DE0000000000000000000000000000000000003
:100DF00000000000000000000000000000000000F3
:100E000000000000000000000000000000000000E2
:100E100000000000000000000000000000000000D2
:100E200000000000000000000000000000000000C2
:100E300000000000000000000000000000000000B2
:100E400000000000000000000000000000000000A2
:100E50000000000000000000000000000000000092
:100E60000000000000000000000000000000000082
:100E70000000000000000000000000000000000072
:100E80000000000000000000000000000000000062
:100E90000000000000000000000000000000000052
:100EA0000000000000000000000000000000000042
:100EB0000000000000000000000000000000000032
:100EC0000000000000000000000000000000000022
:100ED0000000000000000000000000000000000012
:100EE0000000000000000000000000000000000002
:100EF00000000000000000000000000000000000F2
:100F000000000000000000000000000000000000E1
:100F100000000000000000000000000000000000D1
:100F200000000000000000000000000000000000C1
:100F300000000000000000000000000000000000B1
:100F400000000000000000000000000000000000A1
:100F50000000000000000000000000000000000091
:100F60000000000000000000000000000000000081
:100F70000000000000000000000000000000000071
:100F80000000000000000000000000000000000061
:100F90000000000000000000000000000000000051
:100FA0000000000000000000000000000000000041
:100FB0000000000000000000000000000000000031
:100FC0000000000000000000000000000000000021
:100FD0000000000000000000000000000000000011
:100FE0000000000000000000000000000000000001
:100FF00000000000000000000000000000000000F1
:020000041000EA
:102000000010032055210010692100107B210010D1
:102010008D2100108F210010912100100000000080
:10202000000000000000000000000000D1020000DD
:1020300095210010000000007503000081030000DE
:102040009B2100109D2100109F210010A121001054
:10205000A3210010A5210010A7210010A921001024
:10206000AB210010AD210010AF210010B1210010F4
:10207000B3210010B5210010B7210010B9210010C4
:10208000BB210010BD210010BF210010C121001094
:10209000C3210010C5210010C7210010C921001064
:1020A000CB210010CD210010CF210010D121001034
:1020B000D3210010D5210010D7210010D921001004
:1020C000DB210010DD210010DF210010E1210010D4
:1020D000E3210010E5210010E7210010E9210010A4
:1020E000EB210010ED210010EF210010F121001074
:1020F000F3210010F5210010F7210010F921001044
:10210000FB210010FD210010FF2100100122001012
:1021100003220010052200100722001009220010DF
:102120000B2200100D2200100F22001000000000F2
:10213000000000000000000000000000000000009F
:10214000DFF80CD000F070F800480047512A00106A
:10215000001003202E4880F308882E4880F30A8858
:102160002D4880472D4800475FEA0E00EFF30881B5
:10217000EFF309822A4B9847FEE75FEA0E00EFF380
:102180000881EFF30982274B9847FEE7FEE7FEE759
:10219000FEE7FEE7FEE7FEE7FEE7FEE7FEE7FEE717
:1021A000FEE7FEE7FEE7FEE7FEE7FEE7FEE7FEE707
:1021B000FEE7FEE7FEE7FEE7FEE7FEE7FEE7FEE7F7
:1021C000FEE7FEE7FEE7FEE7FEE7FEE7FEE7FEE7E7
:1021D000FEE7FEE7FEE7FEE7FEE7FEE7FEE7FEE7D7
:1021E000FEE7FEE7FEE7FEE7FEE7FEE7FEE7FEE7C7
:1021F000FEE7FEE7FEE7FEE7FEE7FEE7FEE7FEE7B7
:10220000FEE7FEE7FEE7FEE7FEE7FEE7FEE7FEE7A6
:1022100000100320000003204D2200104121001077
:10222000C526001095230010064C074D06E0E06817
:1022300040F0010394E8070098471034AC42F6D30D
:10224000FFF782FFB4220010F422001042F20002D5
:1022500041F200010020C1F20002C2F2020100BFFF
:1022600052F8203041F8203001304B28F8D14EF69A
:102270001450CEF2000040F80C1C416F41F4700184
:102280004167016841F010010160016841F480710B
:102290000160704702E008C8121F08C1002AFAD185
:1022A00070477047002001E001C1121F002AFBD1D6
:1022B000704700002438001000300020A0640000A7
:1022C00094220010C49C0010001202200808000094
:1022D00094220010CCA40010009002200400000002
:1022E00094220010D0A400100490022024000000CA
:1022F000A42200102DE9F05F0546002092469B467F
:1023000088460646814640241BE02846414647460B
:10231000224600F02FF853465A46C01A914110D376
:1023200011461846224600F016F82D1A67EB0108F0
:102330004F4622460120002100F00DF817EB00095E
:102340004E41201EA4F10104DFDC484631462A46F6
:102350004346BDE8F09F202A04DB203A00FA02F150
:10236000002070479140C2F1200320FA03F3194383
:1023700090407047202A04DB203A21FA02F0002125
:10238000704721FA02F3D040C2F120029140084385
:102390001946704782B04EF6285715460C46064639
:1023A000CEF2000700F028FA43F2A830EFF30881DC
:1023B000C1F2000000F00EFD300743F2ED7043F66D
:1023C0000C01C1F20000C1F2000158BF084600F044
:1023D00043FF16F0040043F2FE7192A0C1F2000127
:1023E0000CBF08462C4600F037FF92A000F034FFE7
:1023F000216894A000F0EEFC616896A000F0EAFC71
:10240000A16898A000F0E6FCE1689AA000F0E2FC68
:1024100021699CA000F0DEFC61699EA000F0DAFC5E
:10242000A169A0A000F0D6FCE169A2A000F0D2FC56
:10243000A06901907868800705D543F2C170C1F2A8
:10244000000000F009FF7868B0F1FF3F05DC43F2BF
:10245000DA70C1F2000000F0FFFE7868400040F141
:10246000DC8043F2AD70C1F2000000F0F5FE386888
:1024700000063ED043F28F70C1F2000000F0ECFE87
:102480003868C00706D0019943F22630C1F2000037
:1024900000F0A0FC3868800710D5019943F2B32002
:1024A000C1F2000000F096FC3868000606D5F96815
:1024B00043F29B30C1F2000000F08CFC386800074A
:1024C00005D543F25160C1F2000000F0C5FE386846
:1024D000C00605D543F2A660C1F2000000F0BCFEC4
:1024E0003868800605D543F2B250C1F2000000F012
:1024F000B3FE386810F47F4F46D043F2CF70C1F27C
:10250000000000F0A9FE3868C00505D543F2DC40A4
:10251000C1F2000000F0A0FE3868800510D50199D6
:1025200043F27C20C1F2000000F054FC3868000443
:1025300006D5396943F29B30C1F2000000F04AFC35
:102540003868400505D543F27240C1F2000000F042
:1025500083FE3868000505D543F2F960C1F200003A
:1025600000F07AFE3868C00405D543F24570C1F228
:10257000000000F071FE3868800405D543F2056064
:10258000C1F2000000F068FE3868B0F5803F44D327
:1025900043F2A070C1F2000000F05EFE3868C00394
:1025A00005D543F2FE30C1F2000000F055FE386858
:1025B000800305D543F27550C1F2000000F04CFED7
:1025C0003868400305D543F2D030C1F2000000F076
:1025D00043FE3868000305D543F20950C1F20000FC
:1025E00000F03AFE3868C00205D543F24950C1F206
:1025F000000000F031FE3868C00105D543F2A94063
:10260000C1F2000000F028FE3868800105D543F2D1
:102610003740C1F2000000F01FFE00F0BFF800BF1D
:10262000FEE700BF5573696E6720753332507370D3
:102630002E000000537461636B206672616D653A11
:1026400000000000523020203A20307825303858E1
:102650000A000000523120203A20307825303858C6
:102660000A000000523220203A20307825303858B5
:102670000A000000523320203A20307825303858A4
:102680000A000000523132203A2030782530385884
:102690000A0000004C5220203A203078253038586B
:1026A0000A000000504320203A2030782530385866
:1026B0000A000000785053523A20307825303858BC
:1026C0000A00000014460D46064600F095F805A0E5
:1026D00031462A46234600F07DFB00F05FF800BF3C
:1026E000FEE700BF4E4D495F48616E646C65723A0B
:1026F00020253038582C20253038582C20253038CB
:10270000580A000010B5DDF808C0B2F1C04F0BD078
:1027100040F6000EC6F2000E724505D040F2004EA3
:10272000C6F2000E724536D14BF2800440F0800EA6
:10273000C6F20404A6452ED149F20804C2F20204EE
:10274000BCF1000FC4F800C00DD049F2160C49F2DC
:102750001404C2F2020C4FF0000EC2F20204ACF8F4
:1027600000E0A4F800E049F21004C2F20204226082
:1027700049F20C02C2F20202106049F21800C2F2E1
:102780000200016049F21C00C2F202000360BDE8D1
:10279000104000F031B8102010BD0000F0B581B03D
:1027A00049F20804C2F20204206818B349F216057F
:1027B00049F21406C2F20205C2F2020628883188E4
:1027C000884217D049F21007C2F20207216882B28C
:1027D00009683868895C00F075FA2888216801303A
:1027E00082B289888A4228BF002081B2328828803C
:1027F0009142EBD101B0F0BDF0B583B049F21005C4
:10280000C2F202052868B0F1C04F0AD040F2004180
:10281000C6F20001884219BF0C242D2008242C2068
:1028200001E004242B2000F052FA49F20C0649F290
:102830001807C2F20206C2F202073068396822465F
:1028400000F04AFA08B103B0F0BD306839680222DE
:1028500000F047FA0028F6D149F21C00C2F202004B
:10286000006843F221010190C0F201112868029131
:1028700001A900F03BFA03B0F0BD000040F2E8000F
:1028800042F6A931C2F20000C1F20001016040F23B
:10289000EC0042F64141C2F20000C1F200010160C9
:1028A0007047000010B549F20801C2F20201096840
:1028B000044679B149F21402C2F202020868138890
:1028C000C454581C83B289888B4228BF00201080D2
:1028D000204610BD49F21000C2F202000068E1B2C9
:1028E00000F0F0F9204610BDFFF786BF01207047C9
:1028F00070B582B0044649F20400C2F202000470CE
:1029000049F22400C2F20200016049F22000C2F242
:10291000020002600DF1070102200122012600F0F1
:10292000EAF99DF80700C0F3411003280FD00228F0
:1029300079D14BF20005C6F2040528464FF4504108
:10294000012200F0CEF928464FF4483168E00DF13D
:1029500001013A20062200F0CEF99DF801104BF259
:102960000000C6F2040000F18005202901F01F01DB
:10297000284606FA01F13CBF4BF20000C6F2040003
:10298000012200F0AEF99DF80210284620293CBF34
:102990004BF20000C6F2040001F01F0106FA01F13B
:1029A000022200F09EF99DF80310284620293CBF22
:1029B0004BF20000C6F2040001F01F0106FA01F11B
:1029C000012200F08EF99DF80410284620293CBF12
:1029D0004BF20000C6F2040001F01F0106FA01F1FB
:1029E000012200F07EF99DF80510284620293CBF01
:1029F0004BF20000C6F2040001F01F0106FA01F1DB
:102A0000022200F06EF99DF8060020283CBF4BF230
:102A10000005C6F2040500F01F0006FA00F1284682
:102A2000022200F05EF9042C09D8201FB0FA80F0D1
:102A300040094000032C08BF012000F061F901208B
:102A400003210B22092300F060F902B070BD0000E1
:102A500082B04BF20004C6F2040404F5405000F0CA
:102A600059F9642000F05BF9022000F05DF90020C4
:102A7000002500F05EF9002000F060F9002000F071
:102A800062F90DF107010F2001228DF8075000F0C7
:102A900032F99DF80700002804BF562000F058F9CD
:102AA0000DF107011020012200F025F99DF8070023
:102AB000002808BFA92000F050F9002000F052F9CA
:102AC00003200321642200F052F9012040F6C411D2
:102AD00000F052F901200021002200F052F92046B6
:102AE0004FF000514FF0C0424FF4E1330095FFF733
:102AF00009FE1AA026A129A200F06CF9FFF7BEFE7C
:102B0000C42000F081F842F6ED0142F6E902C1F27C
:102B100000010220C1F20002FFF7EAFE202000F0CF
:102B200035F94FF480304FF4806100F034F988B902
:102B300043F20400C2F200000168002000F030F906
:102B4000292000F0C4F82A2000F0C1F8202000F06D
:102B50002CF900BF00F02EF9FCE700BF5B257320C5
:102B6000542025735D626C652070657269706865BC
:102B700072616C2070726F6A656374286D702920B1
:102B8000737461727420746F20776F726B2E0A00F9
:102B900041707220323920323032340031363A34CA
:102BA000303A3036000000000C460546FFF724FEA0
:102BB00007A000F051FB0AA0294600F00BF90DA078
:102BC000214600F007F9FFF7E9FD00BFFEE700BF6F
:102BD0006F7320657272206F6363757273000000FB
:102BE000636F646520202020203A2030782530381B
:102BF000580A00006F626A6563745F69643A203046
:102C000078253038580A0000B0F5807F84BF102046
:102C1000704710B581090122830618BF02EB90119D
:102C20004FF0FF308840C4434FF6FF70C0F20F00F2
:102C300000F0C5F8204600F0C7F8002010BD0000E5
:102C40001C4615460E460746FFF7D6FD08A000F0C5
:102C500003FB0CA03946324600F0BCF811A029460F
:102C6000224600F0B7F8FFF799FD00BFFEE700BF6E
:102C700073797374656D206572726F72206F636310
:102C8000757273007531364572724D6F64756C657F
:102C90003A2575207531364572724C696E653A2554
:102CA000750A0000753332457272496E666F313AAB
:102CB000257520753332457272496E666F323A253A
:102CC000750A00004DF67D7CC0F2000C604747F6A7
:102CD0007D1CC0F2000C604749F6210CC0F2000CCC
:102CE000604749F69D0CC0F2000C60474DF6656CDC
:102CF000C0F2000C604748F20D7CC0F2000C604747
:102D00004AF6256CC0F2000C60474AF68D6CC0F2A2
:102D1000000C60474FF6310CC0F2000C604744F2E3
:102D2000717CC0F2000C60474AF67D5CC0F2000C7A
:102D300060474AF6A95CC0F2000C60474AF6FD5CA9
:102D4000C0F2000C604745F6214CC0F2000C604711
:102D50004AF6596CC0F2000C60474AF6696CC0F242
:102D6000000C60474AF6B13CC0F2000C604745F6E3
:102D7000651CC0F2000C604745F6295CC0F2000CEF
:102D800060474CF2113CC0F2000C604747F6852CBE
:102D9000C0F2000C60474CF2791CC0F2000C604796
:102DA0004CF2B93CC0F2000C604747F6D12CC0F29F
:102DB000000C604741F2012CC2F2020C60474AF657
:102DC000510CC0F2000C60474AF6796CC0F2000C5E
:102DD000604700000FB4054B10B503A9044A0298E0
:102DE00000F008F810BC5DF814FB0000A5280010E6
:102DF000009002202DE9FF4F8DB00F4605460026BA
:102E000006E025280BD0DDE90F1290476D1C761CDB
:102E100028780028F5D111B03046BDE8F08F0024A5
:102E2000A246A1460122EC4900E0044315F8013F07
:102E3000203B02FA03F00842F7D128782A2810D064
:102E40006FF02F022878A0F13001092914D80AEB7D
:102E50008A0102EB410144F0020400EB010A6D1CFF
:102E6000F0E701CF5FEA000A03D544F40054CAF149
:102E7000000A44F002046D1C28782E2817D115F89A
:102E8000010F44F004042A280ED06FF02F02287896
:102E9000A0F1300109290AD809EB890102EB4101AF
:102EA00000EB01096D1CF2E757F8049B6D1C2878B4
:102EB0006C280FD006DC4C2817D068280DD06A2863
:102EC00014D104E0742810D07A280FD10DE044F416
:102ED00000140AE044F4801401E044F440146978DA
:102EE000814202D104F580146D1C6D1C2A786E2A73
:102EF0001FD00CDC632A31D004DC002A8BD0582A86
:102F000011D1A3E0642A68D0692A0CD165E0732A44
:102F10002ED004DC6F2A73D0702A04D19BE0752A6E
:102F20006FD0782A6ED01046DDE90F129047761CDC
:102F300050E1C4F30250022806D0032809D0042827
:102F400001CF09D0066045E101CFF117C0E900616A
:102F500040E101CF06803DE106703BE117F8040B2C
:102F60008DF8000000208DF80100EB46012003E001
:102F700057F804BB4FF0FF3061074FF0000102D457
:102F80000DE008F10101884649450FDA8045F8DB7C
:102F90001BF808100029F4D108E008F10101884667
:102FA0008142FADB1BF808100029F6D1DDE90F2376
:102FB000AAEB08008146214600F036F9304400EBC8
:102FC000080604E0DDE90F121BF8010B9047B8F189
:102FD0000108F7D221464846F7E00A21C4F302531C
:102FE0004FF0000B0891022B04D001CFC117032B27
:102FF00009D00AE0FF1D27F00707F7E8020108E003
:1030000032E01FE020E000B2C117042B01D140B232
:10301000C117031E71F1000307DA4FF0000CD0EB6B
:103020000C006CEB01012D2302E0230504D52B23BA
:103030008DF82430012303E0E30701D02023F7E7D4
:10304000984658E00A2110E010210EE010204FF0C1
:10305000000B08900CE010214FF0000B44F004042A
:103060004FF00809089103E008214FF0000B089188
:10307000C4F30253022B04D001CF0021032B06D04E
:1030800006E0FF1D27F00707F7E8020103E080B222
:10309000042B00D1C0B24FF0000823072BD5702AB3
:1030A00007D0DDF820C08CF0100C5CEA0B0C05D0CA
:1030B0000EE040238DF82430012308E050EA01039C
:1030C00006D030238DF824308DF825200223984631
:1030D000DDF820C08CF0080C5CEA0B0C0BD150EA38
:1030E000010301D1630706D530238DF824304FF05A
:1030F0000108A9F10109582A04D038A20B9208AAA4
:103100000A920BE03AA2F9E75B46089AFFF7F2F859
:103110000B9B9B5C0A9A521E0A92137050EA0102A2
:10312000F2D10A98ADEB000000F1200B600702D548
:1031300024F4803401E04FF00109D94502DDA9EB08
:103140000B0000E0002000EB0B0141440890AAEBCB
:10315000010AE00306D4DDE90F232146504600F0C2
:1031600063F806444FF0000908E009A911F80900C6
:10317000DDE90F12904709F10109761CC145F4DB26
:10318000E0030CD5DDE90F232146504600F04CF852
:10319000064404E0DDE90F1230209047761C0899C0
:1031A000481E08900029F5DC08E00A980A99007882
:1031B000491C0A91DDE90F129047761CBBF1000112
:1031C000ABF1010BF1DC21465046DDE90F2300F0A5
:1031D00019F806446D1C1BE6092801003031323312
:1031E0003435363738396162636465660000000043
:1031F000303132333435363738394142434445462D
:10320000000000002DE9F041044600251E46174647
:10321000880404D405E039462020B0476D1C641EA4
:10322000F9D52846BDE8F0812DE9F0410446002596
:103230001E469046C80301D5302700E020278804A9
:1032400004D505E041463846B0476D1C641EF9D5EB
:103250002846BDE8F081000010B5044601E0FFF704
:1032600021FB14F8010B04490028F8D1BDE81040F7
:103270000A20FFF717BB0000009002205B50524568
:103280004349534552525D206461746120627573F5
:10329000206572726F7220686173206F636375724C
:1032A0007265642C205043203A20307825303878DD
:1032B0000D0A005B4441434356494F4C5D2054681E
:1032C000652070726F636573736F722061747465CB
:1032D0006D707465642061206C6F6164206F722072
:1032E00073746F72652061742061206C6F63617408
:1032F000696F6E207468617420646F6573206E6FEF
:1033000074207065726D697420746865206F7065D3
:10331000726174696F6E2C205043203A20307825FA
:103320003038780D0A005B4941434356494F4C5DA4
:103330005468652070726F636573736F7220617477
:1033400074656D7074656420616E20696E7374724B
:10335000756374696F6E2066657463682066726F4A
:103360006D2061206C6F636174696F6E2074686199
:103370007420646F6573206E6F74207065726D6960
:103380007420657865637574696F6E2C20504320D6
:103390003A203078253038780D0A004154203A30F0
:1033A00078253038780D0A005B4861726446617593
:1033B0006C745F48616E646C65725D4375727265B2
:1033C0006E74206D73703A203078253038580A00BA
:1033D0005B494E5650435D616E20696E746567723D
:1033E00069747920636865636B206572726F7220FF
:1033F000686173206F636375727265640D005B555D
:103400004E444546494E5354525D616E20756E647C
:103410006566696E656420696E737472756374693C
:103420006F6E206572726F7220686173206F6363C4
:1034300075727265640D005B44495642595A455293
:103440004F5D616E20696E74656765722064697690
:103450006973696F6E206279207A65726F20657278
:10346000726F7220686173206F6363757272656436
:103470000D005B494D5052454349534552525D49F9
:103480006D70726563697365206461746120616346
:1034900063657373206572726F7220686173206F49
:1034A000636375727265640D005B554E414C49470C
:1034B0004E45445D616E20756E616C69676E656432
:1034C00020616363657373206572726F7220686137
:1034D00073206F636375727265640D005B494255BA
:1034E000534552525D696E737472756374696F6E81
:1034F00020627573206572726F7220686173206F2D
:10350000636375727265640D005B4E4F43505D617D
:1035100020636F70726F636573736F722064697379
:1035200061626C6564206F72206E6F7420707265CA
:1035300073656E74206572726F7220686173206F9C
:10354000636375727265640D005B53544B4F465D47
:103550006120737461636B206F766572666C6F7740
:10356000206572726F7220686173206F6363757279
:103570007265640D005B494E5653544154455D20BD
:10358000616E20455053522E54206F722045505387
:10359000522E49542076616C696469747920657291
:1035A000726F7220686173206F63637572726564F5
:1035B0000D005B4D4C53504552525D41204D656DA1
:1035C0004D616E616765206661756C74206F636321
:1035D000757272656420647572696E6720666C6FBF
:1035E0006174696E672D706F696E74206C617A7991
:1035F000207374617465207072657365727661748E
:10360000696F6E0D005B4C53504552525D41206214
:103610007573206661756C74206F63637572726573
:103620006420647572696E6720666C6F6174696E80
:10363000672D706F696E74206C617A792073746184
:10364000746520707265736572766174696F6E0D52
:10365000005B4D554E53544B4552525D556E73743D
:1036600061636B20666F7220616E206578636570A0
:1036700074696F6E2072657475726E206861732054
:10368000636175736564206F6E65206F72206D6F66
:103690007265206163636573732076696F6C617412
:1036A000696F6E730D005B4D53544B4552525D5321
:1036B0007461636B696E6720666F7220616E20654E
:1036C0007863657074696F6E20656E7472792068B6
:1036D000617320636175736564206F6E65206F721E
:1036E000206D6F7265206163636573732076696F07
:1036F0006C6174696F6E730D005B554E53544B458E
:1037000052525D556E737461636B20666F722061F7
:103710006E20657863657074696F6E20726574756C
:10372000726E2068617320636175736564206F6ECB
:1037300065206F72206D6F726520427573466175EA
:103740006C74730D005B53544B4552525D5374615E
:10375000636B696E6720666F7220616E20657863A7
:10376000657074696F6E20656E747279206861731C
:1037700020636175736564206F6E65206F72206DC4
:103780006F7265204275734661756C74730D004DE0
:10379000656D4D616E616765204661756C740D00E5
:1037A0005573616765204661756C740D00436F6EDB
:1037B000666967757261626C65204661756C740D2F
:1037C00000566563746F72204661756C740D00421B
:1037D0007573204661756C740D00446562756720D1
:1037E0004576656E74204661756C740D004F636399
:1037F0007572656420696E207461736B2E00557359
:10380000696E67207533324D73702E004F63637598
:1038100072656420696E20696E7465727275707469
:103820002E00000000000220B1310020B93100203C
:10383000C93100200000000000000000000000006E
:103840000000000000000000000000000000000078
:103850001905010000000000000000009D050100A6
:10386000A9050100D9310020DB310020CD3E002028
:10387000DF310020E1310020E3310020E53100207C
:10388000E7310020E9310020EB310020ED3100204C
:10389000EF310020F1310020F3310020F53100201C
:1038A000F7310020F9310020FB310020413D00209C
:1038B000FF310020013200200332002005320020B9
:1038C000113F0020093200200B3200200D32002071
:1038D0000F32002011320020133200201532002058
:1038E000313F00200348854600F006F800480047B5
:1038F0001159002000000220064C0125064E05E06B
:10390000E36807CC2B430C3C98471034B442F7D300
:10391000FFF7ECFF183100202831002002E008C832
:10392000121F08C1002AFAD170477047002001E039
:1039300001C1121F002AFBD170470000A094002093
:10394000A09400207C5800000831002070B51D4E66
:103950003078002834D0EFF31085EFF3108072B682
:1039600019480068002802D08047002813D030781A
:10397000811E032912D201242046214604F0EEFCC8
:103980001248016804220A43026030BF0021204629
:1039900004F0E4FC0AE085F3108870BD012805D12D
:1039A0000A48016804229143016030BF084800685A
:1039B000002803D03178022900D1804785F3108890
:1039C00070BDC04698D5002018ED002010ED00E035
:1039D00014ED002019488047194800477046EFF35E
:1039E0000881EFF30982174B9847FEE77046EFF323
:1039F0000881EFF30982144B9847FEE7FEE7FEE7E4
:103A0000FEE7FEE7FEE7FEE7FEE7FEE7FEE7FEE78E
:103A1000FEE7FEE7FEE7FEE7FEE7FEE7FEE7FEE77E
:103A2000FEE7FEE7FEE7FEE7FEE7FEE7FEE7FEE76E
:103A3000FEE7FEE7FEE7FEE7FEE7FEE75540002073
:103A4000C1300020D53E0020993D0020F0B51FB4C4
:103A50000646002082B005464024019100901BE0FC
:103A6000019922460F46304600F01AF9049A059B48
:103A7000801A994110D310461946224600F000F9E9
:103A8000361A8F410197224601200021009F00F045
:103A9000F7F838184D4100902046641E0028DFDCFE
:103AA000019B00982946324607B0F0BD30B543432C
:103AB00051435C18010C130C0D465D432C1980B268
:103AC00092B20546554351430A0C09044D1962410F
:103AD0005843010C00044019514130BD03460B43CB
:103AE0009B0703D009E008C9121F08C0042AFAD2B4
:103AF00003E00B780370401C491C521EF9D270473A
:103B0000D2B201E00270401C491EFBD27047002275
:103B1000F6E710B513460A4604461946FFF7F0FFCC
:103B2000204610BDF0B51FB488B00B990998002449
:103B300048400999C00F490049080991C0070B99ED
:103B40000090490049080B9109990898A646084336
:103B50001CD00B990A98084318D0099801244000FA
:103B6000420D4800410D099824050003000B204335
:103B700009900B980003000B20430B9050181C4930
:103B80004018002201901446104605E0002001462E
:103B90000DB0F0BD032801DA034600E003239C4684
:103BA000C11A0AAE0AE05F0008ADED5B4F00F75B9B
:103BB0007D430027AA187C41491C5B1E6145F2DD4C
:103BC000410004AB5A522104120C0A43240C401C3D
:103BD0000828DFDB0198029000997046019100905F
:103BE000059B049A0799069800F07EF8D0E700003C
:103BF0000DFCFFFF0EB505490291002100910A4618
:103C00000B46019100F070F803B000BD33040000D2
:103C1000C20F410040020123400ADB05D207090E12
:103C2000C0187F2901DA00207047962903DC96230B
:103C3000591AC84001E096398840002AF4D0404221
:103C4000704770B50446002903D0002020220123CC
:103C500010E0002801D00020C043C046C0460DE05F
:103C60002546D5408D4205D30D469540641B1D4623
:103C7000954040191546521E002DF1DC214670BDBD
:103C800010B5202A04DB0146203A9140002010BDE7
:103C9000914020239C1A0346E3401943904010BDF5
:103CA00010B5202A04DB0846203AD040002110BD80
:103CB0000B46D340D0402024A21A91400843194615
:103CC00010BD10B50023036000F0F2F910BD10B56F
:103CD000002B08DA0024401C614192185B411A4312
:103CE00001D14008400010BDF0B51FB482B00546B8
:103CF0000C0003D0084605F045F802E005F042F854
:103D000020300246009021462846FFF7B9FF049B69
:103D1000059A04460F4618431143084314D0184629
:103D200010431BD0009840210A1A18460599FFF746
:103D3000B7FF05460E46009A05990498FFF7A0FFC5
:103D4000084305D0012004E02046394607B0F0BD05
:103D50000020C11705430E432C43374300990E98AA
:103D60006305401A7905E40A00220C43FD0A0A3073
:103D700002D500200146E9E70105101969410C9CB4
:103D80000D9D00196941FFF7A2FFDFE7F0B5074677
:103D90000846584087B0C00F049048000E465900AE
:103DA00040084908BC1A884105D2384631461E46AB
:103DB00017460B4602465800400810434CD0300DC1
:103DC000039040055900400D490D0590401A02909E
:103DD000402872DA18030121000B090508430190FD
:103DE00004980092002805D0019952420020884191
:103DF00000920190029840210A1A01990098FFF759
:103E00003FFF05460C466B4607CB00F01DF9C01975
:103E10007141039A0E0D0023D71756401A467A4077
:103E2000164344D0049A002A2DD0029A012A039AFC
:103E300015DC1205C01A914101263605001C71419E
:103E4000D20F059ED2070093019202962A4623467E
:103E5000FFF74AFF07B0F0BD38463146FAE71605CE
:103E6000224A0F46B218C01AB74101210905001CA9
:103E70004F4100187F41114618187941E20F104355
:103E80006D19644113E0E2076D0815436408C20729
:103E90001443039A01261205C01A91413605001CED
:103EA0007141CE07400830434908C01851412A46A5
:103EB0002346FFF70CFFCDE7FFE7049801224000FF
:103EC000C117121A00238B4104983146C417381ABF
:103ED000A141EEE730B40124E407634030BC55E76C
:103EE00030B40124E407614030BC4FE70000E0FF3C
:103EF000F0B50C465C4085B0E40FE40703944C0039
:103F00000026640859009446490802460296224356
:103F100021D062460A431ED06200570D4A000E03AC
:103F20002303550D012402462C492405781B1B0B45
:103F3000360B401823432643614600901C46501A16
:103F4000B44103D30098401C009002E092180098FE
:103F50005B41002803DA0020014605B0F0BD0020D7
:103F6000012109050746864611E064461D46141BDB
:103F7000B54106D36546521BB341744607430C4313
:103F8000A646CD0740084908284392185B410546DC
:103F90000D43EAD11046184313D0604619465040ED
:103FA0007140084306D06046101AB34106D2012280
:103FB000002306E000220123DB0702E00122D243B6
:103FC0005310009874460105381C6141029C039D02
:103FD00000196941FFF77BFEBFE70000FD03000009
:103FE0004A0009030123090B1B0519430A4B10B5AD
:103FF000520D9A4202DA0020014610BD064B3433BE
:104000009A4203DC9A1AFFF74BFE10BD034BD218FD
:10401000FFF736FE10BD0000FF030000CDFBFFFFE1
:1040200010B5002904DB0124E40740428C412146FD
:10403000002B04DB1C460123DB075242A3419942BB
:1040400000D1904210BD000010B5202A06DBCB172E
:104050000846203A1041C1170B4306E00B461341B6
:10406000D0402024A21A91400843194610BD0000F8
:104070000FB400B589B00A460DA9009100230C9930
:10408000002ACB60234B0693234B079301D00423D4
:1040900000E00023214A0292214A0892019302463D
:1040A0006B46002000F0D5F809B008BC04B01847F2
:1040B000F0B585B007460020C04301901E460020A1
:1040C00015460C460091029104903B466A463146E3
:1040D00004A8FFF7CDFF049902466018002D05D013
:1040E000002901D0034600E023462B6000290ED0B2
:1040F000002A02DD0099814209D0001B0190009442
:104100003B466A463146029404A8FFF7B1FF05B06A
:10411000F0BD0000853C0020A53C0020FFFFFF7F94
:104120000139002010B50F21C0B2490200F0DEF9BC
:1041300010BD0000FFB5087889B01546FF2805D0EE
:10414000491C2D2804D00022002407E000240BE0A5
:104150000122F9E70A235C430419491C0878FF2867
:10416000F8D1002A00D06442002004902A78014649
:104170002D2A01D02B2A0FD16D1C2D2A02D000220E
:10418000049209E00122FBE700260A2233466D1C57
:10419000FFF78CFC381871412F78FF2FF4D10C9A5F
:1041A000A218069202460A4304D0FF23069A9133CE
:1041B000DA4205DA002109980A4606C00DB0F0BDC2
:1041C0000024B74AB54D2646079200F0A1F90290A7
:1041D00006980391002801DA474200E007463905B6
:1041E0000020AF4A001C51410191009012E0F807F5
:1041F00007D022462B4630460799FFF793FC064628
:10420000079122462B4610461946FFF78BFC0446C1
:104210000D467F10002FEAD10698019B0028009AD6
:104220000399029806DAFFF763FE3246079BFFF711
:104230005FFE05E0FFF776FC3246079BFFF772FC56
:10424000049A002A02D00122D2075140099A03C2DF
:10425000B4E7FFB591B0002009900025ED432E2072
:104260009E685C681F460190B9696D1C129888476A
:104270000090396A88470028F6D10098401C0AD07F
:104280000D20C0018443002E12DD00982B2809D098
:104290002D280DD103E00020C04315B0F0BD012052
:1042A00080020443B9696D1C12988847761E0090FD
:1042B00003A9600501D52D2000E02B206A4610736C
:1042C000491C0CA80F9102900AE0B9696D1C129864
:1042D000884700900120400204431398761E056031
:1042E000002E02DD00983028EFD001990098884216
:1042F00045D18020044308E00998401E0990012020
:10430000400204431399681C0860B9696D1C761E4D
:104310001298884700903028EED030E0019988420A
:1043200005D1200603D480200443761E1DE00098AA
:1043300004F0FAFD002825D0012149020C43009821
:1043400007AA0F9903323038761E914208D20870BE
:104350000F98401C0F90200607D50998401E03E0D7
:10436000200602D40998401C0990A00502D5139993
:10437000681C0860B9696D1C129888470090002E6F
:10438000CCDC59E0002E57DD0098652801D0452887
:1043900052D1A00550D5032000028443B9696D1C99
:1043A000761E129888470090002E0CDD2B2804D032
:1043B0002D2808D1FF2001300443B9696D1C1298E3
:1043C0008847761E0090E00501D52D2100E02B21C5
:1043D000029801700298401C0290019025E0012093
:1043E000400204430EA902980131761E88420ED283
:1043F0000098029930380006000E087003D1029927
:10440000019881420AD90298401C029006E0E0051A
:1044100001D5244801E0234840420990B9696D1C48
:1044200012988847009013980560002E04DD0098CC
:1044300004F07AFD0028D2D1F969129888470F99C3
:10444000FF200870029903AA087000200A900B90C0
:104450000CA90AA8099BFFF76DFEA00502D4012054
:10446000C0431AE72420044209D0E00713D138687A
:104470000B9A0A99031D3B60006806C00BE00B997C
:104480000A9800F053F80146E00704D13868021D8D
:104490003A60006801602846FFE600000000144012
:1044A0000000F03FF1D8FFFF4268002A08D0016801
:1044B0000B78491C002B03D0521E06C018467047CB
:1044C0000121C160881E70474268002A0BD0C36872
:1044D0000168002B07D183688B4204D0491E521C0F
:1044E00006C0002070470020C04370477F2801D9D4
:1044F000002207E0054B42089A5CC00700D1120970
:104500001207120F0120904008407047808E002053
:104510000EB5054A02920022009213460192FFF75F
:10452000E3FB03B000BD000033040000CB0FDB074A
:10453000490010B5490802460A4307D00A0D07246E
:104540000903E401090B121B002A01DC002010BD45
:10455000C900440F0C43C100E018D205801803F0D5
:1045600003FF10BD70B582B0114C204603F002FF6E
:1045700001AD2046294603F003FF2978204603F0C9
:1045800005FF2878800611D06D462046294603F0A5
:1045900003FF084802682988074E3046904729885B
:1045A0003046FFF7B4FA204603F0FCFE02B070BDBF
:1045B000C081005028A30020B0BF002015460C4643
:1045C000064600F0B5F9EFF308811D4804F0CAFB78
:1045D000300701D51C4800E01A4805F049F80420CE
:1045E000064001D01AA000E0184805F041F81CA0D0
:1045F00005F03EF8002E00D02C4621681CA004F0E7
:10460000B1FB61681EA004F0ADFBA16820A004F01E
:10461000A9FBE16822A004F0A5FB216924A004F015
:10462000A1FB616926A004F09DFBA16928A004F00C
:1046300099FBE1692AA004F095FB00F04DF9FEE733
:10464000CE8F002015900020F68F002007900020CC
:104650005573696E67207533325073702E000000F9
:10466000537461636B206672616D653A00000000EF
:10467000523020203A203078253038580A00000087
:10468000523120203A203078253038580A00000076
:10469000523220203A203078253038580A00000065
:1046A000523320203A203078253038580A00000054
:1046B000523132203A203078253038580A00000034
:1046C0004C5220203A203078253038580A0000001B
:1046D000504320203A203078253038580A00000016
:1046E000785053523A203078253038580A0000006C
:1046F00080B503F05DFE80BD14460D46064600F011
:1047000017F904A031462A46234604F02BFB00F09B
:10471000E3F8FEE74E4D495F48616E646C65723A9E
:1047200020253038582C20253038582C202530387A
:10473000580A000010B582B001AC204603F03EFEDE
:10474000019803F041FE6078000601D501F096FA69
:1047500002B010BDF0B585B000250395434C04AE02
:104760002046314603F036FE308808210140012002
:104770000190C707002907D0204603F031FE6420CE
:1047800003F034FE3A480760032103AA204603F0F1
:1047900033FE3848046804E0304603F057FC3448E0
:1047A0000760002C22D02646A46A307D0028F3D171
:1047B000707D0028F0D1B07D0228F2D102A92B48EB
:1047C00003F020FEB168F2680298914204D2884258
:1047D000E7D3904204D3E4E7904201D38842E0D388
:1047E000F1690029D8D0306A8847D5E721480168A7
:1047F000002923D00020039A054603E03546896A44
:1048000000291CD08B7D022BF9D18B68C4070AD0FC
:10481000CC6895420AD2AB421E4600D32E46A34234
:10482000ECD31E46EAE71D460198E8E7AB421E4678
:1048300000D32E46A342E1D22E46DFE72846039955
:104840006A1A51425141C007084803D0002904D0D8
:1048500005B0F0BD01990029FAD103212A4603F0E1
:10486000D7FD0348076005B0F0BDC04600300560C5
:1048700000E200E038D6002001480249016070479C
:1048800008ED00E00030002070B503246507102417
:10489000AA4205D0CA4DAA4202D03F4DAA4219D120
:1048A00080250543C54EB54214D1049C1D4D2C6096
:1048B000002C04D01D4C002525801B4C2580374C36
:1048C000206034480260364801603748036000F0D9
:1048D0002FF80446204670BDF0B581B0114C206819
:1048E000002805D0104D2888104E3188884201D10B
:1048F00001B0F0BD274F04E0288081B23288914298
:10490000F6D080B221680968095C386803F086FD3A
:10491000206881882888401C82B28A42ECD300201B
:10492000EAE7C046A4D5002044D6002042D60020A5
:10493000F0B583B0174D286803214907884205D098
:104940001549884205D108242C2004E004242B209A
:1049500001E00C242D2003F067FD104E3068104F4D
:104960003968224603F066FD002801D003B0F0BD8F
:1049700039683068022203F063FD0028F6D1094847
:104980000290094800680190286801A903F05EFDC3
:1049900003B0F0BDACD5002000040060A8D5002015
:1049A00048D60020213001014CD6002086B0FF24DB
:1049B000CE3435483549224604F0D4F934A06A464D
:1049C000114668C868C168C868C10520102103F095
:1049D00043FD35490860002802D134A004F048FEA8
:1049E00001F0FEF8374800F01FFF01F0D5F900F0A4
:1049F000DBFB354800F000FA3448354901F0B6F8E1
:104A0000344803F093FB002805D02246123232A02E
:104A10001E4904F0A7F938A0162103F095FC03F015
:104A200093FA3B4D01213B4A284600F0F1F83A4900
:104A300000262846324600F063F9384F134D05E052
:104A4000224626323846294604F08CF9164800687A
:104A5000F3436946324603F005FD0028F0D168466D
:104A600000780028F2D168464078022806D0012854
:104A7000ECD101F0FFF915498880E7E713488680FB
:104A800003F062FAE2E7C046FE9200203C94002068
:104A9000059400200000000058BE002034000000F3
:104AA0008CBE002018010000FCBD0020637265610F
:104AB0007465204170704D73674964206661696C4C
:104AC00065640000094B0020FD55002044BE002015
:104AD000595600200D7A00205B25735D5B25645DCF
:104AE000203A205561727420496E697420466169CC
:104AF0006C65640D0A0000005561727420496E698E
:104B000074205375636365737366756C0D0A0000DA
:104B100014BE0020E956002088130000D492002023
:104B200010B582B0282003F07FFC0A2003F07CFC43
:104B30000B2003F079FC0C2003F076FC0D2003F031
:104B400073FC0E2003F070FC0F2003F06DFC1020AE
:104B500003F06AFC352003F067FC112003F064FCCD
:104B6000122003F061FC002420462146224603F077
:104B70007FFC03F083FC03F087FC00F083F8012046
:104B800000030D4988800094E12003030B480221B3
:104B90000B4AFFF779FE0BA017A11AA204F0E2F866
:104BA00001F00EF901F086FAFFF700FF03F072FC46
:104BB00003F076FC02B010BDB0D5002080B00460D8
:104BC000000800605B257320542025735D626C65CE
:104BD000207065726970686572616C2070726F6AAE
:104BE0006563742863702920737461727420746F14
:104BF00020776F726B2E0A0041707220323920329A
:104C00003032340031363A33393A3537000000005B
:104C1000B0B503461020002B22D0012920D8EFF395
:104C20001084EFF3108572B69D7D002D02D084F3C1
:104C30001088B0BD00209862DA611976012199755B
:104C40002D490A68002A02D10B600021D9622B4944
:104C50000A68002A01D09362DA620B6084F310883C
:104C6000B0BDC04601461020002909D08A7D002A27
:104C700006D001224A750020C875D107364A116056
:104C80007047C046F0B581B0052003F0CDFB294D3B
:104C900000242846214603F009FC0127F8071349A0
:104CA0000860FF263106124A13688B4303218907E7
:104CB000591811600F4908601F21204603F0FCFBC2
:104CC0007902284603F0FEFB0821284603F000FC89
:104CD0002846314603F002FC284603F005FC06484E
:104CE000046006480460204601B0F0BD80E200E0A8
:104CF0001CE400E000E100E038D600203CD60020B3
:104D000010B504461020002C13D0A37D002B10D02A
:104D10006262616021461031064803F073FB022095
:104D2000E075FF200230A0820120C0070A49086018
:104D3000002010BD0030056001461020002909D078
:104D40008A7D002A06D001204875C875C00702492F
:104D5000086000207047C04600E200E084B0104CBC
:104D6000104D04E0621C81B2104603F0C3FB2868BA
:104D70000022D34301A903F075FB0028F2D101A85A
:104D800003F0BEFB02990029F1D00398002802D05D
:104D900003F0BCFBEBE7204603F0BEFBE7E7C046B1
:104DA000026000001C95002080B50A460021FFF734
:104DB0002FFF4142484180BD80B5FFF753FF41427C
:104DC000484180BD80B5FFF79BFF4142484180BD0F
:104DD00080B5FFF7B1FF4142484180BD3E480088A1
:104DE000421A50425041354A12888A4201D040004E
:104DF000704701207047C046B0B582B000282ED061
:104E00002F49086018490025184B28462A4601F00A
:104E100035FC0124002823D000950195892043000A
:104E2000134928462A4601F0BDFB24490880002882
:104E300016D003F077FB28490880002810D00D48D1
:104E4000022100252A462B4603F072FB002807D0DA
:104E500001F0DAFB2148012101702C4600E010240A
:104E6000204602B0B0BDC0460F1800007C94002060
:104E7000192A000008290000B0B51D460F48008817
:104E800088420BD10124002D14D00D4800688047C2
:104E9000642800D3642028702046B0BD0E480088E6
:104EA000884209D10224002D04D0002068700B48EC
:104EB000007828702046B0BD0020B0BD0CBE002098
:104EC00008BE002004480088884203D1009800787A
:104ED00002490870002070470EBE002010BE00205E
:104EE000F0B593B07F48012103F028FB002600288D
:104EF00000D1DBE07C4803F027FB002800D1D5E09F
:104F00007A4803F027FB002800D1CFE0784801243D
:104F1000214603F025FB002800D1C7E004200090C3
:104F20007448754A10210B4603F020FB002800D17D
:104F3000BCE07248062103F01FFB002800D1B5E059
:104F40006F48022103F01EFB002800D1AEE02502CD
:104F500000206C496C4A131859601D8149191C3096
:104F60007028F8D100206949694A13185960282629
:104F70001E8128311C307028F7D166480D9065A03D
:104F800041688268C06810900F920E910DA803F0DE
:104F9000FFFA002800D186E001940020614A624BAC
:104FA0001918CA600D8241218900521830306028DA
:104FB000F6D10395BF20C5435C4F28465C4A1418C0
:104FC000CC22A750D023E6522C373030F6D10292B3
:104FD0000024584F58480019C7600A4603990182B7
:104FE0001146BF183034602CF4D15449544C029A05
:104FF00060198150C6522C313035F9D151A104A825
:10500000024678C978C278C978C203F0C7FA002886
:10501000039C4AD000205349534A13189C8199603D
:10502000091920304028F8D14F480222214603F0C8
:10503000BBFA002839D000204C494D4A11501318B2
:105040009C80091910302028F8D1494802222146B5
:1050500003F0B0FA0026002828D046480DAA1146D1
:1050600038C838C138C838C14020082103F0F4F9E5
:105070004149086000281CD0404804AA114638C89D
:1050800038C138C838C138C838C13D480026314613
:1050900003F096FA07463B480760002F0DD03A48C8
:1050A00003F094FA0CE0002600E00026304613B02E
:1050B000F0BD384804F0DCFAF8E7344804F0D8FAD8
:1050C000019C002FF2D003F087FA0398F43003F02C
:1050D00089FA7D2040012E4903F08AFA03F08EFA06
:1050E0002646E3E760A8002030AB0020F8A90020A6
:1050F000D0A30020A8AD0020B8AD0020B8AF00209C
:1051000048AD0020E8B3002018AC0020F8BB002018
:10511000C8AD002018AC002000010400C8AD00207C
:1051200028000400F0B90020E8AC002048BD0020B1
:10513000F8AE0020E8B7002088AC002098BC002022
:1051400038AE0020E8AC002000010200F8AE0020DC
:105150002800040088AC00200001020038AE0020C6
:1051600028000400E8AF00208CA30020E8B1002054
:1051700040A80020E48E00202CC20020C08E002019
:10518000C5580020F4C10020BD76002061900020A9
:10519000AC0D00004A90002062480088401A41424D
:1051A0004141C8007047C046F0B583B0434900256F
:1051B000434B28462A4601F061FA002867D0009543
:1051C0000195812043003F4C284621462A4601F0A4
:1051D000E9F9002860D0534908800D2001903A4831
:1051E0000090611C00200223024601F0DBF9002838
:1051F00057D00E26019635480090A11C00250223A9
:1052000028462A4601F0CEF900284FD012270197F0
:105210002F480090E11C0296022628462A46334673
:1052200001F0C0F901972B480090211D28462A461D
:10523000334601F0B7F9019727480090611D2846D1
:105240002A46334601F0AEF9019724480090A11D8B
:1052500028462A46334601F0A5F9029801902048D5
:105260000090E11D28462A46334601F09BF90720AD
:1052700001901C4800902D34284621462A4633468A
:1052800001F090F901F0C0F903F0BEF912E0164800
:1052900004F0EEF901250DE0134804F0E9F90125C9
:1052A00008E0114804F0E4F9012503E00E4804F099
:1052B000DFF90125284603B0F0BDC0460A180000FA
:1052C000248F0020232A00009C8F0020AC8F002018
:1052D000608F0020748F0020BC8F0020888F0020FA
:1052E000508F0020959400202B90002010B50D4881
:1052F0000088884214D10820002B10D00A490A687F
:10530000496819711A700C0EDC710C0C9C71090A39
:105310005971110ED970110C9970110A597010BD84
:10532000002010BD46D6002080EC0020B0B584B02F
:1053300013460C46EFF305856946487000220A7053
:1053400002940193002D01D0134600E0D343094895
:10535000006803F05FF900280AD0034606480749B1
:10536000A22203F0FFFC06A00FA1B32203F0FAFC77
:1053700004B0B0BDFCBD0020449300202A9400205E
:105380005B25735D5B25645D203A2053656E642068
:10539000426C65204D657373616765204661696C79
:1053A00065640D0A00000000626C655F6576656EDD
:1053B000745F63616C6C6261636B0000B0B582B056
:1053C000401E622800D9ABE10C464D1C4000C0468F
:1053D0007844808840008744620076008C00A000FA
:1053E000C500D000E100F50011012101A301A301D6
:1053F000A301A301A301A301A301A301A301A3018D
:10540000A301A301A301A301A301A301A301A3017C
:10541000A301A301A30139013C0147015501A301E7
:1054200058015E016201A301A301A301A301A3012D
:10543000A301A301A301A301A301A301A301A3014C
:10544000A301A301A301A301A301A301A301A3013C
:10545000A301A301A3016F01A301A30178017B01B3
:105460007E018101840187018A018D019001A301E0
:105470009301A301A301A301A301A301A301A3011C
:10548000A301A301A301A3019601A301A301A30109
:10549000A301A301A301A301A30199019F01A07886
:1054A000E17809020918DF4803F05CFCA078E17894
:1054B00009020818D9490880E0480368002B00D188
:1054C0002EE1012010E02878697809020918E278B5
:1054D000D34803F047FCD14800210180D748036836
:1054E000002B00D11CE1022000210A46984702B09F
:1054F000B0BD2079617909020918E3782A78BF489C
:1055000003F08EF8207961790902091828786A7801
:1055100012021218E378BA4850E020796179090242
:105520000918A94802F0E6FF211DA848082203F047
:105530007DF82079617909020818A179E2791202CF
:10554000511809040A18207A617A09020818A17A08
:10555000E37A1B02591809040B189DA003F002FC02
:1055600002B0B0BD2389E288A188954803F064F8B1
:105570002389E288A188934820E028786978090285
:105580000918A878EA7812021218A879EB791B0298
:105590001B188A4803F050F802B0B0BDA078E1783B
:1055A0000902091863792279824803F039F8A07852
:1055B000E17809020918637922797F4803F0D2FB68
:1055C00002B0B0BDE2782978904803F03BF8287823
:1055D000697809020918E2788D4803F0C3FB8D4809
:1055E00001908D4800908D4C2088694603F030F87A
:1055F0002088C82103F032F802B0B0BD287869785D
:10560000090209187F4802F075FF287869780902B5
:1056100009187D4803F0A6FB02B0B0BD2078617880
:1056200009020918A078E27812021218524803F011
:105630001BF82078617809020918A078E278120234
:1056400012184EA003F08EFB02B0B0BD218848486E
:105650005EE0A01C002103F00DF80146207862787E
:1056600012021218414809E0A01C002103F002F8C0
:10567000014620786278120212183B4803F000F8C5
:1056800002B0B0BD2188374842E020786178090235
:10569000091833483CE0A2782178304811E020789E
:1056A000617809020918A07AE27A120212182A48CF
:1056B00002F0DAFF02B0B0BD2178E0784042C2B219
:1056C000244802F0BFFF02B0B0BD21781E481FE0A1
:1056D00021781C481CE02178194819E021781748E6
:1056E00016E02178144813E02178124810E0217860
:1056F0000F480DE021780D480AE021780A4807E0BC
:105700002178084804E02178104801E02178104809
:1057100002F0F0FE02B0B0BD2178164802F0EAFEB9
:1057200002B0B0BD2BA000002AA0000029A00000FC
:1057300028A0000027A0000026A0000025A000004F
:1057400024A0000023A0000022A000002CA0000044
:1057500033A0000021A0000016A0000015A000004A
:1057600014A0000013A0000012A0000011A000006F
:1057700010A0000034A000000FA000005B4D5347B4
:105780005F424C455F4D54555F45584348414E4735
:1057900045445F494E445D2048616E646C65203D20
:1057A00020307825582C206D7475203D2025640A02
:1057B000000000000EA00000E19000200DA00000FD
:1057C0000CA00000349200200AA000000BA00000F2
:1057D0005B4D53475F424C455F4C4C5F46454154DF
:1057E0005255455F494E445D2048616E646C6520AA
:1057F0003D203078254C580A0000000009A0000028
:10580000A991002008A000007A91002007A00000C4
:1058100030910020630058020600090054BE0020A9
:10582000FB910020A392002010B50446024802F02C
:105830002DFF0248046010BD994B002020A30020DA
:105840002F480088411A4842484170472C48008838
:10585000884205D10120002B01D00021197070472A
:1058600000207047F0B583B014460D460146202D48
:1058700000D320251F4F38462A46FEF72FF9200A6D
:105880001D4E707034700320C10200201B4B024675
:1058900000F0F4FE0124002828D00097019515207F
:1058A000450200200227294602463B4600F07AFEC8
:1058B00000281BD000960197691C0026304632460E
:1058C0003B4600F06FFE002810D000960196A635EA
:1058D0008120430030462946324600F063FE00280E
:1058E00004D00749088000F08FFE3446204603B0FC
:1058F000F0BDC04678D5002074D50020448F00202C
:1059000040D600200020704725480088401A4142B8
:10591000414148007047C04621490988814208D169
:105920000220002B04D0002159701E4909781970FB
:10593000704700207047C046B0B582B010490024BF
:10594000104B2046224600F099FE0125002813D076
:1059500000940194112003010B492046224600F0D7
:1059600021FE002808D002F0DDFD002804D00C49FB
:10597000088000F049FE2546284602B0B0BDC0466A
:1059800001180000308F0020052A0000044800881C
:10599000884203D1009800780249087000207047BF
:1059A00030CF0020B8DF0020F0B597B00124A1026D
:1059B0004448454A10252B4600F0BEFE43A00BA9E3
:1059C0004CC84CC14CC84CC146A002AA1146C8C81C
:1059D000C8C1C8C8C8C12421284602F05DFE474995
:1059E0000860002812D046A011AA114668C868C1F4
:1059F00068C868C10820802102F04EFE4649086050
:105A0000002807D103204003401C01E0032040038D
:105A100002F082FD40200C210BAA02F01DFD3F493F
:105A20000860002818D03EA002AA114668C868C1C4
:105A300068C868C168C868C14248002102F0C0FD5A
:105A4000054641480560002D0AD0802002F02AFE5C
:105A50003E4802F02DFE08E00025002D2ED008E083
:105A600003204003093002F057FD681E8541002DD8
:105A700024D026020096102128220823204602F076
:105A80001DFE68363248314602F01EFE3320810189
:105A9000304802F01FFE30480221302202F020FE82
:105AA00002F024FE2D4802F027FE2D4802F02AFEC7
:105AB0002C4802F02DFE2C4802F030FE284617B08C
:105AC000F0BDC046B8DB0020B8D500208C90002087
:105AD00000000000E8940020340000002095002021
:105AE00000060000C69000200000000088EC0020A6
:105AF0002400000034D3002040020000A0D5002084
:105B00009F90002000000000ACEC0020240000006A
:105B100034CF0020000400009CD500201C950020FC
:105B2000B990002001000000A09400204400000073
:105B3000209B002000080000200000000000000062
:105B40000000000039450020E4940020D9750020B1
:105B500050DA0020C0DF00202CA300208545002063
:105B6000A1450020AD4500209545002070B582B0CC
:105B70000124002824D0144A1160144E30601449C6
:105B8000016014490025144B28462A4600F076FD92
:105B90003168C88000950195112003010F492846FE
:105BA0002A4600F0FFFC00280AD03168088102F084
:105BB000B9FC002804D03168488100F025FD2C464E
:105BC000204602B070BDC04624A3002000BE0020C5
:105BD000555800200D18000088940020372A000036
:105BE00010B501F0B7FF00240221204602F064FC4A
:105BF000124804220260FF20000411490B6883430D
:105C00000B60104802600F200321072302F08CFD77
:105C100000F038F8FFF764F9002807D0FFF7C4FE5A
:105C2000002805D000F06EFC204610BD06A000E064
:105C30000CA003F01DFD012010BDC04680E200E075
:105C400000E400E000E100E0626C655F636F6E7489
:105C5000726F6C6C65725F696E6974206572726FC9
:105C6000722E0000626C655F686F73745F696E69A5
:105C700074206572726F722E0000000080B502F011
:105C800059FD80BD10B52B4802F05AFD2A4802F09C
:105C90005DFD2A4802F060FD294802F063FD2948B5
:105CA00002F066FD284802F069FD284802F06CFD0C
:105CB000274802F06FFD274802F072FD264802F0E7
:105CC00075FD264802F078FD254802F07BFD254849
:105CD00002F07EFD244802F081FD244802F084FD9C
:105CE000234802F087FD234802F08AFD224802F093
:105CF0008DFD224802F090FD214802F093FD2148DD
:105D000002F096FD204802F099FD204802F09CFD2B
:105D10001F4802F09FFD1F4802F0A2FD0020C4436F
:105D20002046214602F0A2FD2046214602F0A4FDB5
:105D300010BDC046D3BC0200B3BC0200BBBC020015
:105D4000CBBC0200C3BC0200B9550100695601007A
:105D5000612702000127020015270200710B0200D3
:105D60005D240200312602009D2502008D260200DE
:105D7000F9250200C52602007D27020075270200D2
:105D80007D0B0200D9E9030001E803003DE70300B1
:105D9000C5EA03009DEA030080B5022002F072FD0F
:105DA000054802F075FDFFF7C7FD0D20820103488D
:105DB0001421FFF757FD80BD3C8F00206094002028
:105DC0000348044901600448044901607047C04623
:105DD000300B0020A97700202C0B002061590020F7
:105DE00010B504460B48016800290CD00A48028807
:105DF0000B689C548B88511C8AB29A4200D30021B4
:105E00000180204610BD05480068E1B202F006FBA3
:105E1000204610BDA4D5002042D60020ACD50020DD
:105E200010B504A00EA167224224234602F09AFF77
:105E3000204610BD5B25735D5B25645D203A2043E1
:105E4000757272656E742042617474657279204C4B
:105E50006576656C203A20257525250D0A00000021
:105E60006765745F626174746572795F6C6576658D
:105E70006C0000009B4800887047C04610B584B095
:105E80000B46EFF3058469464870012008700293C1
:105E900001920022002C01D0134600E0D3430948B0
:105EA000006802F0B7FB00280AD0034606480749FD
:105EB000A22202F057FF06A00FA1C32202F052FF58
:105EC00004B010BDFCBD0020449300202A940020A3
:105ED0005B25735D5B25645D203A2053656E64200D
:105EE000487273204D657373616765204661696C04
:105EF00065640D0A000000006872735F6576656E68
:105F0000745F63616C6C6261636B000070B584B038
:105F100000F0E2F8002836D00020029002AC1F21E9
:105F20002170039002F0BAFC607002F0B7FC608050
:105F300002F0B4FCA08002F0B1FCE0806088FDF7C4
:105F400059FE00900191512086001048104D2946BD
:105F5000324602F007FF6088FDF74CFE0090019189
:105F6000721C0C48294602F0FDFEE088FDF742FE57
:105F700000900191B21C0848294602F0F3FE074840
:105F8000214600F015F804B070BDC0468D93002086
:105F90004494002068930020C593002044BE002054
:105FA000424800684089401A4142414148007047D8
:105FB000F0B583B00D4604460020019000901D49C5
:105FC000097800292DD02F7868460770F80706D188
:105FD0006878694648700226380708D40DE06A8858
:105FE0006846012102F060FC0326380705D5AA881F
:105FF0006846314602F058FCB61CF80605D5EA881A
:106000006846314602F050FCB61CA08800280AD031
:106010000949096809896A46334602F04BFC411E6A
:10602000884103B0F0BD05A002F09CFE012003B042
:10603000F0BDC0469494002000BE0020687273201A
:10604000426C6520436F6E6E6563746564204861C1
:106050006E646C65204572726F72000013480068B0
:106060004089884206D10020587011480078187085
:10607000022070470020704780B504490B68002B50
:1060800003D00A4909681022984780BD24A3002044
:10609000064800684089884205D1009800780321AD
:1060A00001400348017000207047C04600BE002038
:1060B000949400200148024901607047280B002099
:1060C000A158002080B5FEF707FC7D20800002F07B
:1060D0008DF9FDF73BFC80BD02480088411E8841D8
:1060E0007047C04654BE002082B00A4D0AA403E0A7
:1060F0000146204602F036FE28680022D343694656
:1061000002F0B0F90028F3D10199009802F0D8FB11
:10611000F2E7C0462CC200206C6C635F7461736B45
:1061200020676574206D7367206661696C65643AE9
:1061300025750A008AB009A001AC21462CC82CC1E3
:106140002CC82CC12CC82CC102F0C0FB0C4800216B
:10615000224602F035FA02F0BFFBFEE7CB920020A8
:1061600001000000D0EC00204400000050D60020C8
:106170000004000018000000000000000000000003
:10618000FD4200200C460546FEF7D2FB06A003F0B8
:106190006FFA09A0294602F0E5FD0CA0214602F0A5
:1061A000E1FDFEF799FBFEE76F7320657272206FC9
:1061B0006363757273000000636F646520202020A4
:1061C000203A203078253038580A00006F626A651E
:1061D00063745F69643A203078253038580A0000CB
:1061E000F0B583B01C4616460F4602900989134845
:1061F000089D2A4602F038FAF888C00513D40294A4
:106200003C8A0E48401C2146324602F02DFAA01B63
:1062100081B2A94200D80546AAB2786981190298CC
:10622000FDF75CFC07E03989009502983246234669
:1062300000F0D4FD0546A8B203B0F0BD1551000032
:10624000F0B585B01D4616460F4601210170147841
:10625000384602F047FB002800D16EE00097019518
:106260000746C8379D490546481C214602F042F9B9
:10627000D8350295601E512800D9D9E04000C046AB
:10628000784480884000874451005D006F0095008D
:106290009A00A100A700AE00B400BB00C000C70078
:1062A000CC00D300D300D900DF00E600EC00D3001F
:1062B000D300F300F90000010501D3000C01D30065
:1062C00013011A01D300D300D300D300D300D300AD
:1062D000D300D300D300D300D300D300D300D30026
:1062E000D300D300D300D300D300D300D300D30016
:1062F000D300D300D300D300D300D300D300D30006
:10630000D300D300D300D300D300D300D300D300F5
:10631000D300D300D300D300D300D300D300D300E5
:10632000D300D300D300D300D3001E01029C20462B
:106330003146019A02F0DCFACBE0684802F0ECF852
:1063400005B0F0BD3846314602F0D8FA0028029C6C
:1063500000D0BEE004A900980880388848800A2050
:10636000042202F0D1FAB4E00121304602F0D2FA60
:106370007A889042014600D311463A88914202D26F
:10638000172900D339803A7854498B1CC1B218467A
:1063900002F058F90220B8713988009C204602F0BA
:1063A000BFFA03A90C80388848800A20042202F032
:1063B000ABFA8DE03846314602F0B8FA88E0029C2C
:1063C00020463146019A02F0B7FA82E0384631465B
:1063D000019A02F0B7FA7BE0029C20463146019A0E
:1063E00002F0B6FA75E038463146019A00F0DCFA60
:1063F0006EE0029C20463146019A02F0AFFA68E056
:106400003846314600F0C6FB62E0029C2046314629
:10641000019A02F0A9FA5CE03846314600F056FADB
:1064200056E0029C20463146019A02F0A3FA50E061
:1064300006223846214602F0A3FA49E038463146A2
:10644000019A02F0A3FA43E0029C20463146019AE9
:1064500002F0A2FA3DE038463146019A00F032FCE3
:1064600036E0029C20463146019A02F09BFA30E069
:1064700038463146019A00F0C1F929E0029C2046D5
:106480003146019A02F094FA23E03846314600F092
:1064900083F91DE0029C20463146019A02F08EFAF3
:1064A00017E0029C20463146019A02F08DFA10E076
:1064B000029C20463146019A02F08CFA09E03846E7
:1064C00000F0C4FB04E038463146019A00F0CDFBF1
:1064D000029C204602F084FA05B0F0BD1452000080
:1064E0000148024941607047BC0A00201D5A002043
:1064F00010B50C46C988C90503D5218900F056FCA2
:10650000208210BD80B5104802F05CF90F4802F0FF
:106510005FF90F4802F062F90E4802F065F90E4883
:1065200002F068F901F018FA01F048F801F030F8CB
:1065300000F09AFC01F032F801F010F800F09AFC3B
:10654000FFF7CEFF80BDC0464D71002019720020BC
:106550008571002075720020E1710020B0B5014600
:106560008B4A1088002810D013888A4A14680022A9
:1065700004E00834521C9A42184608D225888D42FD
:10658000F7D865888D42F4D302E0002200E0184677
:10659000D100804B1B6859184968002900D010466B
:1065A000B0BDC046F0B581B01C4617460D46154932
:1065B000079B069A00280DD00D46002F1BD03846A9
:1065C000214602F013FA0646681C1022394602F0F2
:1065D0002DF80AE028460F46214602F00DFA06463D
:1065E000B81C294601F086FF3D46E81C314622468C
:1065F00002F03AF803E0284601F08EFF002630460C
:1066000001B0F0BDA5520000F0B581B0604801882E
:10661000002912D002885F480368002004E0083394
:10662000401C9042114606D25C88002CF7D11C8891
:10663000002CF4D002E0114600E000200E4C88420D
:1066400006D181B2204601F055FF002001B0F0BD17
:10665000C60002F0D7F905464E4F386880194580CC
:1066600002F0D6F90246601C294601F0FDFF3868A9
:106670008019408801B0F0BDA3520000F0B583B08E
:1066800001920E46424D29880024002902930FD022
:10669000404A12681788002F0AD02988083201233F
:1066A0001C468B4204D2631C17880832002FF7D196
:1066B0008C4205D1A1B21F4801F01CFF002735E034
:1066C0001C4D002813D02E46019D002D2AD00520F8
:1066D000C102284602F0A2F90746B01C1022294642
:1066E000354601F0A3FF002F0DD100271EE0052045
:1066F000C102304602F098F90746E81C314601F025
:10670000F9FE002FF1D0E000224909680F52081865
:106710000299416000214180281DA2B2394601F052
:10672000A3FF03E0701C01F0F7FE0027384603B01A
:10673000F0BDC04699520000F0B581B0134D00285D
:106740001FD0002A1DD00C4600291AD0002B18D0CB
:106750000F490B800F490A6000210F460E46FF00CB
:10676000D151761CF7B29F42F9D300220092214604
:10677000134602F05FF9681C214601F0BBFE01B030
:10678000F0BD284601F0C8FE01B0F0BD97520000F0
:10679000F8BD002004BE002070B582B00E4604464D
:1067A000102002F04DF900280AD005466189A08822
:1067B0007278002300930193012A06D0032205E09A
:1067C0000D4801F0A9FE02B070BD022200F026FBC8
:1067D000010607D0C3B218210022284602F036F97C
:1067E000024602E0192028700122A088294602F002
:1067F00033F902B070BDC04623510000F0B58BB034
:1068000004920C4605460121204602F083F8074613
:106810000321204602F07EF803902E462888001DB2
:1068200080B202F00DF9002813D0054605A83946BC
:1068300002F018F9002811D005A8C088010701D579
:10684000C00512D4162128463A4602F011F9024634
:1068500028E01D4801F060FE0BB0F0BD162128466F
:106860003A4602F00BF902461CE005A9304602F058
:106870000BF9002801D003460EE0B0880499491FA7
:1068800089B2621D0092019101223946039B00F0FA
:10689000C5FA01060CD0C3B2162128463A4602F0CA
:1068A000D5F80246B088294602F0D6F80BB0F0BD04
:1068B00028462146049C2246FDF710F9172028702F
:1068C00077812246EEE7C04622510000F0B589B03C
:1068D0000D4604460121284602F01CF80646032115
:1068E000284602F017F8029003A8314602F0BAF8E1
:1068F00007462088001D80B202F0A2F800280CD0C4
:106900000546002F0ED003A8C088800710D40C21A4
:106910002846324602F0BEF83BE0224801F0FCFD7A
:1069200009B0F0BD0C212846324602F0A7F830E04D
:1069300003A9204602F0A8F8002806D003460C213F
:106940002846324602F082F823E0A08803AF394699
:10695000FFF7CEFD388A029A824205D90C212846DB
:10696000324602F09DF814E0801A411C20888142D2
:1069700003DD1018401E03A908820798801A81B20F
:10698000A08800916B1C03A9FFF72AFC0D21297038
:10699000401CA18882B20846294602F05DF809B081
:1069A000F0BDC0461F510000F0B591B014460E4630
:1069B000074601213046099101F0ACFF054603214D
:1069C000304601F0A7FF024671480A952946054660
:1069D000089201F049FE7279681C214601F044FEDC
:1069E00007973888001D80B202F02AF8002804D0EA
:1069F0000746082C06D3102005E0A81C01F08CFDEA
:106A000011B0F0BD022006900A9A0899501E80B27B
:106A100088420AD2701D05900BA802F047F80026A4
:106A200003960296099804900FE00821384602F078
:106A300025F89EE00BA9079C204602F025F80028C7
:106A400034D00390099C002C75D10BA802F034F8C7
:106A5000002870D00BAC204602F034F82289A188BF
:106A6000E81C01F001FE0E98017840780002401801
:106A700082B2E188281D01F0F7FD20890028E1D0CD
:106A800000240A998842DED308998842DAD80BA8F4
:106A90000599069A02F01CF80028D4D00BA8C088EB
:106AA0008007C7D43004CED10D9ECCE7A0880BA9B7
:106AB000FFF71EFD0F98801C049989B200220392F3
:106AC000022904D382B2029B9BB29342BAD101291C
:106AD00003D17870049B5B1C01E0049B0298029038
:106AE00080B299B20A1820888242049306D90229FA
:106AF000A8D8001F0BAA1082801C78700BAC2289CA
:106B0000384601F0EBFF07988088218A00910499AC
:106B1000891C049189B27B18002203922146FFF759
:106B20005FFB0446681D214601F0E4FC0498201830
:106B30000490039C87E7049988B2022802D30920B5
:106B4000387017E00399080606D0CBB20821384602
:106B50000A9A01F07BFF0CE0300405D0B2B20821A4
:106B6000384601F097FF04E0082138460A9A01F000
:106B7000BBFF0146A81D8CB2214601F0BBFC079863
:106B800080883946224601F067FF11B0F0BDC0464B
:106B900017510000F0B587B00A460446012110469F
:106BA00001F0B8FE064601A8314601F05BFF07463A
:106BB0002088001D80B201F043FF00280CD005465C
:106BC000002F0ED001A8C088800710D40A212846C3
:106BD000324601F05FFF2EE01B4801F09DFC07B03C
:106BE000F0BD0A212846324601F048FF23E001A902
:106BF000204601F049FF002806D003460A21284616
:106C0000324601F023FF16E0A08801AE3146FFF7BF
:106C10006FFC2088318A814202D3401E01A908827C
:106C2000A08801A90A8A00926B1C0022FFF7D8FAFB
:106C30000B212970401CA18882B20846294601F028
:106C40000BFF07B0F0BDC0461E51000080B582B0FA
:106C50000189002907D000230381808800930193D4
:106C6000042200F0DBF802B080BDF0B589B0154613
:106C70000C4607460121204601F04CFE064603A8BB
:106C8000314601F0EFFE00280CD04120800003A91E
:106C9000C9880140814205D103A9384601F0F4FEBC
:106CA000002801D009B0F0BDB888E91E89B2E21C05
:106CB0000092019100223146134600F0AFF809B06E
:106CC000F0BD0000F0B58BB003920C4607460126DC
:106CD0000846314601F01EFE014605A8049101F068
:106CE000C1FE0546102001F0ABFE00280CD0002D9F
:106CF0000FD005A9CA8811073D4613D412210446B6
:106D0000049A01F0B5FE1AE0274801F005FC0BB02B
:106D1000F0BD12210446049A01F0B0FE2146064659
:106D20003D460EE005A9D20511D4098AC91C039B72
:106D300099420CD212210446049A01F0DBFE21464E
:106D40000646A888324601F087FE0BB0F0BD002A47
:106D5000D4D5074605A9284601F096FE002805D09F
:106D6000034612213C463846049A13E0A88803994A
:106D7000C91E89B2E21C009201910022049C2146A6
:106D8000134600F04BF8010609D0C3B21221224687
:106D90003C46384601F05AFE39460646D1E71320F4
:106DA00039463870CDE7C04621510000B0B50C46D9
:106DB00005460846FFF7D2FB014629480288002015
:106DC00091420AD0C900274A1268511849680A68D6
:106DD000002A02D0284621469047B0BDF0B581B0C8
:106DE0001C4615460E4607460846FFF7B7FB014608
:106DF0001B480288002091420ED02346C900194A40
:106E00001268511849684C68002C05D0069800900B
:106E1000384631462A46A04701B0F0BDF0B583B0F0
:106E20001C4615460E4607460846FFF797FB0146E7
:106E30000B4802880020914210D02346C900094A1D
:106E40001268511849688C68002C07D00998089975
:106E500000910190384631462A46A04703B0F0BD64
:106E6000F8BD002004BE002008480149C1647047F5
:106E7000756A0020092040010449054A0A50E24889
:106E80000021044A026041607047C046500B002058
:106E9000B1720020ED490000F0B587B00546D84832
:106EA0002E184520000128180290F8482B5C039109
:106EB000497B9768D0682C4650340278002B45D027
:106EC000002965D0092A00D0B1E0FF2109020F4056
:106ED000092109028F4200D0FCE0027A04A90A725B
:106EE000027943791B029A188379C5792D02EB1830
:106EF0001B049A180592027843781B029A1883782B
:106F0000C0780002C018000480180490481C01F0EA
:106F1000F7FD07460D46012030700026039A967251
:106F200010208143B9482F303840029B03C3517B66
:106F3000B448401C01F0DEFAB64A3A40512085437D
:106F4000218830462B4601F0E1FD55E1002970D043
:106F5000092A00D1CAE0072A00D008E1FF231B025A
:106F60001F40012673029F4200D015E140780E2891
:106F700000D041E1002603988672A248401D01F02E
:106F8000B9FA21881A203246334601F0BFFD33E1B9
:106F90000E2A00D09CE0FF210902394009231B0280
:106FA000994200D0E7E0027A04A90A720279437993
:106FB0001B029A188379C4792402E3181B049A18D7
:106FC0000592027843781B029A188378C0780002F1
:106FD000C018000480180490481C01F091FD019134
:106FE000894A0ACA894A0090084011402F24044067
:106FF0000A191027BB43284601F08EFD002800D156
:10700000F7E00246F843012131708149916103990B
:10701000D161019B034000987C4E304004430298AC
:1070200004604360284601F07DFD0026E4E001266F
:10703000E2E0082A00D09CE0FF2109023940092340
:107040001B02994200D0C1E0027A04A90A720279B7
:1070500043791B029A188379C4792402E3181B042C
:107060009A180592027843781B029A188378C078A0
:107070000002C018000480180490481C01F040FD74
:107080000191614A0ACA614A0090084011402F24C8
:1070900004400A191027BB43284601F03DFD002893
:1070A00000D1A8E00246F8430121317058499161AE
:1070B0000399D161019B03400098544E3040044332
:1070C000029804604360284601F02CFD002693E0FE
:1070D000012691E02846039C214601F029FD002667
:1070E000A672617B474801F005FA85E0FF2109029D
:1070F0000F4009210902434B8F425AD1027A04A959
:107100000A72027943791B029A188379C5792D0294
:10711000EB181B049A180592027843781B029A1800
:107120008378C0780002C018000480180490481CBE
:1071300001F0E6FC07460D46012030700026039A58
:1071400096721020814331482F303840029B03C390
:10715000517B2C48C01D01F0CDF92E4A3A405120F8
:107160008543218830462B4601F0D0FC44E00126BF
:1071700042E0012640E02846039D294601F0D8FC64
:10718000204CA01C394601F0D9FC0026AE72697B68
:10719000E01C01F0AFF92FE02846039C214601F0E6
:1071A000C7FC0026A672617B1648001D01F0A2F9FB
:1071B00022E02846039C21461D4601F0B9FC00262A
:1071C000A672617BA81D01F095F915E02846039C85
:1071D000214601F0ADFC0B4D28460830394601F040
:1071E000ADFC0026A672617B0935284601F082F9C4
:1071F00002E0022600E00226304607B0F0BDC0469D
:1072000049040000CE360000A8BF002000CF87F759
:10721000A98002002FCF87F770B5002810D00D4647
:1072200000290DD0002A0BD0D168097800240E293E
:107230000FD0082927D11549405C002823D10CE044
:107240001620492100242246234601F07DFC2046D9
:1072500070BD0E49405C002815D001242C73002617
:10726000EE72FF2004302881304601F073FC03C524
:107270000748EE806E716E61AE61E861AC700548E2
:10728000314601F037F9204670BDC0465103000079
:1072900075660020CD36000010B5044600F026FDCE
:1072A000002802D00C21012006E000F0F9FC0028A3
:1072B00001D1014600E00C212070084610BD0000FD
:1072C00010B50A46002911D00446906B00280DD055
:1072D000107C072811D0062816D005281DD110488B
:1072E0000068D060104600F023FD13E08520C10047
:1072F0001C20002301F028FC10BD09480068D06064
:10730000104600F019FD05E005480068D060104601
:1073100000F018FD0120207010BD0020207010BD6D
:1073200050080020B0B50D4600290FD00446A86BC8
:1073300000280BD0287C07280FD0062812D005285B
:1073400017D12846114600F0F4FC0FE01C200A4932
:1073500000232A4601F0F8FBB0BD2846114600F094
:10736000EEFC03E02846114600F0F6FC01202070F8
:10737000B0BD00202070B0BD8D04000010B50A46DD
:10738000002918D00446906B002814D0107C0728E0
:1073900017D0062823D0052831D140480178D0687D
:1073A000484318490968884200D80146D160104610
:1073B00000F0C0FC20E01C201349002301F0C4FBB6
:1073C00010BD36480178D06848430E4909688842A4
:1073D00000D80146D160104600F0B2FC0CE02F4806
:1073E0000178D068484307490968884200D80146B7
:1073F000D160104600F0CFFC0120207010BD0020AD
:10740000207010BD5408002053040000B0B50D4694
:10741000002919D00446A86B002815D0287C07281D
:1074200019D0062826D0052835D1E8681B490978E7
:10743000FCF707FC1A490968884200D30146E96055
:10744000284600F078FC23E01C20164900232A4639
:1074500001F07AFBB0BDE86810490978FCF7F1FB50
:107460000F490968884200D30146E960284600F0C8
:1074700068FC0DE0E86809490978FCF7E2FB084977
:107480000968884200D30146E960284600F096FC6E
:1074900001202070B0BD00202070B0BD5C0800202D
:1074A00058080020B5040000B0B50446012500F0DE
:1074B00085FB002801D0284608E000F017FC0028D2
:1074C00001D0012002E000F0EBFB054620702846C9
:1074D000B0BD70B504460C26012500F0A3FB0028C2
:1074E0000BD100F010FC002807D100F0E6FB0546A8
:1074F000002801D12E4600E00C262570304670BDD4
:1075000070B504460C26012500F08CFB00280BD139
:1075100000F0F9FB002807D100F0CFFB054600285A
:1075200001D12E4600E00C262570304670BD10B506
:10753000044600F077FB002803D100F0E4FB0028AC
:1075400003D0002020700C2010BD00F0B6FB0021FD
:107550002170002800D00C2010BD00001520000173
:107560001249074A0A5053208000064A0A5029202F
:10757000C000054A0A5051208000044A0A50704752
:10758000E96B0020016B0020596B00209D6A0020F0
:107590000648014901667047856C0020034804498C
:1075A000044A054B8363C26301647047500B00209B
:1075B0000B6D0020AF6C0020DD6C002070470000D8
:1075C000B0B584B0002808D004468168022001F0DC
:1075D000C7FA002804D004B0B0BD042004B0B0BD88
:1075E000E389A289607C014601F0C0FA0028F2D14B
:1075F0006269A369217C607C01250095019002905D
:107600000025284601F0B8FA0028E4D1206A01F0EC
:10761000B9FA0028DFD1A18B606A01F0B9FA00281D
:10762000D9D106480570627C03CC01F0B7FA002876
:10763000D1D101F0B9FA284604B0B0BD0C0D00203C
:1076400070B501260670274800780024002801D074
:10765000204670BDEFF31085EFF3108072B601F095
:10766000A9FA00280CD0344C2078002804D11F48F7
:1076700001F0A6FA0120207085F31088012070BD6A
:107680002F490846683800682B4A1278002A1DD016
:1076900030401BD0052208680B68984204D0531E66
:1076A00012061A46F7D1FF22110613D023490968A2
:1076B000814213D90C4A128885F31088081A51099F
:1076C000884200D800263446204670BD85F31088D5
:1076D000204670BD85F31088204670BD85F3108864
:1076E000204670BD5F09002022080020FFFFFF1F19
:1076F000B0B501210170EFF31084EFF3108072B682
:107700000D4D2878002813D00C4800680C490968F2
:10771000814205D2491D814204D201F057FA05E0A9
:10772000642001E04B20800000F060FE0020287003
:1077300084F31088B0BDC0465B0900208000004083
:10774000E8010040B0B584B0002808D00446816844
:10775000042001F005FA002804D004B0B0BD0420D4
:1077600004B0B0BDE389A289607C014601F0FEF956
:107770000028F2D16269A369217C607C0125009513
:10778000019002900025284601F0F6F90028E4D186
:10779000206A01F0F7F90028DFD1A18B606A01F0BF
:1077A000F7F90028D9D103CC627A01F015FA002844
:1077B000D3D10348057001F015FA284604B0B0BDD6
:1077C0009C0D002070B584B0002808D00446816864
:1077D000062001F0C5F9002804D004B070BD0420D3
:1077E00004B070BDE389A289A17C607C01F0BEF980
:1077F0000028F2D16269A369217C607CA57C012606
:107800000096019002950025284601F0B5F9002860
:10781000E3D1206A01F0B6F90028DED1A18B606ABD
:1078200001F0B6F90028D8D103CC627A01F0B6F99C
:107830000028D2D10348057001F0DAF9284604B0D7
:1078400070BDC0469D0D0020B0B584B0002808D0A2
:1078500004468168032001F083F9002804D004B0B5
:10786000B0BD042004B0B0BDE389A289607C0146AC
:1078700001F07CF90028F2D16269A369217C607C67
:1078800001250095019002900025284601F074F929
:107890000028E4D1206A01F075F90028DFD1A18B1E
:1078A000606A01F075F90028D9D103CC627A01F041
:1078B00093F90028D3D10348057001F09FF92846B9
:1078C00004B0B0BDBC0D002070B584B0002808D055
:1078D00004468168052001F043F9002804D004B073
:1078E00070BD042004B070BD638A228AA17D607DD2
:1078F00001F03CF90028F2D1A17DE06801F084F9A3
:107900000028ECD1A269E369217D607DA57D012677
:107910000096019002950025284601F02DF90028D7
:10792000DDD1606A01F02EF90028D8D1218CA06A3F
:1079300001F02EF90028D2D103CCA27B01F04CF942
:107940000028CCD10348057001F064F9284604B042
:1079500070BDC046BD0D0020024803498164034943
:1079600041657047200D0020CD6E00201D6E002067
:1079700070B50546554E3068002801D0012070BD15
:1079800001F04EF92846FFF71BFE0446002801D0FF
:10799000204670BD0348306003CD01F047F9204612
:1079A00070BDC04684270200F0B581B00446474F41
:1079B0003868002801D001261EE001F031F903CC1F
:1079C000637A00252A46083C01F036F903C4206892
:1079D000627A2946083C01F035F9A0602046FFF79D
:1079E000B1FE0646284601F033F9002E04D10448C2
:1079F000386003CC01F01AF9304601B0F0BDC04642
:107A0000D427020070B50546304E3068002801D0FA
:107A1000012070BD01F004F92846FFF7D3FE0446AB
:107A2000002801D0204670BD0348306003CD01F02E
:107A3000FDF8204670BDC046E4270200F0B581B0D5
:107A40000446224F3868002801D001261EE001F0CC
:107A5000E7F803CC637A00252A46083C01F0ECF8ED
:107A600003C42068627A2946083C01F0EBF8A06064
:107A70002046FFF7E9FE0646284601F0E9F8002E09
:107A800004D10448386003CC01F0D0F8304601B08E
:107A9000F0BDC046F427020070B505460B4E3068B5
:107AA000002801D0012070BD01F0BAF82846FFF788
:107AB0000BFF0446002801D0204670BD044830600A
:107AC00003CD01F0B3F8204670BDC046C00D0020C4
:107AD00004280200B0B501230370D06804780020A8
:107AE000162C35D87123DB00CB18C0467C44247992
:107AF0006400A744151A2D0B2D2D2D2D102D0B2DA7
:107B00001F2D102D2D2D2D2D242D29000846194611
:107B100001F0A4F8B0BD08461946FFF77DFBB0BDE3
:107B20000846194601F0A0F8B0BD0846194601F014
:107B3000A1F8B0BD0846194601F0A2F8B0BD08464C
:107B4000194601F0A3F8B0BD0846194601F0A4F8A3
:107B5000B0BD000080B501F0A5F801F0A9F801F072
:107B6000ADF8002800D080BD01F0AEF8054801F066
:107B7000B1F8022000F086FE0B2001F0B1F80020E1
:107B800080BDC04620F50100084909680A4A1278FC
:107B9000824203D80020002907D105E03522D20017
:107BA00042438818002900D10846704720AB0020C6
:107BB000014800787047C046FABD0020F0B581B09A
:107BC000FFF7F6FF002827D0044600250126E8B27B
:107BD000FFF7DAFF00280FD099300178002907D08D
:107BE0004078002804D00020374600280FD114E048
:107BF000304600280BD110E0912001011E202A46BA
:107C0000234600F0A1FF00273846002805D06D1C50
:107C1000AC42DCD1002700E000270120384001B051
:107C2000F0BD0000F0B581B0FFF7C2FF002828D0FA
:107C3000044600250126E8B2FFF7A6FF00280DD074
:107C40008D30017B002905D0417B002902D00078CE
:107C5000002811D0304600280AD115E01E200C491A
:107C60002A46234600F070FF0027384600280BD034
:107C70006D1CAC42DFD106E0002037460028F7D16A
:107C800002E0002700E000270120384001B0F0BDED
:107C900026090000014800687047C04624AB002058
:107CA00080B5FFF7F7FF002805D03321C900405CFD
:107CB000411E884180BD002080BD80B5FFF7EAFFEE
:107CC0000146002000290AD03322D2008A181278F7
:107CD000002A04D091310878411E4842484180BDB5
:107CE000014800687047C04628AB002080B5FFF708
:107CF000F7FF002805D047218900405C411E8841DC
:107D000080BD002080BD80B5FFF7EAFF014600205E
:107D100000290CD0472292008A181278002A06D037
:107D2000A531097802220A43032A00D1012080BD2F
:107D300070477047704770471721817470477047CC
:107D400070477047FF217431826B642353548374EE
:107D5000501819214170704770B50A460446FF213A
:107D600008462030A36B1E18B92040001D18185C6F
:107D7000002807D0FF2A00D8D1B268781A2200F074
:107D800036F868703078002801D0012000E0022029
:107D9000285CA07470BDB0B50446FF20A16B0246FC
:107DA00020328A5C002A08D074300D18287801210E
:107DB0001A2200F01CF82870A074B0BDB0B50446BB
:107DC000FF20A16B024620328A5C002A08D0743062
:107DD0000D1828783221642200F003F82870A0746E
:107DE000B0BD4018904200D80246D0B27047531838
:107DF000834200D2421AD0B270470000F0B585B07D
:107E000016460546EFF3058002AA95701180D670DC
:107E100000240394002800D1E443002E2DD0242E0A
:107E200018D801932C4800900068002100F05EFFF4
:107E30000390002809D127480090006800273946A0
:107E400000F054FF039000283BD000980068049095
:107E500003980EE0802E28D801931E480068002762
:107E6000394600F043FF0390002825D019490968DE
:107E7000049101993246FBF731FE154EF01C29465C
:107E800000F038FB1548006802A900252A46234661
:107E900000F0C0FB47424741002815D0321D81B297
:107EA000104600F027FB2F460EE00948801C3146A3
:107EB00000F020FB002707E00548401C00F02CFBE9
:107EC00002E0034800F028FB384605B0F0BDC0468C
:107ED000046000009CD50020A0D500201C95002047
:107EE00010B582B0019100900022EFF305800028C8
:107EF00001D0134600E0D34307480068694600F00C
:107F000089FB0446002803D004A0214600F02AFF84
:107F10006042604102B010BD2CC20020626C655FFF
:107F20007461736B5F73656E645F6D73675F746FAD
:107F30005F6C6C635F7461736B206661696C656410
:107F40003A25750A0000000070B58EB019480AA9DC
:107F50000A4638C838C2038813808078907000249D
:107F6000204600F0C9FE07A918208872124808812F
:107F700012480890124807900B22204600F0C2FEDB
:107F8000104801AD29460CC80CC14CC84CC1008832
:107F90000880A81C0C491422FBF7A0FD16222046DD
:107FA000294600F0B5FE0121204600F0B7FE0EB0D4
:107FB00070BDC046FC8E0020020D00001940030376
:107FC000020106030C8F0020609400201C46154619
:107FD0000E460746FCF7ACFC07A001F049FB0BA0DE
:107FE0003946324600F0BEFE10A02946224600F077
:107FF000B9FEFCF771FCFEE773797374656D20655B
:1080000072726F72206F63637572730075313645DB
:1080100072724D6F64756C653A2575207531364501
:1080200072724C696E653A25750A000075333245E7
:108030007272496E666F313A25752075333245721A
:1080400072496E666F323A25750A0000B0B582B08B
:108050000446407D217D00290CD0EFF31081EFF321
:10806000108272B60022227562682260626A226201
:1080700081F3108800280AD0EFF31081EFF310820B
:1080800072B600226275E27DA27581F31088A17D2F
:1080900002291DD0002941D1EFF31080EFF31081A8
:1080A00072B6E16A002901D0A26A8A621D4A136889
:1080B000A34201D1A36A13601B4A1368A34200D1F3
:1080C000116080F310880020A062E06202B0B0BDB1
:1080D00000280CD02569E5607D20C1002068C00320
:1080E000FBF7AFFD4019A060019502B0B0BD207E46
:1080F000012811D100200190094801A900F082F95E
:10810000019DE5607D20C1002068C003FBF799FD5B
:108110004019A06002B0B0BD0120A07502B0B0BD92
:108120000030056038D600203CD60020F0B589B07C
:10813000002867D0354908600124E607344D08223D
:108140002846314600F076F90194A7070622284612
:10815000394600F06FF9022428463146224600F0E5
:108160006FF928463946224600F06AF92C2000F0C3
:108170005BF90546002846D126480390E1204002DD
:108180000290754E02A9304600F060F905460028BD
:1081900039D1172000F048F90546002833D1304680
:1081A000019F394600F0C0FD04A903240C747D2012
:1081B000C000069018480590301D0490174807909D
:1081C000174E304600F0B6FD05460020122100F0A3
:1081D00073F9B80413490860FF210904124A1368AF
:1081E0008B43A105591811601049086007213046DA
:1081F00000F0A6FD3046394600F0A8FD304600F0FC
:10820000D1F800E01025284609B0F0BD28A30020D1
:1082100000B0046021300101B0BF0020000249001D
:10822000C081005080E200E010E400E000E100E0E6
:10823000F0B587B006460027039703A901F028FA96
:1082400005460398FF242434B0423DD022466032D4
:1082500021A02D4900F086FDFDF73EFF002831D01A
:1082600005972846FBF7D4FC04ADE880A880049766
:10827000688068701F212970FBF7BCFC0090019199
:108280002248234E3146224600F06CFD6888FBF7F9
:10829000B1FC00900191621C1E48314600F062FD65
:1082A000E888FBF7A7FC1C4A1C4BFBF73BFC009043
:1082B0000191A21C1A48314600F054FD1948294684
:1082C000FDF776FE07B0F0BD5C3417A00E492246DC
:1082D00000F048FD07B0F0BD5B25735D5B25645D74
:1082E000203A2048656172742052617465204D65A2
:1082F00061737572656D656E7420554152542069C5
:108300006E7075740A000000179400208D93002091
:10831000E6930020689300200B7A6F0C0140EF3F3A
:10832000C593002044BE00205B25735D5B25645D22
:10833000203A20496E707574206461746120466132
:10834000696C65640A00000080B50A46014602486F
:1083500000F002FD80BDC0460004006003B4014887
:10836000019001BD39C4010003B40148019001BD71
:1083700033F9010003B40148019001BDB97801004F
:1083800003B40148019001BD117A010003B4014812
:10839000019001BD6D78010003B40148019001BD59
:1083A000B17A010003B40148019001BD19790100BF
:1083B00003B40148019001BD610E020003B40148FD
:1083C000019001BD45A3010003B40148019001BD26
:1083D000ADA0010003B40148019001BD65BF0100DB
:1083E00003B40148019001BDBDBD010003B40148C3
:1083F000019001BD51F8020003B40148019001BD94
:108400001DBF010003B40148019001BD45BF01003B
:1084100003B40148019001BDCDBF010003B4014880
:10842000019001BD79DC010003B40148019001BD58
:108430005572010003B40148019001BD858E010011
:1084400003B40148019001BD058F010003B4014848
:10845000019001BD89DB010003B40148019001BD19
:108460000114010003B40148019001BDF91201009B
:1084700003B40148019001BDADC3010003B401483C
:10848000019001BD43D7010003B40148019001BD33
:1084900041F9020003B40148019001BD0922010025
:1084A00003B40148019001BDD123010003B4014888
:1084B000019001BD79C0010003B40148019001BDE4
:1084C00089C2010003B40148019001BDBDBE010095
:1084D00003B40148019001BD81BE010003B401480D
:1084E000019001BDF9BD010003B40148019001BD37
:1084F000D9C0010003B40148019001BDFDF602009E
:1085000003B40148019001BDB9A0030003B40148C0
:10851000019001BDA511010003B40148019001BD06
:10852000E9F6020003B40148019001BD513A03008D
:1085300003B40148019001BD313A030003B401487E
:10854000019001BD3594020003B40148019001BDC2
:1085500025AA020003B40148019001BD49A0020010
:1085600003B40148019001BDCD39020003B40148B4
:10857000019001BD7DDC020003B40148019001BD02
:1085800011F4020003B40148019001BD15D00200AE
:1085900003B40148019001BD192C020003B4014845
:1085A000019001BD1959020003B40148019001BDB9
:1085B0005129020003B40148019001BD2982020043
:1085C00003B40148019001BD1D23010003B401481B
:1085D000019001BDC5DF020003B40148019001BD57
:1085E0006118020003B40148019001BD2D20020072
:1085F00003B40148019001BDFD23020003B401480A
:10860000019001BD6982020003B40148019001BDDF
:10861000B13C030003B40148019001BD35140100D1
:1086200003B40148019001BD39F7020003B40148C9
:10863000019001BDD9F7020003B40148019001BDCA
:1086400025F7020003B40148019001BDC5F70200FF
:1086500003B40148019001BDBB1E030003B40148EF
:10866000019001BDED2B030003B40148019001BD51
:1086700011F7020003B40148019001BD03F90200A3
:1086800003B40148019001BD61F7020003B4014841
:10869000019001BDD505030003B40148019001BD5F
:1086A0009D12010003B40148019001BD51EC03008B
:1086B00003B40148019001BDE105030003B4014882
:1086C000019001BD6D18030003B40148019001BD84
:1086D000B95A030003B40148019001BDDD590300FC
:1086E00003B40148019001BD8518030003B401489B
:1086F000019001BDAF28030003B40148019001BD02
:10870000FD05030003B40148019001BD0506030007
:1087100003B40148019001BDF505030003B401480D
:10872000019001BDED05030003B40148019001BDB6
:1087300089A6010003B40148019001BD792302001C
:1087400003B40148019001BD7520020003B4014843
:10875000019001BD3920020003B40148019001BD20
:108760004520020003B40148019001BD81200200B0
:1087700003B40148019001BD6920020003B401481F
:10878000019001BD5120020003B40148019001BDD8
:108790005D20020003B40148019001BD31E00200F8
:1087A00003B40148019001BD19E0020003B401487F
:1087B000019001BD25E0020003B40148019001BD14
:1087C000B9DF020003B40148019001BDD1DF02000E
:1087D00003B40148019001BDF5DF020003B4014874
:1087E000019001BDDDDF020003B40148019001BD2D
:1087F00001E0020003B40148019001BDE9DF02007D
:1088000003B40148019001BD0DE0020003B401482A
:10881000019001BD49E0020003B40148019001BD8F
:108820003DE0020003B40148019001BDADDF02004C
:1088300003B40148019001BD5DE9030003B40148A0
:10884000019001BD75E9030003B40148019001BD29
:1088500069E9030003B40148019001BD51E9030037
:1088600003B40148019001BD45E9030003B4014888
:10887000019001BD49E2030003B40148019001BD2C
:1088800055E2030003B40148019001BD0559010000
:1088900003B40148019001BD7927030003B40148E6
:1088A000019001BDB5F8020003B40148019001BD7B
:1088B0001BF9020003B40148019001BD253D0300EE
:1088C00003B40148019001BDA5BC020003B40148F6
:1088D000019001BD4D10010003B40148019001BD9C
:1088E000E110010003B40148019001BDD952030019
:1088F00003B40148019001BD3930030003B40148BD
:10890000019001BD2944030003B40148019001BD59
:10891000B105030003B40148019001BD99A703000C
:1089200003B40148019001BDA530030003B4014820
:10893000019001BD4946030003B40148019001BD07
:108940008931030003B40148019001BDED440300E7
:1089500003B40148019001BD0931030003B401488B
:10896000019001BDE132030003B40148019001BD53
:10897000A934030003B40148019001BD353203005E
:1089800003B40148019001BD814E030003B40148C6
:10899000019001BD3549030003B40148019001BDB8
:1089A0006932030003B40148019001BDB1350300F1
:1089B00003B40148019001BDC331030003B4014871
:1089C000019001BDDD30030003B40148019001BDF9
:1089D0008D35030003B40148019001BD59350300F2
:1089E00003B40148019001BD0936030003B40148F6
:1089F000019001BDF50B030003B40148019001BDD6
:108A0000410C030003B40148019001BDE10C0300D7
:108A100003B40148019001BDF10C030003B4014807
:108A2000019001BD910C030003B40148019001BD08
:108A3000A30C030003B40148019001BD110D030014
:108A400003B40148019001BDC15D030003B40148B6
:108A5000019001BD3166030003B40148019001BDDE
:108A6000ED16030003B40148019001BD190F030086
:108A700003B40148019001BD8766030003B40148B7
:108A8000019001BD5766030003B40148019001BD88
:108A90004D17030003B40148019001BD7B6603003C
:108AA00003B40148019001BD6366030003B40148AB
:108AB000019001BD1D10030003B40148019001BDE8
:108AC0001510030003B40148019001BDAF0F03006E
:108AD00003B40148019001BD2910030003B401480B
:108AE000019001BDD1A7030003B40148019001BD6D
:108AF0004B66030003B40148019001BD6F6603009B
:108B000003B40148019001BD57EF020003B40148CE
:108B1000019001BDDDE0030003B40148019001BDF7
:108B2000FD7A020003B40148019001BDCD5202005C
:108B300003B40148019001BD0552020003B401488D
:108B4000019001BD4DF7020003B40148019001BD41
:108B50006942010003B40148019001BD31EE0200F9
:108B600003B40148019001BDA117020003B40148FC
:108B7000019001BDDD10020003B40148019001BD68
:108B8000F115020003B40148019001BD491702002C
:108B900003B40148019001BD4913020003B4014828
:108BA000019001BD7115020003B40148019001BD9F
:108BB0009D0F020003B40148019001BDE11A0200BB
:108BC00003B40148019001BD1D18020003B401481F
:108BD000019001BD4D18020003B40148019001BD90
:108BE0009112020003B40148019001BDF11102008D
:108BF00003B40148019001BD3512020003B40148DD
:108C0000019001BDD513020003B40148019001BDDC
:108C10006114020003B40148019001BD1514020063
:108C200003B40148019001BD1124020003B40148BE
:108C3000019001BDE922020003B40148019001BD89
:108C40003D1E020003B40148019001BD751E0200E3
:108C500003B40148019001BDC91D020003B40148DD
:108C6000019001BD2178020003B40148019001BDCB
:108C70008543020003B40148019001BDB12D0200FB
:108C800003B40148019001BD11F1020003B4014891
:108C9000019001BDC961020003B40148019001BD0A
:108CA000E9C0020003B40148019001BD5D5201001A
:108CB00003B40148019001BD5D58010003B40148AF
:108CC000019001BDD953010003B40148019001BDD9
:108CD000E955010003B40148019001BD195A010092
:108CE00003B40148019001BD91B2010003B40148F1
:108CF000019001BD4D11010003B40148019001BD77
:108D0000E523030003B40148019001BD8D23030056
:108D100003B40148019001BD5D28030003B401487C
:108D2000019001BDC923030003B40148019001BDB6
:108D3000E1DD010003B40148019001BD417B010068
:108D400003B40148019001BDE17C010003B4014876
:108D5000019001BD3979010003B40148019001BDC2
:108D60007DDE01000FB410B503A9044B044A02983C
:108D700000F0E2F810BC08BC04B01847BD55002054
:108D8000789400202021020C01D010211046020A04
:108D900001D010460839020901D01046091F820887
:108DA00001D01046891E420801D0881E7047081A5B
:108DB00070470000F0B51FB486B00998089A030DFB
:108DC0000021024314D05148514A18185043051449
:108DD0001198012810981AD0281A401C00264D4FCF
:108DE0004D49009601910490002812DA444211E0A6
:108DF0001198012449A3012801D11098C143069874
:108E0000119A84600360C26041600BB0F0BD4042C3
:108E1000E4E70446210500203F4A001C514103912C
:108E2000029012E0E00707D032463B4601990098D5
:108E3000FAF778FE0191009032463B4610461946FB
:108E4000FAF770FE06460F466410002CEAD104982B
:108E5000039B0028029A0999089806DAFAF762FE3D
:108E6000019B009AFAF75EFE05E0FBF741F8019BD3
:108E7000009AFBF73DF804460E460022284BFBF70C
:108E8000CFF803D80020C043014607E00022254B5D
:108E900020463146FAF77AFFFBF7A2F8102409E0E2
:108EA000002C0ADB0A220023FAF7D0FD079B3032A0
:108EB0001A55641E02460A43F2D11122641C079B14
:108EC000121B1C19119B012B03D0012308430ED147
:108ED0000AE0084304D0112010900020119077E799
:108EE0001098151A6D1E0BE01098824202DD0023C7
:108EF0006D1C03E0824201DA00236D1E002BEED0D0
:108F0000069811998260C16030C07EE701FCFFFFC6
:108F1000104D0000000014400000F03F3000000041
:108F20000000F0430000E03F30380A2801D2012061
:108F30007047002070470000FFB597B00646002537
:108F400018E2252877D100242746FD49049400E043
:108F50000443761C32780120203A90400842F7D131
:108F600030782A280ED0022230780146303909297B
:108F700016D804990A235943303940181443761CF3
:108F80000490F1E7189802C804911890002904DAB7
:108F90000120400304434842049002200443761C0D
:108FA00030782E2814D1042004437078761C2A28A7
:108FB00009D11898761C80C8189009E00A214F43FF
:108FC000303FC719761C3078014630390929F5D968
:108FD00030786C2810D006DC4C281AD068280ED0C7
:108FE0006A2817D104E0742813D07A2812D110E02F
:108FF0000120400504430CE00121090501E00321A3
:1090000009050C437178814203D101200005241821
:10901000761C761C3078119066280BD013DC58280B
:109020007DD009DC00287BD04528F6D04628F4D036
:1090300047281AD1A5E118E0632835D0642870D0FC
:10904000652812D19DE170286CD008DC6728F1D02A
:1090500069287BD06E280DD06F2806D1BAE073281E
:109060002ED0752871D0782859D01A9A199990471E
:109070006D1C7EE16002400F022809D003280DD04C
:109080000428189801680DD00D60001D189070E13B
:109090001898EA1701680D604A60F6E718980168A9
:1090A0000D80F2E70D70F0E718986A4601781172AA
:1090B000001D18900020507202A80090012005E0C9
:1090C000189802C8189000200091C04361070DD580
:1090D000002101E00199491C0191B94212DA814253
:1090E000F8DB009A515C0029F4D10BE0002101E08B
:1090F0000199491C01918142FADB019A0099895C2E
:109100000029F5D1019904981A9B471A214638463F
:10911000199A00F097FA0199401945180BE04FE0B1
:109120002CE113E04EE0009800990078491C009172
:109130001A9A199990470198401E0190401CF2D14B
:10914000214638461A9B199A10E137E00A2000217F
:10915000009001916002410F022907D0189A01CABC
:109160001892C2179446032908D00AE01898C01D27
:10917000C108C90005C91891944607E000B2C2179A
:109180009446042902D140B2C1178C4600226146A0
:10919000944506DA0A460021404291418C462D2131
:1091A00002E0210504D52B216A461173012103E059
:1091B000E10701D02021F7E7029155E00A200AE0FB
:1091C000102008E0102000900021042004430191A9
:1091D000082703E008200021019100906002410F60
:1091E000022907D0189A01CA18920022944603292E
:1091F00008D008E01898C01DC108C90005C9189119
:10920000944603E080B2042900D1C0B2002102914B
:10921000210729D51199702906D0009A1021019BA8
:109220004A401A4305D00EE040216A4611730121DD
:1092300008E06146014306D030216A461173119956
:10924000517302210291009A0821019B4A401A435E
:109250000AD16146014301D1610705D530216A4633
:10926000117301217F1E02911199582904D035A153
:109270000E910DA90D910DE037A1F9E76146019B13
:10928000009AFAF7E3FB0E9B8C469B5C0D9A521EEC
:109290000D92137061460143F0D10D9805A9081A8B
:1092A00020300190600703D501200004844300E0D2
:1092B00001270198874201DD381A00E0002001995A
:1092C00000904118029809180498401A0490E0038D
:1092D00006D421461A9B199A049800F0B3F945194F
:1092E000002706E003A81A9AC05D199990476D1CE3
:1092F0007F1C02988742F5DBE0030CD521461A9BC0
:10930000199A049800F09EF9451904E01A9A302041
:10931000199990476D1C0099481E00900029F5DCB2
:1093200008E00D980D990078491C0D911A9A199929
:1093300090476D1C0199481E01900029F1DC63E102
:10934000092801003031323334353637383961621B
:1093500063646566000000003031323334353637DF
:1093600038394142434445460000000000F05AF9B4
:109370004519761C3078002800D0E2E528461BB05D
:10938000F0BD600700D406271898C01DC108C900A9
:1093900048680A680831C30FDB071891190001D02B
:1093A0009CA108E0210501D59BA104E0E10701D0C3
:1093B0009AA100E09AA1430011985B0810916528DA
:1093C0000CD006DC452809D046281DD0472841D1BD
:1093D00041E0662818D067283CD13CE00021112FDD
:1093E00001DB112000E0781C0191009008A911A870
:1093F000FFF7E0FC139905910021119A15927F1C4B
:1094000012980197009150E00120C00703900120BD
:10941000019008A9009711A8FFF7CCFC139A1499A2
:1094200005920022119B009212981593059A0192C1
:10943000002901D0104602E0791C40180190381A2A
:1094400001D5019804E04042401E0090781C019034
:10945000C01B029043E0012F00DA01270021112FE9
:1094600001DD112000E038460191009008A911A803
:10947000FFF7A0FC13990591119A002112981592FB
:109480000091019721070CD40599B94201DB01999C
:1094900000E00191012904DD159A491E515C302933
:1094A00006D0B84201DA011D05DA0121029115E06A
:1094B0000199491EEDE7002805DC0099411800914B
:1094C0000199091A03E0019A411C914200DD0191C2
:1094D0000099401A401C02900120C0070390200709
:1094E00006D402990198814202DB0020C043029019
:1094F00000206946C87707AF012103980337C907E1
:10950000884224D0022011902B201290039800282A
:109510000CDA404203902D20129007E00A210398B4
:10952000FAF78FFB30317F1E039039701199481E76
:1095300011900029F2DC03980028EFD1791E1298CF
:1095400008703078202108404530BF1E387006A8CA
:10955000C01BC01D039010980078002800D0012087
:10956000019941180298C01709180398091804981E
:10957000401A401E0490E00306D421461A9B199A13
:10958000049800F05FF8451910980078002803D07F
:109590001A9A199990476D1CE00324D521461A9B0D
:1095A000199A049800F04EF845191CE0009800281C
:1095B00007DB00990598884203DD1598405C1999EE
:1095C00001E0199930201A9A904700986D1C401CB0
:1095D00000900298401E0290002804D11A9A2E2072
:1095E000199990476D1C0199481E01900029DDDCF6
:1095F00005E038781A9A7F1C199990476D1C0399D9
:10960000481E03900029F4DC21461A9B199A0498FD
:10961000ACE600002D0000002B0000002000000040
:1096200000000000F8B5044600251E4617468804D1
:1096300004D405E039462020B0476D1C641EF9D5DE
:109640002846F8BDFFB50446002581B01E46C80374
:1096500001D5302700E02027880404D505E03846EE
:109660000399B0476D1C641EF9D5284605B0F0BDBE
:1096700010B5044601E0FCF7B3FB2078641C0349F5
:109680000028F8D10A20FCF7ABFB10BD789400202D
:1096900008B50A460021009101466846FAF711FB19
:1096A000009808BDDDDDDDDDDCBBBBDDDDDDDDDD46
:1096B000DDDDDDDD9888888888888888777777770A
:1096C00077888888855555566666666666666666D6
:1096D0006668888883333332222222222222222281
:1096E0002228888D8390002001000000B0C1002056
:1096F0004400000030C700200008000020000000E7
:109700000000000000000000709000200000000039
:10971000F8C100203400000030C200200005000025
:10972000A000A000000000000000000000070000F2
:10973000150900000000000000000000000000000B
:10974000000000000000000075490020C94A002008
:1097500000000000E5500020F55000206951002075
:1097600059807D03BBCC00001D50002029500020F3
:10977000E1500020FE006578706572696D656E7459
:10978000616C00004669726D776172652052657682
:109790006973696F6E000000486172647761726579
:1097A000205265766973696F6E0000004D616E75B9
:1097B0006661637475726572204E616D65000000AC
:1097C0004D6F64656C204E756D626572000000001F
:1097D00053657269616C204E756D626572000000A0
:1097E000536F667477617265205265766973696F2D
:1097F0006E005B486172644661756C745F48616EAF
:10980000646C65725D43757272656E74206D737001
:109810003A203078253038580A004F6363757265F6
:109820006420696E207461736B2E005573696E67D6
:10983000207533324D73702E004F6363757265640B
:1098400020696E20696E746572727570742E0044A2
:10985000657620696E666F20736572766963652030
:10986000696E6974206661696C7572652E006C6C36
:10987000635461736B4D73675175657565496420F9
:109880004E554C4C006C6C635461736B4964204EB4
:10989000554C4C006C6C635F7461736B5F6D7367E8
:1098A0005F7175657565006C6C635F7461736B00E7
:1098B000626C65537461636B5F6D73675F7175652F
:1098C000756500626C65537461636B5461736B5FA3
:1098D0004D656D506F6F6C5F6C6F6E6700626C658D
:1098E000537461636B5461736B00626C6553746194
:1098F000636B5461736B5F4D656D506F6F6C5F731D
:10990000686F7274005B4D53475F424C455F50482F
:10991000595F5550444154455F434F4D504C455459
:10992000455F494E445D2048616E646C65203D2072
:10993000307825582C2054585F504859203D20300D
:109940007825582C2052585F504859203D203078B7
:1099500025580A005B4D53475F424C455F454E43D7
:109960005259505445445F4348414E4745445F492E
:109970004E445D2048616E646C65203D2030782542
:10998000582C20456E6372797074696F6E5F456EF6
:1099900061626C6564203D20307825580A005B4D7B
:1099A00053475F424C455F454E43525950544544DE
:1099B0005F524546524553485F494E445D204861D9
:1099C0006E646C65203D20307825580A005B4D534D
:1099D000475F424C455F4C4C5F56455253494F4E92
:1099E0005F494E445D204D616E75666163747572AA
:1099F00065725F4E616D65203D20307825582C20C2
:109A000048616E646C65203D20307825582C2056C6
:109A1000657273696F6E203D20307825580A005BAF
:109A20004D53475F424C455F444953434F4E4E456B
:109A3000435445445F494E445D2048616E646C6503
:109A4000203D20307825582C20726561736F6E2080
:109A50003D20307825580A005B4D53475F424C4506
:109A60005F434F4E4E454354494F4E5F555044411E
:109A700054455F434F4D504C4554455F494E445DFE
:109A800020436F6E6E5F496E74657276616C203D27
:109A900020307825582C20436F6E6E5F4C617465C2
:109AA0006E6379203D20307825582C2053757065E1
:109AB00072766973696F6E5F54696D656F75203D6D
:109AC00020307825580A005B4D53475F424C455F74
:109AD000434F4E4E45435445445F494E445D4861B3
:109AE0006E646C65203D203078253034580A006162
:109AF00070705F6D61696E005B25735D5B25645DF1
:109B0000203A20485253204D657373616765205198
:109B10007565756520476574204661696C656420CC
:109B20000A005B25735D5B25645D203A202D2D2D99
:109B30002D2D2D2D2D2D2D2D2D2D2D2D4865617289
:109B40007420526174652050726F66696C6520459F
:109B500078616D706C652D2D2D2D2D2D2D2D2D2DBC
:109B60002D2D2D2D2D2D0A005B25735D5B25645D4C
:109B7000203A2053656E64204D65737361676520DC
:109B80004661696C65643A2025640A005B25735D53
:109B90005B25645D203A20456E65726779204578C3
:109BA00070656E6465643A20252E3066206B6A0A03
:109BB000005B25735D5B25645D203A20486561721A
:109BC000742052617465204D6561737572656D65B1
:109BD0006E742056616C756520386269743A202570
:109BE0002E30662062706D0A005B25735D5B256414
:109BF0005D203A2052522D496E74657276616C3A3E
:109C000020252E3266206D730A006872735F6578B6
:109C1000616D706C655F74696D65725F74696D65A7
:109C20006F75745F55415254004170702048525313
:109C3000204D736720517565756500756172745F9D
:109C4000726563765F63616C6C6261636B00736500
:109C50006E645F6D73675F6170705F7461736B00DA
:109C60006170705F687273006872735F6578616DB0
:109C7000706C655F74696D65725F74696D656F7531
:109C800074000000485433324636373578355F4823
:109C900052535F4150505F3200000000000000004E
:109CA000B945002055460020A14600207D570020E0
:109CB000395800206D5800200201000000001001FA
:109CC0000000000070B582B049F20405C2F202053E
:109CD0002978002000290190009000F07C8049F252
:109CE0002400EFF31084C2F20200EFF3108172B689
:109CF000006808B18047C0B12878811E032918D2B6
:109D000001A800F079FB019801283ED169460020A6
:109D100000F077FB009898B38020C4F20000D0F8E0
:109D20000011C90711D1012623E084F3108802B085
:109D300070BD012843D14EF61050CEF200000168EC
:109D400021F00401016030BF39E04FF20412C6F285
:109D500004020168D0F868011268081A92B241F250
:109D6000004102FB00F0C0F227010026884238BF04
:109D700001266946012000F044FB06BB0098F0B1C3
:109D800001204FF4FA6100F041FB6946012000F028
:109D900038FB009898B14FF0A04000F0F1F84EF673
:109DA0001050CEF20000016841F0040101604FF054
:109DB000A04030BF00F0F0F8012000F02CFB49F289
:109DC0002000C2F20200006818B12978022908BFF9
:109DD000804784F3108802B070BD000070B541F276
:109DE0000001044640F48050C5F2000188421CBFC7
:109DF000012070BD40F200750226C0F2010500BFCF
:109E0000300604BF002070BD2046FF212A46013ED7
:109E100000F006FB002818BF70BDF1E7B0B50C4696
:109E20000546FFF7DBFF002818BFB0BD28462146D6
:109E300000F0FBFAB0BD00BFB0B50C460546FFF719
:109E4000CDFF002818BFB0BD2846214600F0F2FA29
:109E5000B0BD00BFB0B50C460546FFF7BFFF0028F8
:109E600018BFB0BD2846214600F0E9FAB0BD00BFDA
:109E7000B0B50C460546FFF7B1FF002818BFB0BDCE
:109E80002846214600F0E0FAB0BD00BFB0B50C4650
:109E90000546FFF7A3FF002818BFB0BD284621469E
:109EA00000F0D7FAB0BD00BF10B50446FFF796FF2B
:109EB000002804BF204600F0D1FA10BDB0B50C4612
:109EC0000546FFF78BFF002818BFB0BD2846214686
:109ED00000F0C9FAB0BD00BF2DE9F04381B00D46D6
:109EE000044600F130406FF4805108424FF0010009
:109EF00004D11DB12046FFF771FF10B101B0BDE8DC
:109F0000F0834B2140F21F72C0F280312046C0F234
:109F10000F0200F085FA0028F0D100274FF010085A
:109F200041F28739102600BFA068C00614D5B0B230
:109F3000216800230022042828BF0420DB0001320E
:109F400021FA03F793B205F8017B9842A6F10106C6
:109F5000F4DC0027C4F8108001374F450CD80120ED
:109F600000F086FA3004DFD1204641F2883100F05B
:109F700084FA01B0BDE8F083032001B0BDE8F083AE
:109F800010B50446FFF72AFF002818BF10BD204671
:109F9000032100F077FA10BD10B50446FFF71EFF4D
:109FA000002804BF204600F072FA10BDB0B582B0A0
:109FB000044641F200020D4644F48051C5F200020D
:109FC00000209142ADF8060007D10DF106012046B0
:109FD000FFF724FF20B102B0B0BD012002B0B0BD38
:109FE000BDF806004BF68371084005F01F0140EAFA
:109FF00081000621ADF8060020464FF4E06200F033
:10A000000FFA0028E7D1BDF80600012140F20072E6
:10A010006060C0F200512046C0F2010200F000FA78
:10A020000028D8D1204643F6982100F026FA02B045
:10A03000B0BD00BFF0B581B01C4615460E460746C0
:10A04000FFF7CCFE08B101B0F0BD384631462A46D4
:10A05000234600F021FA01B0F0BD00BFB0B50C46B8
:10A060000546FFF7BBFE002818BFB0BD28462146B5
:10A0700000F017FAB0BD00BFF0B583B01C4615461E
:10A080000E460746FFF7AAFE08B103B0F0BDDDE9B2
:10A09000080C3146009038462A462346CDF804C0C5
:10A0A00000F004FA03B0F0BDF0B581B01C461546CF
:10A0B0000E460746FFF792FE08B101B0F0BDDDF88D
:10A0C00018C0384631462A462346CDF800C000F075
:10A0D000F2F901B0F0BD00BF2DE9F0470C4641F2A6
:10A0E0000001054640F48050C5F2000188424FF05F
:10A0F00001063DD1EFF3108AEFF3108072B640F6FF
:10A10000A000C0F6C84068662020C0F2C800E8651C
:10A1100005202866284603219846914600F0D0F98C
:10A120000746284606214FF4E06200F079F9A96D50
:10A13000032C41F00101A965AE6684BF1020BDE883
:10A14000F08740EA070660B213A151F8202016A15B
:10A1500051F8201009FA02F040F21772E86428461C
:10A16000C0F2020200F05CF98AF31088064303D0C3
:10A170003046BDE8F08700BF286FC007FCD1A86D4E
:10A18000414620F00100A865284600F076F9064611
:10A190003046BDE8F08700BF080000000C0000005A
:10A1A0000F000000100000008100000320000003E9
:10A1B00052000003D80000032DE9F04F81B016468D
:10A1C00041F20002824640F48050C5F20002904203
:10A1D00042D1002E4FF0010B1CBF1D46002B3DD07D
:10A1E00055FA81F08846B0F5807F4FF0010B35D8E5
:10A1F000EFF310800090EFF3108072B60A9F40F6E4
:10A20000A000C0F6C840CAF8640040F24010C0F296
:10A21000C800CAF85C000520CAF860005046062154
:10A220004FF4E06200F0FCF8DAF85810814641F093
:10A230000100032FCAF85800CAF868B012D0022FE4
:10A240001AD01FBB40F21770CFF6FF70022100EB4F
:10A250000542C0F240311BE04FF0010B584601B0FF
:10A26000BDE8F08F40F21770CFF6FF7000EB0542AB
:10A270003221C0F243310BE040F21770CFF6FF708D
:10A28000A22100EB0542C0F2423101E00021002290
:10A29000042DAC4628BF4FF0040CBCF1010F0FDBBE
:10A2A00000240020002700BF16F8013BE40001371E
:10A2B000A340BCB21843A445A5F10105F4DC00E0BD
:10A2C0000020CAF84C80CAF80400504600F0A8F8F4
:10A2D000290440EA090B2BD000274FF0020841F275
:10A2E000873900BFCAF81080DAF80800800714D454
:10A2F000A8B2002300210022042828BF042000BFA8
:10A3000016F8014BDB0001329C4093B22143984286
:10A31000A5F10105F4DCCAF804104F4506D0012070
:10A32000013700F0A5F82804DCD101E04BF0030B65
:10A33000009880F31088BBF1000F8FD10B9D00BFF8
:10A34000DAF87000C007FBD1DAF8580020F00100FD
:10A35000CAF85800DAF8A400C0070AD041F28834DD
:10A36000013C0CD0012000F083F8DAF8A400C0070B
:10A37000F6D15046294600F080F883466EE74FF04C
:10A38000030B6BE72DE9F04F83B04FF0010A52B198
:10A390009CB244B10C9D0E4629469046074600F0FB
:10A3A0008FF8824618B1504603B0BDE8F08F04B371
:10A3B000029700BFF0B2C0F5807B5C4538BFA34672
:10A3C0001FFA8BF7A946009502980D9D314642462B
:10A3D0003B460195FFF7F0FEBAF1000FE3D116FA04
:10A3E0008BF618FA8BF8E41B4D46E3D14FF0000AC8
:10A3F000D9E74FF0000AD6E747F6692CC0F2000C07
:10A4000060474CF23D3CC0F2000C604745F6295CC9
:10A41000C0F2000C604747F21D3CC0F2000C6047E0
:10A4200048F6456CC0F2000C604748F6813CC0F22B
:10A43000000C604749F2992CC0F2000C604748F6C6
:10A44000754CC0F2000C604748F60D5CC0F2000C81
:10A45000604748F6F57CC0F2000C604748F63D1CAA
:10A46000C0F2000C604748F6751CC0F2000C604753
:10A4700044F2817CC0F2000C604749F2990CC0F2B2
:10A48000000C604748F6790CC0F2000C604748F6B3
:10A49000A55CC0F2000C604748F6A10CC0F2000CAD
:10A4A000604748F6010CC0F2000C604749F2D90C35
:10A4B000C0F2000C604748F69D2CC0F2000C6047CB
:10A4C00048F6C15CC0F2000C6047000000000000CC
:040000051000215571
:00000001FF
